"source","term_name","term_id","highlighted","adjusted_p_value","negative_log10_of_adjusted_p_value","term_size","query_size","intersection_size","effective_domain_size","intersections"
"GO:BP","defense response to bacterium","GO:0042742","false","4.747573929044179e-19","18.323528263720814","332","844","58","21026","GBP2,FCGR1A,H2BC12,HP,STAB1,CASP1,FCER1G,TLR2,H2BC6,CFP,GRN,CASP4,GBP1,CLEC4E,S100A9,EMILIN2,NLRC4,GBP5,CD36,BPI,ELANE,S100A12,NAIP,GBP3,TLR9,DEFA3,MPO,H2BC12L,NOD2,RNASE1,SLC11A1,IL1B,FPR2,CAMP,RASGRP4,GBP6,PPBP,SELP,AZU1,DEFA4,ANXA3,SLAMF8,PGLYRP1,LCN2,GBP4,NLRP6,CLEC4D,CTSG,SLPI,S100A8,AQP1,CHGA,LTF,IL10,LPO,TREM2,PGLYRP4,PRG2"
"GO:BP","regulation of inflammatory response","GO:0050727","false","5.729415977259691e-19","18.241889645184468","390","844","63","21026","GBP2,AIM2,FCGR1A,CASP1,GPER1,TLR2,GRN,CASP4,GBP1,MMP9,GBA1,RHBDF2,S100A9,LRRK2,NLRC4,GBP5,EDNRB,TNFAIP6,BCL6,MAPK14,NMI,ELANE,S100A12,NAIP,ALOX5AP,CST7,GBP3,TLR9,BST1,FFAR2,LILRA5,IL1R1,IFI35,SOCS3,NOD2,WFDC1,GGT1,IL1B,FPR2,CARD16,SBNO2,ALOX5,CASP5,SLAMF8,HCK,FFAR3,PGLYRP1,FUT7,TRPV4,OSM,MMP8,NLRP6,NUPR1,C1QTNF12,ACOD1,S100A8,CYP19A1,PPARG,IL10,TREM2,SUCNR1,SNCA,APOE"
"GO:BP","response to lipopolysaccharide","GO:0032496","false","3.1781801414057934e-17","16.49782149032522","339","844","56","21026","IRAK3,GBP2,CASP1,CD274,PDCD1LG2,TLR2,ADAM9,TLR5,MMP9,S100A9,CD14,GBP5,EDNRB,CD36,BPI,MAPK14,ELANE,ADM,LOXL1,GBP3,CD55,TSPO,TLR9,DEFA3,MPO,FCAR,NOD2,SLC11A1,IL1B,CAMP,CARD16,SBNO2,PPBP,SELP,DEFA4,HCK,ALPL,C2,LY96,PF4,MMP8,GJB6,PTGFR,CTSG,ACOD1,SLPI,S100A8,PF4V1,LTF,ASS1,MRC1,IL10,TREM2,SNCA,MAOB,PTGER1"
"GO:BP","response to molecule of bacterial origin","GO:0002237","false","7.333446671533962e-17","16.13469186183726","357","844","57","21026","IRAK3,GBP2,CASP1,CD274,PDCD1LG2,TLR2,ADAM9,TLR5,MMP9,S100A9,CD14,GBP5,EDNRB,CD36,BPI,MAPK14,ELANE,ADM,FZD5,LOXL1,GBP3,CD55,TSPO,TLR9,DEFA3,MPO,FCAR,NOD2,SLC11A1,IL1B,CAMP,CARD16,SBNO2,PPBP,SELP,DEFA4,HCK,ALPL,C2,LY96,PF4,MMP8,GJB6,PTGFR,CTSG,ACOD1,SLPI,S100A8,PF4V1,LTF,ASS1,MRC1,IL10,TREM2,SNCA,MAOB,PTGER1"
"GO:BP","myeloid leukocyte activation","GO:0002274","false","2.218194284450036e-16","15.65400041807445","244","844","46","21026","MILR1,FCER1G,TLR2,LTBR,CD300A,ADAM9,ITGAM,CLU,GRN,BATF2,LRRK2,TYROBP,BPI,NMI,S100A12,CST7,TLR9,IL18RAP,PLA2G4A,IFI35,FCAR,DYSF,C1QA,SLC11A1,VSIG4,FES,FPR2,CAMP,SBNO2,AZU1,ADGRE2,THBS1,ANXA3,PLSCR1,AIF1,CD177,MMP8,CLEC4D,CTSG,CHGA,IL10,TREM2,SUCNR1,MT1G,SNCA,FN1"
"GO:BP","cellular response to molecule of bacterial origin","GO:0071219","false","3.9248583768548765e-14","13.406176009558246","225","844","41","21026","IRAK3,GBP2,CASP1,CD274,PDCD1LG2,TLR2,ADAM9,TLR5,MMP9,CD14,GBP5,EDNRB,CD36,BPI,MAPK14,FZD5,GBP3,CD55,TSPO,TLR9,DEFA3,FCAR,NOD2,IL1B,CAMP,CARD16,SBNO2,PPBP,DEFA4,HCK,LY96,PF4,MMP8,CTSG,ACOD1,PF4V1,LTF,ASS1,MRC1,IL10,TREM2"
"GO:BP","chemotaxis","GO:0006935","false","1.6324794979803403e-13","12.787152264245794","467","844","60","21026","DUSP3,CCRL2,ANOS1,FCER1G,PLP2,GAS6,C3AR1,PLAUR,ITGA9,TYMP,S100A9,FPR1,TRPM2,RAB13,EDNRB,TNFAIP6,MAPK14,ELANE,S100A12,SEMA4A,CXCL16,BST1,FFAR2,NOD2,FES,IL1B,CMTM5,FPR2,PPBP,ALOX5,AZU1,ADGRE2,SEMA3B,THBS1,DOCK4,SLAMF8,SEMA6B,AIF1,TRPV4,PF4,NRG1,PADI2,MMP2,ITGB3,CMTM2,PLAU,CTSG,S100A8,CYP19A1,PF4V1,CHGA,IL10,F3,TREM2,SUCNR1,NTRK3,RNASE2,FGF8,TUBB2B,NRP1"
"GO:BP","positive regulation of inflammatory response","GO:0050729","false","1.7388240129804564e-13","12.75974437087774","153","844","33","21026","GBP2,AIM2,FCGR1A,CASP1,TLR2,GRN,CASP4,GBP1,S100A9,LRRK2,NLRC4,GBP5,NMI,S100A12,NAIP,ALOX5AP,GBP3,TLR9,FFAR2,LILRA5,IFI35,IL1B,CASP5,FFAR3,TRPV4,OSM,MMP8,NLRP6,NUPR1,S100A8,TREM2,SUCNR1,SNCA"
"GO:BP","taxis","GO:0042330","false","1.9298224263311592e-13","12.714482650998695","469","844","60","21026","DUSP3,CCRL2,ANOS1,FCER1G,PLP2,GAS6,C3AR1,PLAUR,ITGA9,TYMP,S100A9,FPR1,TRPM2,RAB13,EDNRB,TNFAIP6,MAPK14,ELANE,S100A12,SEMA4A,CXCL16,BST1,FFAR2,NOD2,FES,IL1B,CMTM5,FPR2,PPBP,ALOX5,AZU1,ADGRE2,SEMA3B,THBS1,DOCK4,SLAMF8,SEMA6B,AIF1,TRPV4,PF4,NRG1,PADI2,MMP2,ITGB3,CMTM2,PLAU,CTSG,S100A8,CYP19A1,PF4V1,CHGA,IL10,F3,TREM2,SUCNR1,NTRK3,RNASE2,FGF8,TUBB2B,NRP1"
"GO:BP","cellular response to lipopolysaccharide","GO:0071222","false","2.1754632621020216e-13","12.662448246409916","215","844","39","21026","IRAK3,GBP2,CASP1,CD274,PDCD1LG2,TLR2,ADAM9,TLR5,MMP9,CD14,GBP5,EDNRB,CD36,BPI,MAPK14,GBP3,CD55,TSPO,TLR9,DEFA3,FCAR,NOD2,IL1B,CAMP,CARD16,SBNO2,PPBP,DEFA4,HCK,LY96,PF4,MMP8,CTSG,ACOD1,PF4V1,LTF,ASS1,MRC1,IL10"
"GO:BP","regulation of innate immune response","GO:0045088","false","3.440330674910658e-13","12.463399812257808","449","844","58","21026","IRAK3,GBP2,AIM2,CASP1,CD274,TLR2,CD300A,TRIM21,ALPK1,TLR5,TRIM25,GRN,TIFA,TLR8,FCN1,IRF1,CLEC4E,S100A9,NLRC4,PARP9,CD14,GBP5,TYROBP,CD36,NMI,NAIP,MAP2K6,TLR9,CEACAM1,FFAR2,IL18RAP,SERPING1,ARG1,IFI35,CR1,MNDA,NOD2,VSIG4,FLOT1,FPR2,RASGRP4,SLAMF8,HCK,PLSCR1,LY96,CLEC6A,NLRP6,CLEC12B,SFN,HLA-G,TREML4,ACOD1,S100A8,CALHM6,PPARG,LTF,TREM2,APOE"
"GO:BP","cellular response to biotic stimulus","GO:0071216","false","3.702344037229588e-13","12.431523227255695","252","844","42","21026","IRAK3,GBP2,CASP1,CD274,PDCD1LG2,TLR2,ADAM9,TLR5,MMP9,CD14,GBP5,EDNRB,CD36,BPI,MAPK14,FZD5,GBP3,CD55,TSPO,TLR9,DEFA3,FCAR,NOD2,IL1B,CAMP,CARD16,CDA,SBNO2,PPBP,DEFA4,HCK,LY96,PF4,MMP8,CTSG,ACOD1,PF4V1,LTF,ASS1,MRC1,IL10,TREM2"
"GO:BP","response to type II interferon","GO:0034341","false","6.69650994872592e-13","12.174151481615011","123","844","29","21026","GBP2,CASP1,TLR2,TRIM21,GAPDH,GBP1,IFITM1,RAB20,IRF1,KYNU,PARP9,GBP5,STAT1,IFITM3,CXCL16,GBP3,ARG1,FCAR,SLC11A1,IFITM2,GBP6,HCK,AIF1,GBP4,ACOD1,PPARG,ASS1,MRC1,SNCA"
"GO:BP","positive regulation of cytokine production","GO:0001819","false","6.133964695194395e-12","11.212258727982876","494","844","59","21026","IRAK3,AIM2,IL27,CASP1,CD274,HPSE,FCER1G,TLR2,SECTM1,C3AR1,FCGR2A,TLR5,IL18R1,GAPDH,CLU,TLR8,FCN1,NFAM1,IRF1,CLEC4E,LRRK2,NLRC4,CD14,GBP5,CLEC5A,TYROBP,STAT1,CD36,MAPK14,ELANE,FZD5,NAIP,CD55,TLR9,FFAR2,LILRA5,IL1R1,NOD2,SLC11A1,FLOT1,IL1B,AZU1,THBS1,FFAR3,AIF1,LY96,CLEC6A,TRPV4,OSM,PF4,MMP8,HLA-G,ADRA2A,IL10,F3,TREM2,ALOX15B,HTR2B,PRG2"
"GO:BP","macrophage activation","GO:0042116","false","1.1678945538908326e-11","10.932596366753266","109","844","26","21026","TLR2,ITGAM,CLU,GRN,LRRK2,TYROBP,BPI,NMI,CST7,TLR9,PLA2G4A,IFI35,DYSF,C1QA,SLC11A1,VSIG4,FPR2,SBNO2,AZU1,THBS1,AIF1,MMP8,IL10,TREM2,SUCNR1,SNCA"
"GO:BP","humoral immune response","GO:0006959","false","1.5655066746171935e-11","10.805345076406544","281","844","42","21026","H2BC12,H2BC6,GAPDH,CLU,CFP,PRTN3,FCN1,S100A9,ELANE,S100A12,CD55,BST1,DEFA3,H2BC12L,SERPING1,CR1,NOD2,C1QA,SLC11A1,VSIG4,IL1B,CAMP,PPBP,ALOX5,AZU1,C1R,DEFA4,C2,PGLYRP1,PF4,CFB,CTSG,ACOD1,SLPI,CR1L,PF4V1,LTF,CD5L,PRSS3,C1QC,TREM2,PGLYRP4"
"GO:BP","negative regulation of response to external stimulus","GO:0032102","false","2.736540169438349e-11","10.56279817250325","388","844","50","21026","DUSP3,IRAK3,GPER1,TRIM21,PLAUR,GRN,GBA1,RHBDF2,TNFAIP6,MAPK14,NMI,ELANE,CST7,CEACAM1,SERPING1,ARG1,SOCS3,CR1,NOD2,WFDC1,VSIG4,KREMEN1,FPR2,CARD16,ALOX5,THBS1,SLAMF8,HCK,AIF1,PGLYRP1,PF4,NLRP6,PADI2,CLEC12B,SFN,HLA-G,PLAU,C1QTNF12,ACOD1,CYP19A1,PPARG,LTF,FAP,TFPI,MMRN1,IL10,TREM2,PROS1,APOE,NRP1"
"GO:BP","phagocytosis","GO:0006909","false","3.978433029829214e-11","10.40028794815221","241","844","38","21026","FCGR1A,FCER1G,TLR2,CD300A,GAS6,FCGR2A,ITGAM,CFP,PRTN3,ATG3,DOCK1,RAB20,FCN1,LIMK1,CD14,MYO7A,TYROBP,CEACAM4,CD36,ELANE,NOD2,DYSF,SLC11A1,NCF4,FPR2,AZU1,THBS1,ANXA3,HCK,PLSCR1,AIF1,C2,ITGB3,TGM2,PPARG,MARCO,MSR1,TREM2"
"GO:BP","hemostasis","GO:0007599","false","1.2130826607594153e-10","9.916109604831238","238","844","37","21026","HPSE,FCER1G,GAS6,PLAUR,EMILIN2,P2RX1,CD36,MYL9,MAPK14,SERPINA1,CEACAM1,NFE2,SERPING1,PLA2G4A,TREML1,SELP,CLIC1,THBS1,ST3GAL4,PLSCR1,GP9,PF4,ITGB3,MPIG6B,PLAU,CTSG,F5,ADRA2A,FAP,TFPI,MMRN1,F3,SLC4A1,PROS1,APOE,DGKI,CELA2A"
"GO:BP","wound healing","GO:0042060","false","1.3902221925423626e-10","9.856915782995307","433","844","52","21026","HPSE,FCER1G,GAS6,PLAUR,EMILIN2,P2RX1,CD36,MYL9,TIMP1,MAPK14,SERPINA1,CEACAM1,SERPING1,PLA2G4A,INSL3,WFDC1,SLC11A1,TREML1,ALOX5,SELP,LRG1,CLIC1,THBS1,ST3GAL4,PLSCR1,ANO5,GP9,PF4,NRG1,NLRP6,CD151,ITGB3,MYOF,ITGB5,MPIG6B,PLAU,CTSG,F5,ADRA2A,AQP1,PPARG,FAP,TFPI,MMRN1,F3,SLC4A1,PROS1,APOE,DGKI,CHMP4C,FN1,CELA2A"
"GO:BP","blood coagulation","GO:0007596","false","2.1407242018097892e-10","9.669439281022944","231","844","36","21026","HPSE,FCER1G,GAS6,PLAUR,EMILIN2,P2RX1,CD36,MYL9,MAPK14,SERPINA1,CEACAM1,SERPING1,PLA2G4A,TREML1,SELP,CLIC1,THBS1,ST3GAL4,PLSCR1,GP9,PF4,ITGB3,MPIG6B,PLAU,CTSG,F5,ADRA2A,FAP,TFPI,MMRN1,F3,SLC4A1,PROS1,APOE,DGKI,CELA2A"
"GO:BP","organic hydroxy compound transport","GO:0015850","false","2.1407242018097892e-10","9.669439281022944","267","844","39","21026","NPC2,FLVCR2,CLU,CETP,AQP9,P2RX1,PINK1,CD36,AQP10,TSPO,CEACAM1,SLC22A1,SLC16A3,SLC51A,ABCA13,PCSK9,FFAR3,ITGB3,TGM2,TSPO2,ADRA2A,AQP1,CYP19A1,PPARG,CHGA,SLCO2B1,MSR1,ABCC11,TREM2,ABCB11,MTTP,CES1,ABCA12,SLC22A3,SNCA,APOE,MAOB,ABCA4,SYT1"
"GO:BP","pyroptotic inflammatory response","GO:0070269","false","3.11818276453823e-10","9.506098433308738","37","844","15","21026","GBP2,AIM2,CASP1,TRIM21,CASP4,GBP1,NLRC4,GBP5,MAP3K20,ELANE,NAIP,GBP3,NLRP6,TREM2,IFI27"
"GO:BP","leukocyte migration","GO:0050900","false","3.3543239610679404e-10","9.474394995483722","402","844","49","21026","FCER1G,ICAM1,CD300A,GAS6,C3AR1,SELL,ITGA9,PRTN3,GBA1,S100A9,ITGA2B,TRPM2,EDNRB,TNFAIP6,ELANE,S100A12,CXCL16,BST1,FFAR2,ITGA7,IL1R1,NOD2,IL1B,FPR2,PPBP,ALOX5,SELP,AZU1,ADGRE2,THBS1,MMP14,SLAMF8,HCK,ST3GAL4,AIF1,CD177,FUT7,TRPV4,PF4,PADI2,MMP2,ITGB3,CTSG,S100A8,CYP19A1,PF4V1,CHGA,IL10,TREM2"
"GO:BP","coagulation","GO:0050817","false","4.92782481305598e-10","9.307344739982321","238","844","36","21026","HPSE,FCER1G,GAS6,PLAUR,EMILIN2,P2RX1,CD36,MYL9,MAPK14,SERPINA1,CEACAM1,SERPING1,PLA2G4A,TREML1,SELP,CLIC1,THBS1,ST3GAL4,PLSCR1,GP9,PF4,ITGB3,MPIG6B,PLAU,CTSG,F5,ADRA2A,FAP,TFPI,MMRN1,F3,SLC4A1,PROS1,APOE,DGKI,CELA2A"
"GO:BP","cell killing","GO:0001906","false","7.079756997628507e-10","9.149981648581441","229","844","35","21026","GBP2,FCGR1A,H2BC12,APOL1,ICAM1,FCGR2A,ITGAM,GAPDH,GBP1,GBP5,TYROBP,ELANE,S100A12,GBP3,CD55,CEACAM1,DEFA3,IL18RAP,ARG1,CR1,CAMP,AZU1,DEFA4,PGLYRP1,PF4,NLRP6,CLEC12B,HLA-G,CTSG,CR1L,CHGA,LTF,CD5L,FCGR3B,PGLYRP4"
"GO:BP","positive regulation of response to biotic stimulus","GO:0002833","false","9.189686099969791e-10","9.036699322931543","400","844","48","21026","IRAK3,GBP2,AIM2,CASP1,CD274,TLR2,CD300A,ALPK1,TLR5,TRIM25,GRN,TIFA,TLR8,FCN1,IRF1,CLEC4E,S100A9,EMILIN2,NLRC4,PARP9,CD14,GBP5,TYROBP,CD36,NMI,NAIP,MAP2K6,TLR9,FFAR2,IL18RAP,ARG1,IFI35,MNDA,NOD2,FLOT1,FPR2,RASGRP4,HCK,PLSCR1,LY96,CLEC6A,NLRP6,HLA-G,TREML4,ACOD1,S100A8,LTF,TREM2"
"GO:BP","biological process involved in symbiotic interaction","GO:0044403","false","1.8044826278355672e-9","8.743647294636045","225","844","34","21026","CTSB,APOL1,ICAM1,GAS6,TRIM21,GAPDH,TRIM25,CLEC5A,TRIM22,ELANE,CD55,ARG1,CR1,INHBB,CAMP,AZU1,CAV2,PLSCR1,PGLYRP1,ANPEP,PF4,NLRP6,ITGB3,ITGB5,CTSG,CD209,LTF,MRC1,TRIM58,TMPRSS4,CHMP4C,FN1,NECTIN4,NRP1"
"GO:BP","regulation of phagocytosis","GO:0050764","false","2.8786970566642467e-9","8.540804036247863","99","844","22","21026","FCGR1A,FCER1G,TLR2,CD300A,GAS6,FCGR2A,CFP,PRTN3,ATG3,FCN1,CD36,NOD2,DYSF,SLC11A1,FPR2,AZU1,HCK,PLSCR1,C2,TGM2,PPARG,TREM2"
"GO:BP","positive regulation of innate immune response","GO:0045089","false","3.3745093362915493e-9","8.471789365953681","374","844","45","21026","IRAK3,GBP2,AIM2,CASP1,CD274,TLR2,CD300A,ALPK1,TLR5,TRIM25,TIFA,TLR8,FCN1,IRF1,CLEC4E,S100A9,NLRC4,PARP9,CD14,GBP5,TYROBP,CD36,NMI,NAIP,MAP2K6,TLR9,FFAR2,IL18RAP,IFI35,MNDA,NOD2,FLOT1,FPR2,RASGRP4,HCK,PLSCR1,LY96,CLEC6A,NLRP6,HLA-G,TREML4,ACOD1,S100A8,LTF,TREM2"
"GO:BP","acute inflammatory response","GO:0002526","false","3.808064098075684e-9","8.419295750096836","110","844","23","21026","FCGR1A,HP,APOL2,FCGR2A,CD163,EDNRB,VNN1,ELANE,SERPINA1,ALOX5AP,FFAR2,IL1B,FFAR3,PLSCR1,FUT7,OSM,NLRP6,NUPR1,PPARG,FCGR3B,ASS1,F3,FN1"
"GO:BP","innate immune response-activating signaling pathway","GO:0002758","false","4.700734645842921e-9","8.327834263829569","284","844","38","21026","IRAK3,GBP2,AIM2,CASP1,CD274,TLR2,CD300A,ALPK1,TLR5,TRIM25,TIFA,TLR8,FCN1,IRF1,CLEC4E,S100A9,NLRC4,CD14,GBP5,TYROBP,CD36,NMI,NAIP,MAP2K6,TLR9,FFAR2,IFI35,NOD2,FLOT1,HCK,LY96,CLEC6A,NLRP6,TREML4,ACOD1,S100A8,LTF,TREM2"
"GO:BP","regulation of endocytosis","GO:0030100","false","4.700734645842921e-9","8.327834263829569","297","844","39","21026","FCGR1A,MCTP1,FCER1G,TLR2,CD300A,GAS6,CD63,FCGR2A,CLU,CFP,PRTN3,ATG3,FCN1,LRRK2,CD14,CD36,NOD2,DYSF,SLC11A1,FLOT1,FPR2,AZU1,NECAB2,ABCA13,PCSK9,HCK,PLSCR1,C2,CD177,NRG1,CD151,ITGB3,TGM2,PPARG,TREM2,GSG1L,SFRP4,SNCA,APOE"
"GO:BP","disruption of cell in another organism","GO:0141061","false","6.550268031232378e-9","8.183740928694693","94","844","21","21026","GBP2,H2BC12,APOL1,GAPDH,GBP1,GBP5,ELANE,S100A12,GBP3,DEFA3,ARG1,CAMP,AZU1,DEFA4,PGLYRP1,PF4,NLRP6,CTSG,CHGA,LTF,PGLYRP4"
"GO:BP","killing of cells of another organism","GO:0031640","false","6.550268031232378e-9","8.183740928694693","94","844","21","21026","GBP2,H2BC12,APOL1,GAPDH,GBP1,GBP5,ELANE,S100A12,GBP3,DEFA3,ARG1,CAMP,AZU1,DEFA4,PGLYRP1,PF4,NLRP6,CTSG,CHGA,LTF,PGLYRP4"
"GO:BP","regulation of immune effector process","GO:0002697","false","9.269050813679701e-9","8.032964736997602","401","844","46","21026","LOXL3,IRAK3,FCGR1A,IL27,CD274,ICAM1,CD300A,SECTM1,ITGAM,IL18R1,CFP,GRN,FCN1,S100A9,TYROBP,CD36,BCL6,FZD5,CD55,TLR9,CEACAM1,FFAR2,IL18RAP,IL1R1,SERPING1,ARG1,CR1,NOD2,VSIG4,FES,IL1B,RASGRP4,ADGRE2,SLAMF8,FFAR3,PGLYRP1,CD177,FUT7,CLEC12B,HLA-G,CR1L,CALHM6,CD5L,IL10,TREM2,PRG2"
"GO:BP","activation of innate immune response","GO:0002218","false","9.70202505965261e-9","8.013137607956214","305","844","39","21026","IRAK3,GBP2,AIM2,CASP1,CD274,TLR2,CD300A,ALPK1,TLR5,TRIM25,TIFA,TLR8,FCN1,IRF1,CLEC4E,S100A9,NLRC4,CD14,GBP5,TYROBP,CD36,NMI,NAIP,MAP2K6,TLR9,FFAR2,IFI35,MNDA,NOD2,FLOT1,HCK,LY96,CLEC6A,NLRP6,TREML4,ACOD1,S100A8,LTF,TREM2"
"GO:BP","negative regulation of defense response","GO:0031348","false","1.0601617353926111e-8","7.974627874895234","254","844","35","21026","IRAK3,GPER1,TRIM21,GRN,GBA1,RHBDF2,TNFAIP6,MAPK14,NMI,ELANE,CST7,CEACAM1,SERPING1,ARG1,SOCS3,CR1,NOD2,WFDC1,VSIG4,FPR2,ALOX5,SLAMF8,HCK,PGLYRP1,NLRP6,CLEC12B,SFN,HLA-G,C1QTNF12,ACOD1,CYP19A1,PPARG,IL10,TREM2,APOE"
"GO:BP","neuroinflammatory response","GO:0150076","false","1.2117455135368845e-8","7.916588579568711","79","844","19","21026","TLR2,ITGAM,CLU,GRN,MMP9,LRRK2,TYROBP,CST7,TLR9,C1QA,IL1B,FPR2,AZU1,AIF1,MMP8,NUPR1,BPGM,TREM2,SNCA"
"GO:BP","immune response-activating signaling pathway","GO:0002757","false","1.321002267449246e-8","7.8790964369351695","494","844","52","21026","DUSP3,IRAK3,GBP2,AIM2,CASP1,CD274,FCER1G,TLR2,CD300A,C3AR1,ALPK1,ITGAM,TLR5,TRIM25,TIFA,BMX,TLR8,GBP1,FCN1,LIMK1,NFAM1,IRF1,CLEC4E,S100A9,FPR1,NLRC4,CD14,GBP5,TYROBP,CD36,NMI,NAIP,MAP2K6,TLR9,CEACAM1,FFAR2,IFI35,CR1,MNDA,NOD2,FLOT1,FPR2,HCK,PLSCR1,LY96,CLEC6A,NLRP6,TREML4,ACOD1,S100A8,LTF,TREM2"
"GO:BP","leukocyte mediated immunity","GO:0002443","false","1.4929485583543973e-8","7.825955156245311","481","844","51","21026","MILR1,FCGR1A,CD274,FCER1G,ICAM1,CD300A,SECTM1,FCGR2A,ITGAM,IL18R1,CLU,TLR8,TYROBP,BCL6,ELANE,FZD5,CD55,TLR9,CEACAM1,IL18RAP,IL1R1,SERPING1,ARG1,FCAR,CR1,NOD2,C1QA,FES,IL1B,RASGRP4,AZU1,C1R,ADGRE2,ANXA3,C2,CD177,FUT7,NLRP6,CLEC12B,CFB,HLA-G,CTSG,CR1L,CALHM6,CHGA,FCGR3B,IL10,C1QC,TREM2,IGHV4-28,IGHV2-70"
"GO:BP","disruption of anatomical structure in another organism","GO:0141060","false","1.6435808785049158e-8","7.784208919982634","99","844","21","21026","GBP2,H2BC12,APOL1,GAPDH,GBP1,GBP5,ELANE,S100A12,GBP3,DEFA3,ARG1,CAMP,AZU1,DEFA4,PGLYRP1,PF4,NLRP6,CTSG,CHGA,LTF,PGLYRP4"
"GO:BP","microglial cell activation","GO:0001774","false","1.676708922044743e-8","7.77554232470571","48","844","15","21026","TLR2,ITGAM,CLU,GRN,LRRK2,TYROBP,CST7,TLR9,C1QA,FPR2,AZU1,AIF1,MMP8,TREM2,SNCA"
"GO:BP","negative regulation of immune response","GO:0050777","false","1.926918933139185e-8","7.7151365560403935","198","844","30","21026","LOXL3,IRAK3,CD274,CD300A,TRIM21,GRN,RHBDF2,BCL6,MAPK14,NMI,SAMSN1,CD55,CEACAM1,SERPING1,ARG1,CR1,NOD2,VSIG4,SLAMF8,HCK,PGLYRP1,NLRP6,CLEC12B,SFN,HLA-G,ACOD1,CR1L,PPARG,IL10,TREM2"
"GO:BP","cellular response to type II interferon","GO:0071346","false","1.9309049116860494e-8","7.714239112728556","100","844","21","21026","GBP2,CASP1,TLR2,GAPDH,GBP1,RAB20,IRF1,PARP9,GBP5,STAT1,GBP3,ARG1,FCAR,GBP6,HCK,AIF1,GBP4,ACOD1,PPARG,ASS1,MRC1"
"GO:BP","glial cell activation","GO:0061900","false","2.490184010068246e-8","7.60376855989038","57","844","16","21026","TLR2,ITGAM,CLU,GRN,LRRK2,TYROBP,CST7,TLR9,C1QA,IL1B,FPR2,AZU1,AIF1,MMP8,TREM2,SNCA"
"GO:BP","pattern recognition receptor signaling pathway","GO:0002221","false","3.727108810460383e-8","7.428627928122815","267","844","35","21026","IRAK3,GBP2,AIM2,CASP1,CD274,TLR2,CD300A,ALPK1,TLR5,TRIM25,TIFA,TLR8,FCN1,IRF1,CLEC4E,S100A9,NLRC4,CD14,GBP5,CD36,NMI,NAIP,MAP2K6,TLR9,FFAR2,IFI35,NOD2,FLOT1,LY96,NLRP6,TREML4,ACOD1,S100A8,LTF,TREM2"
"GO:BP","leukocyte activation involved in inflammatory response","GO:0002269","false","4.0682005079981256e-8","7.390597650299146","51","844","15","21026","TLR2,ITGAM,CLU,GRN,LRRK2,TYROBP,CST7,TLR9,C1QA,FPR2,AZU1,AIF1,MMP8,TREM2,SNCA"
"GO:BP","response to mechanical stimulus","GO:0009612","false","7.20130405391744e-8","7.1425888518827625","222","844","31","21026","CASP1,LTBR,ITGAM,TLR5,TLR8,IRF1,FAS,STAT1,MAPK14,RETN,IGFBP2,MPO,KCNJ2,IL1B,CASP5,ADGRV1,THBS1,MMP14,TRPV4,MMP2,ITGB3,SCN9A,AQP1,PPARG,SLC1A3,HPN,COL11A1,COL1A1,RYR2,TMC1,PKD1L3"
"GO:BP","leukocyte chemotaxis","GO:0030595","false","9.858178190637596e-8","7.0062033360584275","238","844","32","21026","FCER1G,GAS6,C3AR1,ITGA9,S100A9,TRPM2,EDNRB,TNFAIP6,S100A12,CXCL16,BST1,FFAR2,NOD2,IL1B,FPR2,PPBP,ALOX5,AZU1,ADGRE2,THBS1,SLAMF8,AIF1,TRPV4,PF4,PADI2,MMP2,CTSG,S100A8,CYP19A1,PF4V1,CHGA,IL10"
"GO:BP","myeloid leukocyte migration","GO:0097529","false","9.858178190637596e-8","7.0062033360584275","238","844","32","21026","FCER1G,CD300A,C3AR1,ITGA9,PRTN3,S100A9,EDNRB,TNFAIP6,S100A12,BST1,IL1R1,NOD2,IL1B,FPR2,PPBP,AZU1,ADGRE2,THBS1,MMP14,SLAMF8,AIF1,CD177,FUT7,TRPV4,PF4,MMP2,CTSG,S100A8,CYP19A1,PF4V1,CHGA,TREM2"
"GO:BP","regulation of body fluid levels","GO:0050878","false","1.0351509371421774e-7","6.984996320362942","376","844","42","21026","HPSE,FCER1G,GAS6,PLAUR,EMILIN2,P2RX1,EDNRB,CD36,MYL9,MAPK14,ADM,SERPINA1,CEACAM1,NFE2,SERPING1,PLA2G4A,TREML1,SELP,CLIC1,THBS1,ST3GAL4,PLSCR1,GP9,TRPV4,PF4,NLRP6,ITGB3,MPIG6B,PLAU,CTSG,F5,ADRA2A,AQP1,FAP,TFPI,MMRN1,F3,SLC4A1,PROS1,APOE,DGKI,CELA2A"
"GO:BP","negative regulation of cytokine production","GO:0001818","false","1.0555223144049401e-7","6.976532581001048","292","844","36","21026","IRAK3,CD274,PDCD1LG2,GAS6,IL1R2,HOMER3,TLR8,GBP1,GBA1,TYROBP,BPI,BCL6,NMI,ELANE,TSPO,CEACAM1,LILRA5,ARG1,CR1,NOD2,SERPINB1,INHBB,SLC11A1,VSIG4,PML,CARD16,THBS1,PGLYRP1,NLRP6,NAV3,ACOD1,LTF,IL10,TREM2,FN1,PRG2"
"GO:BP","regulation of angiogenesis","GO:0045765","false","1.1437377919516038e-7","6.941673528480773","293","844","36","21026","STAB1,HTATIP2,C3AR1,GRN,WARS1,EMILIN2,STAT1,CD36,ADM,SEMA4A,CEACAM1,IL1B,PML,CAMP,ALOX5,LRG1,THBS1,ANXA3,PF4,ITGB3,TGM2,SPARC,HLA-G,AQP1,PPARG,IL10,F3,COL4A2,NR2E1,DCN,FOXC1,ADAMTS9,CREB3L1,DDAH1,HSPB6,NRP1"
"GO:BP","positive regulation of endocytosis","GO:0045807","false","1.2904017982844275e-7","6.8892750403924525","155","844","25","21026","FCGR1A,FCER1G,GAS6,CD63,FCGR2A,CLU,CFP,FCN1,LRRK2,CD14,CD36,NOD2,SLC11A1,FLOT1,FPR2,AZU1,ABCA13,PCSK9,C2,CD151,PPARG,TREM2,SFRP4,SNCA,APOE"
"GO:BP","complement activation","GO:0006956","false","1.3867002626271553e-7","6.858017402196158","64","844","16","21026","CLU,CFP,FCN1,CD55,SERPING1,CR1,C1QA,VSIG4,IL1B,C1R,C2,CFB,CR1L,CD5L,C1QC,TREM2"
"GO:BP","lipid localization","GO:0010876","false","1.5268400342558125e-7","6.8162064612272335","456","844","47","21026","NPC2,APOL1,APOL4,GM2A,APOL2,CLU,CETP,APOL6,AQP9,PLIN5,CD36,MAP2K6,TSPO,RETN,CEACAM1,SLC22A1,PLA2G4A,APOBR,SLC51A,PLIN3,IL1B,ACSL1,ABCA13,PCSK9,THBS1,PLSCR1,ENSG00000188897,CRABP2,ITGB3,TSPO2,CYP19A1,PPARG,NTSR1,SLCO2B1,MSR1,ABCC11,TREM2,ABCB11,OSBP2,SLC4A1,PLA2G2C,MTTP,CES1,ABCA12,APOE,ABCA4,ERFE"
"GO:BP","immune response-regulating cell surface receptor signaling pathway","GO:0002768","false","1.8895109706289396e-7","6.7236505821964085","341","844","39","21026","DUSP3,FCGR1A,FCER1G,TLR2,CD300A,C3AR1,FCGR2A,ITGAM,TLR5,BMX,GBP1,FCN1,LIMK1,NFAM1,CLEC4E,FPR1,CD14,TYROBP,NMI,OSCAR,CEACAM1,FFAR2,IFI35,FCAR,CR1,MNDA,NOD2,FPR2,HCK,PLSCR1,LY96,CLEC6A,CLEC12B,HLA-G,CLEC4D,ACOD1,LTF,FCGR3B,TREM2"
"GO:BP","regulation of vasculature development","GO:1901342","false","1.8939624081434746e-7","6.722628645236585","299","844","36","21026","STAB1,HTATIP2,C3AR1,GRN,WARS1,EMILIN2,STAT1,CD36,ADM,SEMA4A,CEACAM1,IL1B,PML,CAMP,ALOX5,LRG1,THBS1,ANXA3,PF4,ITGB3,TGM2,SPARC,HLA-G,AQP1,PPARG,IL10,F3,COL4A2,NR2E1,DCN,FOXC1,ADAMTS9,CREB3L1,DDAH1,HSPB6,NRP1"
"GO:BP","lipid transport","GO:0006869","false","3.089934506757365e-7","6.5100507256416105","436","844","45","21026","NPC2,APOL1,APOL4,GM2A,APOL2,CLU,CETP,APOL6,AQP9,CD36,MAP2K6,TSPO,RETN,CEACAM1,SLC22A1,PLA2G4A,APOBR,SLC51A,IL1B,ACSL1,ABCA13,PCSK9,THBS1,PLSCR1,ENSG00000188897,CRABP2,ITGB3,TSPO2,CYP19A1,PPARG,NTSR1,SLCO2B1,MSR1,ABCC11,TREM2,ABCB11,OSBP2,SLC4A1,PLA2G2C,MTTP,CES1,ABCA12,APOE,ABCA4,ERFE"
"GO:BP","defense response to fungus","GO:0050832","false","3.186691570178188e-7","6.496659968484764","59","844","15","21026","GAPDH,CLEC4E,S100A9,ELANE,S100A12,DEFA3,MPO,ARG1,DEFA4,CLEC6A,CLEC4D,CTSG,S100A8,CHGA,LTF"
"GO:BP","receptor-mediated endocytosis","GO:0006898","false","3.186691570178188e-7","6.496659968484764","264","844","33","21026","FCGR1A,STAB1,FCER1G,SCARF1,CD63,ITGAM,CLU,CD14,CD36,ADM,CXCL16,CEACAM1,RALB,FOLR1,FLOT1,FPR2,PDLIM7,NECAB2,PCSK9,CAV2,NRG1,ITGB3,SDC1,LRP2,MARCO,MRC1,MSR1,GSG1L,SFRP4,LRP1B,SNCA,APOE,ACHE"
"GO:BP","detection of biotic stimulus","GO:0009595","false","4.845442986102157e-7","6.314666512189033","37","844","12","21026","TLR2,NLRC4,NAIP,TSPO,TLR9,NOD2,PGLYRP1,LY96,CLEC6A,FAP,TREM2,PGLYRP4"
"GO:BP","regulation of interleukin-1 production","GO:0032652","false","5.446304449354117e-7","6.263898085181353","110","844","20","21026","AIM2,CASP1,GAS6,IL1R2,TLR8,NLRC4,GBP5,TYROBP,CD36,FZD5,NAIP,CEACAM1,LILRA5,NOD2,SERPINB1,PML,CARD16,AZU1,IL10,TREM2"
"GO:BP","interleukin-1 production","GO:0032612","false","5.446304449354117e-7","6.263898085181353","110","844","20","21026","AIM2,CASP1,GAS6,IL1R2,TLR8,NLRC4,GBP5,TYROBP,CD36,FZD5,NAIP,CEACAM1,LILRA5,NOD2,SERPINB1,PML,CARD16,AZU1,IL10,TREM2"
"GO:BP","external encapsulating structure organization","GO:0045229","false","6.698564662445365e-7","6.1740182459499415","329","844","37","21026","LOXL3,ADAMTS2,GAS6,MMP9,ELANE,LOXL1,OLFML2B,COL17A1,MMP25,MMP19,CRISPLD2,FLOT1,SH3PXD2B,CAV2,MMP14,MMP8,COL27A1,MMP2,ITGB3,CTSG,PPARG,FAP,COL4A2,HPN,NR2E1,PRDM5,COL11A1,COL1A1,COL1A2,FOXC1,ADAMTS9,HRNR,MMP1,CREB3L1,ADAMTS7,COL2A1,CTSV"
"GO:BP","antimicrobial humoral response","GO:0019730","false","8.73350879387741e-7","6.058811238119694","159","844","24","21026","H2BC12,H2BC6,GAPDH,PRTN3,S100A9,ELANE,S100A12,DEFA3,H2BC12L,NOD2,SLC11A1,CAMP,PPBP,AZU1,DEFA4,PGLYRP1,PF4,CTSG,ACOD1,SLPI,PF4V1,LTF,PRSS3,PGLYRP4"
"GO:BP","detection of external biotic stimulus","GO:0098581","false","0.0000011452115345492456","5.9411142864224775","26","844","10","21026","TLR2,NLRC4,NAIP,TLR9,NOD2,PGLYRP1,LY96,CLEC6A,TREM2,PGLYRP4"
"GO:BP","negative regulation of cell activation","GO:0050866","false","0.0000011853970168243677","5.926136170043134","212","844","28","21026","DUSP3,LOXL3,MILR1,GPER1,CD274,PDCD1LG2,CD300A,GRN,IRF1,TYROBP,BPI,BCL6,SAMSN1,CST7,CEACAM1,ARG1,CR1,MNDA,VSIG4,PGLYRP1,GLI3,HLA-G,CTSG,TARM1,IL10,TREM2,APOE,FN1"
"GO:BP","myeloid cell differentiation","GO:0030099","false","0.0000012493211285944122","5.903325915147991","443","844","44","21026","H4C9,TLR2,LTBR,H4C4,HOXA9,PRTN3,MMP9,GBA1,LILRB3,BATF2,CLEC5A,TYROBP,STAT1,TNFAIP6,CLEC1B,BCL6,MAPK14,OSCAR,CEACAM1,FES,PML,RASGRP4,SBNO2,H4C5,GP9,PF4,FAXDC2,H4C8,KLF1,MPIG6B,TSPO2,FAM210B,PPARG,LTF,AHSP,C1QC,BPGM,TREM2,SLC4A1,TRIM58,EPB42,MT1G,ERFE,RHAG"
"GO:BP","cell chemotaxis","GO:0060326","false","0.0000012493211285944122","5.903325915147991","323","844","36","21026","CCRL2,FCER1G,GAS6,C3AR1,ITGA9,S100A9,TRPM2,RAB13,EDNRB,TNFAIP6,S100A12,CXCL16,BST1,FFAR2,NOD2,IL1B,FPR2,PPBP,ALOX5,AZU1,ADGRE2,THBS1,DOCK4,SLAMF8,AIF1,TRPV4,PF4,PADI2,MMP2,CTSG,S100A8,CYP19A1,PF4V1,CHGA,IL10,NRP1"
"GO:BP","positive regulation of lipid localization","GO:1905954","false","0.0000014598595848030966","5.835688914405852","106","844","19","21026","CETP,PLIN5,CD36,MAP2K6,RETN,PLA2G4A,PLIN3,IL1B,ACSL1,ABCA13,CYP19A1,PPARG,NTSR1,MSR1,TREM2,CES1,ABCA12,APOE,ERFE"
"GO:BP","extracellular matrix organization","GO:0030198","false","0.0000016793913293866171","5.77484809338508","327","844","36","21026","LOXL3,ADAMTS2,GAS6,MMP9,ELANE,LOXL1,OLFML2B,COL17A1,MMP25,MMP19,CRISPLD2,FLOT1,SH3PXD2B,CAV2,MMP14,MMP8,COL27A1,MMP2,ITGB3,CTSG,PPARG,FAP,COL4A2,HPN,NR2E1,PRDM5,COL11A1,COL1A1,COL1A2,FOXC1,ADAMTS9,MMP1,CREB3L1,ADAMTS7,COL2A1,CTSV"
"GO:BP","response to tumor necrosis factor","GO:0034612","false","0.0000016793913293866171","5.77484809338508","229","844","29","21026","GBP2,AIM2,CASP1,GPER1,GAS6,ADAM9,TIFA,CASP4,GBP1,GBA1,FAS,CD14,STAT1,MAPK14,NAIP,CXCL16,GBP3,NOL3,FCAR,CAMP,CARD16,THBS1,MMP8,ACOD1,YBX3,ASS1,KRT8,COL1A1,ADAMTS7"
"GO:BP","defense response to protozoan","GO:0042832","false","0.0000016826925068422797","5.7739952392128755","27","844","10","21026","GBP2,GBP1,BATF2,ARG1,SLC11A1,GBP6,PF4,GBP4,IL10,BPGM"
"GO:BP","negative regulation of inflammatory response","GO:0050728","false","0.0000017043276371946822","5.768446913473109","165","844","24","21026","GPER1,GRN,GBA1,RHBDF2,TNFAIP6,MAPK14,ELANE,CST7,SOCS3,NOD2,WFDC1,FPR2,ALOX5,SLAMF8,HCK,PGLYRP1,NLRP6,C1QTNF12,ACOD1,CYP19A1,PPARG,IL10,TREM2,APOE"
"GO:BP","extracellular structure organization","GO:0043062","false","0.0000017786808811217993","5.749901963101972","328","844","36","21026","LOXL3,ADAMTS2,GAS6,MMP9,ELANE,LOXL1,OLFML2B,COL17A1,MMP25,MMP19,CRISPLD2,FLOT1,SH3PXD2B,CAV2,MMP14,MMP8,COL27A1,MMP2,ITGB3,CTSG,PPARG,FAP,COL4A2,HPN,NR2E1,PRDM5,COL11A1,COL1A1,COL1A2,FOXC1,ADAMTS9,MMP1,CREB3L1,ADAMTS7,COL2A1,CTSV"
"GO:BP","regulation of blood coagulation","GO:0030193","false","0.0000026310495833117025","5.579870967362507","69","844","15","21026","HPSE,PLAUR,EMILIN2,CD36,CEACAM1,SERPING1,THBS1,ST3GAL4,PF4,PLAU,FAP,TFPI,F3,PROS1,APOE"
"GO:BP","adaptive immune response based on somatic recombination of immune receptors built from immunoglobulin superfamily domains","GO:0002460","false","0.0000027538464968709806","5.560060271566338","394","844","40","21026","LOXL3,FCGR1A,IL27,CD274,FCER1G,ICAM1,SECTM1,FCGR2A,IL18R1,CLU,TLR8,BCL6,FZD5,SEMA4A,CD55,CEACAM1,IL1R1,SERPING1,ARG1,PLA2G4A,SOCS3,CR1,NOD2,C1QA,SLC11A1,IL1B,C1R,C2,CLEC6A,FUT7,CFB,HLA-G,CR1L,FCGR3B,IL10,C1QC,TREM2,TMEM98,IGHV4-28,IGHV2-70"
"GO:BP","defense response to Gram-positive bacterium","GO:0050830","false","0.000002901036699711998","5.5374467770982","122","844","20","21026","GBP2,H2BC12,TLR2,H2BC6,CASP4,CD36,DEFA3,H2BC12L,NOD2,RNASE1,IL1B,CAMP,GBP6,DEFA4,PGLYRP1,GBP4,NLRP6,CTSG,CHGA,PGLYRP4"
"GO:BP","regulation of response to wounding","GO:1903034","false","0.0000029417467137375943","5.531394723029814","170","844","24","21026","HPSE,SCARF1,PLAUR,GRN,EMILIN2,CD36,CEACAM1,SERPING1,INSL3,WFDC1,KREMEN1,ALOX5,THBS1,ST3GAL4,PF4,PLAU,ADRA2A,FAP,TFPI,MMRN1,IL10,F3,PROS1,APOE"
"GO:BP","monocarboxylic acid transport","GO:0015718","false","0.0000030352455463030684","5.5178061694681695","183","844","25","21026","SLC6A12,AQP9,CD36,MAP2K6,CEACAM1,SLC22A1,PLA2G4A,SLC16A3,SLC51A,IL1B,ACSL1,THBS1,CRABP2,TSPO2,PPARG,NTSR1,SLCO2B1,ABCC11,ABCB11,SLC6A8,PLA2G2C,CES1,SLC22A3,APOE,ERFE"
"GO:BP","response to fungus","GO:0009620","false","0.0000031329769026533984","5.5040428068697","70","844","15","21026","GAPDH,CLEC4E,S100A9,ELANE,S100A12,DEFA3,MPO,ARG1,DEFA4,CLEC6A,CLEC4D,CTSG,S100A8,CHGA,LTF"
"GO:BP","tumor necrosis factor superfamily cytokine production","GO:0071706","false","0.0000032173313805976245","5.492504205074688","171","844","24","21026","IRAK3,CD274,TLR2,GAS6,FCGR2A,CLU,LRRK2,CD14,TYROBP,CD36,BPI,FZD5,TSPO,TLR9,LILRA5,NOD2,AZU1,THBS1,LY96,PF4,MMP8,LTF,IL10,TREM2"
"GO:BP","regulation of tumor necrosis factor superfamily cytokine production","GO:1903555","false","0.0000032173313805976245","5.492504205074688","171","844","24","21026","IRAK3,CD274,TLR2,GAS6,FCGR2A,CLU,LRRK2,CD14,TYROBP,CD36,BPI,FZD5,TSPO,TLR9,LILRA5,NOD2,AZU1,THBS1,LY96,PF4,MMP8,LTF,IL10,TREM2"
"GO:BP","regulation of hemostasis","GO:1900046","false","0.0000037721019798402016","5.423416574502267","71","844","15","21026","HPSE,PLAUR,EMILIN2,CD36,CEACAM1,SERPING1,THBS1,ST3GAL4,PF4,PLAU,FAP,TFPI,F3,PROS1,APOE"
"GO:BP","regulation of lipid localization","GO:1905952","false","0.0000046812528281472185","5.3296379025803065","162","844","23","21026","CETP,PLIN5,CD36,MAP2K6,TSPO,RETN,PLA2G4A,PLIN3,IL1B,ACSL1,ABCA13,PCSK9,THBS1,ITGB3,CYP19A1,PPARG,NTSR1,MSR1,TREM2,CES1,ABCA12,APOE,ERFE"
"GO:BP","regulation of leukocyte mediated immunity","GO:0002703","false","0.000004714470368840838","5.326567089524651","255","844","30","21026","FCGR1A,CD274,ICAM1,CD300A,SECTM1,ITGAM,IL18R1,TYROBP,BCL6,FZD5,CD55,TLR9,CEACAM1,IL18RAP,IL1R1,ARG1,CR1,NOD2,FES,IL1B,RASGRP4,ADGRE2,CD177,FUT7,CLEC12B,HLA-G,CR1L,CALHM6,IL10,TREM2"
"GO:BP","negative regulation of immune effector process","GO:0002698","false","0.000004724714753167667","5.325624406173712","126","844","20","21026","LOXL3,IRAK3,CD274,CD300A,GRN,BCL6,CD55,CEACAM1,SERPING1,ARG1,CR1,NOD2,VSIG4,SLAMF8,PGLYRP1,CLEC12B,HLA-G,CR1L,IL10,PRG2"
"GO:BP","response to protozoan","GO:0001562","false","0.000004833312572599606","5.315755117924301","30","844","10","21026","GBP2,GBP1,BATF2,ARG1,SLC11A1,GBP6,PF4,GBP4,IL10,BPGM"
"GO:BP","integrin-mediated signaling pathway","GO:0007229","false","0.00000567509309627204","5.246027009753234","116","844","19","21026","LOXL3,CD63,ADAM9,ITGAM,ITGA9,DOCK1,ITGA2B,TIMP1,BST1,CEACAM1,ITGA7,HCK,CD177,ITGB3,ITGB4,ITGB5,MPIG6B,FN1,NRP1"
"GO:BP","negative regulation of leukocyte activation","GO:0002695","false","0.000005898045274544764","5.22929189804236","190","844","25","21026","DUSP3,LOXL3,MILR1,GPER1,CD274,PDCD1LG2,CD300A,GRN,IRF1,TYROBP,BPI,BCL6,SAMSN1,CST7,ARG1,CR1,MNDA,VSIG4,PGLYRP1,GLI3,HLA-G,CTSG,TARM1,IL10,FN1"
"GO:BP","regulation of tumor necrosis factor production","GO:0032680","false","0.00000699027126517069","5.1555059706519035","166","844","23","21026","IRAK3,TLR2,GAS6,FCGR2A,CLU,LRRK2,CD14,TYROBP,CD36,BPI,FZD5,TSPO,TLR9,LILRA5,NOD2,AZU1,THBS1,LY96,PF4,MMP8,LTF,IL10,TREM2"
"GO:BP","tumor necrosis factor production","GO:0032640","false","0.00000699027126517069","5.1555059706519035","166","844","23","21026","IRAK3,TLR2,GAS6,FCGR2A,CLU,LRRK2,CD14,TYROBP,CD36,BPI,FZD5,TSPO,TLR9,LILRA5,NOD2,AZU1,THBS1,LY96,PF4,MMP8,LTF,IL10,TREM2"
"GO:BP","regulation of coagulation","GO:0050818","false","0.000008955333639314996","5.047918229467181","76","844","15","21026","HPSE,PLAUR,EMILIN2,CD36,CEACAM1,SERPING1,THBS1,ST3GAL4,PF4,PLAU,FAP,TFPI,F3,PROS1,APOE"
"GO:BP","regulation of cell-cell adhesion","GO:0022407","false","0.000009013294293640899","5.0451164485254765","494","844","45","21026","SMARCD3,DUSP3,LOXL3,CD274,PDCD1LG2,CD300A,PLAUR,MYO10,IRF1,EMILIN2,VNN1,BCL6,MAPK14,ELANE,CD55,IGFBP2,CEACAM1,ARG1,CR1,NOD2,VSIG4,FLOT1,IL1B,FLOT2,ALOX5,SELP,ST3GAL4,AIF1,FUT7,TRPV4,SFN,GLI3,SPTA1,CEACAM6,HLA-G,CTSG,CD209,TARM1,ASS1,PTPRU,MMRN1,IL10,EPCAM,ABCA12,CELA2A"
"GO:BP","cellular response to tumor necrosis factor","GO:0071356","false","0.00000908444606303062","5.041701549269934","208","844","26","21026","GBP2,AIM2,CASP1,GPER1,GAS6,TIFA,CASP4,GBP1,GBA1,FAS,STAT1,MAPK14,NAIP,GBP3,NOL3,FCAR,CAMP,CARD16,THBS1,MMP8,ACOD1,YBX3,ASS1,KRT8,COL1A1,ADAMTS7"
"GO:BP","regulation of wound healing","GO:0061041","false","0.000009642017381668589","5.01583208994947","132","844","20","21026","HPSE,PLAUR,EMILIN2,CD36,CEACAM1,SERPING1,INSL3,WFDC1,ALOX5,THBS1,ST3GAL4,PF4,PLAU,ADRA2A,FAP,TFPI,MMRN1,F3,PROS1,APOE"
"GO:BP","neutrophil migration","GO:1990266","false","0.000009958013243786054","5.001827300464719","109","844","18","21026","FCER1G,C3AR1,ITGA9,PRTN3,S100A9,TNFAIP6,S100A12,BST1,IL1R1,NOD2,IL1B,PPBP,SLAMF8,CD177,FUT7,PF4,S100A8,PF4V1"
"GO:BP","macrophage activation involved in immune response","GO:0002281","false","0.000010014106953504253","4.9993877745240205","19","844","8","21026","GRN,TYROBP,NMI,IFI35,DYSF,SBNO2,TREM2,SUCNR1"
"GO:BP","granulocyte migration","GO:0097530","false","0.000010014106953504253","4.9993877745240205","157","844","22","21026","FCER1G,CD300A,C3AR1,ITGA9,PRTN3,S100A9,TNFAIP6,S100A12,BST1,IL1R1,NOD2,IL1B,PPBP,ADGRE2,THBS1,SLAMF8,CD177,FUT7,TRPV4,PF4,S100A8,PF4V1"
"GO:BP","response to toxic substance","GO:0009636","false","0.000011015887640004006","4.957980502451124","252","844","29","21026","HP,TLR2,MGST1,MTARC1,S100A9,GSTO1,PINK1,CD36,ALOX5AP,AQP10,SLC22A1,MPO,INHBB,SLC11A1,MT1E,SCN9A,HBQ1,NUPR1,SCN2B,SDC1,ASS1,LPO,HBD,CES1,MT1G,SLC22A3,APOE,MAOB,TXNDC2"
"GO:BP","protein processing","GO:0016485","false","0.00001181818007863989","4.92744939677607","225","844","27","21026","ADAMTS2,CASP1,IL1R2,ADAM9,PLAUR,CASP4,PSENEN,LRRK2,NLRC4,ECE1,GGT1,PCSK9,THBS1,MMP14,CPE,GLI3,PLAU,CTSG,CD5L,F3,PRSS3,HPN,TMEM98,MEP1A,TMPRSS4,ENPEP,CORIN"
"GO:BP","biological process involved in interaction with host","GO:0051701","false","0.000012354193929145958","4.908185585635776","185","844","24","21026","CTSB,ICAM1,GAS6,TRIM21,TRIM25,CLEC5A,TRIM22,CD55,CR1,INHBB,CAV2,PLSCR1,PGLYRP1,ANPEP,ITGB3,ITGB5,CD209,LTF,MRC1,TRIM58,TMPRSS4,CHMP4C,NECTIN4,NRP1"
"GO:BP","mucosal immune response","GO:0002385","false","0.000012464795622974438","4.904314837941763","41","844","11","21026","H2BC12,H2BC6,FFAR2,DEFA3,H2BC12L,NOD2,CAMP,DEFA4,FFAR3,LTF,RNASE2"
"GO:BP","regulation of blood circulation","GO:1903522","false","0.00001490822725275228","4.826573995723398","256","844","29","21026","DSC2,ITGA9,GSTO1,ASPH,P2RX1,EDNRB,ADM,ECE1,KCNJ2,SCN1B,SMTNL1,HRH2,KCNE1,DOCK4,MMP2,SCN2B,ADRA2A,FGF13,ATP1B2,CHGA,SLC8A2,MYH7,GJD3,RYR2,NOS1AP,KCNJ12,CORIN,ANK2,IRX3"
"GO:BP","positive regulation of canonical NF-kappaB signal transduction","GO:0043123","false","0.000014919894104054477","4.826234259315629","214","844","26","21026","CASP1,LTBR,SECTM1,TRIM21,ALPK1,GAPDH,TRIM25,TIFA,TLR8,PINK1,EDNRB,CD36,TRIM22,S100A12,TLR9,TNFSF10,NOD2,FLOT1,IL1B,FLOT2,CARD16,CLEC6A,CLEC4D,LTF,TRIM58,HTR2B"
"GO:BP","myeloid cell activation involved in immune response","GO:0002275","false","0.000015081887396357189","4.821544306043706","101","844","17","21026","MILR1,FCER1G,CD300A,ITGAM,GRN,TYROBP,NMI,IFI35,DYSF,FES,SBNO2,ADGRE2,ANXA3,CD177,CHGA,TREM2,SUCNR1"
"GO:BP","complement activation, classical pathway","GO:0006958","false","0.000016017093022154455","4.7954163021716285","42","844","11","21026","CLU,CD55,SERPING1,CR1,C1QA,C1R,C2,CFB,CR1L,C1QC,TREM2"
"GO:BP","vascular process in circulatory system","GO:0003018","false","0.000016643532370413357","4.778754494982076","272","844","30","21026","FLVCR2,GPER1,KCNMA1,ITGA9,SLC2A3,P2RX1,EDNRB,CD36,ADM,ECE1,CEACAM1,SLC22A1,SMTNL1,AZU1,HRH2,DOCK4,TRPV4,MMP2,ADRA2A,ATP1B2,LRP2,SLCO2B1,CBS,SLC8A2,SLC1A3,SLC22A3,APOE,FOXC1,DDAH1,HTR2B"
"GO:BP","defense response to virus","GO:0051607","false","0.0000199876973763792","4.699237234612858","319","844","33","21026","GBP2,AIM2,IL27,CASP1,TLR2,TRIM21,ATG7,TRIM25,TLR8,GBP1,IFITM1,IRF1,PARP9,TRIM7,GBP5,STAT1,IFITM3,TRIM22,GBP3,TLR9,DEFA3,IL1B,IFITM2,PML,DDX60L,AZU1,PLSCR1,RTP4,NLRP6,ACOD1,APOBEC3B,RNASE2,IFI27"
"GO:BP","neutrophil activation","GO:0042119","false","0.000020458621529042554","4.689123631743033","43","844","11","21026","FCER1G,CD300A,ITGAM,GRN,TYROBP,IL18RAP,FCAR,CAMP,ANXA3,CD177,CTSG"
"GO:BP","positive regulation of phagocytosis","GO:0050766","false","0.000020458621529042554","4.689123631743033","71","844","14","21026","FCGR1A,FCER1G,GAS6,FCGR2A,CFP,FCN1,CD36,NOD2,SLC11A1,FPR2,AZU1,C2,PPARG,TREM2"
"GO:BP","symbiont entry into host cell","GO:0046718","false","0.000020677195479585303","4.684508366464784","139","844","20","21026","CTSB,ICAM1,GAS6,TRIM21,TRIM25,CLEC5A,TRIM22,CD55,CR1,CAV2,PLSCR1,ANPEP,ITGB3,ITGB5,CD209,MRC1,TRIM58,TMPRSS4,NECTIN4,NRP1"
"GO:BP","regulation of complement activation","GO:0030449","false","0.00002278530245165522","4.6423452022268865","21","844","8","21026","CD55,SERPING1,CR1,VSIG4,IL1B,CR1L,CD5L,TREM2"
"GO:BP","interleukin-1 beta production","GO:0032611","false","0.00002278530245165522","4.6423452022268865","93","844","16","21026","AIM2,CASP1,TLR8,NLRC4,GBP5,TYROBP,CD36,FZD5,NAIP,LILRA5,NOD2,SERPINB1,PML,CARD16,AZU1,TREM2"
"GO:BP","regulation of interleukin-1 beta production","GO:0032651","false","0.00002278530245165522","4.6423452022268865","93","844","16","21026","AIM2,CASP1,TLR8,NLRC4,GBP5,TYROBP,CD36,FZD5,NAIP,LILRA5,NOD2,SERPINB1,PML,CARD16,AZU1,TREM2"
"GO:BP","platelet activation","GO:0030168","false","0.00002278530245165522","4.6423452022268865","140","844","20","21026","FCER1G,EMILIN2,P2RX1,MYL9,MAPK14,CEACAM1,PLA2G4A,TREML1,SELP,CLIC1,PLSCR1,GP9,PF4,ITGB3,CTSG,ADRA2A,MMRN1,APOE,DGKI,CELA2A"
"GO:BP","extracellular matrix disassembly","GO:0022617","false","0.00002343167456298807","4.630196673098393","62","844","13","21026","MMP9,ELANE,MMP19,FLOT1,SH3PXD2B,MMP14,MMP8,MMP2,CTSG,FAP,HPN,MMP1,CTSV"
"GO:BP","myeloid leukocyte mediated immunity","GO:0002444","false","0.00002612456715389077","4.582950896449657","117","844","18","21026","MILR1,FCGR1A,CD300A,FCGR2A,ITGAM,TYROBP,ELANE,ARG1,FCAR,FES,AZU1,ADGRE2,ANXA3,CD177,NLRP6,CTSG,CHGA,FCGR3B"
"GO:BP","biological process involved in interaction with symbiont","GO:0051702","false","0.00002716770315857703","4.565947076625197","36","844","10","21026","APOL1,GAPDH,ELANE,ARG1,CAMP,AZU1,PF4,NLRP6,CTSG,FN1"
"GO:BP","positive regulation of lipid transport","GO:0032370","false","0.000029715672147984538","4.527014441853382","84","844","15","21026","CETP,MAP2K6,RETN,PLA2G4A,IL1B,ACSL1,ABCA13,CYP19A1,PPARG,NTSR1,TREM2,CES1,ABCA12,APOE,ERFE"
"GO:BP","collagen catabolic process","GO:0030574","false","0.000031143226938509905","4.506636389552746","45","844","11","21026","ADAMTS2,CTSB,PRTN3,MMP9,MMP25,MMP19,MMP14,MMP8,MMP2,FAP,MMP1"
"GO:BP","organ or tissue specific immune response","GO:0002251","false","0.000031143226938509905","4.506636389552746","45","844","11","21026","H2BC12,H2BC6,FFAR2,DEFA3,H2BC12L,NOD2,CAMP,DEFA4,FFAR3,LTF,RNASE2"
"GO:BP","innate immune response in mucosa","GO:0002227","false","0.00003279090331847891","4.484246619291991","29","844","9","21026","H2BC12,H2BC6,DEFA3,H2BC12L,NOD2,CAMP,DEFA4,LTF,RNASE2"
"GO:BP","symbiont entry into host","GO:0044409","false","0.000033779710513205565","4.471344076584315","144","844","20","21026","CTSB,ICAM1,GAS6,TRIM21,TRIM25,CLEC5A,TRIM22,CD55,CR1,CAV2,PLSCR1,ANPEP,ITGB3,ITGB5,CD209,MRC1,TRIM58,TMPRSS4,NECTIN4,NRP1"
"GO:BP","regulation of lipid transport","GO:0032368","false","0.00003562562133164769","4.448237552567913","132","844","19","21026","CETP,MAP2K6,TSPO,RETN,PLA2G4A,IL1B,ACSL1,ABCA13,PCSK9,THBS1,ITGB3,CYP19A1,PPARG,NTSR1,TREM2,CES1,ABCA12,APOE,ERFE"
"GO:BP","response to insulin","GO:0032868","false","0.00003974531714945664","4.400714033195051","270","844","29","21026","SORT1,TLR2,CTSD,GRB10,RAB13,STAT1,MAPK14,ADM,RETN,IGFBP2,CEACAM1,ECHDC3,SOCS3,TNFSF10,INHBB,IL1B,PCSK9,CAV2,FFAR3,ALPL,FUT7,TRPV4,C1QTNF12,AANAT,PPARG,IL10,COL1A1,ERFE,CELA2A"
"GO:BP","negative regulation of response to biotic stimulus","GO:0002832","false","0.00004071616690942331","4.390233113982743","121","844","18","21026","IRAK3,CD274,TRIM21,GRN,NMI,CEACAM1,SERPING1,ARG1,CR1,VSIG4,CARD16,SLAMF8,CLEC12B,SFN,HLA-G,ACOD1,PPARG,LTF"
"GO:BP","leukocyte activation involved in immune response","GO:0002366","false","0.00004167447655812077","4.380129846313332","316","844","32","21026","LOXL3,MILR1,IL27,FCER1G,ICAM1,CD300A,ITGAM,IL18R1,GRN,CLEC4E,TYROBP,BCL6,NMI,SEMA4A,CEACAM1,IFI35,SOCS3,CR1,DYSF,SLC11A1,FES,SBNO2,ADGRE2,ANXA3,PGLYRP1,CD177,CLEC4D,CHGA,IL10,TREM2,SUCNR1,TMEM98"
"GO:BP","killing by host of symbiont cells","GO:0051873","false","0.00004374411347537434","4.3590803805197105","30","844","9","21026","APOL1,GAPDH,ELANE,ARG1,CAMP,AZU1,PF4,NLRP6,CTSG"
"GO:BP","amyloid-beta clearance","GO:0097242","false","0.000043996249108734065","4.356584347623283","38","844","10","21026","ITGAM,CLU,TYROBP,CD36,LRP2,MARCO,MSR1,TREM2,APOE,LRP4"
"GO:BP","humoral immune response mediated by circulating immunoglobulin","GO:0002455","false","0.00004442525772808707","4.352370044005241","56","844","12","21026","CLU,CD55,SERPING1,CR1,NOD2,C1QA,C1R,C2,CFB,CR1L,C1QC,TREM2"
"GO:BP","regulation of apoptotic signaling pathway","GO:2001233","false","0.000045377847101970854","4.3431561125479","380","844","36","21026","GPER1,ICAM1,LTBR,GRINA,PLAUR,CLU,MMP9,S100A9,FAS,LRRK2,DDIAS,PINK1,VNN1,G0S2,NOL3,TNFSF10,INHBB,IL1B,PML,THBS1,SEPTIN4,PF4,NRG1,MMP2,NUPR1,ATF3,S100A8,PPARG,MUC1,YBX3,IL10,TREM2,CREB3L1,COL2A1,CTSV,NRP1"
"GO:BP","lymphocyte mediated immunity","GO:0002449","false","0.000048066184804948434","4.318160348100487","381","844","36","21026","FCGR1A,CD274,FCER1G,ICAM1,SECTM1,FCGR2A,IL18R1,CLU,TLR8,BCL6,FZD5,CD55,CEACAM1,IL18RAP,IL1R1,SERPING1,ARG1,CR1,NOD2,C1QA,IL1B,RASGRP4,C1R,C2,FUT7,CLEC12B,CFB,HLA-G,CR1L,CALHM6,FCGR3B,IL10,C1QC,TREM2,IGHV4-28,IGHV2-70"
"GO:BP","cytokine production involved in immune response","GO:0002367","false","0.00005010698806574839","4.300101701941988","123","844","18","21026","IRAK3,SECTM1,IL18R1,CD36,BCL6,FZD5,CD55,TLR9,FFAR2,IL1R1,ARG1,NOD2,IL1B,FFAR3,HLA-G,CALHM6,IL10,PRG2"
"GO:BP","response to virus","GO:0009615","false","0.00005010698806574839","4.300101701941988","414","844","38","21026","NPC2,IRAK3,GBP2,AIM2,IL27,CASP1,TLR2,TRIM21,ATG7,TRIM25,CLU,TLR8,GBP1,IFITM1,IRF1,PARP9,TRIM7,GBP5,STAT1,IFITM3,TRIM22,MAPK14,NMI,GBP3,TLR9,DEFA3,IL1B,IFITM2,PML,DDX60L,AZU1,PLSCR1,RTP4,NLRP6,ACOD1,APOBEC3B,RNASE2,IFI27"
"GO:BP","regulation of cytokine production involved in immune response","GO:0002718","false","0.00005010698806574839","4.300101701941988","123","844","18","21026","IRAK3,SECTM1,IL18R1,CD36,BCL6,FZD5,CD55,TLR9,FFAR2,IL1R1,ARG1,NOD2,IL1B,FFAR3,HLA-G,CALHM6,IL10,PRG2"
"GO:BP","negative regulation of innate immune response","GO:0045824","false","0.000050325135983374","4.298215042932121","88","844","15","21026","IRAK3,TRIM21,GRN,NMI,CEACAM1,SERPING1,ARG1,CR1,VSIG4,SLAMF8,CLEC12B,SFN,HLA-G,ACOD1,PPARG"
"GO:BP","antimicrobial humoral immune response mediated by antimicrobial peptide","GO:0061844","false","0.000050325135983374","4.298215042932121","111","844","17","21026","H2BC12,H2BC6,GAPDH,S100A9,ELANE,S100A12,DEFA3,H2BC12L,NOD2,CAMP,PPBP,DEFA4,PGLYRP1,PF4,PF4V1,LTF,PGLYRP4"
"GO:BP","leukocyte cell-cell adhesion","GO:0007159","false","0.00005214613902782488","4.282777841810512","415","844","38","21026","SMARCD3,DUSP3,LOXL3,CD274,PDCD1LG2,ICAM1,CD300A,SELL,IRF1,S100A9,VNN1,BCL6,ELANE,CD55,IGFBP2,ARG1,CR1,NOD2,VSIG4,IL1B,FLOT2,ALOX5,SELP,LRG1,ST3GAL4,AIF1,CD177,FUT7,GLI3,SPTA1,HLA-G,CTSG,CD209,TARM1,S100A8,ASS1,OLR1,IL10"
"GO:BP","carboxylic acid biosynthetic process","GO:0046394","false","0.00005214613902782488","4.282777841810512","320","844","32","21026","CASP1,LTA4H,ERLIN1,KYNU,NLRC4,NAIP,ELOVL3,ALOX5AP,ALDH1A2,CEACAM1,SDSL,PLA2G4A,GGT1,IL1B,ALOX5,BCAT1,DHRS9,OLAH,MLXIPL,PLOD2,CYP27A1,ASS1,CBS,GGTLC2,ABCB11,ACOX2,SLC1A3,PLA2G2C,CES1,ALOX15B,PRKAG3,PAH"
"GO:BP","cell activation involved in immune response","GO:0002263","false","0.00005214613902782488","4.282777841810512","320","844","32","21026","LOXL3,MILR1,IL27,FCER1G,ICAM1,CD300A,ITGAM,IL18R1,GRN,CLEC4E,TYROBP,BCL6,NMI,SEMA4A,CEACAM1,IFI35,SOCS3,CR1,DYSF,SLC11A1,FES,SBNO2,ADGRE2,ANXA3,PGLYRP1,CD177,CLEC4D,CHGA,IL10,TREM2,SUCNR1,TMEM98"
"GO:BP","regulation of adaptive immune response","GO:0002819","false","0.00005489836022412909","4.260440627430561","217","844","25","21026","LOXL3,FCGR1A,IL27,CD274,SECTM1,IL18R1,IRF1,BCL6,FZD5,SAMSN1,CD55,CEACAM1,IL1R1,ARG1,PLA2G4A,CR1,NOD2,SLC11A1,IL1B,CLEC6A,FUT7,HLA-G,CR1L,IL10,TREM2"
"GO:BP","organic acid biosynthetic process","GO:0016053","false","0.00006302275072922639","4.200502645267808","323","844","32","21026","CASP1,LTA4H,ERLIN1,KYNU,NLRC4,NAIP,ELOVL3,ALOX5AP,ALDH1A2,CEACAM1,SDSL,PLA2G4A,GGT1,IL1B,ALOX5,BCAT1,DHRS9,OLAH,MLXIPL,PLOD2,CYP27A1,ASS1,CBS,GGTLC2,ABCB11,ACOX2,SLC1A3,PLA2G2C,CES1,ALOX15B,PRKAG3,PAH"
"GO:BP","interleukin-18 production","GO:0032621","false","0.00007342419918011483","4.134160781523634","12","844","6","21026","CASP1,TLR2,GBP5,TLR9,NOD2,IL10"
"GO:BP","regulation of interleukin-18 production","GO:0032661","false","0.00007342419918011483","4.134160781523634","12","844","6","21026","CASP1,TLR2,GBP5,TLR9,NOD2,IL10"
"GO:BP","positive regulation of interleukin-1 beta production","GO:0032731","false","0.00009008200242768777","4.045361968478192","60","844","12","21026","AIM2,CASP1,TLR8,NLRC4,GBP5,TYROBP,CD36,FZD5,NAIP,LILRA5,NOD2,AZU1"
"GO:BP","positive regulation of tumor necrosis factor production","GO:0032760","false","0.00009008200242768777","4.045361968478192","104","844","16","21026","TLR2,FCGR2A,CLU,LRRK2,CD14,TYROBP,CD36,FZD5,TLR9,LILRA5,NOD2,AZU1,THBS1,LY96,PF4,MMP8"
"GO:BP","lipid storage","GO:0019915","false","0.00009810356123848905","4.008315227093524","93","844","15","21026","NPC2,GM2A,GBA1,PLIN5,CD36,FFAR2,PLIN3,IL1B,DGAT2,ITGB3,PPARG,MSR1,TREM2,CES1,APOE"
"GO:BP","nutrient storage","GO:0170062","false","0.00009810356123848905","4.008315227093524","93","844","15","21026","NPC2,GM2A,GBA1,PLIN5,CD36,FFAR2,PLIN3,IL1B,DGAT2,ITGB3,PPARG,MSR1,TREM2,CES1,APOE"
"GO:BP","granulocyte activation","GO:0036230","false","0.0001035551004705169","3.9848285056392045","51","844","11","21026","FCER1G,CD300A,ITGAM,GRN,TYROBP,IL18RAP,FCAR,CAMP,ANXA3,CD177,CTSG"
"GO:BP","muscle contraction","GO:0006936","false","0.00011567796434938288","3.936749362508127","349","844","33","21026","GPER1,DSC2,KCNMA1,LTB4R,GSTO1,ASPH,P2RX1,EDNRB,MYL9,MAP2K6,KCNJ2,DTNA,SCN1B,TNNI2,MYBPC3,KCNE1,DOCK4,TRPV4,SCN9A,MYOF,SCN2B,ADRA2A,FGF13,CALD1,CHGA,TMOD1,MYH7,SLC6A8,RYR2,NOS1AP,KCNJ12,HTR2B,ANK2"
"GO:BP","regulation of canonical NF-kappaB signal transduction","GO:0043122","false","0.00011863788440730506","3.9257766064033546","287","844","29","21026","CASP1,LTBR,SECTM1,TRIM21,ALPK1,GAPDH,TRIM25,TIFA,TLR8,PINK1,EDNRB,STAT1,CD36,TRIM22,S100A12,TLR9,TNFSF10,NOD2,FLOT1,IL1B,FLOT2,CARD16,CLEC6A,NLRP6,CLEC4D,LTF,TREM2,TRIM58,HTR2B"
"GO:BP","detection of other organism","GO:0098543","false","0.00012248691611246705","3.911910299573998","19","844","7","21026","TLR2,NLRC4,NAIP,NOD2,PGLYRP1,CLEC6A,PGLYRP4"
"GO:BP","regulation of interleukin-12 production","GO:0032655","false","0.00012313451897618763","3.9096201818422665","62","844","12","21026","IRAK3,TLR2,TLR8,IRF1,CD36,MAPK14,TLR9,LILRA5,NOD2,THBS1,HLA-G,IL10"
"GO:BP","Fc-gamma receptor signaling pathway","GO:0038094","false","0.00012313451897618763","3.9096201818422665","34","844","9","21026","FCGR1A,FCER1G,FCGR2A,LIMK1,CLEC4E,OSCAR,HCK,CLEC4D,FCGR3B"
"GO:BP","interleukin-12 production","GO:0032615","false","0.00012313451897618763","3.9096201818422665","62","844","12","21026","IRAK3,TLR2,TLR8,IRF1,CD36,MAPK14,TLR9,LILRA5,NOD2,THBS1,HLA-G,IL10"
"GO:BP","negative regulation of angiogenesis","GO:0016525","false","0.00012498055703788027","3.903157544015398","107","844","16","21026","STAB1,STAT1,CD36,SEMA4A,PML,ALOX5,THBS1,PF4,SPARC,HLA-G,PPARG,COL4A2,DCN,FOXC1,ADAMTS9,CREB3L1"
"GO:BP","negative regulation of wound healing","GO:0061045","false","0.00013089643696911527","3.8830721748832566","73","844","13","21026","PLAUR,CEACAM1,SERPING1,WFDC1,ALOX5,THBS1,PF4,PLAU,FAP,TFPI,MMRN1,PROS1,APOE"
"GO:BP","regulation of type II interferon production","GO:0032649","false","0.00013398136144546089","3.8729556134590326","120","844","17","21026","IL27,CD274,PDCD1LG2,GAS6,IL18R1,TLR8,CD14,FZD5,TLR9,IL1R1,CR1,NOD2,SLC11A1,IL1B,PGLYRP1,NLRP6,IL10"
"GO:BP","positive regulation of tumor necrosis factor superfamily cytokine production","GO:1903557","false","0.0001378853522820159","3.8604818669711527","108","844","16","21026","TLR2,FCGR2A,CLU,LRRK2,CD14,TYROBP,CD36,FZD5,TLR9,LILRA5,NOD2,AZU1,THBS1,LY96,PF4,MMP8"
"GO:BP","negative regulation of blood vessel morphogenesis","GO:2000181","false","0.0001378853522820159","3.8604818669711527","108","844","16","21026","STAB1,STAT1,CD36,SEMA4A,PML,ALOX5,THBS1,PF4,SPARC,HLA-G,PPARG,COL4A2,DCN,FOXC1,ADAMTS9,CREB3L1"
"GO:BP","type II interferon production","GO:0032609","false","0.00014832265853267202","3.828792498843308","121","844","17","21026","IL27,CD274,PDCD1LG2,GAS6,IL18R1,TLR8,CD14,FZD5,TLR9,IL1R1,CR1,NOD2,SLC11A1,IL1B,PGLYRP1,NLRP6,IL10"
"GO:BP","regulation of adaptive immune response based on somatic recombination of immune receptors built from immunoglobulin superfamily domains","GO:0002822","false","0.00015085448481970583","3.821441773964314","202","844","23","21026","LOXL3,FCGR1A,IL27,CD274,SECTM1,IL18R1,BCL6,FZD5,CD55,CEACAM1,IL1R1,ARG1,PLA2G4A,CR1,NOD2,SLC11A1,IL1B,CLEC6A,FUT7,HLA-G,CR1L,IL10,TREM2"
"GO:BP","negative regulation of vasculature development","GO:1901343","false","0.00015380256923321252","3.8130364096939684","109","844","16","21026","STAB1,STAT1,CD36,SEMA4A,PML,ALOX5,THBS1,PF4,SPARC,HLA-G,PPARG,COL4A2,DCN,FOXC1,ADAMTS9,CREB3L1"
"GO:BP","response to interferon-beta","GO:0035456","false","0.00015380256923321252","3.8130364096939684","35","844","9","21026","AIM2,IFITM1,IRF1,STAT1,IFITM3,MNDA,IFITM2,PLSCR1,ACOD1"
"GO:BP","canonical NF-kappaB signal transduction","GO:0007249","false","0.00016124589764677654","3.7925113256975402","308","844","30","21026","CASP1,TLR2,LTBR,SECTM1,TRIM21,ALPK1,GAPDH,TRIM25,TIFA,TLR8,PINK1,EDNRB,STAT1,CD36,TRIM22,S100A12,TLR9,TNFSF10,NOD2,FLOT1,IL1B,FLOT2,CARD16,CLEC6A,NLRP6,CLEC4D,LTF,TREM2,TRIM58,HTR2B"
"GO:BP","muscle system process","GO:0003012","false","0.00016320013071111382","3.7872794977445796","438","844","38","21026","GPER1,DSC2,KCNMA1,LTB4R,GSTO1,ASPH,P2RX1,EDNRB,MYL9,MAP2K6,NOL3,KCNJ2,DTNA,SCO2,IL1B,SCN1B,TNNI2,MYBPC3,KCNE1,DOCK4,TRPV4,SCN9A,MYOF,SCN2B,ADRA2A,FGF13,CALD1,PPARG,CHGA,TMOD1,MYH7,SLC6A8,RYR2,NOS1AP,KCNJ12,HTR2B,PRKAG3,ANK2"
"GO:BP","cellular response to external stimulus","GO:0071496","false","0.00017099916780913895","3.7670060031562573","75","844","13","21026","CASP1,LTBR,TLR5,TLR8,IRF1,FAS,KCNJ2,IL1B,CDA,CASP5,ITGB3,AQP1,COL1A1"
"GO:BP","phagocytosis, engulfment","GO:0006911","false","0.00017099916780913895","3.7670060031562573","54","844","11","21026","FCGR1A,CD300A,ITGAM,DOCK1,CD36,THBS1,AIF1,PPARG,MARCO,MSR1,TREM2"
"GO:BP","immune response-activating cell surface receptor signaling pathway","GO:0002429","false","0.00017735914929460967","3.7511464029875174","310","844","30","21026","DUSP3,FCER1G,TLR2,CD300A,C3AR1,ITGAM,TLR5,BMX,GBP1,FCN1,LIMK1,NFAM1,FPR1,CD14,TYROBP,NMI,CEACAM1,FFAR2,IFI35,CR1,MNDA,NOD2,FPR2,HCK,PLSCR1,LY96,CLEC6A,ACOD1,LTF,TREM2"
"GO:BP","viral life cycle","GO:0019058","false","0.00017735914929460967","3.7511464029875174","310","844","30","21026","CTSB,ICAM1,GAS6,TRIM21,TRIM25,IFITM1,CLEC5A,SRPK1,IFITM3,TRIM22,CD55,CR1,IFITM2,CAV2,PLSCR1,ANPEP,ITGB3,ITGB5,SLPI,CD209,APOBEC3B,LTF,MRC1,TRIM58,APOE,TMPRSS4,CHMP4C,IFI27,NECTIN4,NRP1"
"GO:BP","organic anion transport","GO:0015711","false","0.00019462134461074531","3.710809531291085","459","844","39","21026","MGST1,CA4,SLC6A12,SLC2A3,SLC26A8,AQP9,CD36,MAP2K6,CEACAM1,SLC22A1,FOLR1,PLA2G4A,SLC16A3,CR1,SLC51A,SLC11A1,IL1B,ACSL1,THBS1,CRABP2,TSPO2,CALHM6,PPARG,NTSR1,LRP2,SLCO2B1,ABCC11,ABCB11,SLC4A1,SLC1A3,SLC6A8,PLA2G2C,MTTP,CES1,SLC22A3,SNCA,APOE,ERFE,RHAG"
"GO:BP","defense response to Gram-negative bacterium","GO:0050829","false","0.00021490226310697856","3.667759010987395","100","844","15","21026","H2BC12,BPI,ELANE,TLR9,DEFA3,SLC11A1,CAMP,SELP,AZU1,DEFA4,CTSG,AQP1,CHGA,LTF,TREM2"
"GO:BP","regulation of humoral immune response","GO:0002920","false","0.00022942174152459078","3.6393654278613425","46","844","10","21026","CD55,SERPING1,CR1,NOD2,VSIG4,IL1B,ACOD1,CR1L,CD5L,TREM2"
"GO:BP","cellular component disassembly","GO:0022411","false","0.00023329674368580762","3.6320913229685905","446","844","38","21026","SMARCD3,DUSP3,IRAK3,GPER1,C1QB,TRIM21,ITGAM,MMP9,GBA1,ASPH,GABARAP,ELANE,NFE2,TOM1,MMP19,PLIN3,C1QA,FLOT1,SH3PXD2B,MMP14,TRPV4,MMP8,MMP2,SPTA1,NAV3,CTSG,FGF13,SPTB,TMOD1,FAP,C1QC,TREM2,TRIM58,HPN,CRACD,CHMP4C,MMP1,CTSV"
"GO:BP","lipopolysaccharide-mediated signaling pathway","GO:0031663","false","0.00023390542477404283","3.6309597058432095","56","844","11","21026","TLR2,CD14,CD36,BPI,MAPK14,CD55,CARD16,HCK,LY96,ACOD1,LTF"
"GO:BP","leukocyte migration involved in inflammatory response","GO:0002523","false","0.00023390542477404283","3.6309597058432095","21","844","7","21026","S100A9,ELANE,FFAR2,ALOX5,SLAMF8,FUT7,S100A8"
"GO:BP","regulation of lymphocyte mediated immunity","GO:0002706","false","0.0002347021970211","3.629482845000153","194","844","22","21026","FCGR1A,CD274,SECTM1,IL18R1,BCL6,FZD5,CD55,CEACAM1,IL18RAP,IL1R1,ARG1,CR1,NOD2,IL1B,RASGRP4,FUT7,CLEC12B,HLA-G,CR1L,CALHM6,IL10,TREM2"
"GO:BP","positive regulation of protein phosphorylation","GO:0001934","false","0.00026336556029679133","3.5794410173429654","483","844","40","21026","GPER1,FLT3,GAS6,ADAM9,PLAUR,FAM20A,MMP9,FAS,LRRK2,PARP9,PINK1,CD36,TMEM119,ELANE,S100A12,LIMK2,RALB,LILRA5,NOD2,SLC11A1,FLOT1,IL1B,THBS1,CLEC6A,OSM,NRG1,FAXDC2,ITGB3,ADRA2A,LTF,TREM2,SLC8A2,SPDYE16,NTRK3,RELN,SNCA,FGF8,SPDYC,LRP4,NRP1"
"GO:BP","innate immune response activating cell surface receptor signaling pathway","GO:0002220","false","0.0003008610642438017","3.5216340125862415","91","844","14","21026","TLR2,TLR5,FCN1,CD14,TYROBP,NMI,FFAR2,IFI35,NOD2,LY96,CLEC6A,ACOD1,LTF,TREM2"
"GO:BP","neurotransmitter transport","GO:0006836","false","0.00030334836165579493","3.5180583462804047","212","844","23","21026","MCTP1,GPER1,SLC6A12,LRRK2,P2RX1,SLC22A4,SLC22A1,DYSF,FLOT1,MCTP2,ITGB3,MYOF,RPH3A,SYN2,SLC1A3,SLC6A8,DOC2B,SLC22A3,SNCA,DGKI,SYT9,UNC13A,SYT1"
"GO:BP","mononuclear cell migration","GO:0071674","false","0.000307280313260731","3.512465263095752","227","844","24","21026","ICAM1,GAS6,C3AR1,GBA1,TRPM2,EDNRB,S100A12,CXCL16,FPR2,ALOX5,AZU1,THBS1,MMP14,SLAMF8,AIF1,FUT7,TRPV4,PF4,PADI2,MMP2,ITGB3,CTSG,CYP19A1,TREM2"
"GO:BP","regulation of nitric oxide biosynthetic process","GO:0045428","false","0.00032245068930188527","3.491536690335617","58","844","11","21026","TLR5,CLU,CD36,TSPO,DDAH2,IL1B,ASS1,IL10,APOE,NOS1AP,DDAH1"
"GO:BP","toll-like receptor signaling pathway","GO:0002224","false","0.00032586464947622517","3.486962750213335","80","844","13","21026","IRAK3,CD274,TLR2,CD300A,TLR5,TLR8,IRF1,S100A9,CD36,TLR9,LY96,NLRP6,S100A8"
"GO:BP","positive regulation of cell adhesion","GO:0045785","false","0.0003278912597094626","3.484270159758026","488","844","40","21026","SMARCD3,CD274,PDCD1LG2,ADAM9,PLAUR,MYO10,DOCK1,EMILIN2,CD36,VNN1,BCL6,ELANE,CD55,IGFBP2,CR1,NOD2,FLOT1,IL1B,FLOT2,ALOX5,SELP,AZU1,ST3GAL4,AIF1,FUT7,NRG1,ITGB3,SFN,TGM2,GLI3,SPTA1,CEACAM6,HLA-G,CTSG,CD209,PTPRU,MMRN1,IL10,FN1,NRP1"
"GO:BP","collagen metabolic process","GO:0032963","false","0.00032980727407238506","3.48173976999332","104","844","15","21026","ADAMTS2,CTSB,PRTN3,MMP9,MMP25,MMP19,MMP14,MMP8,MMP2,PPARG,FAP,COL1A1,COL1A2,MMP1,CREB3L1"
"GO:BP","endocrine process","GO:0050886","false","0.0003354088793426861","3.4744254444178058","92","844","14","21026","HCAR2,EDNRB,ECE1,TSPO,RETN,INHBB,IL1B,CTSG,AQP1,CYP19A1,PPARG,SUCNR1,ENPEP,CORIN"
"GO:BP","heart contraction","GO:0060047","false","0.000346918022385252","3.4597731379810726","244","844","25","21026","DSC2,GSTO1,ASPH,EDNRB,ADM,MAP2K6,KCNJ2,SCN1B,TNNI2,MYBPC3,KCNE1,SCN9A,SCN2B,FGF13,ATP1B2,CHGA,SLC8A2,MYH7,GJD3,RYR2,NOS1AP,KCNJ12,CORIN,ANK2,IRX3"
"GO:BP","respiratory burst","GO:0045730","false","0.0003543418761542429","3.4505775196735327","39","844","9","21026","GRN,S100A9,CD55,MPO,SLC11A1,NCF4,SLAMF8,HCK,TREM2"
"GO:BP","neutrophil mediated immunity","GO:0002446","false","0.0003543418761542429","3.4505775196735327","39","844","9","21026","ITGAM,ELANE,ARG1,FCAR,AZU1,ANXA3,CD177,NLRP6,CTSG"
"GO:BP","nitric oxide metabolic process","GO:0046209","false","0.0003651307703043379","3.4375515666386445","81","844","13","21026","TLR2,TLR5,CLU,MTARC1,CD36,TSPO,DDAH2,IL1B,ASS1,IL10,APOE,NOS1AP,DDAH1"
"GO:BP","reactive oxygen species metabolic process","GO:0072593","false","0.00039668282735457963","3.401556599996164","231","844","24","21026","HP,ITGAM,LRRK2,PLIN5,PINK1,TYROBP,CD36,MAPK14,TSPO,BST1,MPO,NCF4,SH3PXD2B,FPR2,ALOX5,THBS1,CD177,HBQ1,ACOD1,CBS,LPO,HBD,SNCA,MAOB"
"GO:BP","negative regulation of cell adhesion","GO:0007162","false","0.0003999943065189413","3.3979461903345483","293","844","28","21026","DUSP3,LOXL3,CD274,PDCD1LG2,CD300A,GBP1,IRF1,BCL6,CEACAM1,ARG1,CR1,VSIG4,THBS1,MMP14,TRPV4,MMP2,GLI3,HLA-G,CTSG,TARM1,DLC1,MUC1,ASS1,IL10,EPCAM,ADAMDEC1,ABCA12,COL1A1"
"GO:BP","reactive nitrogen species metabolic process","GO:2001057","false","0.00040735618456647494","3.3900256857539675","82","844","13","21026","TLR2,TLR5,CLU,MTARC1,CD36,TSPO,DDAH2,IL1B,ASS1,IL10,APOE,NOS1AP,DDAH1"
"GO:BP","response to lipoteichoic acid","GO:0070391","false","0.00040735618456647494","3.3900256857539675","10","844","5","21026","TLR2,CD14,CD36,MAPK14,TREM2"
"GO:BP","cellular response to lipoteichoic acid","GO:0071223","false","0.00040735618456647494","3.3900256857539675","10","844","5","21026","TLR2,CD14,CD36,MAPK14,TREM2"
"GO:BP","cellular response to toxic substance","GO:0097237","false","0.00040735618456647494","3.3900256857539675","132","844","17","21026","HP,MGST1,MTARC1,S100A9,GSTO1,PINK1,CD36,ALOX5AP,SLC22A1,MPO,SLC11A1,HBQ1,LPO,HBD,SLC22A3,APOE,TXNDC2"
"GO:BP","regulation of macrophage activation","GO:0043030","false","0.00042552617021028555","3.371073725289349","60","844","11","21026","GRN,LRRK2,BPI,CST7,PLA2G4A,VSIG4,THBS1,MMP8,IL10,TREM2,SNCA"
"GO:BP","regulation of nitric oxide metabolic process","GO:0080164","false","0.00042552617021028555","3.371073725289349","60","844","11","21026","TLR5,CLU,CD36,TSPO,DDAH2,IL1B,ASS1,IL10,APOE,NOS1AP,DDAH1"
"GO:BP","detection of bacterium","GO:0016045","false","0.00042735751101356264","3.3692086587036063","16","844","6","21026","TLR2,NLRC4,NAIP,NOD2,PGLYRP1,PGLYRP4"
"GO:BP","positive regulation of interleukin-1 production","GO:0032732","false","0.00042846277789087634","3.368086900832378","71","844","12","21026","AIM2,CASP1,TLR8,NLRC4,GBP5,TYROBP,CD36,FZD5,NAIP,LILRA5,NOD2,AZU1"
"GO:BP","negative regulation of blood coagulation","GO:0030195","false","0.0004476684600655013","3.349043502225949","50","844","10","21026","PLAUR,CEACAM1,SERPING1,THBS1,PF4,PLAU,FAP,TFPI,PROS1,APOE"
"GO:BP","apoptotic cell clearance","GO:0043277","false","0.0004476684600655013","3.349043502225949","50","844","10","21026","GAS6,FCN1,TYROBP,CD36,THBS1,C2,ITGB3,TGM2,MARCO,TREM2"
"GO:BP","positive regulation of NF-kappaB transcription factor activity","GO:0051092","false","0.0004483624797369104","3.348370737569036","120","844","16","21026","IRAK3,AIM2,TLR2,IL18R1,TRIM25,CLU,S100A9,NLRC4,TRIM22,S100A12,IL18RAP,NOD2,IL1B,CARD16,S100A8,LTF"
"GO:BP","positive regulation of cell-cell adhesion","GO:0022409","false","0.0004606462872652433","3.3366324248306007","328","844","30","21026","SMARCD3,CD274,PDCD1LG2,PLAUR,MYO10,EMILIN2,VNN1,BCL6,ELANE,CD55,IGFBP2,CR1,NOD2,FLOT1,IL1B,FLOT2,ALOX5,SELP,ST3GAL4,AIF1,FUT7,GLI3,SPTA1,CEACAM6,HLA-G,CTSG,CD209,PTPRU,MMRN1,IL10"
"GO:BP","neutral lipid metabolic process","GO:0006638","true","0.00048257099722471766","3.3164387829737785","134","844","17","21026","GPAT3,GK,CETP,PLIN5,SLC22A4,PLA2G4A,APOBR,ACSL1,PNPLA1,PCSK9,GK3,DGAT2,PLB1,MTTP,SNCA,APOE,DGKI"
"GO:BP","negative regulation of transport","GO:0051051","false","0.00048310341400919056","3.3159598934178196","412","844","35","21026","MCTP1,TLR2,CD300A,GRB10,PRTN3,ATG3,MMP9,RHBDF2,GSTO1,LRRK2,CD36,TSPO,TLR9,CEACAM1,FFAR2,DYSF,INHBB,IL1B,NECAB2,PCSK9,KCNE1,THBS1,PLSCR1,OSM,NRG1,ITGB3,BEST3,ADRA2A,CHGA,NTSR1,SFRP4,SNCA,APOE,MAOB,PPP3R2"
"GO:BP","nitric oxide biosynthetic process","GO:0006809","false","0.0004832154152840285","3.315859219531786","72","844","12","21026","TLR5,CLU,MTARC1,CD36,TSPO,DDAH2,IL1B,ASS1,IL10,APOE,NOS1AP,DDAH1"
"GO:BP","cell surface pattern recognition receptor signaling pathway","GO:0002752","false","0.0004832154152840285","3.315859219531786","72","844","12","21026","TLR2,TLR5,FCN1,CD14,NMI,FFAR2,IFI35,NOD2,LY96,ACOD1,LTF,TREM2"
"GO:BP","chemokine production","GO:0032602","false","0.0005043515390804835","3.2972666495395293","96","844","14","21026","TLR2,ELANE,TLR9,FFAR2,NOD2,IL1B,AZU1,FFAR3,AIF1,TRPV4,ACKR1,IL10,TREM2,ALOX15B"
"GO:BP","regulation of chemokine production","GO:0032642","false","0.0005043515390804835","3.2972666495395293","96","844","14","21026","TLR2,ELANE,TLR9,FFAR2,NOD2,IL1B,AZU1,FFAR3,AIF1,TRPV4,ACKR1,IL10,TREM2,ALOX15B"
"GO:BP","negative regulation of response to wounding","GO:1903035","false","0.0005043515390804835","3.2972666495395293","96","844","14","21026","PLAUR,CEACAM1,SERPING1,WFDC1,KREMEN1,ALOX5,THBS1,PF4,PLAU,FAP,TFPI,MMRN1,PROS1,APOE"
"GO:BP","regulation of interleukin-8 production","GO:0032677","false","0.0005058712454143461","3.2959600059300183","84","844","13","21026","TLR2,TLR5,TLR8,FCN1,CD14,BPI,ELANE,TLR9,FFAR2,NOD2,IL1B,IL10,F3"
"GO:BP","interleukin-8 production","GO:0032637","false","0.0005058712454143461","3.2959600059300183","84","844","13","21026","TLR2,TLR5,TLR8,FCN1,CD14,BPI,ELANE,TLR9,FFAR2,NOD2,IL1B,IL10,F3"
"GO:BP","leukotriene metabolic process","GO:0006691","false","0.0005112090642938888","3.2914014542668744","32","844","8","21026","LTA4H,TLR2,PTGR1,ALOX5AP,PLA2G4A,GGT1,ALOX5,GGTLC2"
"GO:BP","endodermal cell differentiation","GO:0035987","false","0.0005159515868113522","3.2873910475338253","51","844","10","21026","MMP9,ITGA7,MMP14,MMP8,MMP2,ITGB5,COL4A2,COL11A1,LAMA3,FN1"
"GO:BP","negative regulation of hemostasis","GO:1900047","false","0.0005159515868113522","3.2873910475338253","51","844","10","21026","PLAUR,CEACAM1,SERPING1,THBS1,PF4,PLAU,FAP,TFPI,PROS1,APOE"
"GO:BP","sterol transport","GO:0015918","false","0.0005258048877113138","3.279175381150564","109","844","15","21026","NPC2,CLU,CETP,CD36,TSPO,ABCA13,PCSK9,TSPO2,PPARG,MSR1,TREM2,MTTP,CES1,ABCA12,APOE"
"GO:BP","cellular detoxification","GO:1990748","false","0.000529037108874526","3.2765138636657687","122","844","16","21026","HP,MGST1,MTARC1,S100A9,GSTO1,CD36,ALOX5AP,SLC22A1,MPO,SLC11A1,HBQ1,LPO,HBD,SLC22A3,APOE,TXNDC2"
"GO:BP","detoxification","GO:0098754","false","0.0005331574578711639","3.273144511450415","149","844","18","21026","HP,MGST1,MTARC1,S100A9,GSTO1,CD36,ALOX5AP,SLC22A1,MPO,SLC11A1,MT1E,HBQ1,LPO,HBD,MT1G,SLC22A3,APOE,TXNDC2"
"GO:BP","cell-matrix adhesion","GO:0007160","false","0.000554328419648448","3.2562328551616395","237","844","24","21026","DUSP3,HPSE,CD63,ADAM9,ITGAM,ITGA9,ITGA2B,CD36,BCL6,BST1,COL17A1,ITGA7,THBS1,MMP14,ITGB3,ITGB4,ITGB5,CEACAM6,PLAU,DLC1,BCAM,FN1,ADAMTS9,NRP1"
"GO:BP","neutrophil chemotaxis","GO:0030593","false","0.0005644211365121704","3.2483967310999664","85","844","13","21026","FCER1G,C3AR1,ITGA9,S100A9,TNFAIP6,S100A12,BST1,NOD2,IL1B,PPBP,PF4,S100A8,PF4V1"
"GO:BP","heart process","GO:0003015","false","0.0005744657404553499","3.2407358663226904","253","844","25","21026","DSC2,GSTO1,ASPH,EDNRB,ADM,MAP2K6,KCNJ2,SCN1B,TNNI2,MYBPC3,KCNE1,SCN9A,SCN2B,FGF13,ATP1B2,CHGA,SLC8A2,MYH7,GJD3,RYR2,NOS1AP,KCNJ12,CORIN,ANK2,IRX3"
"GO:BP","negative regulation of lymphocyte activation","GO:0051250","false","0.0005792098888481657","3.2371640320396233","164","844","19","21026","DUSP3,LOXL3,CD274,PDCD1LG2,CD300A,IRF1,TYROBP,BCL6,SAMSN1,ARG1,CR1,MNDA,VSIG4,PGLYRP1,GLI3,HLA-G,CTSG,TARM1,IL10"
"GO:BP","respiratory burst involved in defense response","GO:0002679","false","0.0005952117479736444","3.225328505503549","17","844","6","21026","GRN,S100A9,MPO,SLAMF8,HCK,TREM2"
"GO:BP","negative regulation of interleukin-12 production","GO:0032695","false","0.0005952117479736444","3.225328505503549","17","844","6","21026","IRAK3,TLR8,LILRA5,NOD2,THBS1,IL10"
"GO:BP","cellular response to mechanical stimulus","GO:0071260","false","0.0006122323340044038","3.213083737612142","74","844","12","21026","CASP1,LTBR,TLR5,TLR8,IRF1,FAS,KCNJ2,IL1B,CASP5,ITGB3,AQP1,COL1A1"
"GO:BP","plasma membrane invagination","GO:0099024","false","0.0006300454270137439","3.200628136276339","63","844","11","21026","FCGR1A,CD300A,ITGAM,DOCK1,CD36,THBS1,AIF1,PPARG,MARCO,MSR1,TREM2"
"GO:BP","positive regulation of apoptotic signaling pathway","GO:2001235","false","0.0006623771448945215","3.1788946611528783","138","844","17","21026","GPER1,LTBR,S100A9,FAS,VNN1,G0S2,TNFSF10,INHBB,PML,THBS1,SEPTIN4,MMP2,NUPR1,ATF3,S100A8,PPARG,CTSV"
"GO:BP","regulation of platelet activation","GO:0010543","false","0.0006996808805524417","3.1550999934367527","53","844","10","21026","FCER1G,EMILIN2,CEACAM1,PLA2G4A,SELP,GP9,CTSG,MMRN1,APOE,CELA2A"
"GO:BP","positive regulation of MAPK cascade","GO:0043410","false","0.000716393148240879","3.144848576501688","456","844","37","21026","GPER1,ICAM1,FLT3,LTBR,GAS6,ADAM9,LRRK2,GADD45B,CD36,ELANE,S100A12,NAIP,GLIPR2,MAP2K6,TLR9,LILRA5,DOK3,NDST1,NOD2,IL1B,FPR2,NECAB2,CAV2,THBS1,TRPV4,OSM,NRG1,ITGB3,CAVIN3,ADRA2A,MARCO,TREM2,NTRK3,APOE,FGF8,HTR2B,NRP1"
"GO:BP","positive regulation of interleukin-8 production","GO:0032757","false","0.0007198892304467074","3.1427343234390874","64","844","11","21026","TLR2,TLR5,TLR8,FCN1,CD14,ELANE,TLR9,FFAR2,NOD2,IL1B,F3"
"GO:BP","carboxylic acid transport","GO:0046942","false","0.0007558701278592313","3.1215528177254037","355","844","31","21026","SLC6A12,SLC26A8,AQP9,CD36,MAP2K6,CEACAM1,SLC22A1,FOLR1,PLA2G4A,SLC16A3,SLC51A,SLC11A1,IL1B,ACSL1,THBS1,CRABP2,TSPO2,PPARG,NTSR1,LRP2,SLCO2B1,ABCC11,ABCB11,SLC1A3,SLC6A8,PLA2G2C,CES1,SLC22A3,SNCA,APOE,ERFE"
"GO:BP","response to peptide hormone","GO:0043434","false","0.0007571010403523917","3.1208461570399084","440","844","36","21026","SORT1,GPER1,LTA4H,TLR2,AGTRAP,CTSD,GRB10,RAB13,EDNRB,STAT1,TIMP1,MAPK14,ADM,RETN,IGFBP2,CEACAM1,ECHDC3,SOCS3,TNFSF10,INHBB,IL1B,PCSK9,CAV2,FFAR3,ALPL,FUT7,TRPV4,ITGB3,C1QTNF12,AANAT,PPARG,ASS1,IL10,COL1A1,ERFE,CELA2A"
"GO:BP","negative regulation of interleukin-1 production","GO:0032692","false","0.0007670075728594894","3.1152003481307418","34","844","8","21026","GAS6,IL1R2,CEACAM1,SERPINB1,PML,CARD16,IL10,TREM2"
"GO:BP","B cell mediated immunity","GO:0019724","false","0.0007670075728594894","3.1152003481307418","212","844","22","21026","FCGR1A,FCER1G,FCGR2A,CLU,TLR8,BCL6,CD55,SERPING1,CR1,NOD2,C1QA,C1R,C2,CFB,HLA-G,CR1L,FCGR3B,IL10,C1QC,TREM2,IGHV4-28,IGHV2-70"
"GO:BP","regulation of ERK1 and ERK2 cascade","GO:0070372","false","0.0007670075728594894","3.1152003481307418","274","844","26","21026","DUSP3,GPER1,ICAM1,GAS6,GBP1,CD36,GLIPR2,TLR9,CEACAM1,NOD2,IL1B,FPR2,NECAB2,TRPV4,NRG1,NLRP6,ITGB3,CAVIN3,ATF3,MARCO,TREM2,APOE,FN1,FGF8,HTR2B,NRP1"
"GO:BP","organic acid transport","GO:0015849","false","0.0007879134479636056","3.103521486998137","356","844","31","21026","SLC6A12,SLC26A8,AQP9,CD36,MAP2K6,CEACAM1,SLC22A1,FOLR1,PLA2G4A,SLC16A3,SLC51A,SLC11A1,IL1B,ACSL1,THBS1,CRABP2,TSPO2,PPARG,NTSR1,LRP2,SLCO2B1,ABCC11,ABCB11,SLC1A3,SLC6A8,PLA2G2C,CES1,SLC22A3,SNCA,APOE,ERFE"
"GO:BP","negative regulation of coagulation","GO:0050819","false","0.0008073316751704435","3.092948007900737","54","844","10","21026","PLAUR,CEACAM1,SERPING1,THBS1,PF4,PLAU,FAP,TFPI,PROS1,APOE"
"GO:BP","regulation of hemopoiesis","GO:1903706","false","0.0008291838918244831","3.0813491433361255","425","844","35","21026","SMARCD3,LOXL3,H4C9,IL27,GAS6,H4C4,HOXA9,NFAM1,IRF1,LILRB3,TYROBP,STAT1,TNFAIP6,VNN1,BCL6,MAPK14,TLR9,CEACAM1,CR1,FES,H4C5,MMP14,SLAMF8,PGLYRP1,PF4,FAXDC2,H4C8,GLI3,HLA-G,FAM210B,LTF,IL10,C1QC,TREM2,ERFE"
"GO:BP","negative regulation of chemotaxis","GO:0050922","false","0.0008397991460722809","3.0758245712987993","44","844","9","21026","DUSP3,TNFAIP6,ELANE,THBS1,SLAMF8,AIF1,PADI2,CYP19A1,NRP1"
"GO:BP","regulation of inflammatory response to antigenic stimulus","GO:0002861","false","0.0008397991460722809","3.0758245712987993","44","844","9","21026","FCGR1A,RHBDF2,MAPK14,NOD2,HCK,FUT7,NLRP6,IL10,TREM2"
"GO:BP","monoamine transport","GO:0015844","false","0.0008686311128118918","3.0611646190441","77","844","12","21026","P2RX1,PINK1,SLC22A1,FFAR3,ITGB3,TGM2,ADRA2A,CHGA,SLC22A3,SNCA,MAOB,SYT1"
"GO:BP","cardiac muscle contraction","GO:0060048","false","0.0009124834861373241","3.039774986536509","142","844","17","21026","DSC2,GSTO1,ASPH,MAP2K6,KCNJ2,SCN1B,TNNI2,MYBPC3,KCNE1,SCN9A,SCN2B,FGF13,CHGA,MYH7,RYR2,NOS1AP,ANK2"
"GO:BP","regulation of neuroinflammatory response","GO:0150077","false","0.0009358633080568775","3.0287875795650927","35","844","8","21026","GRN,MMP9,LRRK2,CST7,IL1B,MMP8,NUPR1,TREM2"
"GO:BP","response to nutrient","GO:0007584","false","0.0009558844361885531","3.0195946095642103","171","844","19","21026","GAS6,TRIM25,KYNU,STAT1,ALDH1A2,TSPO,IGFBP2,FOLR1,NOD2,FES,ACSL1,ALPL,C2,MLXIPL,F5,PPARG,ASS1,CBS,COL1A1"
"GO:BP","granulocyte chemotaxis","GO:0071621","false","0.0009630947711367229","3.0163309750181466","129","844","16","21026","FCER1G,C3AR1,ITGA9,S100A9,TNFAIP6,S100A12,BST1,NOD2,IL1B,PPBP,ADGRE2,THBS1,TRPV4,PF4,S100A8,PF4V1"
"GO:BP","antigen processing and presentation","GO:0019882","false","0.0009966064770122697","3.001476294646853","116","844","15","21026","FCGR1A,FCER1G,ICAM1,TAP1,CTSD,RAB32,GBA1,IFI30,NOD2,SLC11A1,THBS1,HLA-G,CD209,TREM2,CTSV"
"GO:BP","monocyte activation","GO:0042117","true","0.0010173822121405135","2.9925158598211894","12","844","5","21026","ADAM9,DYSF,AZU1,MT1G,FN1"
"GO:BP","ossification","GO:0001503","false","0.0010173822121405135","2.9925158598211894","430","844","35","21026","SORT1,VCAN,ASGR2,IFITM1,CLEC5A,TNFAIP6,TMEM119,MAPK14,MAP2K6,CEBPD,KREMEN1,SBNO2,ALOX5,PDLIM7,CLIC1,ADGRV1,MMP14,ALPL,MMP2,GLI3,MGP,PPARG,LTF,CBS,COL11A1,COL1A1,COL1A2,FOXC1,ACHE,LRP4,CREB3L1,ADAMTS7,ERFE,COL2A1,RORB"
"GO:BP","positive regulation of immune effector process","GO:0002699","false","0.001055161252311879","2.9766811653541394","264","844","25","21026","FCGR1A,CD300A,SECTM1,ITGAM,IL18R1,CFP,FCN1,TYROBP,CD36,FZD5,CD55,TLR9,FFAR2,IL18RAP,IL1R1,ARG1,CR1,NOD2,IL1B,RASGRP4,FFAR3,CD177,HLA-G,IL10,TREM2"
"GO:BP","lipoprotein metabolic process","GO:0042157","false","0.0010656472780718542","2.9723865200147612","91","844","13","21026","APOL1,ZDHHC19,APOL4,CTSD,APOL2,ATG7,GBA1,APOL6,PCSK9,ITGB3,OLR1,MTTP,APOE"
"GO:BP","inflammatory response to antigenic stimulus","GO:0002437","false","0.0010896881145443331","2.9626977860176202","79","844","12","21026","FCGR1A,FCGR2A,RHBDF2,MAPK14,ELANE,NOD2,HCK,FUT7,NLRP6,FCGR3B,IL10,TREM2"
"GO:BP","cholesterol transport","GO:0030301","false","0.0010918066826988205","2.961854251804797","104","844","14","21026","NPC2,CLU,CETP,CD36,TSPO,ABCA13,PCSK9,TSPO2,PPARG,MSR1,TREM2,CES1,ABCA12,APOE"
"GO:BP","leukotriene biosynthetic process","GO:0019370","false","0.001101700039469547","2.9579366350087932","19","844","6","21026","LTA4H,ALOX5AP,PLA2G4A,GGT1,ALOX5,GGTLC2"
"GO:BP","positive regulation of hemostasis","GO:1900048","false","0.001106244859382919","2.9561487344155366","27","844","7","21026","HPSE,EMILIN2,CD36,THBS1,ST3GAL4,PLAU,F3"
"GO:BP","regulation of membrane protein ectodomain proteolysis","GO:0051043","false","0.001106244859382919","2.9561487344155366","27","844","7","21026","ADAM9,TIMP1,IL1B,ADRA2A,IL10,TIMP4,APOE"
"GO:BP","positive regulation of blood coagulation","GO:0030194","false","0.001106244859382919","2.9561487344155366","27","844","7","21026","HPSE,EMILIN2,CD36,THBS1,ST3GAL4,PLAU,F3"
"GO:BP","positive regulation of G protein-coupled receptor signaling pathway","GO:0045745","false","0.0011137833929888872","2.9531992619239547","36","844","8","21026","GPER1,LRRK2,NECAB2,CAV2,ITGB3,CHGA,TREM2,FGF8"
"GO:BP","calcium-mediated signaling","GO:0019722","false","0.0011250380358801028","2.9488327944471946","234","844","23","21026","MCTP1,CCRL2,C3AR1,HOMER3,GBP1,NFAM1,GSTO1,LRRK2,ASPH,TRPM2,P2RX1,EDNRB,BST1,MCTP2,TREML1,FPR2,TREM2,SLC8A2,SAMD14,RYR2,HTR2B,PPP3R2,ANK2"
"GO:BP","regulation of leukocyte migration","GO:0002685","false","0.0011250380358801028","2.9488327944471946","234","844","23","21026","ICAM1,CD300A,GAS6,C3AR1,ITGA2B,TNFAIP6,ELANE,BST1,IL1R1,NOD2,FPR2,SELP,THBS1,MMP14,SLAMF8,ST3GAL4,AIF1,FUT7,TRPV4,PADI2,ITGB3,CYP19A1,TREM2"
"GO:BP","regulation of heart contraction","GO:0008016","false","0.0011779252124015929","2.9288822824456653","204","844","21","21026","DSC2,GSTO1,ASPH,EDNRB,ADM,KCNJ2,SCN1B,KCNE1,SCN2B,FGF13,ATP1B2,CHGA,SLC8A2,MYH7,GJD3,RYR2,NOS1AP,KCNJ12,CORIN,ANK2,IRX3"
"GO:BP","ERK1 and ERK2 cascade","GO:0070371","false","0.0012018324551638867","2.9201560721581385","299","844","27","21026","DUSP3,GPER1,ICAM1,GAS6,GRB10,GBP1,CD36,GLIPR2,TLR9,CEACAM1,NOD2,IL1B,FPR2,NECAB2,TRPV4,NRG1,NLRP6,ITGB3,CAVIN3,ATF3,MARCO,TREM2,APOE,FN1,FGF8,HTR2B,NRP1"
"GO:BP","icosanoid biosynthetic process","GO:0046456","false","0.001216163312191946","2.9150081020193164","57","844","10","21026","CASP1,LTA4H,NLRC4,NAIP,ALOX5AP,PLA2G4A,GGT1,IL1B,ALOX5,GGTLC2"
"GO:BP","triglyceride metabolic process","GO:0006641","false","0.001310933539058103","2.882419325359474","106","844","14","21026","GPAT3,GK,CETP,PLIN5,SLC22A4,APOBR,ACSL1,PNPLA1,PCSK9,GK3,DGAT2,PLB1,MTTP,APOE"
"GO:BP","acylglycerol metabolic process","GO:0006639","false","0.0013208069259523195","2.8791606624171373","133","844","16","21026","GPAT3,GK,CETP,PLIN5,SLC22A4,PLA2G4A,APOBR,ACSL1,PNPLA1,PCSK9,GK3,DGAT2,PLB1,MTTP,APOE,DGKI"
"GO:BP","regulation of acute inflammatory response","GO:0002673","false","0.0013427455140695088","2.8720062898689496","47","844","9","21026","FCGR1A,EDNRB,ALOX5AP,FFAR2,IL1B,FFAR3,FUT7,OSM,PPARG"
"GO:BP","membrane protein ectodomain proteolysis","GO:0006509","false","0.0013427455140695088","2.8720062898689496","47","844","9","21026","ADAM9,PRTN3,PSENEN,TIMP1,IL1B,ADRA2A,IL10,TIMP4,APOE"
"GO:BP","regulation of lipopolysaccharide-mediated signaling pathway","GO:0031664","false","0.0013853679512840584","2.8584348634304333","28","844","7","21026","CD14,CD36,CD55,CARD16,LY96,ACOD1,LTF"
"GO:BP","Fc receptor signaling pathway","GO:0038093","false","0.0013954950502113575","2.855271699605093","58","844","10","21026","FCGR1A,FCER1G,FCGR2A,LIMK1,CLEC4E,OSCAR,FCAR,HCK,CLEC4D,FCGR3B"
"GO:BP","regulation of intrinsic apoptotic signaling pathway","GO:2001242","false","0.0014227597755021612","2.8468684217575486","177","844","19","21026","GRINA,PLAUR,CLU,MMP9,S100A9,LRRK2,DDIAS,PINK1,VNN1,NOL3,SEPTIN4,MMP2,NUPR1,S100A8,MUC1,YBX3,IL10,TREM2,CREB3L1"
"GO:BP","chronic inflammatory response","GO:0002544","false","0.001454334265667812","2.837335763318272","20","844","6","21026","S100A9,VNN1,THBS1,S100A8,CYP19A1,IL10"
"GO:BP","neutrophil-mediated killing of symbiont cell","GO:0070943","false","0.0014831405706791886","2.828817684995144","13","844","5","21026","ELANE,ARG1,AZU1,NLRP6,CTSG"
"GO:BP","membrane invagination","GO:0010324","false","0.0014831405706791886","2.828817684995144","70","844","11","21026","FCGR1A,CD300A,ITGAM,DOCK1,CD36,THBS1,AIF1,PPARG,MARCO,MSR1,TREM2"
"GO:BP","detection of molecule of bacterial origin","GO:0032490","false","0.0014831405706791886","2.828817684995144","13","844","5","21026","TLR2,TLR9,NOD2,LY96,TREM2"
"GO:BP","adhesion of symbiont to host","GO:0044406","false","0.0014831405706791886","2.828817684995144","13","844","5","21026","ICAM1,GAS6,INHBB,CD209,LTF"
"GO:BP","antibacterial humoral response","GO:0019731","false","0.0014831405706791886","2.828817684995144","70","844","11","21026","H2BC12,H2BC6,ELANE,DEFA3,H2BC12L,NOD2,CAMP,DEFA4,CTSG,SLPI,LTF"
"GO:BP","viral process","GO:0016032","false","0.001522702392099001","2.817384970005438","423","844","34","21026","CTSB,ICAM1,GAS6,TRIM21,TRIM25,IFITM1,PARP9,CLEC5A,STAT1,SRPK1,IFITM3,TRIM22,CD55,CR1,IFITM2,CAV2,ST3GAL4,PLSCR1,ANPEP,ITGB3,ITGB5,SLPI,CD209,APOBEC3B,LTF,MRC1,TRIM58,HPN,APOE,TMPRSS4,CHMP4C,IFI27,NECTIN4,NRP1"
"GO:BP","regulation of proteolysis","GO:0030162","false","0.0015480958677062434","2.8102021486100743","406","844","33","21026","IL1R2,ADAM9,PLAUR,GAPDH,CLU,GRN,GBA1,PSENEN,LRRK2,ASPH,NLRC4,GABARAP,PINK1,TIMP1,CST7,CR1,SERPINB1,IL1B,PML,THBS1,MMP14,CSTA,NUPR1,PLAU,ADRA2A,TGFB1I1,TFPI,IL10,TIMP4,TREM2,HPN,TMEM98,APOE"
"GO:BP","positive regulation of nitric oxide biosynthetic process","GO:0045429","false","0.0015816230770651072","2.800897006966439","38","844","8","21026","TLR5,CLU,CD36,DDAH2,IL1B,ASS1,APOE,DDAH1"
"GO:BP","regulation of chemotaxis","GO:0050920","false","0.0015816230770651072","2.800897006966439","209","844","21","21026","DUSP3,GAS6,C3AR1,TNFAIP6,ELANE,BST1,NOD2,FPR2,AZU1,THBS1,SLAMF8,AIF1,TRPV4,PADI2,CYP19A1,F3,TREM2,SUCNR1,NTRK3,TUBB2B,NRP1"
"GO:BP","immunoglobulin mediated immune response","GO:0016064","false","0.0015816230770651072","2.800897006966439","209","844","21","21026","FCGR1A,FCER1G,FCGR2A,CLU,TLR8,BCL6,CD55,SERPING1,CR1,NOD2,C1QA,C1R,C2,CFB,CR1L,FCGR3B,IL10,C1QC,TREM2,IGHV4-28,IGHV2-70"
"GO:BP","modulation of process of another organism","GO:0035821","false","0.0016254639183650285","2.7890226664193984","122","844","15","21026","TRIM25,IFITM1,FCN1,S100A9,IFITM3,ARG1,NOD2,IFITM2,CAV2,NLRP6,SLPI,LTF,HPN,APOE,IFI27"
"GO:BP","regulation of transmembrane transport","GO:0034762","false","0.0016760063308590377","2.7757243452212834","443","844","35","21026","GPER1,GRB10,CD63,KCNJ15,MMP9,GSTO1,ASPH,P2RX1,RTN2,MAPK14,TLR9,KCNJ2,IL1B,PML,SCN1B,ACSL1,PCSK9,KCNE1,THBS1,ITGB3,C1QTNF12,ADRA2A,FGF13,ATP1B2,NTSR1,TREM2,RELN,SNCA,RYR2,NOS1AP,KCNJ12,TMC1,ERFE,PPP3R2,ANK2"
"GO:BP","negative regulation of inflammatory response to antigenic stimulus","GO:0002862","false","0.001692339600308583","2.7715124830575846","29","844","7","21026","RHBDF2,MAPK14,NOD2,HCK,NLRP6,IL10,TREM2"
"GO:BP","regulation of interleukin-10 production","GO:0032653","false","0.0017866833931767408","2.7479523992449764","60","844","10","21026","CD274,PDCD1LG2,TLR2,TYROBP,TLR9,LILRA5,NOD2,THBS1,TREM2,PRG2"
"GO:BP","acute-phase response","GO:0006953","false","0.0017866833931767408","2.7479523992449764","49","844","9","21026","HP,APOL2,CD163,EDNRB,SERPINA1,IL1B,PLSCR1,ASS1,FN1"
"GO:BP","interleukin-10 production","GO:0032613","false","0.0017866833931767408","2.7479523992449764","60","844","10","21026","CD274,PDCD1LG2,TLR2,TYROBP,TLR9,LILRA5,NOD2,THBS1,TREM2,PRG2"
"GO:BP","endoderm formation","GO:0001706","false","0.0017866833931767408","2.7479523992449764","60","844","10","21026","MMP9,ITGA7,MMP14,MMP8,MMP2,ITGB5,COL4A2,COL11A1,LAMA3,FN1"
"GO:BP","positive regulation of angiogenesis","GO:0045766","false","0.0018059035692342222","2.743305443650182","166","844","18","21026","C3AR1,GRN,EMILIN2,ADM,IL1B,CAMP,LRG1,THBS1,ANXA3,ITGB3,TGM2,AQP1,IL10,F3,NR2E1,DDAH1,HSPB6,NRP1"
"GO:BP","negative regulation of cell-cell adhesion","GO:0022408","false","0.001808128328569596","2.7427707495178195","196","844","20","21026","DUSP3,LOXL3,CD274,PDCD1LG2,CD300A,IRF1,BCL6,CEACAM1,ARG1,CR1,VSIG4,TRPV4,GLI3,HLA-G,CTSG,TARM1,ASS1,IL10,EPCAM,ABCA12"
"GO:BP","positive regulation of DNA-binding transcription factor activity","GO:0051091","false","0.001808128328569596","2.7427707495178195","196","844","20","21026","IRAK3,AIM2,TLR2,TRIM21,IL18R1,TRIM25,CLU,S100A9,NLRC4,TRIM22,S100A12,IL18RAP,NOD2,IL1B,CARD16,ANXA3,S100A8,LTF,IL10,BEX1"
"GO:BP","cellular response to interleukin-1","GO:0071347","false","0.0018090859712930354","2.7425407941291344","84","844","12","21026","IRAK3,GBP2,IL1R2,GBP1,GBP3,IL1R1,INHBB,IL1B,CAMP,MMP2,ACOD1,ADAMTS7"
"GO:BP","development of primary sexual characteristics","GO:0045137","false","0.0018345237488443216","2.7364766617083713","243","844","23","21026","HOXA9,TLR5,LHFPL2,RAB13,TNFAIP6,TLR9,RETN,INSL3,TNFSF10,INHBB,KCNE1,MMP14,HOXA10,MMP2,NUPR1,SDC1,CYP19A1,YBX3,LRP2,PCYT1B,ZFPM2,FGF8,FOXC1"
"GO:BP","serotonin transport","GO:0006837","false","0.001859198983024185","2.7306741268473718","21","844","6","21026","P2RX1,SLC22A1,ITGB3,SLC22A3,SNCA,MAOB"
"GO:BP","positive regulation of nitric oxide metabolic process","GO:1904407","false","0.001859198983024185","2.7306741268473718","39","844","8","21026","TLR5,CLU,CD36,DDAH2,IL1B,ASS1,APOE,DDAH1"
"GO:BP","negative regulation of phagocytosis","GO:0050765","false","0.001859198983024185","2.7306741268473718","21","844","6","21026","TLR2,CD300A,PRTN3,ATG3,DYSF,PLSCR1"
"GO:BP","regulation of leukocyte cell-cell adhesion","GO:1903037","false","0.0019272903403177656","2.7150528552980355","377","844","31","21026","SMARCD3,DUSP3,LOXL3,CD274,PDCD1LG2,CD300A,IRF1,VNN1,BCL6,ELANE,CD55,IGFBP2,ARG1,CR1,NOD2,VSIG4,IL1B,FLOT2,ALOX5,SELP,ST3GAL4,AIF1,FUT7,GLI3,SPTA1,HLA-G,CTSG,CD209,TARM1,ASS1,IL10"
"GO:BP","hormone metabolic process","GO:0042445","false","0.0019276608141619248","2.7149693809606155","244","844","23","21026","CTSB,EDNRB,ADM,ECE1,ALDH1A2,TSPO,DHRS9,FFAR3,CRABP2,DGAT2,DDO,CPE,TG,PLB1,CTSG,AANAT,CYP19A1,HPN,CYP21A2,CRYM,MEP1A,ENPEP,CORIN"
"GO:BP","negative regulation of catalytic activity","GO:0043086","false","0.001959789865220662","2.7077904925555436","293","844","26","21026","DUSP3,SORT1,IRAK3,HP,CD300A,GAPDH,LIMK1,GBA1,WARS1,LRRK2,PARP9,PLIN5,EDNRB,TIMP1,CST7,CEACAM1,CR1,SERPINB1,IL1B,ADGRV1,SFN,CSTA,TFPI,SNCA,APOE,UCHL1"
"GO:BP","macrophage migration","GO:1905517","false","0.0020043756131436557","2.698020889875665","61","844","10","21026","C3AR1,EDNRB,AZU1,THBS1,MMP14,SLAMF8,TRPV4,MMP2,CYP19A1,TREM2"
"GO:BP","multi-multicellular organism process","GO:0044706","false","0.0020972068179542784","2.678358739078137","214","844","21","21026","CTSB,APOL2,MMP9,P2RX1,TIMP1,ADM,IGFBP2,IGFBP7,IL1B,FUT7,DDO,MMP2,ITGB3,KLF1,ITGB4,PTGFR,ACOD1,ADRA2A,CBS,CORIN,PPP3R2"
"GO:BP","complement receptor mediated signaling pathway","GO:0002430","false","0.0020972068179542784","2.678358739078137","14","844","5","21026","C3AR1,ITGAM,FPR1,CR1,FPR2"
"GO:BP","negative regulation of complement activation","GO:0045916","false","0.0020972068179542784","2.678358739078137","14","844","5","21026","CD55,SERPING1,CR1,VSIG4,CR1L"
"GO:BP","positive regulation of vasculature development","GO:1904018","false","0.002183525812508754","2.660841669708359","169","844","18","21026","C3AR1,GRN,EMILIN2,ADM,IL1B,CAMP,LRG1,THBS1,ANXA3,ITGB3,TGM2,AQP1,IL10,F3,NR2E1,DDAH1,HSPB6,NRP1"
"GO:BP","modified amino acid transport","GO:0072337","true","0.002183525812508754","2.660841669708359","40","844","8","21026","MGST1,SLC6A12,SLC22A4,SLC22A1,FOLR1,SLC22A16,LRP2,SLC6A8"
"GO:BP","positive regulation of cell activation","GO:0050867","false","0.0022745823205593285","2.643098340778318","381","844","31","21026","SMARCD3,CD274,PDCD1LG2,GAS6,LRRK2,TYROBP,VNN1,BCL6,CD55,TLR9,BST1,IGFBP2,LILRA5,PLA2G4A,CR1,NOD2,IL1B,FLOT2,SELP,THBS1,MMP14,AIF1,GP9,MMP8,GLI3,SPTA1,HLA-G,CLEC4D,CD209,IL10,TREM2"
"GO:BP","positive regulation of coagulation","GO:0050820","false","0.0024976474175776877","2.602468869167607","31","844","7","21026","HPSE,EMILIN2,CD36,THBS1,ST3GAL4,PLAU,F3"
"GO:BP","regulation of macrophage derived foam cell differentiation","GO:0010743","false","0.0024976474175776877","2.602468869167607","31","844","7","21026","CETP,CD36,PF4,ITGB3,PPARG,MSR1,ALOX15B"
"GO:BP","negative regulation of leukocyte cell-cell adhesion","GO:1903038","false","0.0025634416445931927","2.591176564597535","142","844","16","21026","DUSP3,LOXL3,CD274,PDCD1LG2,CD300A,IRF1,BCL6,ARG1,CR1,VSIG4,GLI3,HLA-G,CTSG,TARM1,ASS1,IL10"
"GO:BP","positive regulation of response to wounding","GO:1903036","false","0.0025672058692518688","2.5905393030094728","75","844","11","21026","HPSE,SCARF1,GRN,EMILIN2,CD36,INSL3,THBS1,ST3GAL4,PLAU,ADRA2A,F3"
"GO:BP","ventricular cardiac muscle tissue development","GO:0003229","false","0.0025672058692518688","2.5905393030094728","63","844","10","21026","MYBPC3,NRG1,LRP2,MYH7,COL11A1,ZFPM2,RYR2,FOXC1,ADAMTS9,IRX3"
"GO:BP","regulation of pattern recognition receptor signaling pathway","GO:0062207","false","0.002661333455193179","2.5749007065544296","172","844","18","21026","IRAK3,GBP2,CD300A,IRF1,S100A9,CD14,GBP5,CD36,TLR9,IFI35,NOD2,FLOT1,NLRP6,TREML4,ACOD1,S100A8,LTF,TREM2"
"GO:BP","release of cytochrome c from mitochondria","GO:0001836","false","0.002691143555878356","2.5700631346914995","52","844","9","21026","GPER1,PLAUR,CLU,MMP9,PINK1,NOL3,TNFSF10,SFN,BCL2A1"
"GO:BP","response to metal ion","GO:0010038","false","0.002750313146853885","2.5606178551849723","351","844","29","21026","LTA4H,ADAM9,KCNMA1,MMP9,LRRK2,ASPH,CD14,TRPM2,ALOX5AP,TSPO,TLR9,INHBB,SLC11A1,ADGRV1,THBS1,PLSCR1,MT1E,SDC1,S100A8,AANAT,AQP1,ASS1,SUCNR1,MTTP,MT1G,SNCA,RYR2,MAOB,SYT1"
"GO:BP","regulation of MAP kinase activity","GO:0043405","false","0.002783256806153084","2.5554467202380984","115","844","14","21026","IRAK3,FLT3,CD300A,ADAM9,GBA1,LRRK2,ELANE,S100A12,IL1B,THBS1,ADRA2A,NTRK3,APOE,UCHL1"
"GO:BP","cellular extravasation","GO:0045123","false","0.0028515822534446087","2.544914096741718","76","844","11","21026","ICAM1,SELL,PRTN3,ELANE,BST1,IL1R1,SELP,AZU1,ST3GAL4,CD177,FUT7"
"GO:BP","negative regulation of tumor necrosis factor superfamily cytokine production","GO:1903556","false","0.0028813778308472322","2.540399789587291","64","844","10","21026","IRAK3,CD274,GAS6,BPI,TSPO,NOD2,THBS1,LTF,IL10,TREM2"
"GO:BP","neutrophil mediated cytotoxicity","GO:0070942","false","0.002899450935591793","2.5376842359697513","15","844","5","21026","ELANE,ARG1,AZU1,NLRP6,CTSG"
"GO:BP","synapse pruning","GO:0098883","false","0.002899450935591793","2.5376842359697513","15","844","5","21026","C1QB,ITGAM,C1QA,C1QC,TREM2"
"GO:BP","positive regulation of neuroinflammatory response","GO:0150078","false","0.002899450935591793","2.5376842359697513","15","844","5","21026","LRRK2,IL1B,MMP8,NUPR1,TREM2"
"GO:BP","regulation of reactive oxygen species metabolic process","GO:2000377","false","0.00293166051749722","2.5328863218596083","144","844","16","21026","HP,ITGAM,LRRK2,PLIN5,PINK1,TYROBP,CD36,MAPK14,TSPO,BST1,FPR2,ALOX5,THBS1,CD177,ACOD1,SNCA"
"GO:BP","myeloid cell development","GO:0061515","false","0.002933250004031353","2.5326509200592904","89","844","12","21026","TLR2,TYROBP,BCL6,GP9,MPIG6B,FAM210B,LTF,BPGM,SLC4A1,TRIM58,EPB42,RHAG"
"GO:BP","striated muscle contraction","GO:0006941","false","0.002958221995186189","2.5289692381596933","189","844","19","21026","DSC2,GSTO1,ASPH,MAP2K6,KCNJ2,DTNA,SCN1B,TNNI2,MYBPC3,KCNE1,TRPV4,SCN9A,SCN2B,FGF13,CHGA,MYH7,RYR2,NOS1AP,ANK2"
"GO:BP","macrophage chemotaxis","GO:0048246","false","0.0029638707313271854","2.528140741953017","42","844","8","21026","C3AR1,EDNRB,AZU1,THBS1,SLAMF8,TRPV4,MMP2,CYP19A1"
"GO:BP","endochondral ossification","GO:0001958","false","0.0029638707313271854","2.528140741953017","32","844","7","21026","TMEM119,MMP14,ALPL,CBS,COL1A1,FOXC1,COL2A1"
"GO:BP","negative regulation of B cell activation","GO:0050869","false","0.0029638707313271854","2.528140741953017","32","844","7","21026","CD300A,TYROBP,BCL6,SAMSN1,CR1,MNDA,IL10"
"GO:BP","replacement ossification","GO:0036075","false","0.0029638707313271854","2.528140741953017","32","844","7","21026","TMEM119,MMP14,ALPL,CBS,COL1A1,FOXC1,COL2A1"
"GO:BP","cholesterol storage","GO:0010878","false","0.0029684001228206494","2.52747755911373","23","844","6","21026","NPC2,CD36,PPARG,MSR1,TREM2,CES1"
"GO:BP","gas transport","GO:0015669","false","0.0029684001228206494","2.52747755911373","23","844","6","21026","HBQ1,AQP1,BPGM,HBD,RHBG,RHAG"
"GO:BP","nitric oxide mediated signal transduction","GO:0007263","false","0.0029684001228206494","2.52747755911373","23","844","6","21026","FPR1,CD36,THBS1,CBS,APOE,DDAH1"
"GO:BP","multi-organism reproductive process","GO:0044703","false","0.003009681232095134","2.521479499912192","205","844","20","21026","CTSB,APOL2,MMP9,P2RX1,TIMP1,ADM,IGFBP2,IGFBP7,IL1B,FUT7,DDO,MMP2,ITGB3,KLF1,ITGB4,PTGFR,ACOD1,ADRA2A,CBS,CORIN"
"GO:BP","endothelial cell migration","GO:0043542","false","0.003052572031175882","2.5153340792673977","221","844","21","21026","GRN,S100A9,RAB13,S100A12,SEMA4A,CEACAM1,THBS1,ANXA3,FSTL1,ITGB3,SPARC,PPARG,FAP,PRSS3,S100P,NR2E1,ID1,DCN,APOE,ADAMTS9,NRP1"
"GO:BP","positive regulation of cation transmembrane transport","GO:1904064","false","0.0031414563374220746","2.5028689720926978","131","844","15","21026","GPER1,GSTO1,ASPH,P2RX1,KCNJ2,SCN1B,KCNE1,FGF13,ATP1B2,NTSR1,TREM2,SNCA,NOS1AP,PPP3R2,ANK2"
"GO:BP","cell surface toll-like receptor signaling pathway","GO:0140895","false","0.0031414563374220746","2.5028689720926978","65","844","10","21026","TLR2,TLR5,CD14,NMI,IFI35,NOD2,LY96,ACOD1,LTF,TREM2"
"GO:BP","negative regulation of T cell activation","GO:0050868","false","0.0031414563374220746","2.5028689720926978","131","844","15","21026","DUSP3,LOXL3,CD274,PDCD1LG2,CD300A,IRF1,BCL6,ARG1,CR1,VSIG4,GLI3,HLA-G,CTSG,TARM1,IL10"
"GO:BP","positive regulation of kinase activity","GO:0033674","false","0.0031414563374220746","2.5028689720926978","254","844","23","21026","FLT3,GAS6,ADAM9,LRRK2,PINK1,ELANE,S100A12,RALB,LILRA5,SLC11A1,IL1B,THBS1,NRG1,ITGB3,ADRA2A,LTF,TREM2,SLC8A2,SPDYE16,NTRK3,RELN,SNCA,SPDYC"
"GO:BP","production of molecular mediator involved in inflammatory response","GO:0002532","false","0.0031414563374220746","2.5028689720926978","90","844","12","21026","IL1R2,GRN,S100A9,P2RX1,GBP5,CD36,MAPK14,ALOX5AP,NOD2,ALOX5,SLAMF8,TREM2"
"GO:BP","gonad development","GO:0008406","false","0.0031702609157168936","2.498904993431138","238","844","22","21026","HOXA9,TLR5,RAB13,TNFAIP6,TLR9,RETN,INSL3,TNFSF10,INHBB,KCNE1,MMP14,HOXA10,MMP2,NUPR1,SDC1,CYP19A1,YBX3,LRP2,PCYT1B,ZFPM2,FGF8,FOXC1"
"GO:BP","cell-substrate adhesion","GO:0031589","false","0.003280703787232548","2.4840329800308294","356","844","29","21026","DUSP3,HPSE,GAS6,CD63,ADAM9,ITGAM,ITGA9,DOCK1,GBP1,ITGA2B,CD36,BCL6,BST1,COL17A1,ITGA7,THBS1,MMP14,ITGB3,ITGB4,ITGB5,CEACAM6,PLAU,DLC1,ATP1B2,BCAM,COL1A1,FN1,ADAMTS9,NRP1"
"GO:BP","positive regulation of secretion","GO:0051047","false","0.003332937912144742","2.4771727765477163","322","844","27","21026","GPER1,TLR2,ADAM9,ITGAM,HCAR2,PINK1,PFKFB2,MAP2K6,RETN,FFAR2,PLA2G4A,INHBB,IL1B,CD177,C1QTNF12,SDC1,S100A8,AQP1,CYP19A1,PPARG,NTSR1,TREM2,ABCB11,DOC2B,SNCA,ACHE,SYT1"
"GO:BP","positive regulation of protein kinase activity","GO:0045860","false","0.003345152061498369","2.4755841356035897","239","844","22","21026","FLT3,GAS6,ADAM9,LRRK2,PINK1,ELANE,S100A12,RALB,LILRA5,SLC11A1,IL1B,THBS1,NRG1,ITGB3,ADRA2A,LTF,SLC8A2,SPDYE16,NTRK3,RELN,SNCA,SPDYC"
"GO:BP","negative regulation of type II interferon production","GO:0032689","false","0.00337302336959532","2.4719806498421852","43","844","8","21026","CD274,PDCD1LG2,GAS6,CR1,NOD2,PGLYRP1,NLRP6,IL10"
"GO:BP","heterophilic cell-cell adhesion via plasma membrane cell adhesion molecules","GO:0007157","true","0.003375556514029155","2.471654616596638","54","844","9","21026","ICAM1,SCARF1,SELL,SELP,CEACAM6,CD209,CEACAM8,CRB1,NECTIN4"
"GO:BP","carbohydrate derivative catabolic process","GO:1901136","false","0.0036573156154345913","2.4368375597256393","257","844","23","21026","GNS,HPSE,FBXO6,NUDT16,NPL,GM2A,GAPDH,TYMP,GBA1,HK3,PFKFB2,CHIT1,UPP1,CDA,NT5M,PGLYRP1,MLXIPL,NUPR1,BPGM,SLC4A1,PGLYRP4,PRKAG3,UCHL1"
"GO:BP","T cell mediated immunity","GO:0002456","false","0.0036573156154345913","2.4368375597256393","133","844","15","21026","CD274,ICAM1,SECTM1,IL18R1,FZD5,CD55,CEACAM1,IL1R1,ARG1,CR1,NOD2,IL1B,FUT7,HLA-G,CR1L"
"GO:BP","positive regulation of fatty acid transport","GO:2000193","false","0.0036641999126755943","2.4360208399705012","24","844","6","21026","MAP2K6,PLA2G4A,IL1B,ACSL1,NTSR1,ERFE"
"GO:BP","regulation of production of molecular mediator of immune response","GO:0002700","false","0.0038961624008091184","2.4093629490456507","194","844","19","21026","IRAK3,SECTM1,IL18R1,CD36,BCL6,FZD5,CD55,TLR9,FFAR2,IL1R1,ARG1,CR1,NOD2,IL1B,FFAR3,HLA-G,CALHM6,IL10,PRG2"
"GO:BP","negative regulation of adaptive immune response","GO:0002820","false","0.003908323133056663","2.408009536790022","67","844","10","21026","LOXL3,CD274,BCL6,SAMSN1,CEACAM1,ARG1,CR1,NOD2,HLA-G,CR1L"
"GO:BP","negative regulation of endocytosis","GO:0045806","false","0.003908323133056663","2.408009536790022","67","844","10","21026","MCTP1,TLR2,CD300A,PRTN3,ATG3,DYSF,NECAB2,PCSK9,PLSCR1,ITGB3"
"GO:BP","dendritic cell differentiation","GO:0097028","false","0.003908323133056663","2.408009536790022","44","844","8","21026","FLT3,LTBR,GAS6,PRTN3,BATF2,TRPM2,HLA-G,TREM2"
"GO:BP","photoreceptor cell maintenance","GO:0045494","false","0.003908323133056663","2.408009536790022","44","844","8","21026","ADGRV1,CNGB1,RP1L1,ATP1B2,USH2A,CRB1,ABCA4,CLRN1"
"GO:BP","regulation of kinase activity","GO:0043549","false","0.003908323133056663","2.408009536790022","431","844","33","21026","DUSP3,IRAK3,FLT3,CD300A,GAS6,ADAM9,GBA1,WARS1,LRRK2,PINK1,ELANE,S100A12,CEACAM1,RALB,LILRA5,SLC11A1,IL1B,THBS1,SLAMF8,NRG1,ITGB3,SFN,ADRA2A,LTF,TREM2,SLC8A2,SPDYE16,NTRK3,RELN,SNCA,APOE,SPDYC,UCHL1"
"GO:BP","zymogen activation","GO:0031638","false","0.003908323133056663","2.408009536790022","44","844","8","21026","PLAUR,GGT1,THBS1,MMP14,PLAU,CD5L,PRSS3,HPN"
"GO:BP","positive regulation of cholesterol transport","GO:0032376","false","0.004121922034977979","2.3849002270398403","34","844","7","21026","CETP,ABCA13,PPARG,TREM2,CES1,ABCA12,APOE"
"GO:BP","regulation of fatty acid transport","GO:2000191","false","0.004121922034977979","2.3849002270398403","34","844","7","21026","MAP2K6,PLA2G4A,IL1B,ACSL1,THBS1,NTSR1,ERFE"
"GO:BP","regulation of toll-like receptor signaling pathway","GO:0034121","false","0.004121922034977979","2.3849002270398403","34","844","7","21026","IRAK3,CD300A,IRF1,S100A9,CD36,NLRP6,S100A8"
"GO:BP","positive regulation of sterol transport","GO:0032373","false","0.004121922034977979","2.3849002270398403","34","844","7","21026","CETP,ABCA13,PPARG,TREM2,CES1,ABCA12,APOE"
"GO:BP","neural crest cell development","GO:0014032","false","0.004121922034977979","2.3849002270398403","80","844","11","21026","EDNRB,SEMA4A,ALDH1A2,FOLR1,SEMA3B,SEMA6B,NRG1,FN1,FOXC1,HTR2B,NRP1"
"GO:BP","production of molecular mediator of immune response","GO:0002440","false","0.004133138407827867","2.383720051106043","227","844","21","21026","IRAK3,SECTM1,IL18R1,CYREN,CD36,BCL6,ELANE,FZD5,CD55,TLR9,FFAR2,IL1R1,ARG1,CR1,NOD2,IL1B,FFAR3,HLA-G,CALHM6,IL10,PRG2"
"GO:BP","regulation of endothelial cell proliferation","GO:0001936","true","0.004180610385285094","2.3787603049215322","135","844","15","21026","STAT1,ALDH1A2,ALOX5,LRG1,CAV2,THBS1,EGFL7,ITGB3,SPARC,PPARG,IL10,F3,APOE,HTR2B,NRP1"
"GO:BP","T cell activation involved in immune response","GO:0002286","false","0.004180610385285094","2.3787603049215322","135","844","15","21026","LOXL3,IL27,FCER1G,ICAM1,IL18R1,CLEC4E,TYROBP,BCL6,SEMA4A,CEACAM1,SOCS3,SLC11A1,CLEC4D,TREM2,TMEM98"
"GO:BP","regulation of monoatomic ion transport","GO:0043269","false","0.004319050362186507","2.36461173184225","452","844","34","21026","GPER1,CD63,KCNJ15,HOMER3,MMP9,GSTO1,ASPH,P2RX1,TSPO,TLR9,KCNJ2,LILRA5,KCNG2,PML,SCN1B,PCSK9,KCNE1,ITGB3,SCN2B,BEST3,ADRA2A,FGF13,ATP1B2,RCVRN,NTSR1,TREM2,SNCA,RYR2,NOS1AP,MAOB,KCNJ12,TMC1,PPP3R2,ANK2"
"GO:BP","antigen processing and presentation of peptide antigen","GO:0048002","false","0.004338454206444659","2.3626649822834787","68","844","10","21026","FCGR1A,FCER1G,TAP1,CTSD,IFI30,SLC11A1,HLA-G,CD209,TREM2,CTSV"
"GO:BP","negative regulation of myeloid cell differentiation","GO:0045638","false","0.004475511441511779","2.3491573282732823","94","844","12","21026","H4C9,H4C4,HOXA9,LILRB3,TNFAIP6,CEACAM1,H4C5,PF4,H4C8,LTF,C1QC,ERFE"
"GO:BP","cardiac conduction","GO:0061337","false","0.004475511441511779","2.3491573282732823","94","844","12","21026","DSC2,KCNJ2,SCN1B,KCNE1,SCN2B,ATP1B2,SLC8A2,GJD3,RYR2,CORIN,ANK2,IRX3"
"GO:BP","receptor internalization","GO:0031623","false","0.004475511441511779","2.3491573282732823","136","844","15","21026","FCER1G,CD63,CD36,ADM,CEACAM1,RALB,FLOT1,NECAB2,PCSK9,NRG1,ITGB3,GSG1L,SFRP4,SNCA,ACHE"
"GO:BP","positive regulation of protein serine/threonine kinase activity","GO:0071902","false","0.004475511441511779","2.3491573282732823","136","844","15","21026","FLT3,ADAM9,LRRK2,ELANE,S100A12,RALB,IL1B,THBS1,ADRA2A,LTF,SLC8A2,SPDYE16,NTRK3,SNCA,SPDYC"
"GO:BP","one-carbon compound transport","GO:0019755","false","0.004480763915947346","2.3486479377433622","25","844","6","21026","AQP9,AQP10,AQP1,HBD,RHBG,RHAG"
"GO:BP","regulation of tube diameter","GO:0035296","false","0.004544636225592382","2.342500874057121","151","844","16","21026","GPER1,KCNMA1,ITGA9,P2RX1,EDNRB,ADM,ECE1,SMTNL1,HRH2,DOCK4,MMP2,ADRA2A,CBS,APOE,FOXC1,HTR2B"
"GO:BP","blood vessel diameter maintenance","GO:0097746","false","0.004544636225592382","2.342500874057121","151","844","16","21026","GPER1,KCNMA1,ITGA9,P2RX1,EDNRB,ADM,ECE1,SMTNL1,HRH2,DOCK4,MMP2,ADRA2A,CBS,APOE,FOXC1,HTR2B"
"GO:BP","fatty acid transport","GO:0015908","false","0.004593133769819786","2.337890906062898","122","844","14","21026","CD36,MAP2K6,SLC22A1,PLA2G4A,IL1B,ACSL1,THBS1,CRABP2,PPARG,NTSR1,SLCO2B1,PLA2G2C,APOE,ERFE"
"GO:BP","regulation of action potential","GO:0098900","false","0.0047680301261559645","2.321661009227979","57","844","9","21026","DSC2,GBA1,CD36,KCNJ2,FGF13,SLC8A2,RYR2,NOS1AP,ANK2"
"GO:BP","collagen fibril organization","GO:0030199","false","0.0047680301261559645","2.321661009227979","69","844","10","21026","LOXL3,ADAMTS2,LOXL1,COL27A1,COL11A1,COL1A1,COL1A2,FOXC1,ADAMTS7,COL2A1"
"GO:BP","response to glucocorticoid","GO:0051384","false","0.0047680301261559645","2.321661009227979","137","844","15","21026","FLT3,ADAM9,GBA1,ADM,IGFBP2,IGFBP7,ANXA3,ALPL,SDC1,AANAT,AQP1,ASS1,PTPRU,IL10,MAOB"
"GO:BP","phospholipase C-activating G protein-coupled receptor signaling pathway","GO:0007200","true","0.0047680301261559645","2.321661009227979","137","844","15","21026","C3AR1,LTB4R,FPR1,EDNRB,FFAR2,FPR2,RASGRP4,AZU1,TGM2,ADRA2A,PARD3,CHGA,GRPR,PTGER1,HTR2B"
"GO:BP","regulation of tube size","GO:0035150","false","0.0047680301261559645","2.321661009227979","152","844","16","21026","GPER1,KCNMA1,ITGA9,P2RX1,EDNRB,ADM,ECE1,SMTNL1,HRH2,DOCK4,MMP2,ADRA2A,CBS,APOE,FOXC1,HTR2B"
"GO:BP","regulation of protein processing","GO:0070613","false","0.0047680301261559645","2.321661009227979","57","844","9","21026","IL1R2,PLAUR,LRRK2,NLRC4,THBS1,MMP14,PLAU,HPN,TMEM98"
"GO:BP","amide metabolic process","GO:0043603","false","0.0047680301261559645","2.321661009227979","455","844","34","21026","NPL,GM2A,CLU,GBA1,GSTO1,PSENEN,P2RX1,CD36,RTN2,VNN1,ELOVL3,ECE1,FOLR1,ARG1,GGT1,OPLAH,ACSL1,PNPLA1,DGAT2,FUT7,CPE,CTSG,AANAT,ASS1,GGTLC2,TREM2,ABCA12,SNCA,APOE,MEP1A,GSTM5,ENPEP,LRP4,CORIN"
"GO:BP","regulation of peptidase activity","GO:0052547","false","0.0047680301261559645","2.321661009227979","69","844","10","21026","GAPDH,GRN,PSENEN,PINK1,TIMP1,CST7,CR1,SERPINB1,CSTA,TFPI"
"GO:BP","regulation of sterol transport","GO:0032371","false","0.0047680301261559645","2.321661009227979","57","844","9","21026","CETP,TSPO,ABCA13,PCSK9,PPARG,TREM2,CES1,ABCA12,APOE"
"GO:BP","interleukin-6 production","GO:0032635","false","0.0047680301261559645","2.321661009227979","152","844","16","21026","IRAK3,TLR2,GAS6,TLR8,GBA1,TYROBP,CD36,BPI,TLR9,LILRA5,NOD2,IL1B,AIF1,TRPV4,IL10,TREM2"
"GO:BP","negative regulation of leukocyte mediated immunity","GO:0002704","false","0.0047680301261559645","2.321661009227979","69","844","10","21026","CD274,CD300A,BCL6,CEACAM1,ARG1,CR1,NOD2,CLEC12B,HLA-G,CR1L"
"GO:BP","negative regulation of peptidase activity","GO:0010466","false","0.0047680301261559645","2.321661009227979","35","844","7","21026","GAPDH,TIMP1,CST7,CR1,SERPINB1,CSTA,TFPI"
"GO:BP","regulation of cholesterol transport","GO:0032374","false","0.0047680301261559645","2.321661009227979","57","844","9","21026","CETP,TSPO,ABCA13,PCSK9,PPARG,TREM2,CES1,ABCA12,APOE"
"GO:BP","regulation of interleukin-6 production","GO:0032675","false","0.0047680301261559645","2.321661009227979","152","844","16","21026","IRAK3,TLR2,GAS6,TLR8,GBA1,TYROBP,CD36,BPI,TLR9,LILRA5,NOD2,IL1B,AIF1,TRPV4,IL10,TREM2"
"GO:BP","regulation of B cell differentiation","GO:0045577","false","0.0047680301261559645","2.321661009227979","35","844","7","21026","NFAM1,BCL6,TLR9,CR1,MMP14,SLAMF8,IL10"
"GO:BP","response to vitamin","GO:0033273","false","0.004769525037706682","2.3215248670339736","95","844","12","21026","GAS6,TRIM25,KYNU,ALDH1A2,TSPO,FOLR1,FES,ALPL,F5,PPARG,CBS,COL1A1"
"GO:BP","regulation of protein kinase activity","GO:0045859","false","0.0048712535362070335","2.312359265930145","402","844","31","21026","DUSP3,IRAK3,FLT3,CD300A,GAS6,ADAM9,GBA1,WARS1,LRRK2,PINK1,ELANE,S100A12,CEACAM1,RALB,LILRA5,SLC11A1,IL1B,THBS1,NRG1,ITGB3,SFN,ADRA2A,LTF,SLC8A2,SPDYE16,NTRK3,RELN,SNCA,APOE,SPDYC,UCHL1"
"GO:BP","quaternary ammonium group transport","GO:0015697","false","0.0048713602187282256","2.3123497548007013","17","844","5","21026","SLC6A12,SLC22A4,SLC22A1,SLC22A16,SLC22A3"
"GO:BP","regulation of cholesterol storage","GO:0010885","false","0.0048713602187282256","2.3123497548007013","17","844","5","21026","CD36,PPARG,MSR1,TREM2,CES1"
"GO:BP","amide transport","GO:0042886","false","0.004940037867094014","2.306269722046607","332","844","27","21026","GPER1,MGST1,TAP1,AQP9,PFKFB2,AQP10,FFAR2,FOLR1,INHBB,IL1B,ALOX5,ABCA13,FFAR3,TRPV4,CPE,C1QTNF12,CD209,ADRA2A,S100A8,AQP1,CHGA,LRP2,MTTP,DOC2B,ABCA12,FAM3B,CELA2A"
"GO:BP","cellular response to interleukin-18","GO:0071351","false","0.0050530908528259024","2.2964428932269896","10","844","4","21026","IL18R1,CASP4,IL18RAP,NLRP6"
"GO:BP","development of primary male sexual characteristics","GO:0046546","false","0.0050530908528259024","2.2964428932269896","153","844","16","21026","HOXA9,TLR5,LHFPL2,RAB13,TLR9,INSL3,TNFSF10,INHBB,KCNE1,MMP14,HOXA10,NUPR1,SDC1,YBX3,LRP2,ZFPM2"
"GO:BP","interleukin-18-mediated signaling pathway","GO:0035655","false","0.0050530908528259024","2.2964428932269896","10","844","4","21026","IL18R1,CASP4,IL18RAP,NLRP6"
"GO:BP","adhesion of symbiont to host cell","GO:0044650","false","0.0050530908528259024","2.2964428932269896","10","844","4","21026","ICAM1,GAS6,INHBB,CD209"
"GO:BP","cellular oxidant detoxification","GO:0098869","false","0.005172266120249527","2.2863191381646897","96","844","12","21026","HP,MGST1,S100A9,GSTO1,CD36,ALOX5AP,MPO,HBQ1,LPO,HBD,APOE,TXNDC2"
"GO:BP","positive regulation of reactive oxygen species metabolic process","GO:2000379","false","0.005178201064853024","2.285821090312725","70","844","10","21026","ITGAM,TYROBP,CD36,MAPK14,TSPO,FPR2,THBS1,CD177,ACOD1,SNCA"
"GO:BP","cardiac ventricle morphogenesis","GO:0003208","false","0.005178201064853024","2.285821090312725","70","844","10","21026","SMARCD3,MYBPC3,NRG1,CPE,LRP2,MYH7,COL11A1,ZFPM2,RYR2,FOXC1"
"GO:BP","regulated exocytosis","GO:0045055","false","0.005178201064853024","2.285821090312725","232","844","21","21026","MILR1,CD300A,ITGAM,LRRK2,P2RX1,CEACAM1,FES,ADGRE2,ANXA3,HCK,CD177,RPH3A,ADRA2A,CHGA,SYN2,DOC2B,ABCA12,SNCA,SYT9,UNC13A,SYT1"
"GO:BP","superoxide metabolic process","GO:0006801","false","0.005178201064853024","2.285821090312725","70","844","10","21026","ITGAM,TYROBP,CD36,BST1,MPO,NCF4,SH3PXD2B,FPR2,CD177,CBS"
"GO:BP","response to interleukin-1","GO:0070555","false","0.005243965204232047","2.2803401986867877","110","844","13","21026","IRAK3,GBP2,IL1R2,GBP1,GBP3,IL1R1,INHBB,IL1B,CAMP,MMP2,ACOD1,SNCA,ADAMTS7"
"GO:BP","negative regulation of lymphocyte mediated immunity","GO:0002707","false","0.005255515235133608","2.27938470060501","58","844","9","21026","CD274,BCL6,CEACAM1,ARG1,CR1,NOD2,CLEC12B,HLA-G,CR1L"
"GO:BP","positive regulation of cytokine production involved in immune response","GO:0002720","false","0.005255515235133608","2.27938470060501","83","844","11","21026","SECTM1,IL18R1,CD36,FZD5,CD55,FFAR2,IL1R1,NOD2,IL1B,FFAR3,HLA-G"
"GO:BP","embryo implantation","GO:0007566","false","0.005255515235133608","2.27938470060501","58","844","9","21026","MMP9,TIMP1,IGFBP7,IL1B,FUT7,MMP2,ITGB3,ITGB4,ACOD1"
"GO:BP","sensory perception of sound","GO:0007605","true","0.005255515235133608","2.27938470060501","169","844","17","21026","TIMM10,MYO7A,ADGRV1,KCNE1,GJB6,LRP2,USH2A,SLC1A3,HPN,COL11A1,BSND,COL1A1,CRYM,TMC1,PAX3,CLRN1,COL2A1"
"GO:BP","cell adhesion mediated by integrin","GO:0033627","false","0.005255515235133608","2.27938470060501","83","844","11","21026","ICAM1,ADAM9,ITGAM,ITGA9,ITGA2B,EMILIN2,ITGA7,ITGB3,PLAU,MUC1,MMRN1"
"GO:BP","positive regulation of leukocyte mediated immunity","GO:0002705","false","0.005328412020783685","2.2734022006105823","154","844","16","21026","FCGR1A,SECTM1,ITGAM,IL18R1,TYROBP,FZD5,CD55,IL18RAP,IL1R1,ARG1,NOD2,IL1B,RASGRP4,CD177,HLA-G,TREM2"
"GO:BP","temperature homeostasis","GO:0001659","false","0.005401727990384442","2.2674672889470404","185","844","18","21026","GRB10,IL18R1,TRPM2,EDNRB,CD36,ELOVL3,MAP2K6,G0S2,NOD2,IL1B,ACSL1,ALPL,LCN2,NTSR1,IGF2BP2,ID1,LAMA4,ACHE"
"GO:BP","macrophage derived foam cell differentiation","GO:0010742","false","0.005452599828881581","2.2633963743993273","36","844","7","21026","CETP,CD36,PF4,ITGB3,PPARG,MSR1,ALOX15B"
"GO:BP","foam cell differentiation","GO:0090077","false","0.005452599828881581","2.2633963743993273","36","844","7","21026","CETP,CD36,PF4,ITGB3,PPARG,MSR1,ALOX15B"
"GO:BP","negative regulation of cell development","GO:0010721","false","0.005610376403063653","2.251008000724274","267","844","23","21026","LOXL3,IRF1,LILRB3,EDNRB,TNFAIP6,BCL6,TSPO,CEACAM1,CR1,IL1B,PGLYRP1,GLI3,HLA-G,FGF13,LTF,C1QC,TREM2,FSTL4,NR2E1,TMEM98,LRP4,ERFE,NRP1"
"GO:BP","negative regulation of leukocyte differentiation","GO:1902106","false","0.005615802387685467","2.2505881828311924","111","844","13","21026","LOXL3,IRF1,LILRB3,TNFAIP6,BCL6,CEACAM1,CR1,PGLYRP1,GLI3,HLA-G,LTF,C1QC,ERFE"
"GO:BP","ventricular cardiac muscle tissue morphogenesis","GO:0055010","false","0.005615802387685467","2.2505881828311924","47","844","8","21026","MYBPC3,NRG1,LRP2,MYH7,COL11A1,ZFPM2,RYR2,FOXC1"
"GO:BP","regulation of monoatomic cation transmembrane transport","GO:1904062","false","0.005620730395765807","2.2502072455982343","284","844","24","21026","GPER1,CD63,MMP9,GSTO1,ASPH,P2RX1,TLR9,KCNJ2,PML,SCN1B,PCSK9,KCNE1,ITGB3,ADRA2A,FGF13,ATP1B2,NTSR1,TREM2,SNCA,RYR2,NOS1AP,TMC1,PPP3R2,ANK2"
"GO:BP","positive regulation of transmembrane transport","GO:0034764","false","0.005748814256965331","2.240421723094878","202","844","19","21026","GPER1,GSTO1,ASPH,P2RX1,MAPK14,KCNJ2,SCN1B,ACSL1,KCNE1,C1QTNF12,FGF13,ATP1B2,NTSR1,TREM2,SNCA,NOS1AP,ERFE,PPP3R2,ANK2"
"GO:BP","positive regulation of monoatomic ion transport","GO:0043270","false","0.005748814256965331","2.240421723094878","202","844","19","21026","GPER1,GSTO1,ASPH,P2RX1,TSPO,KCNJ2,LILRA5,SCN1B,KCNE1,SCN2B,ADRA2A,FGF13,ATP1B2,NTSR1,TREM2,SNCA,NOS1AP,PPP3R2,ANK2"
"GO:BP","cardiac muscle cell action potential involved in contraction","GO:0086002","false","0.005874015282725333","2.2310649278856314","59","844","9","21026","DSC2,KCNJ2,SCN1B,KCNE1,SCN9A,SCN2B,RYR2,NOS1AP,ANK2"
"GO:BP","ameboidal-type cell migration","GO:0001667","false","0.0059307033651312974","2.2268937974484255","235","844","21","21026","ADAM9,DOCK1,MMP9,EDNRB,TIMP1,SEMA4A,GLIPR2,FOLR1,INSL3,PML,LRG1,SEMA3B,THBS1,SEMA6B,ITGB3,ITGB4,AQP1,FN1,FGF8,HTR2B,NRP1"
"GO:BP","positive regulation of ERK1 and ERK2 cascade","GO:0070374","false","0.006038991013024947","2.2190356166901726","187","844","18","21026","GPER1,ICAM1,GAS6,CD36,GLIPR2,NOD2,FPR2,NECAB2,TRPV4,NRG1,ITGB3,CAVIN3,MARCO,TREM2,APOE,FGF8,HTR2B,NRP1"
"GO:BP","negative regulation of humoral immune response","GO:0002921","false","0.006158117062960603","2.2105520596168735","18","844","5","21026","CD55,SERPING1,CR1,VSIG4,CR1L"
"GO:BP","positive regulation of T-helper 1 type immune response","GO:0002827","false","0.006158117062960603","2.2105520596168735","18","844","5","21026","IL18R1,IL1R1,PLA2G4A,SLC11A1,IL1B"
"GO:BP","activation of protein kinase B activity","GO:0032148","true","0.006158117062960603","2.2105520596168735","18","844","5","21026","GAS6,PINK1,NRG1,ADRA2A,NTRK3"
"GO:BP","triglyceride storage","GO:0030730","false","0.006158117062960603","2.2105520596168735","18","844","5","21026","PLIN5,PLIN3,IL1B,PPARG,TREM2"
"GO:BP","protein localization to CENP-A containing chromatin","GO:0061644","true","0.006158117062960603","2.2105520596168735","18","844","5","21026","H4C9,H4C4,H2AC8,H4C5,H4C8"
"GO:BP","action potential","GO:0001508","false","0.006229672540235548","2.2055347812230752","172","844","17","21026","GPER1,DSC2,GBA1,P2RX1,CD36,KCND1,KCNJ2,KCNG2,SCN1B,KCNE1,SCN9A,SCN2B,FGF13,SLC8A2,RYR2,NOS1AP,ANK2"
"GO:BP","positive regulation of chemokine production","GO:0032722","false","0.006237823180332415","2.2049669400781213","72","844","10","21026","TLR2,TLR9,FFAR2,NOD2,IL1B,AZU1,FFAR3,AIF1,TRPV4,ALOX15B"
"GO:BP","regulation of monoatomic ion transmembrane transport","GO:0034765","false","0.006257167225234211","2.203622238177988","321","844","26","21026","GPER1,CD63,KCNJ15,MMP9,GSTO1,ASPH,P2RX1,TLR9,KCNJ2,PML,SCN1B,PCSK9,KCNE1,ITGB3,ADRA2A,FGF13,ATP1B2,NTSR1,TREM2,SNCA,RYR2,NOS1AP,KCNJ12,TMC1,PPP3R2,ANK2"
"GO:BP","positive regulation of macrophage activation","GO:0043032","false","0.006274211781743505","2.2024408260765482","27","844","6","21026","LRRK2,PLA2G4A,THBS1,MMP8,IL10,TREM2"
"GO:BP","response to pain","GO:0048265","false","0.006274211781743505","2.2024408260765482","37","844","7","21026","AQP9,EDNRB,TSPO,THBS1,SCN9A,GJA4,RELN"
"GO:BP","regulation of metal ion transport","GO:0010959","false","0.006274211781743505","2.2024408260765482","374","844","29","21026","GPER1,CD63,HOMER3,GSTO1,ASPH,P2RX1,TSPO,TLR9,KCNJ2,LILRA5,KCNG2,PML,SCN1B,PCSK9,KCNE1,ITGB3,SCN2B,ADRA2A,FGF13,ATP1B2,RCVRN,NTSR1,TREM2,SNCA,RYR2,NOS1AP,TMC1,PPP3R2,ANK2"
"GO:BP","cellular response to interferon-beta","GO:0035458","false","0.006274211781743505","2.2024408260765482","27","844","6","21026","AIM2,IRF1,STAT1,MNDA,IFITM2,ACOD1"
"GO:BP","fibrinolysis","GO:0042730","false","0.006274211781743505","2.2024408260765482","27","844","6","21026","PLAUR,SERPING1,THBS1,PLAU,FAP,PROS1"
"GO:BP","type II interferon-mediated signaling pathway","GO:0060333","false","0.006274211781743505","2.2024408260765482","27","844","6","21026","IRF1,PARP9,STAT1,ARG1,HCK,PPARG"
"GO:BP","positive regulation of acute inflammatory response","GO:0002675","false","0.006274211781743505","2.2024408260765482","27","844","6","21026","FCGR1A,ALOX5AP,FFAR2,IL1B,FFAR3,OSM"
"GO:BP","regulation of lymphocyte proliferation","GO:0050670","false","0.006401755978669062","2.1937008842589405","237","844","21","21026","IL27,CD274,PDCD1LG2,CD300A,IRF1,TYROBP,BCL6,CD55,TLR9,BST1,IGFBP2,ARG1,CR1,MNDA,VSIG4,IL1B,AIF1,SPTA1,HLA-G,CD209,IL10"
"GO:BP","regulation of DNA-binding transcription factor activity","GO:0051090","false","0.006419242592798078","2.192516211366238","322","844","26","21026","IRAK3,AIM2,TLR2,TRIM21,IL18R1,TRIM25,CLU,S100A9,NLRC4,TRIM22,S100A12,IL18RAP,NOD2,IL1B,CARD16,ANXA3,HCK,ADGRG3,NUPR1,ACOD1,S100A8,LTF,IL10,BEX1,ID1,SFRP4"
"GO:BP","carbohydrate catabolic process","GO:0016052","false","0.006480337989333903","2.1884023424203525","173","844","17","21026","GM2A,GAPDH,GK,ATG3,HK3,PFKFB2,CHIT1,MGAM,PYGL,GK3,FUT7,MLXIPL,NUPR1,BPGM,SLC4A1,PRKAG3,UCHL1"
"GO:BP","calcium ion transmembrane transport","GO:0070588","false","0.006532616296022687","2.184912850062734","340","844","27","21026","CACNA1E,GPER1,GAS6,GSTO1,ASPH,TRPM2,P2RX1,EDNRB,NOL3,TLR9,CATSPER1,PML,CNGB1,GP9,TRPV4,ITGB3,ADRA2A,NTSR1,SLC8A2,SNCA,RYR2,NOS1AP,TMC1,HTR2B,PKD1L3,PPP3R2,ANK2"
"GO:BP","endothelial cell proliferation","GO:0001935","false","0.006648042551511522","2.177306209466498","158","844","16","21026","STAT1,ALDH1A2,ALOX5,LRG1,CAV2,THBS1,MMP14,EGFL7,ITGB3,SPARC,PPARG,IL10,F3,APOE,HTR2B,NRP1"
"GO:BP","stem cell development","GO:0048864","false","0.006689400091123749","2.174612828240668","86","844","11","21026","EDNRB,SEMA4A,ALDH1A2,FOLR1,SEMA3B,SEMA6B,NRG1,FN1,FOXC1,HTR2B,NRP1"
"GO:BP","leukocyte mediated cytotoxicity","GO:0001909","false","0.006693617410961253","2.1743391143649755","143","844","15","21026","FCGR1A,ICAM1,FCGR2A,ITGAM,TYROBP,ELANE,CEACAM1,IL18RAP,ARG1,AZU1,NLRP6,CLEC12B,HLA-G,CTSG,FCGR3B"
"GO:BP","positive regulation of monoatomic ion transmembrane transport","GO:0034767","false","0.006693617410961253","2.1743391143649755","143","844","15","21026","GPER1,GSTO1,ASPH,P2RX1,KCNJ2,SCN1B,KCNE1,FGF13,ATP1B2,NTSR1,TREM2,SNCA,NOS1AP,PPP3R2,ANK2"
"GO:BP","cellular response to UV-A","GO:0071492","true","0.007040093905170471","2.1524215479281485","11","844","4","21026","MMP9,TIMP1,MMP2,MMP1"
"GO:BP","complement-dependent cytotoxicity","GO:0097278","false","0.007040093905170471","2.1524215479281485","11","844","4","21026","CD55,CR1,CR1L,CD5L"
"GO:BP","response to corticosteroid","GO:0031960","false","0.007058786686933829","2.1512699420719206","159","844","16","21026","GPER1,FLT3,ADAM9,GBA1,ADM,IGFBP2,IGFBP7,ANXA3,ALPL,SDC1,AANAT,AQP1,ASS1,PTPRU,IL10,MAOB"
"GO:BP","T-helper 1 type immune response","GO:0042088","false","0.007058786686933829","2.1512699420719206","49","844","8","21026","IL27,IL18R1,SEMA4A,IL1R1,PLA2G4A,SLC11A1,IL1B,TMEM98"
"GO:BP","endochondral bone morphogenesis","GO:0060350","false","0.007122911045222601","2.147342479326664","61","844","9","21026","TMEM119,MMP14,ALPL,TRPV4,COL27A1,CBS,COL1A1,FOXC1,COL2A1"
"GO:BP","heterotypic cell-cell adhesion","GO:0034113","false","0.007122911045222601","2.147342479326664","61","844","9","21026","DSC2,ITGAM,ITGA7,GLDN,FLOT1,IL1B,ITGB3,CEACAM6,IL10"
"GO:BP","vasoconstriction","GO:0042310","false","0.007289255014697812","2.1373168557065583","87","844","11","21026","ITGA9,P2RX1,EDNRB,ADM,ECE1,SMTNL1,HRH2,DOCK4,MMP2,ADRA2A,HTR2B"
"GO:BP","myeloid leukocyte differentiation","GO:0002573","false","0.0073474969843602515","2.133860583503185","240","844","21","21026","TLR2,LTBR,PRTN3,MMP9,GBA1,LILRB3,BATF2,TYROBP,TNFAIP6,MAPK14,OSCAR,CEACAM1,FES,SBNO2,PF4,PPARG,LTF,C1QC,TREM2,MT1G,ERFE"
"GO:BP","acute inflammatory response to antigenic stimulus","GO:0002438","false","0.007407658205151641","2.1303190645336127","28","844","6","21026","FCGR1A,FCGR2A,ELANE,FUT7,NLRP6,FCGR3B"
"GO:BP","positive regulation of epidermal growth factor receptor signaling pathway","GO:0045742","false","0.007407658205151641","2.1303190645336127","28","844","6","21026","GPER1,PLAUR,MMP9,RALB,SHKBP1,ADRA2A"
"GO:BP","cell junction disassembly","GO:0150146","false","0.007407658205151641","2.1303190645336127","28","844","6","21026","DUSP3,C1QB,ITGAM,C1QA,C1QC,TREM2"
"GO:BP","positive regulation of T cell cytokine production","GO:0002726","false","0.007407658205151641","2.1303190645336127","28","844","6","21026","SECTM1,IL18R1,FZD5,CD55,IL1R1,IL1B"
"GO:BP","regulation of heart rate","GO:0002027","false","0.007414628055026985","2.129910629895322","101","844","12","21026","DSC2,EDNRB,ADM,KCNJ2,SCN1B,KCNE1,SCN2B,MYH7,GJD3,RYR2,NOS1AP,ANK2"
"GO:BP","negative regulation of locomotion","GO:0040013","false","0.007456045297239016","2.127491462204344","326","844","26","21026","DUSP3,MCTP1,CD300A,SAP30,IFITM1,EMILIN2,TNFAIP6,TIMP1,ELANE,SERPINB1,THBS1,SLAMF8,AIF1,PADI2,NAV3,SRGAP1,DLC1,ATP1B2,CYP19A1,PPARG,PTPRU,ALOX15B,DCN,APOE,ADAMTS9,NRP1"
"GO:BP","calcium ion transport","GO:0006816","false","0.007565082364392548","2.1211863392592396","434","844","32","21026","CACNA1E,GPER1,GAS6,HOMER3,GSTO1,ASPH,TRPM2,P2RX1,EDNRB,NOL3,TSPO,TLR9,LILRA5,CATSPER1,PML,CNGB1,GP9,TRPV4,ITGB3,ADRA2A,RCVRN,NTSR1,SLC8A2,GJA4,SNCA,RYR2,NOS1AP,TMC1,HTR2B,PKD1L3,PPP3R2,ANK2"
"GO:BP","male sex differentiation","GO:0046661","false","0.00758668503677646","2.119947945411261","176","844","17","21026","HOXA9,TLR5,LHFPL2,RAB13,TLR9,INSL3,TNFSF10,INHBB,KCNE1,MMP14,HOXA10,NUPR1,SDC1,YBX3,LRP2,ZFPM2,FGF8"
"GO:BP","negative regulation of megakaryocyte differentiation","GO:0045653","true","0.00758668503677646","2.119947945411261","19","844","5","21026","H4C9,H4C4,H4C5,PF4,H4C8"
"GO:BP","regulation of microglial cell activation","GO:1903978","false","0.00758668503677646","2.119947945411261","19","844","5","21026","GRN,LRRK2,CST7,MMP8,TREM2"
"GO:BP","regulation of response to cytokine stimulus","GO:0060759","false","0.00758668503677646","2.119947945411261","176","844","17","21026","IRAK3,CASP1,TLR2,GAS6,IL1R2,CASP4,PARP9,NAIP,NOL3,IL1R1,ARG1,CARD16,MMP8,NLRP6,PADI2,PPARG,TREM2"
"GO:BP","negative regulation of cell migration","GO:0030336","false","0.007660075379396024","2.1157669566474655","292","844","24","21026","DUSP3,MCTP1,CD300A,SAP30,IFITM1,EMILIN2,TNFAIP6,TIMP1,SERPINB1,THBS1,SLAMF8,AIF1,PADI2,NAV3,SRGAP1,DLC1,ATP1B2,CYP19A1,PPARG,PTPRU,ALOX15B,DCN,APOE,ADAMTS9"
"GO:BP","glial cell migration","GO:0008347","false","0.007765372690468544","2.1098376959521903","62","844","9","21026","VCAN,TSPO,AZU1,MMP14,GLI3,ATP1B2,TREM2,NR2E1,RELN"
"GO:BP","vascular transport","GO:0010232","false","0.007765372690468544","2.1098376959521903","88","844","11","21026","FLVCR2,SLC2A3,CD36,SLC22A1,ATP1B2,LRP2,SLCO2B1,SLC8A2,SLC1A3,SLC22A3,APOE"
"GO:BP","endoderm development","GO:0007492","false","0.007765372690468544","2.1098376959521903","88","844","11","21026","MMP9,ITGA7,MMP14,MMP8,MMP2,ITGB5,COL4A2,COL11A1,LAMA3,FN1,FGF8"
"GO:BP","negative regulation of hemopoiesis","GO:1903707","false","0.007765372690468544","2.1098376959521903","116","844","13","21026","LOXL3,IRF1,LILRB3,TNFAIP6,BCL6,CEACAM1,CR1,PGLYRP1,GLI3,HLA-G,LTF,C1QC,ERFE"
"GO:BP","negative regulation of adaptive immune response based on somatic recombination of immune receptors built from immunoglobulin superfamily domains","GO:0002823","false","0.007765372690468544","2.1098376959521903","62","844","9","21026","LOXL3,CD274,BCL6,CEACAM1,ARG1,CR1,NOD2,HLA-G,CR1L"
"GO:BP","transport across blood-brain barrier","GO:0150104","false","0.007765372690468544","2.1098376959521903","88","844","11","21026","FLVCR2,SLC2A3,CD36,SLC22A1,ATP1B2,LRP2,SLCO2B1,SLC8A2,SLC1A3,SLC22A3,APOE"
"GO:BP","membrane protein proteolysis","GO:0033619","false","0.007765372690468544","2.1098376959521903","62","844","9","21026","ADAM9,PRTN3,PSENEN,TIMP1,IL1B,ADRA2A,IL10,TIMP4,APOE"
"GO:BP","regulation of protein maturation","GO:1903317","false","0.007765372690468544","2.1098376959521903","62","844","9","21026","IL1R2,PLAUR,LRRK2,NLRC4,THBS1,MMP14,PLAU,HPN,TMEM98"
"GO:BP","regulation of epidermal growth factor receptor signaling pathway","GO:0042058","false","0.007765372690468544","2.1098376959521903","62","844","9","21026","DUSP3,GPER1,PLAUR,MMP9,RHBDF2,CEACAM1,RALB,SHKBP1,ADRA2A"
"GO:BP","response to amyloid-beta","GO:1904645","false","0.007795659916349526","2.10814711512578","50","844","8","21026","ICAM1,CASP4,MMP9,TYROBP,CD36,FPR2,MMP2,TREM2"
"GO:BP","positive regulation of leukocyte activation","GO:0002696","false","0.0078015030828097595","2.1078217155554375","363","844","28","21026","SMARCD3,CD274,PDCD1LG2,GAS6,LRRK2,TYROBP,VNN1,BCL6,CD55,TLR9,BST1,IGFBP2,PLA2G4A,CR1,NOD2,IL1B,FLOT2,THBS1,MMP14,AIF1,MMP8,GLI3,SPTA1,HLA-G,CLEC4D,CD209,IL10,TREM2"
"GO:BP","regulation of mononuclear cell proliferation","GO:0032944","false","0.00788909149768391","2.102973006962986","242","844","21","21026","IL27,CD274,PDCD1LG2,CD300A,IRF1,TYROBP,BCL6,CD55,TLR9,BST1,IGFBP2,ARG1,CR1,MNDA,VSIG4,IL1B,AIF1,SPTA1,HLA-G,CD209,IL10"
"GO:BP","regulation of viral life cycle","GO:1903900","false","0.007921887061132834","2.1011713534334215","131","844","14","21026","TRIM21,TRIM25,IFITM1,SRPK1,IFITM3,TRIM22,IFITM2,PLSCR1,SLPI,CD209,APOBEC3B,LTF,TRIM58,TMPRSS4"
"GO:BP","signaling receptor ligand precursor processing","GO:0140448","false","0.008097253280760214","2.0916622758508865","39","844","7","21026","CASP1,ECE1,CPE,CTSG,MEP1A,ENPEP,CORIN"
"GO:BP","sex differentiation","GO:0007548","false","0.008239909198198227","2.0840775740964204","294","844","24","21026","HOXA9,TLR5,LHFPL2,RAB13,TNFAIP6,TLR9,RETN,INSL3,TNFSF10,INHBB,KCNE1,MMP14,HOXA10,MMP2,NUPR1,SDC1,CYP19A1,YBX3,LRP2,PCYT1B,DMRTC2,ZFPM2,FGF8,FOXC1"
"GO:BP","modified amino acid metabolic process","GO:0006575","true","0.008400734427907404","2.075682744408975","178","844","17","21026","CTSB,GSTO1,MBOAT2,VNN1,SLC22A4,FOLR1,GGT1,OPLAH,PLSCR1,TG,PLOD2,ASS1,GGTLC2,SLC6A8,HPN,CRYM,GSTM5"
"GO:BP","negative regulation of proteolysis","GO:0045861","false","0.008444179443823458","2.073442546250894","147","844","15","21026","IL1R2,GAPDH,LRRK2,TIMP1,CST7,CR1,SERPINB1,PML,THBS1,CSTA,PLAU,TFPI,IL10,TIMP4,TMEM98"
"GO:BP","bone morphogenesis","GO:0060349","false","0.008526531768877656","2.069227585471729","103","844","12","21026","TMEM119,MMP14,ALPL,TRPV4,COL27A1,GLI3,LTF,CBS,SFRP4,COL1A1,FOXC1,COL2A1"
"GO:BP","regulation of leukocyte differentiation","GO:1902105","false","0.008597840569428713","2.0656106123080225","330","844","26","21026","SMARCD3,LOXL3,IL27,GAS6,NFAM1,IRF1,LILRB3,TYROBP,TNFAIP6,VNN1,BCL6,TLR9,CEACAM1,CR1,FES,MMP14,SLAMF8,PGLYRP1,PF4,GLI3,HLA-G,LTF,IL10,C1QC,TREM2,ERFE"
"GO:BP","positive regulation of wound healing","GO:0090303","false","0.008604630711701422","2.065267763722452","63","844","9","21026","HPSE,EMILIN2,CD36,INSL3,THBS1,ST3GAL4,PLAU,ADRA2A,F3"
"GO:BP","bile acid and bile salt transport","GO:0015721","true","0.008619273152085348","2.0645293559093845","29","844","6","21026","AQP9,CEACAM1,SLC51A,SLCO2B1,ABCC11,ABCB11"
"GO:BP","peptide cross-linking","GO:0018149","true","0.008619273152085348","2.0645293559093845","29","844","6","21026","THBS1,FLG,TGM2,CSTA,EPB42,FN1"
"GO:BP","regulation of superoxide metabolic process","GO:0090322","false","0.008619273152085348","2.0645293559093845","29","844","6","21026","ITGAM,TYROBP,CD36,BST1,FPR2,CD177"
"GO:BP","negative regulation of interleukin-2 production","GO:0032703","false","0.008619273152085348","2.0645293559093845","29","844","6","21026","HOMER3,GBP1,CR1,NOD2,VSIG4,NAV3"
"GO:BP","regulation of lipid storage","GO:0010883","false","0.00874301464632264","2.058338794079665","51","844","8","21026","PLIN5,CD36,PLIN3,ITGB3,PPARG,MSR1,TREM2,CES1"
"GO:BP","import across plasma membrane","GO:0098739","false","0.008813444773079479","2.054854312526237","195","844","18","21026","CACNA1E,KCNJ15,SLC2A3,TRPM2,P2RX1,CD36,SLC22A4,KCNJ2,ACSL1,THBS1,TSPO2,ATP1B2,NTSR1,LRP2,SLC8A2,SLC1A3,KCNJ12,PPP3R2"
"GO:BP","regulation of membrane potential","GO:0042391","false","0.0088994328738441","2.050637668367193","458","844","33","21026","GPER1,DSC2,KCNMA1,GBA1,LRRK2,P2RX1,PINK1,CD36,KCND1,TSPO,KCNJ2,KCNH7,KCNG2,SCN1B,CLIC1,KCNE1,CNGB1,SCN9A,INSYN2B,SCN2B,FGF13,ATP1B2,NTSR1,TREM2,SLC8A2,GABRB3,RELN,SNCA,DCN,RYR2,DGKI,NOS1AP,ANK2"
"GO:BP","positive regulation of transferase activity","GO:0051347","false","0.0088994328738441","2.050637668367193","296","844","24","21026","FLT3,GAS6,ADAM9,LRRK2,PINK1,ELANE,S100A12,RALB,LILRA5,SLC11A1,IL1B,THBS1,NRG1,ITGB3,ADRA2A,LTF,TREM2,SLC8A2,SPDYE16,NTRK3,RELN,SNCA,APOE,SPDYC"
"GO:BP","response to purine-containing compound","GO:0014074","false","0.008908804994978585","2.0501805472417685","148","844","15","21026","ASPH,TRPM2,AQP9,P2RX1,STAT1,INHBB,IL1B,KCNE1,SDC1,AANAT,AQP1,PPARG,ASS1,COL1A1,RYR2"
"GO:BP","negative regulation of mononuclear cell proliferation","GO:0032945","false","0.009109851887885897","2.040488683926756","90","844","11","21026","CD274,PDCD1LG2,CD300A,TYROBP,BCL6,ARG1,CR1,MNDA,VSIG4,HLA-G,IL10"
"GO:BP","regulation of fibroblast proliferation","GO:0048145","false","0.009109851887885897","2.040488683926756","90","844","11","21026","CD300A,GAS6,IFI30,S100A6,PML,ITGB3,NUPR1,AQP1,PPARG,PLA2G2C,FN1"
"GO:BP","regulation of T cell mediated immunity","GO:0002709","false","0.009118314637941828","2.0400854260445245","104","844","12","21026","CD274,SECTM1,IL18R1,FZD5,CD55,CEACAM1,IL1R1,ARG1,NOD2,IL1B,FUT7,HLA-G"
"GO:BP","regulation of T cell cytokine production","GO:0002724","false","0.009211419174875009","2.035673454240084","40","844","7","21026","SECTM1,IL18R1,FZD5,CD55,IL1R1,ARG1,IL1B"
"GO:BP","regulation of release of cytochrome c from mitochondria","GO:0090199","false","0.009211419174875009","2.035673454240084","40","844","7","21026","GPER1,PLAUR,CLU,MMP9,PINK1,NOL3,TNFSF10"
"GO:BP","T cell cytokine production","GO:0002369","false","0.009211419174875009","2.035673454240084","40","844","7","21026","SECTM1,IL18R1,FZD5,CD55,IL1R1,ARG1,IL1B"
"GO:BP","positive regulation of myeloid leukocyte mediated immunity","GO:0002888","false","0.009211473350721042","2.035670899997209","20","844","5","21026","FCGR1A,ITGAM,TYROBP,ARG1,CD177"
"GO:BP","negative regulation of interleukin-10 production","GO:0032693","false","0.009211473350721042","2.035670899997209","20","844","5","21026","CD274,PDCD1LG2,TYROBP,THBS1,PRG2"
"GO:BP","sensory perception of mechanical stimulus","GO:0050954","false","0.009211473350721042","2.035670899997209","196","844","18","21026","TIMM10,MYO7A,ADGRV1,KCNE1,GJB6,SCN9A,LRP2,USH2A,SLC1A3,HPN,COL11A1,BSND,COL1A1,CRYM,TMC1,PAX3,CLRN1,COL2A1"
"GO:BP","regulation of integrin-mediated signaling pathway","GO:2001044","false","0.009211473350721042","2.035670899997209","20","844","5","21026","LOXL3,CD63,TIMP1,BST1,CD177"
"GO:BP","neutrophil activation involved in immune response","GO:0002283","false","0.009211473350721042","2.035670899997209","20","844","5","21026","FCER1G,ITGAM,TYROBP,ANXA3,CD177"
"GO:BP","negative regulation of sprouting angiogenesis","GO:1903671","false","0.009330702552988917","2.0300856549245325","12","844","4","21026","ALOX5,THBS1,ADAMTS9,CREB3L1"
"GO:BP","response to interleukin-18","GO:0070673","false","0.009330702552988917","2.0300856549245325","12","844","4","21026","IL18R1,CASP4,IL18RAP,NLRP6"
"GO:BP","positive regulation of vesicle fusion","GO:0031340","true","0.009330702552988917","2.0300856549245325","12","844","4","21026","DOC2B,SNCA,SYT9,SYT1"
"GO:BP","negative regulation of vasoconstriction","GO:0045906","false","0.009330702552988917","2.0300856549245325","12","844","4","21026","ITGA9,ADM,DOCK4,MMP2"
"GO:BP","neutrophil-mediated killing of bacterium","GO:0070944","false","0.009330702552988917","2.0300856549245325","12","844","4","21026","ELANE,AZU1,NLRP6,CTSG"
"GO:BP","regulation of organic acid transport","GO:0032890","false","0.009362485456363208","2.028608843922769","77","844","10","21026","MAP2K6,PLA2G4A,IL1B,ACSL1,THBS1,NTSR1,ABCB11,CES1,SNCA,ERFE"
"GO:BP","regulation of myeloid cell differentiation","GO:0045637","false","0.009435196688000977","2.0252490420148814","213","844","19","21026","H4C9,H4C4,HOXA9,LILRB3,TYROBP,STAT1,TNFAIP6,MAPK14,CEACAM1,FES,H4C5,PF4,FAXDC2,H4C8,FAM210B,LTF,C1QC,TREM2,ERFE"
"GO:BP","positive regulation of secretion by cell","GO:1903532","false","0.009489450510037956","2.022758934819022","298","844","24","21026","GPER1,TLR2,ADAM9,ITGAM,HCAR2,PINK1,PFKFB2,MAP2K6,RETN,FFAR2,PLA2G4A,INHBB,IL1B,CD177,C1QTNF12,SDC1,CYP19A1,PPARG,NTSR1,TREM2,DOC2B,SNCA,ACHE,SYT1"
"GO:BP","regulation of cytokine-mediated signaling pathway","GO:0001959","false","0.00956147297677073","2.0194751980579406","165","844","16","21026","IRAK3,CASP1,GAS6,IL1R2,CASP4,PARP9,NAIP,NOL3,IL1R1,ARG1,CARD16,MMP8,NLRP6,PADI2,PPARG,TREM2"
"GO:BP","regulation of muscle contraction","GO:0006937","false","0.00956147297677073","2.0194751980579406","165","844","16","21026","GPER1,DSC2,GSTO1,ASPH,P2RX1,MYL9,KCNJ2,MYBPC3,DOCK4,TRPV4,ADRA2A,FGF13,CHGA,MYH7,RYR2,ANK2"
"GO:BP","extrinsic apoptotic signaling pathway","GO:0097191","false","0.009603107086460477","2.0175882281913373","230","844","20","21026","SORT1,GPER1,ICAM1,LTBR,FAS,GABARAP,G0S2,NOL3,TNFSF10,IL1B,PML,THBS1,PF4,NRG1,ATF3,BCL2A1,KRT8,IFI27,COL2A1,NRP1"
"GO:BP","calcium ion transmembrane import into cytosol","GO:0097553","false","0.00962897464941717","2.016419956676983","181","844","17","21026","CACNA1E,GPER1,GSTO1,ASPH,TRPM2,P2RX1,NOL3,PML,GP9,ITGB3,NTSR1,SLC8A2,SNCA,RYR2,HTR2B,PPP3R2,ANK2"
"GO:BP","negative regulation of intrinsic apoptotic signaling pathway","GO:2001243","false","0.009640389499201403","2.0159054190083094","105","844","12","21026","GRINA,PLAUR,CLU,MMP9,LRRK2,DDIAS,PINK1,NOL3,MUC1,YBX3,IL10,CREB3L1"
"GO:BP","neurotransmitter secretion","GO:0007269","false","0.00986294866304025","2.0059932273870187","150","844","15","21026","MCTP1,GPER1,LRRK2,P2RX1,DYSF,MCTP2,MYOF,RPH3A,SYN2,DOC2B,SNCA,DGKI,SYT9,UNC13A,SYT1"
"GO:BP","signal release from synapse","GO:0099643","false","0.00986294866304025","2.0059932273870187","150","844","15","21026","MCTP1,GPER1,LRRK2,P2RX1,DYSF,MCTP2,MYOF,RPH3A,SYN2,DOC2B,SNCA,DGKI,SYT9,UNC13A,SYT1"
"GO:BP","positive regulation of ERBB signaling pathway","GO:1901186","false","0.009963139854260353","2.0016037733748915","30","844","6","21026","GPER1,PLAUR,MMP9,RALB,SHKBP1,ADRA2A"
"GO:BP","non-proteinogenic amino acid metabolic process","GO:0170041","false","0.010285959851654172","1.9877551751577518","65","844","9","21026","KYNU,ARG1,DDAH2,DDO,PLOD2,ASS1,CBS,SLC1A3,DDAH1"
"GO:BP","regulation of sprouting angiogenesis","GO:1903670","false","0.01039273053921689","1.9832703328742605","41","844","7","21026","CEACAM1,ALOX5,THBS1,TGM2,IL10,ADAMTS9,CREB3L1"
"GO:BP","host-mediated perturbation of symbiont process","GO:0051851","false","0.010400840694237393","1.9829315554981335","106","844","12","21026","TRIM25,IFITM1,FCN1,IFITM3,NOD2,IFITM2,CAV2,NLRP6,LTF,HPN,APOE,IFI27"
"GO:BP","lipid homeostasis","GO:0055088","false","0.010677366376447162","1.9715358549125899","167","844","16","21026","NPC2,ASGR2,CETP,TSPO,PNPLA1,PCSK9,DGAT2,MLXIPL,PPARG,TREM2,ABCB11,ACOX2,MTTP,CES1,ABCA12,APOE"
"GO:BP","regulation of regulated secretory pathway","GO:1903305","false","0.010677366376447162","1.9715358549125899","121","844","13","21026","CD300A,ITGAM,LRRK2,P2RX1,CEACAM1,FES,ADGRE2,CD177,RPH3A,ADRA2A,DOC2B,SYT9,SYT1"
"GO:BP","response to calcium ion","GO:0051592","false","0.010677366376447162","1.9715358549125899","136","844","14","21026","ADAM9,KCNMA1,ASPH,TRPM2,ALOX5AP,INHBB,ADGRV1,THBS1,SDC1,AANAT,SUCNR1,MTTP,RYR2,SYT1"
"GO:BP","female pregnancy","GO:0007565","false","0.01068901569440344","1.9710622852655735","183","844","17","21026","CTSB,APOL2,MMP9,TIMP1,ADM,IGFBP2,IGFBP7,IL1B,FUT7,MMP2,ITGB3,KLF1,ITGB4,ACOD1,ADRA2A,CBS,CORIN"
"GO:BP","leukocyte proliferation","GO:0070661","false","0.01083267859804702","1.9652641420344694","355","844","27","21026","IL27,CD274,PDCD1LG2,FLT3,CD300A,CLU,IRF1,GBA1,TYROBP,BCL6,CD55,TLR9,BST1,IGFBP2,ARG1,CR1,MNDA,SLC11A1,VSIG4,IL1B,AIF1,CD151,SPTA1,HLA-G,CD209,IL10,TREM2"
"GO:BP","male gonad development","GO:0008584","false","0.01097643912781957","1.959538526730799","152","844","15","21026","HOXA9,TLR5,RAB13,TLR9,INSL3,TNFSF10,INHBB,KCNE1,MMP14,HOXA10,NUPR1,SDC1,YBX3,LRP2,ZFPM2"
"GO:BP","response to interferon-alpha","GO:0035455","false","0.011086253642776845","1.9552151893915621","21","844","5","21026","GAS6,IFITM1,IFITM3,FCAR,IFITM2"
"GO:BP","positive regulation of release of cytochrome c from mitochondria","GO:0090200","false","0.011086253642776845","1.9552151893915621","21","844","5","21026","GPER1,PLAUR,MMP9,PINK1,TNFSF10"
"GO:BP","response to hyperoxia","GO:0055093","false","0.011086253642776845","1.9552151893915621","21","844","5","21026","ATG7,FAS,MMP2,PPARG,COL1A1"
"GO:BP","positive regulation of response to cytokine stimulus","GO:0060760","false","0.011116358263331868","1.954037465018017","66","844","9","21026","CASP1,TLR2,GAS6,CASP4,PARP9,IL1R1,MMP8,NLRP6,TREM2"
"GO:BP","catecholamine transport","GO:0051937","false","0.011116358263331868","1.954037465018017","66","844","9","21026","PINK1,SLC22A1,FFAR3,TGM2,ADRA2A,CHGA,SLC22A3,SNCA,SYT1"
"GO:BP","neural crest cell differentiation","GO:0014033","false","0.01116078197137145","1.9523053758326478","93","844","11","21026","EDNRB,SEMA4A,ALDH1A2,FOLR1,SEMA3B,SEMA6B,NRG1,FN1,FOXC1,HTR2B,NRP1"
"GO:BP","icosanoid metabolic process","GO:0006690","false","0.011214419268787258","1.9502232111484474","122","844","13","21026","CASP1,LTA4H,TLR2,PTGR1,NLRC4,NAIP,ALOX5AP,PLA2G4A,GGT1,IL1B,ALOX5,GGTLC2,ALOX15B"
"GO:BP","hydrogen peroxide catabolic process","GO:0042744","false","0.01144603151580914","1.9413450626279478","31","844","6","21026","HP,MPO,HBQ1,LPO,HBD,SNCA"
"GO:BP","response to lipoprotein particle","GO:0055094","false","0.01144603151580914","1.9413450626279478","31","844","6","21026","FCER1G,CD36,PPARG,TREM2,CES1,APOE"
"GO:BP","regulation of T-helper 1 type immune response","GO:0002825","false","0.01144603151580914","1.9413450626279478","31","844","6","21026","IL27,IL18R1,IL1R1,PLA2G4A,SLC11A1,IL1B"
"GO:BP","regulation of cellular extravasation","GO:0002691","false","0.011534237991820854","1.9380110918129139","42","844","7","21026","ICAM1,ELANE,BST1,IL1R1,SELP,ST3GAL4,FUT7"
"GO:BP","astrocyte development","GO:0014002","false","0.011534237991820854","1.9380110918129139","42","844","7","21026","GRN,S100A9,C1QA,IL1B,FPR2,S100A8,TREM2"
"GO:BP","positive regulation of potassium ion transport","GO:0043268","false","0.011534237991820854","1.9380110918129139","42","844","7","21026","KCNJ2,KCNE1,ADRA2A,ATP1B2,TREM2,NOS1AP,ANK2"
"GO:BP","positive regulation of proteolysis","GO:0045862","false","0.011683496194827798","1.932427178549191","218","844","19","21026","ADAM9,CLU,GRN,GBA1,PSENEN,LRRK2,ASPH,NLRC4,GABARAP,PINK1,CR1,IL1B,MMP14,NUPR1,ADRA2A,TGFB1I1,TREM2,HPN,APOE"
"GO:BP","regulation of non-canonical NF-kappaB signal transduction","GO:1901222","false","0.012024569164288524","1.9199304752804585","94","844","11","21026","TLR2,IL18R1,NMI,NOL3,TLR9,IFI35,NOD2,IL1B,UACA,ADGRG3,TREM2"
"GO:BP","amino-acid betaine transport","GO:0015838","false","0.012134262581693048","1.9159866112918833","13","844","4","21026","SLC6A12,SLC22A4,SLC22A1,SLC22A16"
"GO:BP","branching involved in labyrinthine layer morphogenesis","GO:0060670","false","0.012134262581693048","1.9159866112918833","13","844","4","21026","ADM,FZD5,SOCS3,IL10"
"GO:BP","regulation of vasoconstriction","GO:0019229","false","0.012134262581693048","1.9159866112918833","67","844","9","21026","ITGA9,P2RX1,ADM,ECE1,SMTNL1,HRH2,DOCK4,MMP2,ADRA2A"
"GO:BP","positive regulation of osteoblast proliferation","GO:0033690","false","0.012134262581693048","1.9159866112918833","13","844","4","21026","HPSE,TMEM119,ITGB3,LTF"
"GO:BP","positive regulation of leukocyte tethering or rolling","GO:1903238","false","0.012134262581693048","1.9159866112918833","13","844","4","21026","ELANE,SELP,ST3GAL4,FUT7"
"GO:BP","serotonin uptake","GO:0051610","false","0.012134262581693048","1.9159866112918833","13","844","4","21026","SLC22A1,ITGB3,SLC22A3,SNCA"
"GO:BP","regulation of blood pressure","GO:0008217","false","0.012173414192831036","1.9145876011325627","186","844","17","21026","AGTRAP,GAS6,EMILIN2,P2RX1,EDNRB,ADM,ECE1,FFAR3,CTSG,PPARG,CHGA,NTSR1,SUCNR1,ENPEP,COL1A2,CORIN,DDAH1"
"GO:BP","regulation of cell killing","GO:0031341","false","0.012544239697479802","1.901555656007036","109","844","12","21026","ICAM1,ITGAM,TYROBP,CD55,CEACAM1,IL18RAP,ARG1,CR1,CLEC12B,HLA-G,CR1L,CD5L"
"GO:BP","bone development","GO:0060348","false","0.012806146026805455","1.8925815502805345","220","844","19","21026","TYROBP,TMEM119,MAPK14,MAP2K6,SH3PXD2B,MMP14,ALPL,TRPV4,COL27A1,TGM2,GLI3,LTF,CBS,SFRP4,COL1A1,FGF8,FOXC1,ADAMTS7,COL2A1"
"GO:BP","cardiac muscle cell action potential","GO:0086001","false","0.01283381605576987","1.8916441896464036","81","844","10","21026","DSC2,KCNJ2,SCN1B,KCNE1,SCN9A,SCN2B,FGF13,RYR2,NOS1AP,ANK2"
"GO:BP","cardiac muscle cell contraction","GO:0086003","false","0.01283381605576987","1.8916441896464036","81","844","10","21026","DSC2,KCNJ2,SCN1B,KCNE1,SCN9A,SCN2B,FGF13,RYR2,NOS1AP,ANK2"
"GO:BP","negative regulation of endothelial cell proliferation","GO:0001937","false","0.012998677210476012","1.886100840725511","43","844","7","21026","STAT1,ALOX5,CAV2,THBS1,SPARC,PPARG,APOE"
"GO:BP","positive regulation of interleukin-12 production","GO:0032735","false","0.012998677210476012","1.886100840725511","43","844","7","21026","TLR2,IRF1,CD36,MAPK14,TLR9,NOD2,HLA-G"
"GO:BP","hydrogen peroxide metabolic process","GO:0042743","false","0.012998677210476012","1.886100840725511","55","844","8","21026","HP,PINK1,MPO,HBQ1,LPO,HBD,SNCA,MAOB"
"GO:BP","regulation of aerobic respiration","GO:1903715","true","0.013217635417833364","1.878846231449311","32","844","6","21026","AK4,PINK1,TRPV4,MLXIPL,NUPR1,SNCA"
"GO:BP","negative regulation of protein processing","GO:0010955","false","0.013287884673908321","1.8765441497997821","22","844","5","21026","IL1R2,LRRK2,THBS1,PLAU,TMEM98"
"GO:BP","positive regulation of humoral immune response","GO:0002922","false","0.013287884673908321","1.8765441497997821","22","844","5","21026","CR1,NOD2,IL1B,ACOD1,TREM2"
"GO:BP","regulation of type I interferon production","GO:0032479","false","0.013452714885125311","1.8711900620817794","125","844","13","21026","TLR2,TRIM21,GAPDH,TLR8,IRF1,CD14,TYROBP,STAT1,NMI,TLR9,FLOT1,ACOD1,IL10"
"GO:BP","type I interferon production","GO:0032606","false","0.013452714885125311","1.8711900620817794","125","844","13","21026","TLR2,TRIM21,GAPDH,TLR8,IRF1,CD14,TYROBP,STAT1,NMI,TLR9,FLOT1,ACOD1,IL10"
"GO:BP","plasma membrane organization","GO:0007009","false","0.01353340405674985","1.8685929515826694","172","844","16","21026","CLU,S100A9,SH3GLB1,FOLR1,CR1,FLOT1,CAV2,PLSCR1,ANO5,LLCFC1,MYOF,SPTA1,SLC4A1,CRB1,CHMP4C,ANK2"
"GO:BP","negative regulation of cell motility","GO:2000146","false","0.01353340405674985","1.8685929515826694","308","844","24","21026","DUSP3,MCTP1,CD300A,SAP30,IFITM1,EMILIN2,TNFAIP6,TIMP1,SERPINB1,THBS1,SLAMF8,AIF1,PADI2,NAV3,SRGAP1,DLC1,ATP1B2,CYP19A1,PPARG,PTPRU,ALOX15B,DCN,APOE,ADAMTS9"
"GO:BP","response to oxidative stress","GO:0006979","false","0.01396010419080413","1.855111340357382","400","844","29","21026","HP,MCTP1,MGST1,MSRB2,ADAM9,TRIM25,MMP9,LRRK2,TRPM2,PINK1,STAT1,CD36,NME8,VNN1,MPO,IL18RAP,PML,ALOX5,MMP14,AIF1,MMP2,SDC1,AQP1,LPO,ABCB11,COL1A1,SNCA,APOE,FGF8"
"GO:BP","actin-mediated cell contraction","GO:0070252","false","0.014025276607082362","1.8530885648136959","111","844","12","21026","DSC2,KCNJ2,SCN1B,MYBPC3,KCNE1,SCN9A,SCN2B,FGF13,MYH7,RYR2,NOS1AP,ANK2"
"GO:BP","regulation of ERBB signaling pathway","GO:1901184","false","0.01422102237186887","1.8470691803643107","69","844","9","21026","DUSP3,GPER1,PLAUR,MMP9,RHBDF2,CEACAM1,RALB,SHKBP1,ADRA2A"
"GO:BP","erythrocyte development","GO:0048821","false","0.014336471706452037","1.843557718051721","44","844","7","21026","BCL6,FAM210B,BPGM,SLC4A1,TRIM58,EPB42,RHAG"
"GO:BP","negative regulation of production of molecular mediator of immune response","GO:0002701","false","0.014336471706452037","1.843557718051721","44","844","7","21026","IRAK3,BCL6,ARG1,CR1,NOD2,IL10,PRG2"
"GO:BP","regulation of striated muscle contraction","GO:0006942","false","0.01456692736528855","1.836632045280605","97","844","11","21026","DSC2,GSTO1,ASPH,KCNJ2,MYBPC3,TRPV4,FGF13,CHGA,MYH7,RYR2,ANK2"
"GO:BP","negative regulation of leukocyte proliferation","GO:0070664","false","0.01456692736528855","1.836632045280605","97","844","11","21026","CD274,PDCD1LG2,CD300A,TYROBP,BCL6,ARG1,CR1,MNDA,VSIG4,HLA-G,IL10"
"GO:BP","positive regulation of peptidyl-tyrosine phosphorylation","GO:0050731","false","0.01456692736528855","1.836632045280605","142","844","14","21026","FLT3,PARP9,CD36,LILRA5,NOD2,CLEC6A,OSM,NRG1,ITGB3,TREM2,RELN,FGF8,LRP4,NRP1"
"GO:BP","amine transport","GO:0015837","false","0.01456692736528855","1.836632045280605","97","844","11","21026","FLVCR2,AQP9,PINK1,FFAR3,ADRA2A,CHGA,NTSR1,SLC22A16,SNCA,RHAG,SYT1"
"GO:BP","negative regulation of viral process","GO:0048525","false","0.014695523370057846","1.8328149422432525","83","844","10","21026","TRIM21,IFITM1,STAT1,SRPK1,IFITM3,IFITM2,PLSCR1,SLPI,APOBEC3B,LTF"
"GO:BP","negative regulation of cytokine-mediated signaling pathway","GO:0001960","false","0.014695523370057846","1.8328149422432525","83","844","10","21026","IRAK3,GAS6,IL1R2,NAIP,NOL3,ARG1,CARD16,PADI2,PPARG,TREM2"
"GO:BP","regulation of viral process","GO:0050792","false","0.014742328053813293","1.831433928886127","158","844","15","21026","TRIM21,TRIM25,IFITM1,STAT1,SRPK1,IFITM3,TRIM22,IFITM2,PLSCR1,SLPI,CD209,APOBEC3B,LTF,TRIM58,TMPRSS4"
"GO:BP","negative regulation of MAPK cascade","GO:0043409","false","0.014742328053813293","1.831433928886127","158","844","15","21026","DUSP3,IRAK3,GPER1,CD300A,GBP1,GBA1,PINK1,TLR9,IL1B,NLRP6,ATF3,PPARG,TREM2,APOE,UCHL1"
"GO:BP","lymphocyte proliferation","GO:0046651","false","0.014803367613386156","1.8296394758521872","311","844","24","21026","IL27,CD274,PDCD1LG2,FLT3,CD300A,IRF1,TYROBP,BCL6,CD55,TLR9,BST1,IGFBP2,ARG1,CR1,MNDA,SLC11A1,VSIG4,IL1B,AIF1,CD151,SPTA1,HLA-G,CD209,IL10"
"GO:BP","negative regulation of cytokine production involved in immune response","GO:0002719","false","0.014803367613386156","1.8296394758521872","33","844","6","21026","IRAK3,BCL6,ARG1,NOD2,IL10,PRG2"
"GO:BP","calcium ion homeostasis","GO:0055074","false","0.014803367613386156","1.8296394758521872","329","844","25","21026","GPER1,GRINA,FAM20A,GSTO1,ASPH,TRPM2,P2RX1,ELANE,NOL3,PML,CAV2,CNGB1,ALPL,GP9,TRPV4,ITGB3,TGM2,NTSR1,XK,SLC8A2,SNCA,APOE,RYR2,HTR2B,ANK2"
"GO:BP","cell communication by electrical coupling","GO:0010644","false","0.014803367613386156","1.8296394758521872","33","844","6","21026","ASPH,GJB6,ATP1B2,GJD3,RYR2,IRX3"
"GO:BP","peptidyl-tyrosine modification","GO:0018212","false","0.014803367613386156","1.8296394758521872","241","844","20","21026","FLT3,TPST1,PARP9,CD36,SAMSN1,BST1,LILRA5,SOCS3,NOD2,FES,HCK,CLEC6A,OSM,NRG1,ITGB3,TREM2,RELN,FGF8,LRP4,NRP1"
"GO:BP","tumor necrosis factor-mediated signaling pathway","GO:0033209","false","0.014851598641729944","1.8282267959148544","112","844","12","21026","AIM2,CASP1,GAS6,TIFA,CASP4,FAS,STAT1,NAIP,NOL3,CARD16,MMP8,KRT8"
"GO:BP","peptidyl-cysteine S-nitrosylation","GO:0018119","false","0.01528326193700064","1.8157839435318825","14","844","4","21026","GAPDH,S100A9,S100A8,NOS1AP"
"GO:BP","response to UV-A","GO:0070141","false","0.01528326193700064","1.8157839435318825","14","844","4","21026","MMP9,TIMP1,MMP2,MMP1"
"GO:BP","positive regulation of heterotypic cell-cell adhesion","GO:0034116","false","0.01528326193700064","1.8157839435318825","14","844","4","21026","FLOT1,IL1B,CEACAM6,IL10"
"GO:BP","protein nitrosylation","GO:0017014","false","0.01528326193700064","1.8157839435318825","14","844","4","21026","GAPDH,S100A9,S100A8,NOS1AP"
"GO:BP","response to peptidoglycan","GO:0032494","false","0.01528326193700064","1.8157839435318825","14","844","4","21026","IRAK3,NOD2,CAMP,TREM2"
"GO:BP","potassium ion transport","GO:0006813","false","0.015303791674417559","1.815200954851297","242","844","20","21026","CD63,KCNJ15,KCNMA1,SLC9A8,KCND1,KCNJ2,KCNH7,KCNG2,KCNE1,CNGB1,ADRA2A,ATP1B2,AQP1,TREM2,SLC1A3,HPN,ASPG,NOS1AP,KCNJ12,ANK2"
"GO:BP","endocrine hormone secretion","GO:0060986","false","0.015303791674417559","1.815200954851297","57","844","8","21026","HCAR2,TSPO,RETN,INHBB,IL1B,AQP1,CYP19A1,PPARG"
"GO:BP","retina homeostasis","GO:0001895","false","0.015303791674417559","1.815200954851297","57","844","8","21026","ADGRV1,CNGB1,RP1L1,ATP1B2,USH2A,CRB1,ABCA4,CLRN1"
"GO:BP","neural crest cell migration","GO:0001755","false","0.015303791674417559","1.815200954851297","57","844","8","21026","EDNRB,SEMA4A,FOLR1,SEMA3B,SEMA6B,FN1,HTR2B,NRP1"
"GO:BP","muscle cell proliferation","GO:0033002","false","0.015303791674417559","1.815200954851297","208","844","18","21026","GPER1,MMP9,STAT1,MAPK14,ELANE,FES,CAV2,THBS1,AIF1,NRG1,MMP2,ITGB3,PPARG,IL10,NOTCH3,ZFPM2,APOE,FOXC1"
"GO:BP","negative regulation of viral genome replication","GO:0045071","false","0.015303791674417559","1.815200954851297","57","844","8","21026","IFITM1,SRPK1,IFITM3,IFITM2,PLSCR1,SLPI,APOBEC3B,LTF"
"GO:BP","regulation of protein serine/threonine kinase activity","GO:0071900","false","0.015303791674417559","1.815200954851297","242","844","20","21026","IRAK3,FLT3,CD300A,ADAM9,GBA1,LRRK2,ELANE,S100A12,RALB,IL1B,THBS1,ADRA2A,LTF,SLC8A2,SPDYE16,NTRK3,SNCA,APOE,SPDYC,UCHL1"
"GO:BP","regulation of oxidative phosphorylation","GO:0002082","false","0.01532642886987191","1.8145590260184776","23","844","5","21026","AK4,PINK1,MLXIPL,NUPR1,SNCA"
"GO:BP","host-mediated suppression of symbiont invasion","GO:0046597","false","0.01532642886987191","1.8145590260184776","23","844","5","21026","TRIM25,IFITM1,FCN1,IFITM3,IFITM2"
"GO:BP","negative regulation of protein maturation","GO:1903318","false","0.01532642886987191","1.8145590260184776","23","844","5","21026","IL1R2,LRRK2,THBS1,PLAU,TMEM98"
"GO:BP","multicellular organismal response to stress","GO:0033555","false","0.01536178775641262","1.8135582395411602","98","844","11","21026","AQP9,EDNRB,TSPO,THBS1,SCN9A,ADRA2A,GJA4,NR2E1,GRPR,RELN,APOE"
"GO:BP","regulation of transferase activity","GO:0051338","false","0.015424592790357319","1.8117862925287682","498","844","34","21026","DUSP3,IRAK3,FLT3,CD300A,GAS6,ADAM9,LIMK1,GBA1,WARS1,LRRK2,PINK1,ELANE,S100A12,CEACAM1,RALB,LILRA5,SLC11A1,IL1B,THBS1,SLAMF8,NRG1,ITGB3,SFN,ADRA2A,LTF,TREM2,SLC8A2,SPDYE16,NTRK3,RELN,SNCA,APOE,SPDYC,UCHL1"
"GO:BP","neurotransmitter uptake","GO:0001504","false","0.015771133919245266","1.802137080471518","45","844","7","21026","SLC6A12,SLC22A1,FLOT1,ITGB3,SLC1A3,SLC22A3,SNCA"
"GO:BP","regulation of macrophage migration","GO:1905521","false","0.015771133919245266","1.802137080471518","45","844","7","21026","C3AR1,THBS1,MMP14,SLAMF8,TRPV4,CYP19A1,TREM2"
"GO:BP","negative regulation of lipid localization","GO:1905953","false","0.015771133919245266","1.802137080471518","45","844","7","21026","TSPO,PCSK9,THBS1,ITGB3,PPARG,TREM2,CES1"
"GO:BP","sterol metabolic process","GO:0016125","false","0.015948001260036124","1.7972937386964556","160","844","15","21026","NPC2,APOL1,SCARF1,ERLIN1,APOL2,GBA1,CETP,APOBR,PCSK9,FAXDC2,CYP27A1,CYP19A1,CES1,CYP21A2,APOE"
"GO:BP","formation of primary germ layer","GO:0001704","false","0.01635320093539665","1.7863972269475066","129","844","13","21026","MMP9,ITGA7,MMP14,MMP8,MMP2,ITGB3,ITGB4,ITGB5,COL4A2,COL11A1,LAMA3,FN1,FOXC1"
"GO:BP","positive regulation of pattern recognition receptor signaling pathway","GO:0062208","false","0.01636954794756265","1.7859633136601314","71","844","9","21026","GBP2,CD14,GBP5,CD36,TLR9,IFI35,FLOT1,TREML4,LTF"
"GO:BP","positive regulation of MAP kinase activity","GO:0043406","false","0.01636954794756265","1.7859633136601314","71","844","9","21026","FLT3,ADAM9,LRRK2,ELANE,S100A12,IL1B,THBS1,ADRA2A,NTRK3"
"GO:BP","ventricular cardiac muscle cell action potential","GO:0086005","false","0.01657117503980562","1.7806466952493203","34","844","6","21026","DSC2,KCNE1,SCN2B,RYR2,NOS1AP,ANK2"
"GO:BP","positive regulation of defense response to virus by host","GO:0002230","true","0.01657117503980562","1.7806466952493203","34","844","6","21026","AIM2,IL27,PARP9,STAT1,TRIM22,PML"
"GO:BP","positive regulation of potassium ion transmembrane transport","GO:1901381","false","0.01657117503980562","1.7806466952493203","34","844","6","21026","KCNJ2,KCNE1,ATP1B2,TREM2,NOS1AP,ANK2"
"GO:BP","leukocyte degranulation","GO:0043299","false","0.016631971485534806","1.7790562682464228","85","844","10","21026","MILR1,CD300A,ITGAM,CEACAM1,FES,ADGRE2,ANXA3,HCK,CD177,CHGA"
"GO:BP","positive regulation of adaptive immune response based on somatic recombination of immune receptors built from immunoglobulin superfamily domains","GO:0002824","false","0.017385124426581754","1.7598221966928607","130","844","13","21026","FCGR1A,SECTM1,IL18R1,FZD5,CD55,IL1R1,PLA2G4A,NOD2,SLC11A1,IL1B,CLEC6A,HLA-G,TREM2"
"GO:BP","regulation of defense response to virus by host","GO:0050691","false","0.017493147706496133","1.757132036801305","46","844","7","21026","AIM2,IL27,PARP9,STAT1,TRIM22,IL1B,PML"
"GO:BP","regulation of neurotransmitter transport","GO:0051588","false","0.017493147706496133","1.757132036801305","100","844","11","21026","MCTP1,GPER1,LRRK2,P2RX1,DYSF,FLOT1,MCTP2,ITGB3,MYOF,SNCA,SYT1"
"GO:BP","cell aggregation","GO:0098743","false","0.01793525641415279","1.7462924099857506","24","844","5","21026","MAPK14,MGP,LTF,COL11A1,COL2A1"
"GO:BP","response to ketone","GO:1901654","false","0.01793525641415279","1.7462924099857506","229","844","19","21026","TLR2,GAS6,ITGAM,HOXA9,GBA1,TSPO,IGFBP7,CDA,THBS1,HOXA10,PTGFR,F5,ACOD1,AANAT,AQP1,PPARG,ASS1,MAOB,PTGER1"
"GO:BP","positive regulation of syncytium formation by plasma membrane fusion","GO:0060143","false","0.01793525641415279","1.7462924099857506","24","844","5","21026","ADAM9,TYROBP,MAPK14,FLOT1,TREM2"
"GO:BP","norepinephrine transport","GO:0015874","false","0.01793525641415279","1.7462924099857506","24","844","5","21026","SLC22A1,FFAR3,ADRA2A,SLC22A3,SNCA"
"GO:BP","positive regulation of leukocyte adhesion to vascular endothelial cell","GO:1904996","false","0.01793525641415279","1.7462924099857506","24","844","5","21026","ELANE,ALOX5,SELP,ST3GAL4,FUT7"
"GO:BP","astrocyte activation","GO:0048143","false","0.01793525641415279","1.7462924099857506","24","844","5","21026","GRN,C1QA,IL1B,FPR2,TREM2"
"GO:BP","response to thyroid hormone","GO:0097066","false","0.01793525641415279","1.7462924099857506","24","844","5","21026","CTSB,GBA1,INHBB,C2,HPN"
"GO:BP","negative regulation of hydrolase activity","GO:0051346","false","0.01793525641415279","1.7462924099857506","86","844","10","21026","SORT1,GAPDH,LRRK2,PLIN5,TIMP1,CST7,CR1,SERPINB1,CSTA,TFPI"
"GO:BP","potassium ion transmembrane transport","GO:0071805","false","0.017938280438261695","1.7462191907215252","212","844","18","21026","CD63,KCNJ15,KCNMA1,SLC9A8,KCND1,KCNJ2,KCNH7,KCNG2,KCNE1,ATP1B2,AQP1,TREM2,SLC1A3,HPN,ASPG,NOS1AP,KCNJ12,ANK2"
"GO:BP","regulation of myeloid leukocyte mediated immunity","GO:0002886","false","0.01817077596356208","1.7406265262143914","59","844","8","21026","FCGR1A,CD300A,ITGAM,TYROBP,ARG1,FES,ADGRE2,CD177"
"GO:BP","cardiac muscle tissue morphogenesis","GO:0055008","false","0.01817077596356208","1.7406265262143914","59","844","8","21026","MYBPC3,NRG1,LRP2,MYH7,COL11A1,ZFPM2,RYR2,FOXC1"
"GO:BP","mesenchymal cell migration","GO:0090497","false","0.01817077596356208","1.7406265262143914","59","844","8","21026","EDNRB,SEMA4A,FOLR1,SEMA3B,SEMA6B,FN1,HTR2B,NRP1"
"GO:BP","positive regulation of cytokine-mediated signaling pathway","GO:0001961","false","0.01817077596356208","1.7406265262143914","59","844","8","21026","CASP1,GAS6,CASP4,PARP9,IL1R1,MMP8,NLRP6,TREM2"
"GO:BP","establishment of skin barrier","GO:0061436","true","0.018845416609545453","1.7247942573002457","35","844","6","21026","GBA1,PNPLA1,FLG,SFN,ABCA12,HRNR"
"GO:BP","proximal/distal pattern formation","GO:0009954","true","0.018845416609545453","1.7247942573002457","35","844","6","21026","HOXA9,ALDH1A2,HOXA10,GLI3,LRP4,IRX3"
"GO:BP","carbon dioxide transport","GO:0015670","false","0.018845416609545453","1.7247942573002457","15","844","4","21026","AQP1,HBD,RHBG,RHAG"
"GO:BP","cGMP-mediated signaling","GO:0019934","false","0.018845416609545453","1.7247942573002457","35","844","6","21026","EDNRB,CD36,THBS1,AQP1,APOE,HTR2B"
"GO:BP","neutrophil extravasation","GO:0072672","false","0.018845416609545453","1.7247942573002457","15","844","4","21026","PRTN3,IL1R1,CD177,FUT7"
"GO:BP","regulation of triglyceride storage","GO:0010889","false","0.018845416609545453","1.7247942573002457","15","844","4","21026","PLIN5,PLIN3,PPARG,TREM2"
"GO:BP","peptide hormone processing","GO:0016486","false","0.018845416609545453","1.7247942573002457","35","844","6","21026","ECE1,CPE,CTSG,MEP1A,ENPEP,CORIN"
"GO:BP","mononuclear cell proliferation","GO:0032943","false","0.019060625436202603","1.7198628529613265","319","844","24","21026","IL27,CD274,PDCD1LG2,FLT3,CD300A,IRF1,TYROBP,BCL6,CD55,TLR9,BST1,IGFBP2,ARG1,CR1,MNDA,SLC11A1,VSIG4,IL1B,AIF1,CD151,SPTA1,HLA-G,CD209,IL10"
"GO:BP","cellular response to nutrient levels","GO:0031669","false","0.019136522478250383","1.7181369801287958","248","844","20","21026","DSC2,GAS6,ATG7,GBA1,FAS,LRRK2,GABARAP,SH3GLB1,RALB,FOLR1,UPP1,INHBB,PLIN3,FES,PCSK9,MLXIPL,ATF3,PPARG,COL1A1,PRKAG3"
"GO:BP","negative regulation of response to cytokine stimulus","GO:0060761","false","0.0192052396677525","1.7165802687782667","87","844","10","21026","IRAK3,GAS6,IL1R2,NAIP,NOL3,ARG1,CARD16,PADI2,PPARG,TREM2"
"GO:BP","positive regulation of organic acid transport","GO:0032892","false","0.019266592892769722","1.715195079257145","47","844","7","21026","MAP2K6,PLA2G4A,IL1B,ACSL1,NTSR1,ABCB11,ERFE"
"GO:BP","regulation of neutrophil migration","GO:1902622","false","0.019266592892769722","1.715195079257145","47","844","7","21026","C3AR1,TNFAIP6,BST1,IL1R1,NOD2,SLAMF8,FUT7"
"GO:BP","regulation of muscle system process","GO:0090257","false","0.019357957878552833","1.7131404594684303","231","844","19","21026","GPER1,DSC2,GSTO1,ASPH,P2RX1,MYL9,NOL3,KCNJ2,MYBPC3,DOCK4,TRPV4,ADRA2A,FGF13,PPARG,CHGA,MYH7,RYR2,PRKAG3,ANK2"
"GO:BP","homotypic cell-cell adhesion","GO:0034109","false","0.019844140866728775","1.7023676987177987","102","844","11","21026","DSC2,PLAUR,EMILIN2,MYL9,CEACAM1,CLIC1,ITGB3,CTSG,PTPRU,MMRN1,CELA2A"
"GO:BP","response to fatty acid","GO:0070542","false","0.019900139908418848","1.7011438702616157","60","844","8","21026","TLR2,CD36,FFAR2,ACSL1,FFAR3,DGAT2,PPARG,ASS1"
"GO:BP","regulation of exocytosis","GO:0017157","false","0.020025825724847103","1.6984095676106996","181","844","16","21026","CD300A,ITGAM,LRRK2,P2RX1,CEACAM1,FES,ADGRE2,CD177,SEPTIN4,RPH3A,SDC1,ADRA2A,DOC2B,SNCA,SYT9,SYT1"
"GO:BP","regulation of T cell proliferation","GO:0042129","false","0.020025825724847103","1.6984095676106996","181","844","16","21026","IL27,CD274,PDCD1LG2,IRF1,BCL6,CD55,IGFBP2,ARG1,CR1,VSIG4,IL1B,AIF1,SPTA1,HLA-G,CD209,IL10"
"GO:BP","negative regulation of apoptotic signaling pathway","GO:2001234","false","0.020189693815795905","1.6948702672435119","232","844","19","21026","ICAM1,GRINA,PLAUR,CLU,MMP9,LRRK2,DDIAS,PINK1,NOL3,IL1B,THBS1,PF4,NRG1,MUC1,YBX3,IL10,CREB3L1,COL2A1,NRP1"
"GO:BP","cellular response to abiotic stimulus","GO:0071214","false","0.020189693815795905","1.6948702672435119","339","844","25","21026","CASP1,LTBR,TLR5,TLR8,MMP9,IRF1,FAS,TIMP1,MAP3K20,MAPK14,AQP10,TSPO,KCNJ2,IL1B,CASP5,KCNE1,TRPV4,MMP2,ITGB3,AQP1,YBX3,COL1A1,CRB1,MMP1,PKD1L3"
"GO:BP","regulation of leukocyte proliferation","GO:0070663","false","0.020189693815795905","1.6948702672435119","267","844","21","21026","IL27,CD274,PDCD1LG2,CD300A,IRF1,TYROBP,BCL6,CD55,TLR9,BST1,IGFBP2,ARG1,CR1,MNDA,VSIG4,IL1B,AIF1,SPTA1,HLA-G,CD209,IL10"
"GO:BP","cellular response to environmental stimulus","GO:0104004","false","0.020189693815795905","1.6948702672435119","339","844","25","21026","CASP1,LTBR,TLR5,TLR8,MMP9,IRF1,FAS,TIMP1,MAP3K20,MAPK14,AQP10,TSPO,KCNJ2,IL1B,CASP5,KCNE1,TRPV4,MMP2,ITGB3,AQP1,YBX3,COL1A1,CRB1,MMP1,PKD1L3"
"GO:BP","regulation of peptidyl-tyrosine phosphorylation","GO:0050730","false","0.02024695837738222","1.693640209937477","198","844","17","21026","FLT3,PARP9,CD36,SAMSN1,BST1,LILRA5,SOCS3,NOD2,CLEC6A,OSM,NRG1,ITGB3,TREM2,RELN,FGF8,LRP4,NRP1"
"GO:BP","T cell proliferation","GO:0042098","false","0.020275320917727366","1.6930322630504617","215","844","18","21026","IL27,CD274,PDCD1LG2,IRF1,BCL6,CD55,IGFBP2,ARG1,CR1,SLC11A1,VSIG4,IL1B,AIF1,CD151,SPTA1,HLA-G,CD209,IL10"
"GO:BP","regulation of B cell activation","GO:0050864","false","0.020355332924842335","1.691321790054933","133","844","13","21026","CD300A,NFAM1,TYROBP,BCL6,SAMSN1,TLR9,BST1,CR1,MNDA,NOD2,MMP14,SLAMF8,IL10"
"GO:BP","negative regulation of lymphocyte proliferation","GO:0050672","false","0.02057738828724818","1.6866097473779538","88","844","10","21026","CD274,PDCD1LG2,CD300A,TYROBP,ARG1,CR1,MNDA,VSIG4,HLA-G,IL10"
"GO:BP","amyloid precursor protein metabolic process","GO:0042982","false","0.020742847164189355","1.6831316325742163","74","844","9","21026","ADAM9,CLU,PSENEN,RTN2,FLOT2,NECAB2,NECAB1,APOE,ACHE"
"GO:BP","response to steroid hormone","GO:0048545","false","0.020856864105032114","1.680750988539323","340","844","25","21026","GPER1,TLR2,FLT3,ADAM9,GBA1,ADM,TSPO,IGFBP2,DEFA3,IGFBP7,THBS1,ANXA3,ALPL,PADI2,SDC1,ACOD1,AANAT,AQP1,ASS1,PTPRU,TFPI,IL10,NR2E1,COL1A1,MAOB"
"GO:BP","regulation of cardiac conduction","GO:1903779","false","0.02091634733050321","1.6795141550204036","25","844","5","21026","SLC8A2,GJD3,RYR2,CORIN,ANK2"
"GO:BP","intracellular calcium ion homeostasis","GO:0006874","false","0.02113756207485224","1.6749451039961554","304","844","23","21026","GPER1,GRINA,GSTO1,ASPH,TRPM2,P2RX1,ELANE,NOL3,PML,CAV2,CNGB1,GP9,TRPV4,ITGB3,TGM2,NTSR1,XK,SLC8A2,SNCA,APOE,RYR2,HTR2B,ANK2"
"GO:BP","pigment cell differentiation","GO:0050931","false","0.02123094991390647","1.673030574221248","36","844","6","21026","CD63,LRMDA,RAB32,EDNRB,GLI3,ADAMTS9"
"GO:BP","regulation of homotypic cell-cell adhesion","GO:0034110","false","0.02123094991390647","1.673030574221248","36","844","6","21026","PLAUR,EMILIN2,CEACAM1,CTSG,MMRN1,CELA2A"
"GO:BP","antigen processing and presentation of peptide or polysaccharide antigen via MHC class II","GO:0002504","false","0.02123094991390647","1.673030574221248","36","844","6","21026","FCER1G,CTSD,IFI30,THBS1,TREM2,CTSV"
"GO:BP","regulation of biological process involved in symbiotic interaction","GO:0043903","false","0.02129090926775682","1.6718057908145199","48","844","7","21026","TRIM21,TRIM25,TRIM22,ARG1,LTF,TRIM58,TMPRSS4"
"GO:BP","leukocyte adhesion to vascular endothelial cell","GO:0061756","false","0.02129090926775682","1.6718057908145199","48","844","7","21026","SELL,ELANE,ALOX5,SELP,LRG1,ST3GAL4,FUT7"
"GO:BP","carbohydrate transmembrane transport","GO:0034219","false","0.02148799001113832","1.667804206560529","134","844","13","21026","SORT1,GRB10,SLC2A3,AQP9,RTN2,MAPK14,AQP10,IL1B,PPBP,C1QTNF12,AQP1,ABCB11,ERFE"
"GO:BP","exocytosis","GO:0006887","false","0.021890257148680183","1.6597491366688486","360","844","26","21026","MILR1,CD300A,ITGAM,LRRK2,P2RX1,RAB13,CEACAM1,RALB,FES,ADGRE2,ANXA3,HCK,CD177,SEPTIN4,RAB3IL1,RPH3A,SDC1,ADRA2A,CHGA,SYN2,DOC2B,ABCA12,SNCA,SYT9,UNC13A,SYT1"
"GO:BP","mesenchymal cell differentiation","GO:0048762","false","0.02228615519736349","1.6519648494468824","252","844","20","21026","LOXL3,EDNRB,STAT1,SEMA4A,GLIPR2,ALDH1A2,FOLR1,IL1B,LRG1,SEMA3B,SEMA6B,NRG1,TGFB1I1,HPN,COL1A1,FN1,FGF8,FOXC1,HTR2B,NRP1"
"GO:BP","positive regulation of type II interferon production","GO:0032729","false","0.022398856587578942","1.6497741508792028","75","844","9","21026","IL27,IL18R1,TLR8,CD14,FZD5,TLR9,IL1R1,SLC11A1,IL1B"
"GO:BP","regulation of plasma lipoprotein particle levels","GO:0097006","false","0.022398856587578942","1.6497741508792028","75","844","9","21026","CETP,CD36,MPO,PCSK9,DGAT2,MSR1,TREM2,MTTP,APOE"
"GO:BP","regulation of calcium ion transmembrane transport","GO:1903169","false","0.022444308286445676","1.6488937746244934","167","844","15","21026","GPER1,GSTO1,ASPH,P2RX1,TLR9,PML,ITGB3,ADRA2A,NTSR1,SNCA,RYR2,NOS1AP,TMC1,PPP3R2,ANK2"
"GO:BP","skeletal system morphogenesis","GO:0048705","false","0.022456843467837648","1.6486512881831918","235","844","19","21026","HOXA9,TMEM119,MAPK14,NDST1,MMP14,ALPL,TRPV4,COL27A1,MMP2,GLI3,MGP,LTF,CBS,SFRP4,COL11A1,COL1A1,FGF8,FOXC1,COL2A1"
"GO:BP","insulin metabolic process","GO:1901142","false","0.022937891884537834","1.6394464985961634","16","844","4","21026","CTSD,CEACAM1,CPE,CELA2A"
"GO:BP","positive regulation of membrane protein ectodomain proteolysis","GO:0051044","false","0.022937891884537834","1.6394464985961634","16","844","4","21026","ADAM9,IL1B,ADRA2A,APOE"
"GO:BP","regulation of phagocytosis, engulfment","GO:0060099","false","0.022937891884537834","1.6394464985961634","16","844","4","21026","CD300A,CD36,PPARG,TREM2"
"GO:BP","regulation of membrane invagination","GO:1905153","false","0.022937891884537834","1.6394464985961634","16","844","4","21026","CD300A,CD36,PPARG,TREM2"
"GO:BP","low-density lipoprotein particle remodeling","GO:0034374","true","0.022937891884537834","1.6394464985961634","16","844","4","21026","CETP,MPO,MTTP,APOE"
"GO:BP","complement activation, alternative pathway","GO:0006957","false","0.022937891884537834","1.6394464985961634","16","844","4","21026","CFP,CR1,VSIG4,CFB"
"GO:BP","organic cation transport","GO:0015695","false","0.023187448153643406","1.6347470441076928","120","844","12","21026","FLVCR2,SLC6A12,SLC22A4,SLC22A1,SLC11A1,FFAR3,TSPO2,ADRA2A,SLC22A16,SLC22A3,SNCA,RHAG"
"GO:BP","semaphorin-plexin signaling pathway","GO:0071526","false","0.02322307515008217","1.6340802724404937","49","844","7","21026","TYROBP,ECE1,SEMA4A,SEMA3B,SEMA6B,TREM2,NRP1"
"GO:BP","negative regulation of tumor necrosis factor production","GO:0032720","false","0.023235812110576005","1.633842143973652","62","844","8","21026","IRAK3,GAS6,BPI,TSPO,NOD2,THBS1,IL10,TREM2"
"GO:BP","artery development","GO:0060840","false","0.023493749691521217","1.629047662644507","105","844","11","21026","LOXL1,FOLR1,NDST1,GLI3,LRP2,NOTCH3,APOE,FGF8,FOXC1,ADAMTS9,NRP1"
"GO:BP","actin filament-based movement","GO:0030048","false","0.023493749691521217","1.629047662644507","136","844","13","21026","DSC2,MYO7A,KCNJ2,SCN1B,MYBPC3,KCNE1,SCN9A,SCN2B,FGF13,MYH7,RYR2,NOS1AP,ANK2"
"GO:BP","regulation of cholesterol efflux","GO:0010874","false","0.023493749691521217","1.629047662644507","37","844","6","21026","CETP,PPARG,TREM2,CES1,ABCA12,APOE"
"GO:BP","cellular response to lipoprotein particle stimulus","GO:0071402","false","0.023493749691521217","1.629047662644507","37","844","6","21026","FCER1G,CD36,PPARG,TREM2,CES1,APOE"
"GO:BP","regulation of megakaryocyte differentiation","GO:0045652","false","0.023493749691521217","1.629047662644507","37","844","6","21026","H4C9,H4C4,H4C5,PF4,FAXDC2,H4C8"
"GO:BP","erythrocyte differentiation","GO:0030218","false","0.023493749691521217","1.629047662644507","136","844","13","21026","STAT1,BCL6,MAPK14,KLF1,MPIG6B,TSPO2,FAM210B,AHSP,BPGM,SLC4A1,TRIM58,EPB42,RHAG"
"GO:BP","positive regulation of adaptive immune response","GO:0002821","false","0.023493749691521217","1.629047662644507","136","844","13","21026","FCGR1A,SECTM1,IL18R1,FZD5,CD55,IL1R1,PLA2G4A,NOD2,SLC11A1,IL1B,CLEC6A,HLA-G,TREM2"
"GO:BP","positive regulation of cholesterol efflux","GO:0010875","false","0.023878563902900295","1.621991795959769","26","844","5","21026","PPARG,TREM2,CES1,ABCA12,APOE"
"GO:BP","positive regulation of cytosolic calcium ion concentration","GO:0007204","false","0.024256226947995573","1.6151767526492498","169","844","15","21026","CCRL2,GPER1,C3AR1,FPR1,ASPH,EDNRB,CD36,ADM,CD55,PML,FPR2,TRPV4,PTGFR,RYR2,PTGER1"
"GO:BP","pyridine-containing compound metabolic process","GO:0072524","true","0.024256226947995573","1.6151767526492498","169","844","15","21026","GAPDH,HK3,KYNU,TP53I3,PFKFB2,PGD,NAMPT,NMNAT2,ALPL,MLXIPL,NUPR1,BPGM,SLC4A1,PRKAG3,UCHL1"
"GO:BP","visual perception","GO:0007601","true","0.024504260880032654","1.6107583925418563","220","844","18","21026","MYO7A,ADGRV1,CNGB1,RP1L1,RCVRN,USH2A,POU6F2,NR2E1,COL11A1,COL1A1,CRB1,ABCA4,CLRN1,COL2A1,RLBP1,PDE6A,RORB,CNGB3"
"GO:BP","positive regulation of phosphatidylinositol 3-kinase/protein kinase B signal transduction","GO:0051897","false","0.024635798176741375","1.6084333624274794","186","844","16","21026","GPER1,HPSE,FLT3,GAS6,PINK1,SELP,THBS1,OSM,C1QTNF12,TREM2,PROS1,NTRK3,RELN,DCN,FN1,ERFE"
"GO:BP","peptide metabolic process","GO:0006518","false","0.025343247371592194","1.5961377373135277","63","844","8","21026","LTA4H,ELANE,ECE1,NOD2,GGT1,ANPEP,CPE,ENPEP"
"GO:BP","catecholamine secretion","GO:0050432","false","0.025648237945840174","1.5909424659004876","50","844","7","21026","PINK1,FFAR3,TGM2,ADRA2A,CHGA,SNCA,SYT1"
"GO:BP","response to zinc ion","GO:0010043","false","0.025648237945840174","1.5909424659004876","50","844","7","21026","LTA4H,TSPO,MT1E,S100A8,AANAT,ASS1,MT1G"
"GO:BP","fatty acid derivative metabolic process","GO:1901568","false","0.02566522859067794","1.5906548632860185","77","844","9","21026","PTGR1,ELOVL3,GGT1,ACSL1,ALOX5,DGAT2,ACSS3,GGTLC2,ALOX15B"
"GO:BP","peptidyl-tyrosine phosphorylation","GO:0018108","false","0.02616197938764896","1.5823294008442133","239","844","19","21026","FLT3,PARP9,CD36,SAMSN1,BST1,LILRA5,SOCS3,NOD2,FES,HCK,CLEC6A,OSM,NRG1,ITGB3,TREM2,RELN,FGF8,LRP4,NRP1"
"GO:BP","carbohydrate transport","GO:0008643","false","0.02627877329640831","1.580394911678281","138","844","13","21026","SORT1,GRB10,SLC2A3,AQP9,RTN2,MAPK14,AQP10,IL1B,PPBP,C1QTNF12,AQP1,ABCB11,ERFE"
"GO:BP","regulation of anatomical structure size","GO:0090066","false","0.02627877329640831","1.580394911678281","500","844","33","21026","GPER1,KCNMA1,ITGA9,LIMK1,LRRK2,P2RX1,EDNRB,ADM,ECE1,PRR16,SMTNL1,HRH2,DOCK4,HCK,BLOC1S1,CRABP2,TRPV4,MMP2,SPTA1,ADRA2A,FGF13,SPTB,AQP1,XK,TMOD1,CBS,FSTL4,APOE,CRACD,FN1,FOXC1,HTR2B,NRP1"
"GO:BP","calcium ion import into cytosol","GO:1902656","false","0.026514965076358397","1.5765089405670978","38","844","6","21026","CACNA1E,TRPM2,P2RX1,TRPV4,SLC8A2,PPP3R2"
"GO:BP","regulation of systemic arterial blood pressure by hormone","GO:0001990","false","0.026514965076358397","1.5765089405670978","38","844","6","21026","EDNRB,ECE1,CTSG,SUCNR1,ENPEP,CORIN"
"GO:BP","T cell differentiation involved in immune response","GO:0002292","false","0.02665113597332066","1.5742842749514638","92","844","10","21026","LOXL3,IL27,FCER1G,IL18R1,CLEC4E,BCL6,SEMA4A,SOCS3,CLEC4D,TMEM98"
"GO:BP","regulation of transmembrane transporter activity","GO:0022898","false","0.026700691042372344","1.5734774984854107","171","844","15","21026","MMP9,GSTO1,ASPH,TLR9,SCN1B,PCSK9,KCNE1,ADRA2A,FGF13,ATP1B2,TREM2,RELN,SNCA,NOS1AP,ANK2"
"GO:BP","intrinsic apoptotic signaling pathway","GO:0097193","false","0.02729810776655479","1.5638674560737171","312","844","23","21026","GRINA,PLAUR,CLU,CASP4,MMP9,S100A9,LRRK2,DDIAS,PINK1,VNN1,NOL3,PML,SEPTIN4,MMP2,SFN,NUPR1,S100A8,MUC1,YBX3,IL10,BCL2A1,TREM2,CREB3L1"
"GO:BP","positive regulation of leukocyte migration","GO:0002687","false","0.027426608981990355","1.561827885120516","155","844","14","21026","ICAM1,GAS6,C3AR1,ITGA2B,IL1R1,FPR2,SELP,THBS1,MMP14,AIF1,FUT7,TRPV4,ITGB3,TREM2"
"GO:BP","female sex differentiation","GO:0046660","false","0.027548838175099327","1.559896712049326","123","844","12","21026","LHFPL2,TNFAIP6,RETN,INHBB,MMP14,MMP2,NUPR1,CYP19A1,LRP2,PCYT1B,ZFPM2,FOXC1"
"GO:BP","positive regulation of non-canonical NF-kappaB signal transduction","GO:1901224","false","0.02755811327524064","1.559750519064866","64","844","8","21026","TLR2,IL18R1,NMI,TLR9,IFI35,NOD2,IL1B,TREM2"
"GO:BP","muscle organ morphogenesis","GO:0048644","false","0.027622549975429726","1.5587362320159002","78","844","9","21026","SMTNL1,MYBPC3,NRG1,LRP2,MYH7,COL11A1,ZFPM2,RYR2,FOXC1"
"GO:BP","positive regulation of production of molecular mediator of immune response","GO:0002702","false","0.027635188997556855","1.5585375609242411","139","844","13","21026","SECTM1,IL18R1,CD36,FZD5,CD55,TLR9,FFAR2,IL1R1,NOD2,IL1B,FFAR3,HLA-G,IL10"
"GO:BP","sensory perception of light stimulus","GO:0050953","false","0.027635188997556855","1.5585375609242411","223","844","18","21026","MYO7A,ADGRV1,CNGB1,RP1L1,RCVRN,USH2A,POU6F2,NR2E1,COL11A1,COL1A1,CRB1,ABCA4,CLRN1,COL2A1,RLBP1,PDE6A,RORB,CNGB3"
"GO:BP","positive regulation of macrophage migration","GO:1905523","false","0.027635188997556855","1.5585375609242411","27","844","5","21026","C3AR1,THBS1,MMP14,TRPV4,TREM2"
"GO:BP","toll-like receptor 2 signaling pathway","GO:0034134","false","0.027872763996049727","1.5548199624416177","17","844","4","21026","TLR2,NOD2,ACOD1,TREM2"
"GO:BP","detection of mechanical stimulus involved in sensory perception of sound","GO:0050910","false","0.027872763996049727","1.5548199624416177","17","844","4","21026","ADGRV1,HPN,COL11A1,TMC1"
"GO:BP","positive regulation of homotypic cell-cell adhesion","GO:0034112","false","0.027872763996049727","1.5548199624416177","17","844","4","21026","PLAUR,EMILIN2,CTSG,MMRN1"
"GO:BP","positive regulation of protein polyubiquitination","GO:1902916","true","0.027872763996049727","1.5548199624416177","17","844","4","21026","GABARAP,NMI,NOD2,SPSB4"
"GO:BP","negative regulation of B cell proliferation","GO:0030889","false","0.027872763996049727","1.5548199624416177","17","844","4","21026","CD300A,TYROBP,MNDA,IL10"
"GO:BP","fatty acid derivative biosynthetic process","GO:1901570","false","0.02802712330149134","1.5524214758537678","51","844","7","21026","ELOVL3,GGT1,ACSL1,ALOX5,ACSS3,GGTLC2,ALOX15B"
"GO:BP","positive regulation of extrinsic apoptotic signaling pathway","GO:2001238","false","0.02802712330149134","1.5524214758537678","51","844","7","21026","GPER1,LTBR,G0S2,TNFSF10,PML,THBS1,ATF3"
"GO:BP","development of primary female sexual characteristics","GO:0046545","false","0.028130904562799347","1.5508163026618116","108","844","11","21026","LHFPL2,TNFAIP6,RETN,INHBB,MMP14,MMP2,NUPR1,CYP19A1,PCYT1B,ZFPM2,FOXC1"
"GO:BP","positive regulation of leukocyte cell-cell adhesion","GO:1903039","false","0.02834709346404363","1.547491464363277","277","844","21","21026","SMARCD3,CD274,PDCD1LG2,VNN1,BCL6,ELANE,CD55,IGFBP2,CR1,NOD2,IL1B,FLOT2,ALOX5,SELP,ST3GAL4,AIF1,FUT7,GLI3,SPTA1,HLA-G,CD209"
"GO:BP","homeostasis of number of cells","GO:0048872","false","0.028507967399692597","1.545033746512579","332","844","24","21026","AIM2,FLT3,GBA1,FAS,HCAR2,STAT1,BCL6,MAPK14,FCAR,NOD2,FSTL1,SEPTIN4,NLRP6,KLF1,SPTA1,MPIG6B,TSPO2,FAM210B,AHSP,BPGM,SLC4A1,TRIM58,EPB42,RHAG"
"GO:BP","regulation of extrinsic apoptotic signaling pathway","GO:2001236","false","0.028547672050675786","1.5444293009651275","156","844","14","21026","GPER1,ICAM1,LTBR,G0S2,NOL3,TNFSF10,IL1B,PML,THBS1,PF4,NRG1,ATF3,COL2A1,NRP1"
"GO:BP","cardiac chamber morphogenesis","GO:0003206","false","0.028878630742765633","1.539423402340579","124","844","12","21026","SMARCD3,MYBPC3,NRG1,CPE,LRP2,MYH7,COL11A1,ZFPM2,RYR2,FGF8,FOXC1,NRP1"
"GO:BP","regulation of leukocyte chemotaxis","GO:0002688","false","0.028878630742765633","1.539423402340579","124","844","12","21026","GAS6,C3AR1,TNFAIP6,BST1,NOD2,FPR2,THBS1,SLAMF8,AIF1,TRPV4,PADI2,CYP19A1"
"GO:BP","reproductive structure development","GO:0048608","false","0.028878630742765633","1.539423402340579","314","844","23","21026","HOXA9,TLR5,RAB13,TNFAIP6,TLR9,RETN,INSL3,TNFSF10,INHBB,KCNE1,MMP14,HOXA10,MMP2,NUPR1,SDC1,CYP19A1,YBX3,LRP2,PCYT1B,ALOX15B,ZFPM2,FGF8,FOXC1"
"GO:BP","cardiac muscle cell membrane repolarization","GO:0099622","false","0.029537322717094153","1.5296288719856872","39","844","6","21026","KCNJ2,SCN1B,KCNE1,SCN2B,NOS1AP,ANK2"
"GO:BP","fibroblast proliferation","GO:0048144","false","0.029953494774263574","1.5235524997309773","109","844","11","21026","CD300A,GAS6,IFI30,S100A6,PML,ITGB3,NUPR1,AQP1,PPARG,PLA2G2C,FN1"
"GO:BP","maintenance of location in cell","GO:0051651","false","0.030417828615855756","1.5168717913944603","208","844","17","21026","GPER1,GM2A,GSTO1,ASPH,TRPM2,PINK1,NOL3,TSPO,PML,GP9,ITGB3,NTSR1,SNCA,APOE,RYR2,HTR2B,ANK2"
"GO:BP","programmed necrotic cell death","GO:0097300","false","0.030580632907884604","1.514553530514365","52","844","7","21026","FAS,NOL3,TSPO,PYGL,NLRP6,NUPR1,YBX3"
"GO:BP","regulation of calcium ion transport","GO:0051924","false","0.03092097196761569","1.509746862957543","244","844","19","21026","GPER1,HOMER3,GSTO1,ASPH,P2RX1,TSPO,TLR9,LILRA5,PML,ITGB3,ADRA2A,RCVRN,NTSR1,SNCA,RYR2,NOS1AP,TMC1,PPP3R2,ANK2"
"GO:BP","hormone transport","GO:0009914","false","0.03092097196761569","1.509746862957543","335","844","24","21026","GPER1,HCAR2,PFKFB2,TSPO,RETN,FFAR2,INHBB,IL1B,ALOX5,FFAR3,TRPV4,OSM,CPE,C1QTNF12,ADRA2A,AQP1,CYP19A1,PPARG,CHGA,DOC2B,ABCA12,CRYM,FAM3B,CELA2A"
"GO:BP","regulation of cardiac muscle cell action potential","GO:0098901","false","0.03092097196761569","1.509746862957543","28","844","5","21026","DSC2,FGF13,RYR2,NOS1AP,ANK2"
"GO:BP","response to increased oxygen levels","GO:0036296","false","0.03092097196761569","1.509746862957543","28","844","5","21026","ATG7,FAS,MMP2,PPARG,COL1A1"
"GO:BP","cellular response to chemical stress","GO:0062197","false","0.031101972970004707","1.5072120604005559","317","844","23","21026","CASP1,MGST1,TRIM21,ATG7,MMP9,FAS,LRRK2,TRPM2,PINK1,CD36,NME8,TSPO,MPO,IL18RAP,PML,ALOX5,AIF1,TRPV4,MMP2,AQP1,PPARG,YBX3,SNCA"
"GO:BP","megakaryocyte differentiation","GO:0030219","false","0.03135542255975596","1.5036873421017165","66","844","8","21026","H4C9,H4C4,H4C5,GP9,PF4,FAXDC2,H4C8,MPIG6B"
"GO:BP","icosanoid transport","GO:0071715","false","0.03135542255975596","1.5036873421017165","66","844","8","21026","MAP2K6,SLC22A1,PLA2G4A,IL1B,NTSR1,SLCO2B1,ABCC11,PLA2G2C"
"GO:BP","syncytium formation","GO:0006949","false","0.03135542255975596","1.5036873421017165","66","844","8","21026","ADAM9,DOCK1,TYROBP,MAPK14,FLOT1,SBNO2,CYP19A1,TREM2"
"GO:BP","lymphocyte activation involved in immune response","GO:0002285","false","0.03137145752333289","1.5034653034369065","227","844","18","21026","LOXL3,IL27,FCER1G,ICAM1,IL18R1,CLEC4E,TYROBP,BCL6,SEMA4A,CEACAM1,SOCS3,CR1,SLC11A1,PGLYRP1,CLEC4D,IL10,TREM2,TMEM98"
"GO:BP","regulation of phosphatidylinositol 3-kinase/protein kinase B signal transduction","GO:0051896","false","0.03182086178544638","1.4972880627913905","263","844","20","21026","AIM2,GPER1,HPSE,FLT3,GAS6,PINK1,CEACAM1,SELP,THBS1,OSM,CAVIN3,HLA-G,C1QTNF12,TREM2,PROS1,NTRK3,RELN,DCN,FN1,ERFE"
"GO:BP","alcohol catabolic process","GO:0046164","false","0.03188607363031647","1.4963989553782446","40","844","6","21026","SCARF1,GK,GK3,CYP27A1,NTSR1,APOE"
"GO:BP","regulation of actin filament-based movement","GO:1903115","false","0.03188607363031647","1.4963989553782446","40","844","6","21026","DSC2,KCNJ2,MYBPC3,FGF13,RYR2,ANK2"
"GO:BP","reproductive system development","GO:0061458","false","0.03188607363031647","1.4963989553782446","318","844","23","21026","HOXA9,TLR5,RAB13,TNFAIP6,TLR9,RETN,INSL3,TNFSF10,INHBB,KCNE1,MMP14,HOXA10,MMP2,NUPR1,SDC1,CYP19A1,YBX3,LRP2,PCYT1B,ALOX15B,ZFPM2,FGF8,FOXC1"
"GO:BP","negative regulation of MAP kinase activity","GO:0043407","false","0.03188607363031647","1.4963989553782446","40","844","6","21026","IRAK3,CD300A,GBA1,IL1B,APOE,UCHL1"
"GO:BP","regulation of heart rate by cardiac conduction","GO:0086091","false","0.03188607363031647","1.4963989553782446","40","844","6","21026","DSC2,KCNJ2,SCN1B,KCNE1,SCN2B,ANK2"
"GO:BP","plasma lipoprotein particle clearance","GO:0034381","false","0.03188607363031647","1.4963989553782446","40","844","6","21026","CD36,PCSK9,DGAT2,MSR1,TREM2,APOE"
"GO:BP","cellular response to amyloid-beta","GO:1904646","false","0.03188607363031647","1.4963989553782446","40","844","6","21026","ICAM1,CASP4,TYROBP,CD36,FPR2,TREM2"
"GO:BP","regulation of plasminogen activation","GO:0010755","false","0.03230589057348661","1.4907182823031229","18","844","4","21026","PLAUR,THBS1,PLAU,HPN"
"GO:BP","hypersensitivity","GO:0002524","false","0.03230589057348661","1.4907182823031229","18","844","4","21026","FCGR1A,FCGR2A,FUT7,FCGR3B"
"GO:BP","reverse cholesterol transport","GO:0043691","false","0.03230589057348661","1.4907182823031229","18","844","4","21026","CLU,CETP,CES1,APOE"
"GO:BP","positive regulation of macrophage derived foam cell differentiation","GO:0010744","false","0.03230589057348661","1.4907182823031229","18","844","4","21026","CD36,PF4,MSR1,ALOX15B"
"GO:BP","negative regulation of macrophage activation","GO:0043031","false","0.03230589057348661","1.4907182823031229","18","844","4","21026","GRN,BPI,CST7,VSIG4"
"GO:BP","regulation of systemic arterial blood pressure by circulatory renin-angiotensin","GO:0001991","true","0.03230589057348661","1.4907182823031229","18","844","4","21026","EDNRB,CTSG,SUCNR1,ENPEP"
"GO:BP","protein trimerization","GO:0070206","true","0.03230589057348661","1.4907182823031229","18","844","4","21026","STEAP4,ALOX5AP,HLA-G,COL1A2"
"GO:BP","gap junction assembly","GO:0016264","true","0.03230589057348661","1.4907182823031229","18","844","4","21026","IL1B,GJB6,GJD3,IRX3"
"GO:BP","regulation of humoral immune response mediated by circulating immunoglobulin","GO:0002923","false","0.03230589057348661","1.4907182823031229","18","844","4","21026","CR1,NOD2,CR1L,TREM2"
"GO:BP","regulation of fibrinolysis","GO:0051917","false","0.03230589057348661","1.4907182823031229","18","844","4","21026","PLAUR,THBS1,PLAU,FAP"
"GO:BP","regulation of leukocyte tethering or rolling","GO:1903236","false","0.03230589057348661","1.4907182823031229","18","844","4","21026","ELANE,SELP,ST3GAL4,FUT7"
"GO:BP","membrane repolarization","GO:0086009","false","0.03244890306427447","1.4887999799478877","53","844","7","21026","KCNJ2,SCN1B,KCNE1,SCN2B,ATP1B2,NOS1AP,ANK2"
"GO:BP","release of sequestered calcium ion into cytosol","GO:0051209","false","0.032758929043901965","1.484670304650519","127","844","12","21026","GPER1,GSTO1,ASPH,TRPM2,NOL3,GP9,ITGB3,NTSR1,SNCA,RYR2,HTR2B,ANK2"
"GO:BP","cell-substrate junction assembly","GO:0007044","false","0.033038664059791514","1.4809775219809156","96","844","10","21026","DUSP3,COL17A1,THBS1,MMP14,ITGB3,ITGB4,DLC1,LAMA3,FN1,NRP1"
"GO:BP","regulation of systemic arterial blood pressure","GO:0003073","false","0.033038664059791514","1.4809775219809156","96","844","10","21026","GAS6,EDNRB,ADM,ECE1,CTSG,NTSR1,SUCNR1,ENPEP,CORIN,DDAH1"
"GO:BP","regulation of insulin receptor signaling pathway","GO:0046626","false","0.03355303833924592","1.474268146904147","67","844","8","21026","CTSD,GRB10,SOCS3,IL1B,FFAR3,FUT7,C1QTNF12,ERFE"
"GO:BP","negative regulation of sequestering of calcium ion","GO:0051283","false","0.03467937308095235","1.4599287621169332","128","844","12","21026","GPER1,GSTO1,ASPH,TRPM2,NOL3,GP9,ITGB3,NTSR1,SNCA,RYR2,HTR2B,ANK2"
"GO:BP","regulation of macrophage chemotaxis","GO:0010758","false","0.03480539981514485","1.4583533730649831","29","844","5","21026","C3AR1,THBS1,SLAMF8,TRPV4,CYP19A1"
"GO:BP","phagocytosis, recognition","GO:0006910","false","0.03480539981514485","1.4583533730649831","29","844","5","21026","FCGR1A,CFP,FCN1,CD36,TREM2"
"GO:BP","regulation of toll-like receptor 4 signaling pathway","GO:0034143","false","0.03480539981514485","1.4583533730649831","29","844","5","21026","CD14,IFI35,ACOD1,LTF,TREM2"
"GO:BP","regulation of platelet aggregation","GO:0090330","false","0.03480539981514485","1.4583533730649831","29","844","5","21026","EMILIN2,CEACAM1,CTSG,MMRN1,CELA2A"
"GO:BP","ventricular cardiac muscle cell membrane repolarization","GO:0099625","false","0.03480539981514485","1.4583533730649831","29","844","5","21026","SCN1B,KCNE1,SCN2B,NOS1AP,ANK2"
"GO:BP","regulation of syncytium formation by plasma membrane fusion","GO:0060142","false","0.03480539981514485","1.4583533730649831","29","844","5","21026","ADAM9,TYROBP,MAPK14,FLOT1,TREM2"
"GO:BP","superoxide anion generation","GO:0042554","false","0.035241063824792855","1.4529509899800872","41","844","6","21026","ITGAM,TYROBP,NCF4,SH3PXD2B,FPR2,CD177"
"GO:BP","positive regulation of interleukin-10 production","GO:0032733","false","0.035241063824792855","1.4529509899800872","41","844","6","21026","CD274,TLR2,TLR9,LILRA5,NOD2,TREM2"
"GO:BP","positive regulation of fibroblast proliferation","GO:0048146","false","0.03547745728218505","1.4500475142035596","54","844","7","21026","GAS6,S100A6,PML,ITGB3,AQP1,PLA2G2C,FN1"
"GO:BP","regulation of endothelial cell apoptotic process","GO:2000351","false","0.03547745728218505","1.4500475142035596","54","844","7","21026","GPER1,ICAM1,GAS6,THBS1,ITGB3,HLA-G,IL10"
"GO:BP","monocarboxylic acid biosynthetic process","GO:0072330","false","0.03564115719794579","1.448048203722604","213","844","17","21026","ERLIN1,ELOVL3,ALDH1A2,CEACAM1,PLA2G4A,IL1B,ALOX5,DHRS9,OLAH,MLXIPL,CYP27A1,ABCB11,ACOX2,PLA2G2C,CES1,ALOX15B,PRKAG3"
"GO:BP","positive regulation of small molecule metabolic process","GO:0062013","false","0.03585861056591027","1.4454065423044713","145","844","13","21026","GPER1,PLIN5,PINK1,ADM,IL1B,MLXIPL,PPARG,NTSR1,TREM2,CES1,SNCA,APOE,UCHL1"
"GO:BP","long-chain fatty acid transport","GO:0015909","false","0.036203426674404536","1.44125032130788","68","844","8","21026","CD36,PLA2G4A,ACSL1,THBS1,PPARG,NTSR1,PLA2G2C,APOE"
"GO:BP","epidermis development","GO:0008544","false","0.036395410735418576","1.4389533750854908","398","844","27","21026","HPSE,ADAM9,KAZN,PLOD1,GBA1,MYO7A,COL17A1,FLOT2,PNPLA1,LIPM,CRABP2,FLG,SFN,CSTA,FOXQ1,USH2A,SFRP4,ALOX15B,ABCA12,LAMA3,FOXC1,HRNR,TMC1,LRP4,KRT15,CLRN1,LAMC2"
"GO:BP","nicotinamide nucleotide metabolic process","GO:0046496","false","0.036442809080031675","1.4383881541760684","162","844","14","21026","GAPDH,HK3,KYNU,TP53I3,PFKFB2,PGD,NAMPT,NMNAT2,MLXIPL,NUPR1,BPGM,SLC4A1,PRKAG3,UCHL1"
"GO:BP","pyridine nucleotide metabolic process","GO:0019362","false","0.036442809080031675","1.4383881541760684","162","844","14","21026","GAPDH,HK3,KYNU,TP53I3,PFKFB2,PGD,NAMPT,NMNAT2,MLXIPL,NUPR1,BPGM,SLC4A1,PRKAG3,UCHL1"
"GO:BP","protein secretion","GO:0009306","false","0.036442809080031675","1.4383881541760684","379","844","26","21026","GPER1,TLR2,ADAM9,RHBDF2,HCAR2,RAB13,EDNRB,PFKFB2,FFAR2,INHBB,IL1B,ALOX5,AP1M2,C1QTNF12,ADRA2A,PPARG,CHGA,TREM2,SUCNR1,MTTP,DOC2B,ABCA12,APOE,ACHE,FAM3B,CELA2A"
"GO:BP","positive regulation of interleukin-6 production","GO:0032755","false","0.037464098126011626","1.4263847177198488","98","844","10","21026","TLR2,TLR8,TYROBP,CD36,TLR9,LILRA5,NOD2,IL1B,AIF1,TRPV4"
"GO:BP","response to activity","GO:0014823","false","0.03758914716175801","1.4249375276286755","83","844","9","21026","SCO2,SMTNL1,MMP2,ITGB3,IL10,COL4A2,RYR2,FN1,PRKAG3"
"GO:BP","regulation of neurotransmitter secretion","GO:0046928","false","0.03758914716175801","1.4249375276286755","83","844","9","21026","MCTP1,GPER1,LRRK2,P2RX1,DYSF,MCTP2,MYOF,SNCA,SYT1"
"GO:BP","regulation of monoatomic ion transmembrane transporter activity","GO:0032412","false","0.038305878489737176","1.416734573296362","163","844","14","21026","MMP9,GSTO1,ASPH,TLR9,SCN1B,PCSK9,KCNE1,ADRA2A,FGF13,ATP1B2,TREM2,RELN,NOS1AP,ANK2"
"GO:BP","hormone secretion","GO:0046879","false","0.038354098635269916","1.416188219209947","324","844","23","21026","GPER1,HCAR2,PFKFB2,TSPO,RETN,FFAR2,INHBB,IL1B,ALOX5,FFAR3,TRPV4,OSM,CPE,C1QTNF12,ADRA2A,AQP1,CYP19A1,PPARG,CHGA,DOC2B,ABCA12,FAM3B,CELA2A"
"GO:BP","negative regulation of transmembrane transport","GO:0034763","false","0.038360830940804724","1.4161119940692106","114","844","11","21026","GRB10,MMP9,GSTO1,TLR9,IL1B,PCSK9,KCNE1,THBS1,ADRA2A,NTSR1,PPP3R2"
"GO:BP","MHC class II biosynthetic process","GO:0045342","true","0.038360830940804724","1.4161119940692106","19","844","4","21026","SLC11A1,AZU1,PF4,IL10"
"GO:BP","negative regulation of amyloid precursor protein catabolic process","GO:1902992","false","0.038360830940804724","1.4161119940692106","19","844","4","21026","CLU,RTN2,FLOT2,APOE"
"GO:BP","peptide catabolic process","GO:0043171","true","0.038360830940804724","1.4161119940692106","19","844","4","21026","LTA4H,ECE1,ANPEP,ENPEP"
"GO:BP","positive regulation of superoxide anion generation","GO:0032930","false","0.038360830940804724","1.4161119940692106","19","844","4","21026","ITGAM,TYROBP,FPR2,CD177"
"GO:BP","CD4-positive, alpha-beta T cell cytokine production","GO:0035743","false","0.038360830940804724","1.4161119940692106","19","844","4","21026","IL18R1,IL1R1,ARG1,IL1B"
"GO:BP","regulation of sequestering of calcium ion","GO:0051282","false","0.038360830940804724","1.4161119940692106","130","844","12","21026","GPER1,GSTO1,ASPH,TRPM2,NOL3,GP9,ITGB3,NTSR1,SNCA,RYR2,HTR2B,ANK2"
"GO:BP","long-chain fatty acid import across plasma membrane","GO:0015911","false","0.03847967762763295","1.4147685750210903","10","844","3","21026","CD36,ACSL1,THBS1"
"GO:BP","ammonium transmembrane transport","GO:0072488","false","0.03847967762763295","1.4147685750210903","10","844","3","21026","AQP1,RHBG,RHAG"
"GO:BP","DNA integration","GO:0015074","true","0.03847967762763295","1.4147685750210903","10","844","3","21026","ENSG00000287839,NYNRIN,SCAND3"
"GO:BP","regulation of protein secretion","GO:0050708","false","0.03847967762763295","1.4147685750210903","269","844","20","21026","GPER1,TLR2,ADAM9,RHBDF2,HCAR2,PFKFB2,FFAR2,INHBB,IL1B,ALOX5,C1QTNF12,ADRA2A,PPARG,CHGA,TREM2,DOC2B,ABCA12,APOE,ACHE,CELA2A"
"GO:BP","plasma cell differentiation","GO:0002317","false","0.03847967762763295","1.4147685750210903","10","844","3","21026","BCL6,CR1,IL10"
"GO:BP","glycerol-3-phosphate metabolic process","GO:0006072","true","0.03847967762763295","1.4147685750210903","10","844","3","21026","GPAT3,GK,GK3"
"GO:BP","nitric oxide-cGMP-mediated signaling","GO:0038060","false","0.03847967762763295","1.4147685750210903","10","844","3","21026","CD36,THBS1,APOE"
"GO:BP","negative regulation of transporter activity","GO:0032410","false","0.03847967762763295","1.4147685750210903","55","844","7","21026","MMP9,GSTO1,TLR9,PCSK9,KCNE1,ADRA2A,SNCA"
"GO:BP","response to xenobiotic stimulus","GO:0009410","false","0.03847967762763295","1.4147685750210903","439","844","29","21026","AIM2,GAS6,GSTO1,STAT1,S100A12,MAP2K6,TSPO,IGFBP2,SLC22A1,IL1B,ACSL1,SMTNL1,THBS1,MMP2,ITGB3,PPARG,ASS1,SLCO2B1,IL10,LPO,ABCB11,SLC1A3,COL1A1,SNCA,CMBL,MAOB,FGF8,HTR2B,UCHL1"
"GO:BP","regulation of apoptotic cell clearance","GO:2000425","false","0.03847967762763295","1.4147685750210903","10","844","3","21026","C2,TGM2,TREM2"
"GO:BP","bile acid secretion","GO:0032782","false","0.03847967762763295","1.4147685750210903","10","844","3","21026","SLC51A,ABCB11,CES1"
"GO:BP","negative regulation of cholesterol storage","GO:0010887","false","0.03847967762763295","1.4147685750210903","10","844","3","21026","PPARG,TREM2,CES1"
"GO:BP","respiratory burst involved in inflammatory response","GO:0002536","false","0.03847967762763295","1.4147685750210903","10","844","3","21026","GRN,S100A9,SLAMF8"
"GO:BP","axonemal dynein complex assembly","GO:0070286","true","0.038551036701426095","1.413963938555828","42","844","6","21026","DNAH17,DNAH2,DNAAF1,DNAH5,DNAH7,DRC1"
"GO:BP","prostaglandin transport","GO:0015732","false","0.038990505448322214","1.4090411348557588","30","844","5","21026","MAP2K6,SLC22A1,PLA2G4A,IL1B,SLCO2B1"
"GO:BP","cellular response to low-density lipoprotein particle stimulus","GO:0071404","false","0.038990505448322214","1.4090411348557588","30","844","5","21026","FCER1G,CD36,PPARG,TREM2,CES1"
"GO:BP","erythrocyte homeostasis","GO:0034101","false","0.038990505448322214","1.4090411348557588","147","844","13","21026","STAT1,BCL6,MAPK14,KLF1,MPIG6B,TSPO2,FAM210B,AHSP,BPGM,SLC4A1,TRIM58,EPB42,RHAG"
"GO:BP","peptide transport","GO:0015833","false","0.039093888872949914","1.4078911258824742","288","844","21","21026","GPER1,MGST1,TAP1,PFKFB2,FFAR2,INHBB,IL1B,ALOX5,FFAR3,TRPV4,CPE,C1QTNF12,CD209,ADRA2A,S100A8,AQP1,CHGA,DOC2B,ABCA12,FAM3B,CELA2A"
"GO:BP","response to oxygen levels","GO:0070482","false","0.039093888872949914","1.4078911258824742","344","844","24","21026","TLR2,AGTRAP,KCNMA1,ATG7,PLOD1,AK4,FAS,PINK1,ADM,NOL3,PML,THBS1,MMP14,TRPV4,MMP2,PLOD2,PLAU,AQP1,PPARG,CBS,TREM2,COL1A1,RYR2,DDAH1"
"GO:BP","establishment of protein localization to extracellular region","GO:0035592","false","0.039093888872949914","1.4078911258824742","382","844","26","21026","GPER1,TLR2,ADAM9,RHBDF2,HCAR2,RAB13,EDNRB,PFKFB2,FFAR2,INHBB,IL1B,ALOX5,AP1M2,C1QTNF12,ADRA2A,PPARG,CHGA,TREM2,SUCNR1,MTTP,DOC2B,ABCA12,APOE,ACHE,FAM3B,CELA2A"
"GO:BP","myeloid cell homeostasis","GO:0002262","false","0.03924254888111444","1.406242792090956","181","844","15","21026","HCAR2,STAT1,BCL6,MAPK14,FCAR,KLF1,MPIG6B,TSPO2,FAM210B,AHSP,BPGM,SLC4A1,TRIM58,EPB42,RHAG"
"GO:BP","osteoblast differentiation","GO:0001649","false","0.03979345522002236","1.4001883499252217","234","844","18","21026","VCAN,IFITM1,CLEC5A,TNFAIP6,TMEM119,MAPK14,MAP2K6,CEBPD,CLIC1,ALPL,GLI3,PPARG,LTF,COL1A1,ACHE,CREB3L1,ERFE,RORB"
"GO:BP","response to reactive oxygen species","GO:0000302","false","0.04045543812368624","1.3930230911502088","199","844","16","21026","HP,ADAM9,MMP9,LRRK2,TRPM2,PINK1,STAT1,CD36,NME8,MPO,IL18RAP,MMP2,SDC1,AQP1,COL1A1,APOE"
"GO:BP","negative regulation of secretion by cell","GO:1903531","false","0.040941831138587424","1.3878327372572978","148","844","13","21026","CD300A,RHBDF2,TSPO,CEACAM1,FFAR2,INHBB,IL1B,OSM,ADRA2A,CHGA,SNCA,APOE,MAOB"
"GO:BP","regulation of transporter activity","GO:0032409","false","0.0410916253152018","1.3862466805569749","182","844","15","21026","MMP9,GSTO1,ASPH,TLR9,SCN1B,PCSK9,KCNE1,ADRA2A,FGF13,ATP1B2,TREM2,RELN,SNCA,NOS1AP,ANK2"
"GO:BP","lymphocyte differentiation","GO:0030098","false","0.041480738079372234","1.3821535246806151","442","844","29","21026","SMARCD3,LOXL3,IL27,FCER1G,FLT3,GAS6,IL18R1,NFAM1,IRF1,CLEC4E,GBA1,VNN1,BCL6,FZD5,SEMA4A,TLR9,SOCS3,CR1,IL1B,MMP14,SLAMF8,PGLYRP1,ADGRG3,FUT7,GLI3,HLA-G,CLEC4D,IL10,TMEM98"
"GO:BP","muscle tissue morphogenesis","GO:0060415","false","0.041507680157094835","1.381871538438543","70","844","8","21026","MYBPC3,NRG1,LRP2,MYH7,COL11A1,ZFPM2,RYR2,FOXC1"
"GO:BP","cell communication involved in cardiac conduction","GO:0086065","false","0.04160149647872274","1.3808910467587816","56","844","7","21026","DSC2,SCN1B,ATP1B2,GJD3,RYR2,ANK2,IRX3"
"GO:BP","response to organophosphorus","GO:0046683","false","0.041946529967936616","1.3773039604159596","132","844","12","21026","ASPH,AQP9,P2RX1,STAT1,INHBB,IL1B,KCNE1,SDC1,AANAT,AQP1,ASS1,COL1A1"
"GO:BP","regulation of cation channel activity","GO:2001257","false","0.04235615200201424","1.3730835018270828","85","844","9","21026","MMP9,GSTO1,ASPH,SCN1B,KCNE1,FGF13,TREM2,NOS1AP,ANK2"
"GO:BP","aminoglycan metabolic process","GO:0006022","false","0.04235615200201424","1.3730835018270828","85","844","9","21026","GNS,TNFAIP6,CHIT1,B3GNT8,NDST1,IL1B,PGLYRP1,PGLYRP4,FOXC1"
"GO:BP","amyloid fibril formation","GO:1990000","false","0.042474343892072344","1.3718733210228553","43","844","6","21026","CLU,CD36,CAMP,TREM2,SNCA,APOE"
"GO:BP","positive regulation of cation channel activity","GO:2001259","false","0.042474343892072344","1.3718733210228553","43","844","6","21026","GSTO1,ASPH,SCN1B,FGF13,TREM2,ANK2"
"GO:BP","regulation of catecholamine secretion","GO:0050433","false","0.042474343892072344","1.3718733210228553","43","844","6","21026","PINK1,FFAR3,ADRA2A,CHGA,SNCA,SYT1"
"GO:BP","regulation of oxidative stress-induced intrinsic apoptotic signaling pathway","GO:1902175","false","0.042474343892072344","1.3718733210228553","43","844","6","21026","PINK1,VNN1,NOL3,MMP2,IL10,TREM2"
"GO:BP","acid secretion","GO:0046717","false","0.042474343892072344","1.3718733210228553","43","844","6","21026","SLC51A,HRH2,NTSR1,SLC22A16,ABCB11,CES1"
"GO:BP","maintenance of location","GO:0051235","false","0.042560910528250985","1.3709890895202195","218","844","17","21026","GPER1,GM2A,GSTO1,ASPH,TRPM2,PINK1,NOL3,TSPO,PML,GP9,ITGB3,NTSR1,SNCA,APOE,RYR2,HTR2B,ANK2"
"GO:BP","regulation of viral entry into host cell","GO:0046596","false","0.0439641867363137","1.3569009561507834","31","844","5","21026","TRIM21,TRIM25,TRIM22,TRIM58,TMPRSS4"
"GO:BP","regulation of leukocyte adhesion to vascular endothelial cell","GO:1904994","false","0.0439641867363137","1.3569009561507834","31","844","5","21026","ELANE,ALOX5,SELP,ST3GAL4,FUT7"
"GO:BP","regulation of autophagy","GO:0010506","true","0.0439641867363137","1.3569009561507834","367","844","25","21026","ZDHHC19,CTSA,TRIM21,GAPDH,DRAM1,GBA1,LRRK2,PINK1,TRIM22,FZD5,SH3GLB1,TSPO,TLR9,RALB,TOM1,NOD2,NLRP6,NUPR1,IL10,TREM2,TRIM58,SNCA,DCN,ERFE,UCHL1"
"GO:BP","negative regulation of T cell mediated immunity","GO:0002710","false","0.0439641867363137","1.3569009561507834","31","844","5","21026","CD274,CEACAM1,ARG1,NOD2,HLA-G"
"GO:BP","positive regulation of lymphocyte mediated immunity","GO:0002708","false","0.0439641867363137","1.3569009561507834","133","844","12","21026","FCGR1A,SECTM1,IL18R1,FZD5,CD55,IL18RAP,IL1R1,NOD2,IL1B,RASGRP4,HLA-G,TREM2"
"GO:BP","negative regulation of cell junction assembly","GO:1901889","false","0.0439641867363137","1.3569009561507834","31","844","5","21026","TLR2,IL1B,THBS1,MMP14,DLC1"
"GO:BP","regulation of calcium ion-dependent exocytosis","GO:0017158","false","0.0439641867363137","1.3569009561507834","31","844","5","21026","RPH3A,ADRA2A,DOC2B,SYT9,SYT1"
"GO:BP","regulation of antigen processing and presentation","GO:0002577","false","0.04443770573622495","1.35224837123923","20","844","4","21026","NOD2,SLC11A1,THBS1,TREM2"
"GO:BP","positive regulation of icosanoid secretion","GO:0032305","false","0.04443770573622495","1.35224837123923","20","844","4","21026","MAP2K6,PLA2G4A,IL1B,NTSR1"
"GO:BP","regulation of oxidative stress-induced neuron intrinsic apoptotic signaling pathway","GO:1903376","false","0.04443770573622495","1.35224837123923","20","844","4","21026","PINK1,MMP2,IL10,TREM2"
"GO:BP","negative regulation of leukocyte chemotaxis","GO:0002689","false","0.04443770573622495","1.35224837123923","20","844","4","21026","TNFAIP6,SLAMF8,PADI2,CYP19A1"
"GO:BP","MyD88-dependent toll-like receptor signaling pathway","GO:0002755","false","0.04443770573622495","1.35224837123923","20","844","4","21026","IRAK3,CD300A,IRF1,TLR9"
"GO:BP","lipoprotein transport","GO:0042953","true","0.04443770573622495","1.35224837123923","20","844","4","21026","CD36,PPARG,MSR1,MTTP"
"GO:BP","cartilage condensation","GO:0001502","false","0.04443770573622495","1.35224837123923","20","844","4","21026","MAPK14,MGP,COL11A1,COL2A1"
"GO:BP","regulation of T cell activation","GO:0050863","false","0.0447527828361743","1.3491799540281173","387","844","26","21026","SMARCD3,DUSP3,LOXL3,IL27,CD274,PDCD1LG2,CD300A,IRF1,VNN1,BCL6,CD55,IGFBP2,ARG1,CR1,NOD2,VSIG4,IL1B,FLOT2,AIF1,GLI3,SPTA1,HLA-G,CTSG,CD209,TARM1,IL10"
"GO:BP","cholesterol efflux","GO:0033344","false","0.0447592955265591","1.3491167575175864","57","844","7","21026","NPC2,CETP,PPARG,TREM2,CES1,ABCA12,APOE"
"GO:BP","amyloid-beta metabolic process","GO:0050435","false","0.0447592955265591","1.3491167575175864","57","844","7","21026","CLU,PSENEN,CD36,RTN2,TREM2,APOE,LRP4"
"GO:BP","positive regulation of smooth muscle cell proliferation","GO:0048661","false","0.0447592955265591","1.3491167575175864","86","844","9","21026","MMP9,STAT1,ELANE,THBS1,AIF1,MMP2,ITGB3,IL10,NOTCH3"
"GO:BP","toll-like receptor 4 signaling pathway","GO:0034142","false","0.0447592955265591","1.3491167575175864","57","844","7","21026","CD14,NMI,IFI35,LY96,ACOD1,LTF,TREM2"
"GO:BP","sequestering of calcium ion","GO:0051208","false","0.04598970302300186","1.3373393948592733","134","844","12","21026","GPER1,GSTO1,ASPH,TRPM2,NOL3,GP9,ITGB3,NTSR1,SNCA,RYR2,HTR2B,ANK2"
"GO:BP","protein localization to extracellular region","GO:0071692","false","0.04598970302300186","1.3373393948592733","388","844","26","21026","GPER1,TLR2,ADAM9,RHBDF2,HCAR2,RAB13,EDNRB,PFKFB2,FFAR2,INHBB,IL1B,ALOX5,AP1M2,C1QTNF12,ADRA2A,PPARG,CHGA,TREM2,SUCNR1,MTTP,DOC2B,ABCA12,APOE,ACHE,FAM3B,CELA2A"
"GO:BP","negative regulation of secretion","GO:0051048","false","0.04677896112337715","1.3299494273193961","168","844","14","21026","CD300A,RHBDF2,TSPO,CEACAM1,FFAR2,INHBB,IL1B,OSM,NRG1,ADRA2A,CHGA,SNCA,APOE,MAOB"
"GO:BP","regulation of cellular response to insulin stimulus","GO:1900076","false","0.047666744899691596","1.3217845044683807","72","844","8","21026","CTSD,GRB10,ECHDC3,SOCS3,IL1B,C1QTNF12,PPARG,ERFE"
"GO:BP","regulation of receptor internalization","GO:0002090","false","0.047666744899691596","1.3217845044683807","72","844","8","21026","CD63,FLOT1,NECAB2,PCSK9,NRG1,ITGB3,GSG1L,SFRP4"
"GO:BP","inorganic anion transport","GO:0015698","false","0.04877201462936227","1.311829304602319","169","844","14","21026","APOL1,SLC26A8,TSPO,SLC11A1,CLIC1,ANO5,TG,ANO2,BEST3,SLC4A1,SLC1A3,SFRP4,GABRB3,BSND"
"GO:BP","polyol transmembrane transport","GO:0015791","false","0.04877201462936227","1.311829304602319","11","844","3","21026","AQP9,AQP10,AQP1"
"GO:BP","neuron projection regeneration","GO:0031102","true","0.04877201462936227","1.311829304602319","58","844","7","21026","SCARF1,GRN,ADM,TSPO,FOLR1,KREMEN1,MMP2"
"GO:BP","negative regulation of cellular response to hypoxia","GO:1900038","true","0.04877201462936227","1.311829304602319","11","844","3","21026","PINK1,NOL3,DDAH1"
"GO:BP","lipid glycosylation","GO:0030259","true","0.04877201462936227","1.311829304602319","11","844","3","21026","GBA1,ST3GAL4,A3GALT2"
"GO:BP","polyol catabolic process","GO:0046174","false","0.04877201462936227","1.311829304602319","11","844","3","21026","GK,GK3,NTSR1"
"GO:BP","pyrimidine deoxyribonucleoside monophosphate metabolic process","GO:0009176","false","0.04877201462936227","1.311829304602319","11","844","3","21026","TYMP,UPP1,NT5M"
"GO:BP","cardiac chamber development","GO:0003205","false","0.04877201462936227","1.311829304602319","169","844","14","21026","SMARCD3,NDST1,MYBPC3,NRG1,CPE,LRP2,MYH7,COL11A1,ZFPM2,RYR2,FGF8,FOXC1,ANK2,NRP1"
"GO:BP","lipoxygenase pathway","GO:0019372","false","0.04877201462936227","1.311829304602319","11","844","3","21026","ALOX5AP,ALOX5,ALOX15B"
"GO:BP","epinephrine transport","GO:0048241","false","0.04877201462936227","1.311829304602319","11","844","3","21026","SLC22A1,ADRA2A,SLC22A3"
"GO:BP","regulation of dendritic cell antigen processing and presentation","GO:0002604","false","0.04877201462936227","1.311829304602319","11","844","3","21026","NOD2,SLC11A1,THBS1"
"GO:BP","small molecule catabolic process","GO:0044282","false","0.04877201462936227","1.311829304602319","371","844","25","21026","SCARF1,NPL,GK,HK3,KYNU,PLIN5,PFKFB2,SDSL,ARG1,SLC16A3,UPP1,CDA,GK3,NQO2,FUT7,DDO,CYP27A1,NTSR1,CBS,ABCB11,ACOX2,APOE,CRYM,DDAH1,PAH"
"GO:BP","apoptotic mitochondrial changes","GO:0008637","false","0.048783524414352665","1.3117268268510522","103","844","10","21026","GPER1,PLAUR,CLU,ATG3,MMP9,PINK1,NOL3,TNFSF10,SFN,BCL2A1"
"GO:BP","antigen processing and presentation of peptide antigen via MHC class II","GO:0002495","false","0.048783524414352665","1.3117268268510522","32","844","5","21026","FCER1G,CTSD,IFI30,TREM2,CTSV"
"GO:BP","cellular response to vitamin","GO:0071295","false","0.048783524414352665","1.3117268268510522","32","844","5","21026","GAS6,FOLR1,FES,PPARG,COL1A1"
"GO:BP","cell-substrate junction organization","GO:0150115","false","0.048783524414352665","1.3117268268510522","103","844","10","21026","DUSP3,COL17A1,THBS1,MMP14,ITGB3,ITGB4,DLC1,LAMA3,FN1,NRP1"
"GO:BP","regulation of myeloid cell apoptotic process","GO:0033032","false","0.048783524414352665","1.3117268268510522","32","844","5","21026","GAS6,HCAR2,CLEC5A,FCAR,NOD2"
"GO:BP","gliogenesis","GO:0042063","false","0.048783524414352665","1.3117268268510522","352","844","24","21026","TLR2,VCAN,CLU,GRN,GBA1,S100A9,TSPO,C1QA,IL1B,FPR2,AZU1,MMP14,ITGB4,GLI3,S100A8,ATP1B2,PARD3,PPARG,LRP2,TREM2,NR2E1,TMEM98,RELN,CRB1"
"GO:BP","regulation of interferon-alpha production","GO:0032647","false","0.048783524414352665","1.3117268268510522","32","844","5","21026","TLR8,STAT1,NMI,TLR9,IL10"
"GO:BP","interferon-alpha production","GO:0032607","false","0.048783524414352665","1.3117268268510522","32","844","5","21026","TLR8,STAT1,NMI,TLR9,IL10"
"GO:BP","anatomical structure maturation","GO:0071695","false","0.049156345934887206","1.3084204081146438","277","844","20","21026","SCARF1,TUT7,GBA1,LRRK2,EDNRB,FZD5,ALDH1A2,ROPN1L,INSL3,GLDN,C1QA,KCNE1,CNGB1,MMP2,FAM210B,PPARG,LTF,TRIM58,EPB42,ADAMTS7"
