"source","term_name","term_id","highlighted","adjusted_p_value","negative_log10_of_adjusted_p_value","term_size","query_size","intersection_size","effective_domain_size","intersections"
"GO:BP","regulation of inflammatory response","GO:0050727","false","7.804742187302413e-16","15.107641438339064","390","1336","75","21026","GBP2,AIM2,FCGR1A,CASP1,GPER1,TLR2,GRN,CD200,CASP4,GBP1,MMP9,GBA1,RHBDF2,S100A9,NT5E,LRRK2,NLRC4,GBP5,EDNRB,TNFAIP6,BCL6,MAPK14,NMI,ELANE,S100A12,NAIP,STAP1,CCR7,ALOX5AP,CST7,GBP3,TLR9,BST1,FFAR2,LILRA5,IL1R1,IFI35,SOCS3,NOD2,WFDC1,GGT1,IL1B,FPR2,CARD16,CD28,SBNO2,ALOX5,CASP5,SLAMF8,HCK,FFAR3,PLA2G2D,PGLYRP1,FUT7,TRPV4,OSM,MMP8,NLRP6,NUPR1,ADORA1,C1QTNF12,ACOD1,S100A8,CYP19A1,PPARG,DNASE1L3,GPRC5B,IL10,TREM2,SUCNR1,SNCA,APOE,TEK,IL6,CD200R1L"
"GO:BP","chemotaxis","GO:0006935","false","5.844571534754437e-14","13.233247321441821","467","1336","80","21026","DUSP3,CXCR5,CCRL2,ANOS1,FCER1G,S1PR1,PLP2,CCR6,GAS6,C3AR1,PLAUR,ITGA9,TYMP,S100A9,CCL28,FPR1,TRPM2,RAB13,EDNRB,TNFAIP6,MAPK14,ELANE,S100A12,SEMA4A,STAP1,CXCL16,CCR7,BST1,FFAR2,PLEKHG5,CCR9,NOD2,LEF1,FES,IL1B,CMTM5,FPR2,GPR183,PPBP,ALOX5,AZU1,ADGRE2,SEMA3B,THBS1,DOCK4,SLAMF8,SEMA6B,AIF1,TRPV4,PF4,NRG1,PADI2,MMP2,MMP28,ITGB3,CMTM2,PLAU,CTSG,CNR2,S100A8,NTN1,CYP19A1,PF4V1,CHGA,THBS4,IL10,CCL23,F3,TREM2,ROBO1,BMP4,SUCNR1,WNT7B,NTRK3,RNASE2,FGF8,ARTN,IL6,TUBB2B,NRP1"
"GO:BP","taxis","GO:0042330","false","7.34327024066333e-14","13.134110488969187","469","1336","80","21026","DUSP3,CXCR5,CCRL2,ANOS1,FCER1G,S1PR1,PLP2,CCR6,GAS6,C3AR1,PLAUR,ITGA9,TYMP,S100A9,CCL28,FPR1,TRPM2,RAB13,EDNRB,TNFAIP6,MAPK14,ELANE,S100A12,SEMA4A,STAP1,CXCL16,CCR7,BST1,FFAR2,PLEKHG5,CCR9,NOD2,LEF1,FES,IL1B,CMTM5,FPR2,GPR183,PPBP,ALOX5,AZU1,ADGRE2,SEMA3B,THBS1,DOCK4,SLAMF8,SEMA6B,AIF1,TRPV4,PF4,NRG1,PADI2,MMP2,MMP28,ITGB3,CMTM2,PLAU,CTSG,CNR2,S100A8,NTN1,CYP19A1,PF4V1,CHGA,THBS4,IL10,CCL23,F3,TREM2,ROBO1,BMP4,SUCNR1,WNT7B,NTRK3,RNASE2,FGF8,ARTN,IL6,TUBB2B,NRP1"
"GO:BP","myeloid leukocyte activation","GO:0002274","false","2.8398677807588635e-13","12.546701879468294","244","1336","53","21026","MILR1,FCER1G,TLR2,LTBR,CD300A,ADAM9,ITGAM,CLU,GRN,FCER2,CD200,BATF2,LRRK2,TYROBP,BPI,NMI,S100A12,STAP1,CST7,TLR9,IL18RAP,PLA2G4A,IFI35,FCAR,DYSF,C1QA,SLC11A1,VSIG4,FES,FPR2,CAMP,CAMK4,SBNO2,AZU1,ADGRE2,THBS1,ANXA3,PLSCR1,AIF1,CD177,MMP8,CLEC4D,CTSG,CNR2,DNASE1L3,CHGA,IL10,TREM2,SUCNR1,MT1G,SNCA,FN1,IL6"
"GO:BP","response to lipopolysaccharide","GO:0032496","false","4.2833320356359337e-13","12.368218258628124","339","1336","64","21026","IRAK3,GBP2,IL24,CASP1,CD274,PDCD1LG2,TLR2,ADAM9,TLR5,MMP9,S100A9,CD14,GBP5,EDNRB,CD36,BPI,MAPK14,ELANE,ADM,STAP1,CCR7,LOXL1,GBP3,CD55,TSPO,TLR9,DEFA3,MPO,FCAR,NOD2,SLC11A1,IL1B,CAMP,CARD16,SBNO2,PPBP,SELP,DEFA4,HCK,ALPL,C2,LY96,PF4,MMP8,GJB6,PTGFR,CTSG,ACOD1,SLPI,CNR2,S100A8,PF4V1,LTF,ASS1,MRC1,IL10,IL36A,TREM2,SNCA,CYP27B1,MAOB,PTGER1,IL23R,IL6"
"GO:BP","response to molecule of bacterial origin","GO:0002237","false","1.4203844115323101e-12","11.847594102649392","357","1336","65","21026","IRAK3,GBP2,IL24,CASP1,CD274,PDCD1LG2,TLR2,ADAM9,TLR5,MMP9,S100A9,CD14,GBP5,EDNRB,CD36,BPI,MAPK14,ELANE,ADM,FZD5,STAP1,CCR7,LOXL1,GBP3,CD55,TSPO,TLR9,DEFA3,MPO,FCAR,NOD2,SLC11A1,IL1B,CAMP,CARD16,SBNO2,PPBP,SELP,DEFA4,HCK,ALPL,C2,LY96,PF4,MMP8,GJB6,PTGFR,CTSG,ACOD1,SLPI,CNR2,S100A8,PF4V1,LTF,ASS1,MRC1,IL10,IL36A,TREM2,SNCA,CYP27B1,MAOB,PTGER1,IL23R,IL6"
"GO:BP","defense response to bacterium","GO:0042742","false","1.6926943510324087e-12","11.771421455147916","332","1336","62","21026","GBP2,FCGR1A,H2BC12,HP,STAB1,CASP1,FCER1G,TLR2,H2BC6,CFP,GRN,CASP4,GBP1,CLEC4E,IGHM,S100A9,EMILIN2,NLRC4,GBP5,CD36,BPI,ELANE,S100A12,NAIP,GBP3,TLR9,DEFA3,MPO,H2BC12L,NOD2,RNASE1,SLC11A1,IL7R,IL1B,FPR2,CAMP,RASGRP4,GBP6,PPBP,SELP,AZU1,DEFA4,ANXA3,SLAMF8,PGLYRP1,LCN2,GBP4,NLRP6,CLEC4D,CTSG,SLPI,S100A8,AQP1,CHGA,LTF,IL10,LPO,TREM2,PGLYRP4,IL23R,IL6,PRG2"
"GO:BP","humoral immune response","GO:0006959","false","1.8337373862091547e-12","11.736662860534402","281","1336","56","21026","FCMR,H2BC12,H2BC6,CCR6,BLNK,GAPDH,CLU,CFP,PRTN3,MS4A1,FCER2,FCN1,IGHM,S100A9,CR2,ELANE,S100A12,CCR7,CD55,BST1,DEFA3,H2BC12L,SERPING1,CR1,NOD2,C1QA,SLC11A1,VSIG4,IL1B,CAMP,GPR183,CD28,PPBP,ALOX5,AZU1,C1R,DEFA4,C2,PGLYRP1,PF4,FOXJ1,CFB,CTSG,ACOD1,SLPI,CR1L,PF4V1,LTF,CD5L,CCL23,PRSS3,C1QC,TREM2,PGLYRP4,GATA6,IL6"
"GO:BP","immune response-regulating cell surface receptor signaling pathway","GO:0002768","false","5.353683878191226e-12","11.271347276408406","341","1336","62","21026","DUSP3,BLK,CD79A,FCMR,CD19,FCGR1A,CD22,FCER1G,TLR2,CD79B,BANK1,CD300A,BLNK,C3AR1,FCGR2A,ITGAM,TLR5,FCRL3,ICOSLG,BMX,MS4A1,CD72,FCER2,GBP1,FCN1,LIMK1,NFAM1,CLEC4E,IGHM,FPR1,CD14,CR2,TYROBP,BTNL9,NMI,OSCAR,STAP1,CCR7,CEACAM1,FFAR2,IFI35,FCAR,CR1,MNDA,NOD2,BTLA,FPR2,GCSAM,CD28,HCK,PLSCR1,LY96,CLEC6A,CLEC12B,PAWR,HLA-G,CLEC4D,ACOD1,LTF,FCGR3B,TREM2,ZNF683"
"GO:BP","leukocyte migration","GO:0050900","false","1.1690550340979666e-11","10.932165043635015","402","1336","68","21026","CXCR5,FCER1G,ICAM1,CD300A,S1PR1,CCR6,GAS6,C3AR1,SELL,ITGA9,PRTN3,CD200,GBA1,S100A9,ITGA2B,CCL28,TRPM2,EDNRB,TNFAIP6,ELANE,S100A12,ADD2,STAP1,CXCL16,CCR7,BST1,FFAR2,ITGA7,IL1R1,NOD2,IL1B,FPR2,GCSAM,GPR183,PPBP,ALOX5,SELP,AZU1,ADGRE2,THBS1,MMP14,SLAMF8,HCK,ST3GAL4,AIF1,CD177,FUT7,TRPV4,PF4,PADI2,MMP2,MMP28,ITGB3,FOXJ1,ADORA1,DBH,CTSG,CNR2,S100A8,CYP19A1,PF4V1,CHGA,THBS4,IL10,CCL23,TREM2,ARTN,IL6"
"GO:BP","positive regulation of inflammatory response","GO:0050729","false","2.2150805861937635e-11","10.654610469213988","153","1336","38","21026","GBP2,AIM2,FCGR1A,CASP1,TLR2,GRN,CASP4,GBP1,S100A9,LRRK2,NLRC4,GBP5,NMI,S100A12,NAIP,STAP1,CCR7,ALOX5AP,GBP3,TLR9,FFAR2,LILRA5,IFI35,IL1B,CD28,CASP5,FFAR3,TRPV4,OSM,MMP8,NLRP6,NUPR1,S100A8,GPRC5B,TREM2,SUCNR1,SNCA,IL6"
"GO:BP","immune response-activating signaling pathway","GO:0002757","false","1.589102111191138e-10","9.798848195365284","494","1336","75","21026","DUSP3,BLK,CD79A,FCMR,IRAK3,GBP2,CD19,AIM2,CD22,CASP1,CD274,FCER1G,TLR2,CD79B,BANK1,CD300A,BLNK,C3AR1,ALPK1,ITGAM,TLR5,TRIM25,FCRL3,ICOSLG,TIFA,BMX,MS4A1,CD72,TLR8,GBP1,FCN1,LIMK1,NFAM1,IRF1,CLEC4E,IGHM,S100A9,FPR1,NLRC4,CD14,GBP5,CR2,TYROBP,CD36,BTNL9,NMI,NAIP,STAP1,CCR7,MAP2K6,TLR9,CEACAM1,FFAR2,IFI35,CR1,MNDA,NOD2,FLOT1,FPR2,GCSAM,CD28,HCK,PLSCR1,LY96,CLEC6A,NLRP6,PAWR,TREML4,ACOD1,S100A8,LTF,TREM2,ZNF683,TSPAN6,LGR4"
"GO:BP","macrophage activation","GO:0042116","false","3.8249945890336675e-10","9.417369174877548","109","1336","30","21026","TLR2,ITGAM,CLU,GRN,FCER2,CD200,LRRK2,TYROBP,BPI,NMI,STAP1,CST7,TLR9,PLA2G4A,IFI35,DYSF,C1QA,SLC11A1,VSIG4,FPR2,SBNO2,AZU1,THBS1,AIF1,MMP8,IL10,TREM2,SUCNR1,SNCA,IL6"
"GO:BP","cellular response to molecule of bacterial origin","GO:0071219","false","4.4886499685556206e-10","9.347884260192439","225","1336","45","21026","IRAK3,GBP2,IL24,CASP1,CD274,PDCD1LG2,TLR2,ADAM9,TLR5,MMP9,CD14,GBP5,EDNRB,CD36,BPI,MAPK14,FZD5,STAP1,GBP3,CD55,TSPO,TLR9,DEFA3,FCAR,NOD2,IL1B,CAMP,CARD16,SBNO2,PPBP,DEFA4,HCK,LY96,PF4,MMP8,CTSG,ACOD1,PF4V1,LTF,ASS1,MRC1,IL10,IL36A,TREM2,IL6"
"GO:BP","cellular response to lipopolysaccharide","GO:0071222","false","1.2121770694808826e-9","8.916433935713","215","1336","43","21026","IRAK3,GBP2,IL24,CASP1,CD274,PDCD1LG2,TLR2,ADAM9,TLR5,MMP9,CD14,GBP5,EDNRB,CD36,BPI,MAPK14,STAP1,GBP3,CD55,TSPO,TLR9,DEFA3,FCAR,NOD2,IL1B,CAMP,CARD16,SBNO2,PPBP,DEFA4,HCK,LY96,PF4,MMP8,CTSG,ACOD1,PF4V1,LTF,ASS1,MRC1,IL10,IL36A,IL6"
"GO:BP","response to type II interferon","GO:0034341","false","1.785962524094375e-9","8.748127658409274","123","1336","31","21026","GBP2,CASP1,TLR2,TRIM21,GAPDH,GBP1,IFITM1,RAB20,IRF1,KYNU,PARP9,GBP5,STAT1,IFITM3,CXCL16,GBP3,ARG1,FCAR,SLC11A1,IFITM2,GBP6,HCK,AIF1,GBP4,ACOD1,PPARG,ASS1,MRC1,SNCA,CYP27B1,IL23R"
"GO:BP","neuroinflammatory response","GO:0150076","false","4.577919062075614e-9","8.339331889949959","79","1336","24","21026","TLR2,ITGAM,CLU,GRN,CD200,MMP9,LRRK2,TYROBP,LARGE1,STAP1,CST7,TLR9,C1QA,IL1B,FPR2,AZU1,AIF1,MMP8,NUPR1,BPGM,TREM2,SNCA,IL6,CD200R1L"
"GO:BP","cellular response to biotic stimulus","GO:0071216","false","5.906304729043498e-9","8.228684149865355","252","1336","46","21026","IRAK3,GBP2,IL24,CASP1,CD274,PDCD1LG2,TLR2,ADAM9,TLR5,MMP9,CD14,GBP5,EDNRB,CD36,BPI,MAPK14,FZD5,STAP1,GBP3,CD55,TSPO,TLR9,DEFA3,FCAR,NOD2,IL1B,CAMP,CARD16,CDA,SBNO2,PPBP,DEFA4,HCK,LY96,PF4,MMP8,CTSG,ACOD1,PF4V1,LTF,ASS1,MRC1,IL10,IL36A,TREM2,IL6"
"GO:BP","negative regulation of response to external stimulus","GO:0032102","false","9.987724229398497e-9","8.000533457440424","388","1336","60","21026","DUSP3,IRAK3,GPER1,TRIM21,PLAUR,GRN,CD200,GBA1,RHBDF2,CNTNAP2,NT5E,EPHA4,TNFAIP6,MAPK14,NMI,ELANE,STAP1,CST7,CEACAM1,SERPING1,ARG1,SOCS3,CR1,NOD2,WFDC1,VSIG4,KREMEN1,FPR2,CARD16,ALOX5,THBS1,SLAMF8,HCK,AIF1,PGLYRP1,PF4,NLRP6,PADI2,CLEC12B,MMP28,SFN,ADORA1,HLA-G,PLAU,C1QTNF12,ACOD1,CYP19A1,PPARG,LTF,FAP,TFPI,MMRN1,IL10,TREM2,ROBO1,PROS1,TNR,APOE,TEK,NRP1"
"GO:BP","acute inflammatory response","GO:0002526","false","1.1886154985900191e-8","7.924958611190178","110","1336","28","21026","FCGR1A,HP,APOL2,FCGR2A,CD163,EDNRB,VNN1,ELANE,SERPINA1,CCR7,ALOX5AP,FFAR2,IL1B,FFAR3,PLSCR1,PLA2G2D,FUT7,OSM,NLRP6,NUPR1,ADORA1,PPARG,DNASE1L3,FCGR3B,ASS1,F3,FN1,IL6"
"GO:BP","immune response-activating cell surface receptor signaling pathway","GO:0002429","false","2.587172593246922e-8","7.587174598034718","310","1336","51","21026","DUSP3,BLK,CD79A,FCMR,CD19,CD22,FCER1G,TLR2,CD79B,BANK1,CD300A,BLNK,C3AR1,ITGAM,TLR5,FCRL3,ICOSLG,BMX,MS4A1,CD72,GBP1,FCN1,LIMK1,NFAM1,IGHM,FPR1,CD14,CR2,TYROBP,BTNL9,NMI,STAP1,CCR7,CEACAM1,FFAR2,IFI35,CR1,MNDA,NOD2,FPR2,GCSAM,CD28,HCK,PLSCR1,LY96,CLEC6A,PAWR,ACOD1,LTF,TREM2,ZNF683"
"GO:BP","leukocyte mediated immunity","GO:0002443","false","3.084347287390487e-8","7.510836727733336","481","1336","68","21026","FCMR,MILR1,CD19,FCGR1A,CD274,FCER1G,ICAM1,CD300A,CCR6,SECTM1,CD40LG,FCGR2A,ITGAM,IL18R1,CLU,FCER2,TLR8,SCART1,IGHM,CR2,TYROBP,BCL6,ELANE,FZD5,STAP1,CD55,TLR9,CEACAM1,IL18RAP,IL1R1,SERPING1,ARG1,FCAR,CR1,NOD2,C1QA,IL7R,FES,IL1B,RASGRP4,CD28,AZU1,C1R,ADGRE2,ANXA3,C2,CD177,FUT7,NLRP6,CLEC12B,FOXJ1,CFB,DBH,HLA-G,CTSG,CR1L,CALHM6,DNASE1L3,CHGA,FCGR3B,IL10,C1QC,TREM2,IGHV4-28,IL23R,IGHV3-35,IL6,IGHV2-70"
"GO:BP","leukocyte chemotaxis","GO:0030595","false","3.119836374310277e-8","7.505868182775658","238","1336","43","21026","CXCR5,FCER1G,S1PR1,CCR6,GAS6,C3AR1,ITGA9,S100A9,TRPM2,EDNRB,TNFAIP6,S100A12,STAP1,CXCL16,CCR7,BST1,FFAR2,NOD2,IL1B,FPR2,GPR183,PPBP,ALOX5,AZU1,ADGRE2,THBS1,SLAMF8,AIF1,TRPV4,PF4,PADI2,MMP2,MMP28,CTSG,CNR2,S100A8,CYP19A1,PF4V1,CHGA,THBS4,IL10,CCL23,IL6"
"GO:BP","regulation of immune effector process","GO:0002697","false","3.531603169195455e-8","7.452028102124743","401","1336","60","21026","LOXL3,IRAK3,FCGR1A,IL27,CD22,CD274,ICAM1,CD300A,SECTM1,CD40LG,ITGAM,IL18R1,FCRL3,CFP,GRN,FCER2,FCN1,S100A9,CR2,TYROBP,CD36,BCL6,FZD5,STAP1,CD55,TLR9,CEACAM1,FFAR2,IL18RAP,IL1R1,SERPING1,ARG1,CR1,NOD2,VSIG4,IL7R,FES,IL1B,RASGRP4,CD28,ADGRE2,SLAMF8,FFAR3,PGLYRP1,CD177,FUT7,CLEC12B,FOXJ1,HLA-G,CR1L,CALHM6,DNASE1L3,CD5L,GPRC5B,IL10,TREM2,ZNF683,IL23R,IL6,PRG2"
"GO:BP","positive regulation of cytokine production","GO:0001819","false","3.693270879112746e-8","7.432588838303616","494","1336","69","21026","IRAK3,AIM2,IL27,CASP1,CD274,HPSE,FCER1G,TLR2,SECTM1,CD40LG,C3AR1,FCGR2A,TLR5,IL18R1,GAPDH,CLU,TLR8,CD200,FCN1,NFAM1,IRF1,CLEC4E,LRRK2,NLRC4,CD14,GBP5,CLEC5A,TYROBP,STAT1,CD36,MAPK14,ELANE,FZD5,NAIP,CCR7,CD55,TLR9,FFAR2,LILRA5,IL1R1,NOD2,SLC11A1,FLOT1,IL1B,CD28,AZU1,THBS1,FFAR3,AIF1,LY96,CLEC6A,TRPV4,OSM,PF4,MMP8,NFATC4,FLT4,HLA-G,ADRA2A,GPRC5B,IL10,F3,IL36A,TREM2,ALOX15B,IL23R,HTR2B,IL6,PRG2"
"GO:BP","external encapsulating structure organization","GO:0045229","true","6.748325178240332e-8","7.170803998443192","329","1336","52","21026","LOXL3,ADAMTS2,MMP11,AEBP1,GAS6,MMP9,AXIN2,LARGE1,ELANE,LOXL1,OLFML2B,COL17A1,MMP25,MMP19,CRISPLD2,FLOT1,SH3PXD2B,COL4A3,CAV2,MMP14,COL19A1,MMP8,COL27A1,MMP2,MMP28,ITGB3,COL4A4,CTSG,PPARG,COL5A3,FAP,COL4A2,HPN,NR2E1,PRDM5,COL11A1,SMOC1,TNR,COL1A1,COL13A1,COL1A2,FOXC1,ADAMTS9,HRNR,MMP1,CREB3L1,ADAMTS7,HPSE2,IL6,VIT,COL2A1,CTSV"
"GO:BP","cell chemotaxis","GO:0060326","false","9.957943270601864e-8","7.001830352185358","323","1336","51","21026","CXCR5,CCRL2,FCER1G,S1PR1,CCR6,GAS6,C3AR1,ITGA9,S100A9,CCL28,TRPM2,RAB13,EDNRB,TNFAIP6,S100A12,STAP1,CXCL16,CCR7,BST1,FFAR2,PLEKHG5,CCR9,NOD2,LEF1,IL1B,FPR2,GPR183,PPBP,ALOX5,AZU1,ADGRE2,THBS1,DOCK4,SLAMF8,AIF1,TRPV4,PF4,PADI2,MMP2,MMP28,CTSG,CNR2,S100A8,CYP19A1,PF4V1,CHGA,THBS4,IL10,CCL23,IL6,NRP1"
"GO:BP","phagocytosis","GO:0006909","false","1.3452744673600525e-7","6.87118910042042","241","1336","42","21026","FCGR1A,FCER1G,TLR2,CD300A,GAS6,FCGR2A,ITGAM,CFP,PRTN3,ATG3,DOCK1,RAB20,FCN1,LIMK1,CD14,MYO7A,TYROBP,CEACAM4,CD36,ELANE,STAP1,PLD4,NOD2,DYSF,SLC11A1,NCF4,FPR2,AZU1,THBS1,ANXA3,HCK,PLSCR1,AIF1,C2,ITGB3,TGM2,ADORA1,PPARG,MARCO,MSR1,TREM2,TUB"
"GO:BP","extracellular matrix organization","GO:0030198","false","1.4557585706627119e-7","6.836910644338216","327","1336","51","21026","LOXL3,ADAMTS2,MMP11,AEBP1,GAS6,MMP9,AXIN2,LARGE1,ELANE,LOXL1,OLFML2B,COL17A1,MMP25,MMP19,CRISPLD2,FLOT1,SH3PXD2B,COL4A3,CAV2,MMP14,COL19A1,MMP8,COL27A1,MMP2,MMP28,ITGB3,COL4A4,CTSG,PPARG,COL5A3,FAP,COL4A2,HPN,NR2E1,PRDM5,COL11A1,SMOC1,TNR,COL1A1,COL13A1,COL1A2,FOXC1,ADAMTS9,MMP1,CREB3L1,ADAMTS7,HPSE2,IL6,VIT,COL2A1,CTSV"
"GO:BP","pyroptotic inflammatory response","GO:0070269","false","1.5309862363596345e-7","6.815028713612602","37","1336","15","21026","GBP2,AIM2,CASP1,TRIM21,CASP4,GBP1,NLRC4,GBP5,MAP3K20,ELANE,NAIP,GBP3,NLRP6,TREM2,IFI27"
"GO:BP","microglial cell activation","GO:0001774","false","1.5594776357790747e-7","6.807020849010321","48","1336","17","21026","TLR2,ITGAM,CLU,GRN,LRRK2,TYROBP,STAP1,CST7,TLR9,C1QA,FPR2,AZU1,AIF1,MMP8,TREM2,SNCA,IL6"
"GO:BP","extracellular structure organization","GO:0043062","false","1.5732726218337018e-7","6.803196014885155","328","1336","51","21026","LOXL3,ADAMTS2,MMP11,AEBP1,GAS6,MMP9,AXIN2,LARGE1,ELANE,LOXL1,OLFML2B,COL17A1,MMP25,MMP19,CRISPLD2,FLOT1,SH3PXD2B,COL4A3,CAV2,MMP14,COL19A1,MMP8,COL27A1,MMP2,MMP28,ITGB3,COL4A4,CTSG,PPARG,COL5A3,FAP,COL4A2,HPN,NR2E1,PRDM5,COL11A1,SMOC1,TNR,COL1A1,COL13A1,COL1A2,FOXC1,ADAMTS9,MMP1,CREB3L1,ADAMTS7,HPSE2,IL6,VIT,COL2A1,CTSV"
"GO:BP","negative regulation of cytokine production","GO:0001818","false","2.068796366184911e-7","6.684282255295868","292","1336","47","21026","IRAK3,CD274,PDCD1LG2,BANK1,GAS6,IL1R2,HOMER3,TLR8,CD200,GBP1,GBA1,TRIB2,TYROBP,BPI,BCL6,NMI,ELANE,CCR7,TSPO,CEACAM1,LILRA5,ARG1,CR1,NOD2,SERPINB1,LEF1,INHBB,SLC11A1,VSIG4,PML,CARD16,THBS1,PGLYRP1,NLRP6,FOXJ1,NAV3,ACOD1,LTF,IL10,TREM2,ZNF683,FN1,IL23R,GATA6,LGR4,IL6,PRG2"
"GO:BP","cell killing","GO:0001906","false","2.730979426438322e-7","6.563681571562195","229","1336","40","21026","GBP2,FCGR1A,H2BC12,APOL1,ICAM1,FCGR2A,ITGAM,GAPDH,FCER2,GBP1,GBP5,TYROBP,ELANE,S100A12,STAP1,GBP3,CD55,CEACAM1,DEFA3,IL18RAP,ARG1,CR1,IL7R,CAMP,AZU1,DEFA4,PGLYRP1,PF4,NLRP6,CLEC12B,HLA-G,CTSG,CR1L,DNASE1L3,CHGA,LTF,CD5L,FCGR3B,PGLYRP4,IL23R"
"GO:BP","regulation of endocytosis","GO:0030100","false","3.419838921223373e-7","6.465994349286355","297","1336","47","21026","HIP1R,FCGR1A,MCTP1,CD22,LDLRAP1,FCER1G,TLR2,CD300A,GAS6,CD63,FCGR2A,CLU,CFP,PRTN3,ATG3,FCN1,LRRK2,CD14,CD36,STAP1,NOD2,DYSF,SLC11A1,FLOT1,FPR2,AZU1,NECAB2,ABCA13,PCSK9,SYT17,HCK,PLSCR1,C2,CD177,NRG1,CD151,ITGB3,TGM2,PACSIN1,PPARG,TREM2,TUB,GSG1L,CALY,SFRP4,SNCA,APOE"
"GO:BP","glial cell activation","GO:0061900","false","3.941328093050479e-7","6.404357411094683","57","1336","18","21026","TLR2,ITGAM,CLU,GRN,LRRK2,TYROBP,STAP1,CST7,TLR9,C1QA,IL1B,FPR2,AZU1,AIF1,MMP8,TREM2,SNCA,IL6"
"GO:BP","leukocyte activation involved in inflammatory response","GO:0002269","false","4.0495832118357077e-7","6.392589672616043","51","1336","17","21026","TLR2,ITGAM,CLU,GRN,LRRK2,TYROBP,STAP1,CST7,TLR9,C1QA,FPR2,AZU1,AIF1,MMP8,TREM2,SNCA,IL6"
"GO:BP","positive regulation of lipid localization","GO:1905954","false","4.336233952194862e-7","6.362887294411023","106","1336","25","21026","LDLRAP1,CETP,PLIN5,CD36,MAP2K6,RETN,PLA2G4A,PLIN3,ABCB4,IL1B,ACSL1,ABCA13,ATP8A2,CYP19A1,PPARG,NTSR1,MSR1,DENND5B,TREM2,PRAP1,CES1,ABCA12,APOE,ERFE,NKX3-1"
"GO:BP","regulation of phagocytosis","GO:0050764","false","4.773937933937415e-7","6.321123231563808","99","1336","24","21026","FCGR1A,FCER1G,TLR2,CD300A,GAS6,FCGR2A,CFP,PRTN3,ATG3,FCN1,CD36,STAP1,NOD2,DYSF,SLC11A1,FPR2,AZU1,HCK,PLSCR1,C2,TGM2,PPARG,TREM2,TUB"
"GO:BP","adaptive immune response based on somatic recombination of immune receptors built from immunoglobulin superfamily domains","GO:0002460","false","6.315672832087814e-7","6.199580375639534","394","1336","56","21026","LOXL3,FCMR,CD19,FCGR1A,IL27,CD274,FCER1G,ICAM1,CCR6,SECTM1,CD40LG,BACH2,FCGR2A,IL18R1,CLU,FCER2,TLR8,SCART1,IGHM,CR2,BCL6,FZD5,SEMA4A,CD55,CEACAM1,IL1R1,SERPING1,ARG1,PLA2G4A,SOCS3,CR1,NOD2,LEF1,C1QA,SLC11A1,IL7R,IL1B,CD28,C1R,C2,CLEC6A,FUT7,FOXJ1,CFB,HLA-G,CR1L,FCGR3B,IL10,C1QC,TREM2,TMEM98,IGHV4-28,IL23R,IGHV3-35,IL6,IGHV2-70"
"GO:BP","hemostasis","GO:0007599","false","7.616375310265103e-7","6.118251663473223","238","1336","40","21026","HPSE,FCER1G,GAS6,CD40LG,PLAUR,EMILIN2,P2RX1,CD36,MYL9,MAPK14,SERPINA1,CEACAM1,NFE2,SERPING1,PLA2G4A,TREML1,SELP,CLIC1,THBS1,ST3GAL4,PLSCR1,GP9,PF4,ITGB3,MPIG6B,PLAU,CTSG,F5,ADRA2A,FAP,TFPI,MMRN1,F3,ENTPD2,SLC4A1,PROS1,APOE,DGKI,IL6,CELA2A"
"GO:BP","regulation of innate immune response","GO:0045088","false","7.882089678400277e-7","6.103358628260973","449","1336","61","21026","IRAK3,GBP2,AIM2,CASP1,CD274,TLR2,CD300A,TRIM21,ALPK1,TLR5,TRIM25,FCRL3,GRN,TIFA,TLR8,FCN1,IRF1,CLEC4E,S100A9,NLRC4,PARP9,CD14,GBP5,TYROBP,CD36,NMI,NAIP,MAP2K6,TLR9,CEACAM1,FFAR2,IL18RAP,SERPING1,ARG1,IFI35,CR1,MNDA,NOD2,VSIG4,FLOT1,FPR2,RASGRP4,SLAMF8,HCK,PLSCR1,LY96,CLEC6A,NLRP6,CLEC12B,SFN,HLA-G,TREML4,ACOD1,S100A8,CALHM6,PPARG,LTF,TREM2,TSPAN6,APOE,LGR4"
"GO:BP","negative regulation of cell activation","GO:0050866","false","9.302424847965233e-7","6.031403829852071","212","1336","37","21026","DUSP3,LOXL3,MILR1,GPER1,CD274,PDCD1LG2,BANK1,CD300A,GRN,CD200,DTX1,IRF1,TYROBP,BPI,BCL6,SAMSN1,CST7,CEACAM1,ARG1,CR1,MNDA,VSIG4,TNFRSF13B,PLA2G2D,PGLYRP1,PAWR,GLI3,FOXJ1,HLA-G,CTSG,CNR2,TARM1,IL10,TREM2,BMP4,APOE,FN1"
"GO:BP","blood coagulation","GO:0007596","false","9.868595584021832e-7","6.005744648091015","231","1336","39","21026","HPSE,FCER1G,GAS6,CD40LG,PLAUR,EMILIN2,P2RX1,CD36,MYL9,MAPK14,SERPINA1,CEACAM1,SERPING1,PLA2G4A,TREML1,SELP,CLIC1,THBS1,ST3GAL4,PLSCR1,GP9,PF4,ITGB3,MPIG6B,PLAU,CTSG,F5,ADRA2A,FAP,TFPI,MMRN1,F3,ENTPD2,SLC4A1,PROS1,APOE,DGKI,IL6,CELA2A"
"GO:BP","leukocyte cell-cell adhesion","GO:0007159","false","0.0000015278578295132838","5.815917055924256","415","1336","57","21026","SMARCD3,DUSP3,LOXL3,TNFRSF13C,CD274,PDCD1LG2,ICAM1,CD300A,CD40LG,SELL,ICOSLG,DTX1,IRF1,S100A9,CCL28,NT5E,VNN1,BCL6,ELANE,ADD2,CCR7,CD55,HLA-DOA,IGFBP2,ARG1,CR1,NOD2,LEF1,VSIG4,IL7R,IL1B,FLOT2,CD28,ALOX5,SELP,LRG1,ST3GAL4,PLA2G2D,AIF1,CD177,ICOS,FUT7,PAWR,GLI3,SPTA1,FOXJ1,HLA-G,CTSG,CD209,TARM1,S100A8,ASS1,OLR1,IL10,BMP4,IL23R,IL6"
"GO:BP","negative regulation of leukocyte activation","GO:0002695","false","0.0000017438953483335156","5.758479580759514","190","1336","34","21026","DUSP3,LOXL3,MILR1,GPER1,CD274,PDCD1LG2,BANK1,CD300A,GRN,CD200,DTX1,IRF1,TYROBP,BPI,BCL6,SAMSN1,CST7,ARG1,CR1,MNDA,VSIG4,TNFRSF13B,PLA2G2D,PGLYRP1,PAWR,GLI3,FOXJ1,HLA-G,CTSG,CNR2,TARM1,IL10,BMP4,FN1"
"GO:BP","humoral immune response mediated by circulating immunoglobulin","GO:0002455","false","0.0000017438953483335156","5.758479580759514","56","1336","17","21026","FCMR,CLU,FCER2,IGHM,CR2,CD55,SERPING1,CR1,NOD2,C1QA,C1R,C2,FOXJ1,CFB,CR1L,C1QC,TREM2"
"GO:BP","positive regulation of lipid transport","GO:0032370","false","0.0000020004289344613544","5.6988768723877055","84","1336","21","21026","LDLRAP1,CETP,MAP2K6,RETN,PLA2G4A,ABCB4,IL1B,ACSL1,ABCA13,ATP8A2,CYP19A1,PPARG,NTSR1,DENND5B,TREM2,PRAP1,CES1,ABCA12,APOE,ERFE,NKX3-1"
"GO:BP","myeloid leukocyte migration","GO:0097529","false","0.000002136783613930077","5.670239455390575","238","1336","39","21026","FCER1G,CD300A,C3AR1,ITGA9,PRTN3,CD200,S100A9,EDNRB,TNFAIP6,S100A12,STAP1,CCR7,BST1,IL1R1,NOD2,IL1B,FPR2,PPBP,AZU1,ADGRE2,THBS1,MMP14,SLAMF8,AIF1,CD177,FUT7,TRPV4,PF4,MMP2,MMP28,CTSG,S100A8,CYP19A1,PF4V1,CHGA,THBS4,CCL23,TREM2,IL6"
"GO:BP","coagulation","GO:0050817","false","0.000002136783613930077","5.670239455390575","238","1336","39","21026","HPSE,FCER1G,GAS6,CD40LG,PLAUR,EMILIN2,P2RX1,CD36,MYL9,MAPK14,SERPINA1,CEACAM1,SERPING1,PLA2G4A,TREML1,SELP,CLIC1,THBS1,ST3GAL4,PLSCR1,GP9,PF4,ITGB3,MPIG6B,PLAU,CTSG,F5,ADRA2A,FAP,TFPI,MMRN1,F3,ENTPD2,SLC4A1,PROS1,APOE,DGKI,IL6,CELA2A"
"GO:BP","organic hydroxy compound transport","GO:0015850","false","0.0000021753993990375058","5.662460995778802","267","1336","42","21026","NPC2,FLVCR2,LDLRAP1,CLU,CETP,AQP9,P2RX1,PINK1,CD36,AQP10,TSPO,CEACAM1,SLC22A1,SLC16A3,SLC51A,ABCB4,ABCA13,PCSK9,FFAR3,SOAT2,ITGB3,TGM2,TSPO2,ADRA2A,AQP1,CYP19A1,PPARG,CHGA,SLCO2B1,MSR1,ABCC11,TREM2,ABCB11,MTTP,CES1,ABCA12,SLC22A3,SNCA,APOE,MAOB,ABCA4,SYT1"
"GO:BP","lymphocyte differentiation","GO:0030098","false","0.0000023064650917034413","5.637053114043052","442","1336","59","21026","SMARCD3,LOXL3,CD79A,CD19,IL27,PAX5,FCER1G,CD79B,FLT3,CCR6,GAS6,CD40LG,BLNK,IL18R1,FCRL3,MS4A1,DTX1,NFAM1,IRF1,CLEC4E,GBA1,IGHM,CR2,TPD52,BCL11B,VNN1,TCF7,BCL6,FZD5,SEMA4A,CCR7,HLA-DOA,TLR9,SOCS3,CCR9,CR1,LEF1,IL7R,IL1B,GPR183,CAMK4,CD28,MMP14,SLAMF8,PLA2G2D,PGLYRP1,ADGRG3,FUT7,GLI3,FOXJ1,HLA-G,CLEC4D,USP44,IL10,BMP4,ZNF683,TMEM98,IL23R,IL6"
"GO:BP","complement activation","GO:0006956","false","0.0000024813386426722524","5.605313960996776","64","1336","18","21026","CLU,CFP,FCN1,IGHM,CR2,CD55,SERPING1,CR1,C1QA,VSIG4,IL1B,C1R,C2,CFB,CR1L,CD5L,C1QC,TREM2"
"GO:BP","wound healing","GO:0042060","false","0.000002615252432382905","5.582486385305363","433","1336","58","21026","CELSR1,HPSE,FCER1G,GAS6,CD40LG,PLAUR,WNT7A,NOG,EMILIN2,P2RX1,CD36,MYL9,TIMP1,MAPK14,SERPINA1,CEACAM1,SERPING1,PLA2G4A,INSL3,WFDC1,SLC11A1,TREML1,ALOX5,SELP,LRG1,CLIC1,THBS1,ST3GAL4,PLSCR1,ANO5,GP9,PF4,NRG1,NLRP6,CD151,ITGB3,MYOF,ITGB5,MPIG6B,PLAU,CTSG,F5,ADRA2A,AQP1,PPARG,FAP,TFPI,MMRN1,F3,ENTPD2,SLC4A1,PROS1,APOE,DGKI,CHMP4C,FN1,IL6,CELA2A"
"GO:BP","killing of cells of another organism","GO:0031640","false","0.000003238189207412704","5.489697779012362","94","1336","22","21026","GBP2,H2BC12,APOL1,GAPDH,FCER2,GBP1,GBP5,ELANE,S100A12,GBP3,DEFA3,ARG1,CAMP,AZU1,DEFA4,PGLYRP1,PF4,NLRP6,CTSG,CHGA,LTF,PGLYRP4"
"GO:BP","disruption of cell in another organism","GO:0141061","false","0.000003238189207412704","5.489697779012362","94","1336","22","21026","GBP2,H2BC12,APOL1,GAPDH,FCER2,GBP1,GBP5,ELANE,S100A12,GBP3,DEFA3,ARG1,CAMP,AZU1,DEFA4,PGLYRP1,PF4,NLRP6,CTSG,CHGA,LTF,PGLYRP4"
"GO:BP","regulation of humoral immune response","GO:0002920","false","0.000003496179502021365","5.456406277772161","46","1336","15","21026","FCER2,CR2,CCR7,CD55,SERPING1,CR1,NOD2,VSIG4,IL1B,FOXJ1,ACOD1,CR1L,CD5L,TREM2,GATA6"
"GO:BP","biological process involved in symbiotic interaction","GO:0044403","false","0.000003964180468871882","5.401846582529057","225","1336","37","21026","CTSB,APOL1,ICAM1,GAS6,TRIM21,GAPDH,TRIM25,CR2,CLEC5A,TRIM22,ELANE,CD55,ARG1,CR1,INHBB,CDHR3,CAMP,AZU1,CAV2,PLSCR1,PGLYRP1,ANPEP,PF4,NLRP6,ITGB3,ITGB5,CTSG,CD209,LTF,MRC1,ZNF502,TRIM58,TMPRSS4,CHMP4C,FN1,NECTIN4,NRP1"
"GO:BP","regulation of cell-cell adhesion","GO:0022407","false","0.000004229199011170601","5.373741878007589","494","1336","63","21026","SMARCD3,DUSP3,LOXL3,TNFRSF13C,CD274,PDCD1LG2,CD300A,CD40LG,PLAUR,MYO10,ICOSLG,DTX1,IRF1,CCL28,EMILIN2,VNN1,BCL6,MAPK14,ELANE,CCR7,CD55,HLA-DOA,IGFBP2,CEACAM1,ARG1,CR1,NOD2,LEF1,VSIG4,FLOT1,IL7R,IL1B,FLOT2,CD28,ALOX5,SELP,ST3GAL4,PLA2G2D,AIF1,ICOS,FUT7,TRPV4,PAWR,SFN,GLI3,SPTA1,CEACAM6,FOXJ1,HLA-G,CTSG,CD209,TARM1,ASS1,PTPRU,MMRN1,IL10,EPCAM,BMP4,ABCA12,TNR,IL23R,IL6,CELA2A"
"GO:BP","regulation of lipid localization","GO:1905952","false","0.000004462267363087519","5.350444411901816","162","1336","30","21026","LDLRAP1,CETP,PLIN5,CD36,MAP2K6,TSPO,RETN,PLA2G4A,PLIN3,ABCB4,IL1B,ACSL1,ABCA13,PCSK9,THBS1,ITGB3,ATP8A2,CYP19A1,PPARG,NTSR1,MSR1,DENND5B,TREM2,PRAP1,CES1,ABCA12,APOE,ERFE,NKX3-1,IL6"
"GO:BP","positive regulation of endocytosis","GO:0045807","false","0.000005724203228594585","5.24228495571408","155","1336","29","21026","FCGR1A,LDLRAP1,FCER1G,GAS6,CD63,FCGR2A,CLU,CFP,FCN1,LRRK2,CD14,CD36,STAP1,NOD2,SLC11A1,FLOT1,FPR2,AZU1,ABCA13,PCSK9,C2,CD151,PPARG,TREM2,TUB,CALY,SFRP4,SNCA,APOE"
"GO:BP","disruption of anatomical structure in another organism","GO:0141060","false","0.000008113110437955047","5.090812612242531","99","1336","22","21026","GBP2,H2BC12,APOL1,GAPDH,FCER2,GBP1,GBP5,ELANE,S100A12,GBP3,DEFA3,ARG1,CAMP,AZU1,DEFA4,PGLYRP1,PF4,NLRP6,CTSG,CHGA,LTF,PGLYRP4"
"GO:BP","response to mechanical stimulus","GO:0009612","false","0.000008113110437955047","5.090812612242531","222","1336","36","21026","CASP1,LTBR,ITGAM,TLR5,TLR8,STRBP,IRF1,CNTNAP2,FAS,STAT1,LARGE1,MAPK14,RETN,IGFBP2,MPO,KCNJ2,IL1B,CASP5,ADGRV1,THBS1,MMP14,TRPV4,MMP2,ITGB3,SCN9A,ATP8A2,AQP1,PPARG,TMC2,SLC1A3,HPN,COL11A1,COL1A1,RYR2,TMC1,PKD1L3"
"GO:BP","regulation of angiogenesis","GO:0045765","false","0.000010051977876414115","4.997748475925248","293","1336","43","21026","STAB1,HTATIP2,C3AR1,GRN,WARS1,EMILIN2,STAT1,CD36,ADM,SEMA4A,CEACAM1,IL1B,PML,CAMP,ALOX5,ADGRB2,LRG1,COL4A3,EPN2,THBS1,ANXA3,PF4,ITGB3,TGM2,SPARC,HLA-G,AQP1,PPARG,THBS4,IL10,F3,COL4A2,NR2E1,DCN,TEK,FOXC1,ADAMTS9,CREB3L1,DDAH1,GATA6,HSPB6,IL6,NRP1"
"GO:BP","ossification","GO:0001503","false","0.000010359462310941904","4.984662785271375","430","1336","56","21026","SORT1,ID3,S1PR1,VCAN,ASGR2,IFITM1,AXIN2,NOG,CLEC5A,TNFAIP6,TMEM119,MAPK14,MAP2K6,CEBPD,LEF1,KREMEN1,SOX8,SBNO2,ALOX5,PDLIM7,CLIC1,ADGRV1,MMP14,ALPL,MMP2,DCHS1,GLI3,BMP3,MGP,PPARG,LTF,GDF10,CCN2,FGF9,CBS,BMP4,ACVR2B,WNT7B,CYP24A1,COL11A1,SMOC1,COL1A1,CYP27B1,COL13A1,TEK,COL1A2,FOXC1,ACHE,LRP4,CREB3L1,ADAMTS7,ERFE,LGR4,IL6,COL2A1,RORB"
"GO:BP","negative regulation of defense response","GO:0031348","false","0.000010945760981927384","4.960754039599632","254","1336","39","21026","IRAK3,GPER1,TRIM21,GRN,CD200,GBA1,RHBDF2,NT5E,TNFAIP6,MAPK14,NMI,ELANE,CST7,CEACAM1,SERPING1,ARG1,SOCS3,CR1,NOD2,WFDC1,VSIG4,FPR2,ALOX5,SLAMF8,HCK,PGLYRP1,NLRP6,CLEC12B,SFN,ADORA1,HLA-G,C1QTNF12,ACOD1,CYP19A1,PPARG,IL10,TREM2,APOE,TEK"
"GO:BP","receptor-mediated endocytosis","GO:0006898","false","0.000011016700332214132","4.957948463750728","264","1336","40","21026","HIP1R,FCMR,FCGR1A,STAB1,LDLRAP1,FCER1G,SCARF1,CD63,ITGAM,CLU,FCER2,CD14,CD36,ADM,CXCL16,CEACAM1,AMN,RALB,FOLR1,FLOT1,FPR2,PDLIM7,NECAB2,PCSK9,CAV2,SYT17,NRG1,ITGB3,SDC1,LRP2,MARCO,MRC1,MSR1,GSG1L,CALY,SFRP4,LRP1B,SNCA,APOE,ACHE"
"GO:BP","regulation of leukocyte mediated immunity","GO:0002703","false","0.000012027182908838163","4.919836084249316","255","1336","39","21026","FCGR1A,CD274,ICAM1,CD300A,SECTM1,ITGAM,IL18R1,FCER2,CR2,TYROBP,BCL6,FZD5,STAP1,CD55,TLR9,CEACAM1,IL18RAP,IL1R1,ARG1,CR1,NOD2,IL7R,FES,IL1B,RASGRP4,CD28,ADGRE2,CD177,FUT7,CLEC12B,FOXJ1,HLA-G,CR1L,CALHM6,DNASE1L3,IL10,TREM2,IL23R,IL6"
"GO:BP","negative regulation of immune effector process","GO:0002698","false","0.000012161596748155596","4.915009400936032","126","1336","25","21026","LOXL3,IRAK3,CD22,CD274,CD300A,FCRL3,GRN,CR2,BCL6,CD55,CEACAM1,SERPING1,ARG1,CR1,NOD2,VSIG4,IL7R,SLAMF8,PGLYRP1,CLEC12B,FOXJ1,HLA-G,CR1L,IL10,PRG2"
"GO:BP","negative regulation of immune response","GO:0050777","false","0.000012979393467133692","4.886745601837002","198","1336","33","21026","LOXL3,IRAK3,CD274,CD300A,TRIM21,GRN,RHBDF2,CR2,BCL6,MAPK14,NMI,SAMSN1,CD55,CEACAM1,SERPING1,ARG1,CR1,NOD2,VSIG4,IL7R,SLAMF8,HCK,PGLYRP1,NLRP6,CLEC12B,SFN,FOXJ1,HLA-G,ACOD1,CR1L,PPARG,IL10,TREM2"
"GO:BP","B cell activation","GO:0042113","false","0.000013055470964163376","4.884207456782589","286","1336","42","21026","TNFRSF13C,CD79A,CXCR5,CD19,CD22,PAX5,CD79B,FLT3,FCRL1,BANK1,CD300A,CCR6,CD40LG,BLNK,FCRL3,ICOSLG,MS4A1,NFAM1,IGHM,CR2,TYROBP,TPD52,BCL6,SAMSN1,TLR9,BST1,FCRL5,CR1,MNDA,NOD2,LEF1,TNFRSF13B,IL7R,GPR183,CD28,MMP14,SLAMF8,ADGRG3,PAWR,FOXJ1,IL10,IL6"
"GO:BP","positive regulation of MAPK cascade","GO:0043410","false","0.000013560241785571024","4.867732566722411","456","1336","58","21026","TRAF4,GPER1,ICAM1,FLT3,LTBR,BANK1,GAS6,ADAM9,WNT7A,FCRL3,WNT16,LRRK2,GADD45B,CD36,ELANE,S100A12,NAIP,CCR7,GLIPR2,MAP2K6,TLR9,LILRA5,DOK3,NDST1,NOD2,IL1B,FPR2,GPR183,NECAB2,CAV2,THBS1,EDAR,TRPV4,OSM,NRG1,ITGB3,CAVIN3,ADORA1,NDRG4,FLT4,ADRA2A,FGF22,CDON,TNFRSF19,MARCO,CCN2,FGF9,TREM2,ROBO1,BMP4,WNT7B,NTRK3,APOE,TEK,FGF8,HTR2B,IL6,NRP1"
"GO:BP","lipid localization","GO:0010876","false","0.000013560241785571024","4.867732566722411","456","1336","58","21026","OSBPL10,NPC2,ANO9,APOL1,LDLRAP1,APOL4,GM2A,APOL2,CLU,CETP,APOL6,AQP9,PLIN5,CD36,MAP2K6,TSPO,RETN,CEACAM1,SLC22A1,PLA2G4A,APOBR,SLC51A,PLIN3,ABCB4,IL1B,ACSL1,ABCA13,PCSK9,THBS1,PLSCR1,PLA2G2D,ENSG00000188897,CRABP2,SOAT2,ITGB3,TSPO2,ATP8A2,CYP19A1,PPARG,NTSR1,SLCO2B1,MSR1,ABCC11,DENND5B,TREM2,PRAP1,ABCB11,OSBP2,SLC4A1,PLA2G2C,MTTP,CES1,ABCA12,APOE,ABCA4,ERFE,NKX3-1,IL6"
"GO:BP","B cell receptor signaling pathway","GO:0050853","false","0.000015080780172590249","4.821576190569259","72","1336","18","21026","BLK,CD79A,FCMR,CD19,CD22,CD79B,BANK1,CD300A,BLNK,FCRL3,BMX,MS4A1,CD72,NFAM1,IGHM,STAP1,MNDA,GCSAM"
"GO:BP","response to tumor necrosis factor","GO:0034612","false","0.00001649950028844176","4.782529208832074","229","1336","36","21026","TNFRSF13C,GBP2,AIM2,CASP1,GPER1,TNFRSF25,GAS6,ADAM9,TIFA,CASP4,GBP1,GBA1,FAS,CD14,TRAF5,STAT1,MAPK14,NAIP,CXCL16,GBP3,NOL3,AFF3,FCAR,CAMP,CARD16,THBS1,MMP8,ACOD1,YBX3,TNFRSF19,ASS1,KRT8,COL1A1,ADAMTS7,NKX3-1,KCNJ11"
"GO:BP","regulation of vasculature development","GO:1901342","false","0.000016582779504586386","4.78034267388627","299","1336","43","21026","STAB1,HTATIP2,C3AR1,GRN,WARS1,EMILIN2,STAT1,CD36,ADM,SEMA4A,CEACAM1,IL1B,PML,CAMP,ALOX5,ADGRB2,LRG1,COL4A3,EPN2,THBS1,ANXA3,PF4,ITGB3,TGM2,SPARC,HLA-G,AQP1,PPARG,THBS4,IL10,F3,COL4A2,NR2E1,DCN,TEK,FOXC1,ADAMTS9,CREB3L1,DDAH1,GATA6,HSPB6,IL6,NRP1"
"GO:BP","lymphocyte proliferation","GO:0046651","false","0.00001913187318057603","4.718242506597824","311","1336","44","21026","TNFRSF13C,CD79A,CD19,IL27,CD22,CD274,PDCD1LG2,FLT3,CD300A,CD40LG,FCRL3,ICOSLG,MS4A1,IRF1,CR2,TYROBP,BCL6,CD55,TLR9,BST1,IGFBP2,ARG1,CR1,MNDA,LEF1,SLC11A1,VSIG4,TNFRSF13B,IL7R,IL1B,GPR183,CD28,PLA2G2D,AIF1,PAWR,CD151,SPTA1,FOXJ1,HLA-G,CD209,IL10,BMP4,IL23R,IL6"
"GO:BP","positive regulation of canonical NF-kappaB signal transduction","GO:0043123","false","0.000025795216779578625","4.588460818022145","214","1336","34","21026","CASP1,LTBR,SECTM1,TRIM21,ALPK1,GAPDH,TRIM25,TIFA,TLR8,TRAF5,PINK1,EDNRB,CD36,TRIM22,S100A12,CCR7,TLR9,PLEKHG5,TNFSF10,NOD2,FLOT1,IL1B,FLOT2,CARD16,EDAR,CLEC6A,IRAK1BP1,CLEC4D,LTF,TNFRSF19,GPRC5B,TRIM58,TSPAN6,HTR2B"
"GO:BP","innate immune response-activating signaling pathway","GO:0002758","false","0.000026707090282825006","4.573373425454803","284","1336","41","21026","IRAK3,GBP2,AIM2,CASP1,CD274,TLR2,CD300A,ALPK1,TLR5,TRIM25,FCRL3,TIFA,TLR8,FCN1,IRF1,CLEC4E,S100A9,NLRC4,CD14,GBP5,TYROBP,CD36,NMI,NAIP,MAP2K6,TLR9,FFAR2,IFI35,NOD2,FLOT1,HCK,LY96,CLEC6A,NLRP6,TREML4,ACOD1,S100A8,LTF,TREM2,TSPAN6,LGR4"
"GO:BP","regulation of acute inflammatory response","GO:0002673","false","0.00002799352606858445","4.552942394292669","47","1336","14","21026","FCGR1A,EDNRB,CCR7,ALOX5AP,FFAR2,IL1B,FFAR3,PLA2G2D,FUT7,OSM,ADORA1,PPARG,DNASE1L3,IL6"
"GO:BP","regulation of lipid transport","GO:0032368","false","0.000028044281989017702","4.5521556746489145","132","1336","25","21026","LDLRAP1,CETP,MAP2K6,TSPO,RETN,PLA2G4A,ABCB4,IL1B,ACSL1,ABCA13,PCSK9,THBS1,ITGB3,ATP8A2,CYP19A1,PPARG,NTSR1,DENND5B,TREM2,PRAP1,CES1,ABCA12,APOE,ERFE,NKX3-1"
"GO:BP","regulation of neuroinflammatory response","GO:0150077","false","0.00003134874780622833","4.503779801937135","35","1336","12","21026","GRN,CD200,MMP9,LRRK2,STAP1,CST7,IL1B,MMP8,NUPR1,TREM2,IL6,CD200R1L"
"GO:BP","lymphocyte mediated immunity","GO:0002449","false","0.000031586382754439795","4.500500106280193","381","1336","50","21026","FCMR,CD19,FCGR1A,CD274,FCER1G,ICAM1,CCR6,SECTM1,CD40LG,FCGR2A,IL18R1,CLU,FCER2,TLR8,SCART1,IGHM,CR2,BCL6,FZD5,CD55,CEACAM1,IL18RAP,IL1R1,SERPING1,ARG1,CR1,NOD2,C1QA,IL7R,IL1B,RASGRP4,CD28,C1R,C2,FUT7,CLEC12B,FOXJ1,CFB,HLA-G,CR1L,CALHM6,FCGR3B,IL10,C1QC,TREM2,IGHV4-28,IL23R,IGHV3-35,IL6,IGHV2-70"
"GO:BP","lipid transport","GO:0006869","false","0.00003234952721581214","4.490132062107007","436","1336","55","21026","OSBPL10,NPC2,ANO9,APOL1,LDLRAP1,APOL4,GM2A,APOL2,CLU,CETP,APOL6,AQP9,CD36,MAP2K6,TSPO,RETN,CEACAM1,SLC22A1,PLA2G4A,APOBR,SLC51A,ABCB4,IL1B,ACSL1,ABCA13,PCSK9,THBS1,PLSCR1,PLA2G2D,ENSG00000188897,CRABP2,SOAT2,ITGB3,TSPO2,ATP8A2,CYP19A1,PPARG,NTSR1,SLCO2B1,MSR1,ABCC11,DENND5B,TREM2,PRAP1,ABCB11,OSBP2,SLC4A1,PLA2G2C,MTTP,CES1,ABCA12,APOE,ABCA4,ERFE,NKX3-1"
"GO:BP","mononuclear cell migration","GO:0071674","false","0.00003509309893125186","4.454778279281959","227","1336","35","21026","ICAM1,S1PR1,CCR6,GAS6,C3AR1,CD200,GBA1,TRPM2,EDNRB,S100A12,STAP1,CXCL16,CCR7,FPR2,GCSAM,GPR183,ALOX5,AZU1,THBS1,MMP14,SLAMF8,AIF1,FUT7,TRPV4,PF4,PADI2,MMP2,MMP28,ITGB3,CTSG,CYP19A1,CCL23,TREM2,ARTN,IL6"
"GO:BP","cellular response to type II interferon","GO:0071346","false","0.00003562660345272135","4.448225580176477","100","1336","21","21026","GBP2,CASP1,TLR2,GAPDH,GBP1,RAB20,IRF1,PARP9,GBP5,STAT1,GBP3,ARG1,FCAR,GBP6,HCK,AIF1,GBP4,ACOD1,PPARG,ASS1,MRC1"
"GO:BP","mononuclear cell proliferation","GO:0032943","false","0.000036241218321279404","4.440797211069309","319","1336","44","21026","TNFRSF13C,CD79A,CD19,IL27,CD22,CD274,PDCD1LG2,FLT3,CD300A,CD40LG,FCRL3,ICOSLG,MS4A1,IRF1,CR2,TYROBP,BCL6,CD55,TLR9,BST1,IGFBP2,ARG1,CR1,MNDA,LEF1,SLC11A1,VSIG4,TNFRSF13B,IL7R,IL1B,GPR183,CD28,PLA2G2D,AIF1,PAWR,CD151,SPTA1,FOXJ1,HLA-G,CD209,IL10,BMP4,IL23R,IL6"
"GO:BP","complement activation, classical pathway","GO:0006958","false","0.00004043708571338248","4.393220151404562","42","1336","13","21026","CLU,IGHM,CR2,CD55,SERPING1,CR1,C1QA,C1R,C2,CFB,CR1L,C1QC,TREM2"
"GO:BP","interleukin-1 production","GO:0032612","false","0.0000455800286705611","4.341225405977439","110","1336","22","21026","AIM2,CASP1,GAS6,IL1R2,TLR8,NLRC4,GBP5,TYROBP,CD36,FZD5,NAIP,CCR7,CEACAM1,LILRA5,NOD2,SERPINB1,PML,CARD16,AZU1,IL10,TREM2,IL6"
"GO:BP","regulation of interleukin-1 production","GO:0032652","false","0.0000455800286705611","4.341225405977439","110","1336","22","21026","AIM2,CASP1,GAS6,IL1R2,TLR8,NLRC4,GBP5,TYROBP,CD36,FZD5,NAIP,CCR7,CEACAM1,LILRA5,NOD2,SERPINB1,PML,CARD16,AZU1,IL10,TREM2,IL6"
"GO:BP","leukocyte proliferation","GO:0070661","false","0.00004880825839794984","4.3115066887920435","355","1336","47","21026","TNFRSF13C,CD79A,CD19,IL27,CD22,CD274,PDCD1LG2,FLT3,CD300A,CD40LG,CLU,FCRL3,ICOSLG,MS4A1,IRF1,GBA1,CR2,TYROBP,BCL6,CD55,TLR9,BST1,IGFBP2,ARG1,CR1,MNDA,LEF1,SLC11A1,VSIG4,TNFRSF13B,IL7R,IL1B,GPR183,CD28,PLA2G2D,AIF1,PAWR,CD151,SPTA1,FOXJ1,HLA-G,CD209,IL10,TREM2,BMP4,IL23R,IL6"
"GO:BP","positive regulation of response to biotic stimulus","GO:0002833","false","0.00005478689650375073","4.261323300212672","400","1336","51","21026","IRAK3,GBP2,AIM2,CASP1,CD274,TLR2,CD300A,ALPK1,TLR5,TRIM25,FCRL3,GRN,TIFA,TLR8,FCN1,IRF1,CLEC4E,S100A9,EMILIN2,NLRC4,PARP9,CD14,GBP5,TYROBP,CD36,NMI,NAIP,MAP2K6,TLR9,FFAR2,IL18RAP,ARG1,IFI35,MNDA,NOD2,FLOT1,FPR2,RASGRP4,HCK,PLSCR1,LY96,CLEC6A,NLRP6,HLA-G,TREML4,ACOD1,S100A8,LTF,TREM2,TSPAN6,LGR4"
"GO:BP","detection of biotic stimulus","GO:0009595","false","0.000056826207768197674","4.245451325132432","37","1336","12","21026","TLR2,NLRC4,NAIP,TSPO,TLR9,NOD2,PGLYRP1,LY96,CLEC6A,FAP,TREM2,PGLYRP4"
"GO:BP","negative regulation of inflammatory response","GO:0050728","false","0.00005724040544503535","4.242297298708244","165","1336","28","21026","GPER1,GRN,CD200,GBA1,RHBDF2,NT5E,TNFAIP6,MAPK14,ELANE,CST7,SOCS3,NOD2,WFDC1,FPR2,ALOX5,SLAMF8,HCK,PGLYRP1,NLRP6,ADORA1,C1QTNF12,ACOD1,CYP19A1,PPARG,IL10,TREM2,APOE,TEK"
"GO:BP","activation of innate immune response","GO:0002218","false","0.00006136324014503453","4.21209171653044","305","1336","42","21026","IRAK3,GBP2,AIM2,CASP1,CD274,TLR2,CD300A,ALPK1,TLR5,TRIM25,FCRL3,TIFA,TLR8,FCN1,IRF1,CLEC4E,S100A9,NLRC4,CD14,GBP5,TYROBP,CD36,NMI,NAIP,MAP2K6,TLR9,FFAR2,IFI35,MNDA,NOD2,FLOT1,HCK,LY96,CLEC6A,NLRP6,TREML4,ACOD1,S100A8,LTF,TREM2,TSPAN6,LGR4"
"GO:BP","detection of external biotic stimulus","GO:0098581","false","0.00006985014088063552","4.1558327136210815","26","1336","10","21026","TLR2,NLRC4,NAIP,TLR9,NOD2,PGLYRP1,LY96,CLEC6A,TREM2,PGLYRP4"
"GO:BP","positive regulation of protein phosphorylation","GO:0001934","false","0.00007402819964852889","4.130602812447015","483","1336","58","21026","TRAF4,GPER1,FLT3,DOK7,BANK1,GAS6,ADAM9,PLAUR,FAM20A,MMP9,AXIN2,FAS,LRRK2,PARP9,PINK1,EPHA4,CD36,TMEM119,ELANE,S100A12,CCR7,LIMK2,RALB,LILRA5,NOD2,SLC11A1,FLOT1,IL1B,THBS1,CLEC6A,OSM,NRG1,FAXDC2,ITGB3,FLT4,ADRA2A,FGF22,LTF,THBS4,GPRC5B,FGF9,KNDC1,TREM2,ROBO1,SLC8A2,BMP4,SPDYE16,NTRK3,RELN,SNCA,TEK,FGF8,SPDYC,LRP4,IL23R,NKX3-1,IL6,NRP1"
"GO:BP","regulation of complement activation","GO:0030449","false","0.00007735290735613481","4.111523358435237","21","1336","9","21026","CR2,CD55,SERPING1,CR1,VSIG4,IL1B,CR1L,CD5L,TREM2"
"GO:BP","negative regulation of B cell activation","GO:0050869","false","0.00007810990557942734","4.107293887176519","32","1336","11","21026","BANK1,CD300A,TYROBP,BCL6,SAMSN1,CR1,MNDA,TNFRSF13B,PAWR,FOXJ1,IL10"
"GO:BP","pattern recognition receptor signaling pathway","GO:0002221","false","0.00008272839294941117","4.082345412031645","267","1336","38","21026","IRAK3,GBP2,AIM2,CASP1,CD274,TLR2,CD300A,ALPK1,TLR5,TRIM25,FCRL3,TIFA,TLR8,FCN1,IRF1,CLEC4E,S100A9,NLRC4,CD14,GBP5,CD36,NMI,NAIP,MAP2K6,TLR9,FFAR2,IFI35,NOD2,FLOT1,LY96,NLRP6,TREML4,ACOD1,S100A8,LTF,TREM2,TSPAN6,LGR4"
"GO:BP","antimicrobial humoral response","GO:0019730","false","0.00008325234172275211","4.0796035418100365","159","1336","27","21026","H2BC12,H2BC6,GAPDH,PRTN3,IGHM,S100A9,ELANE,S100A12,DEFA3,H2BC12L,NOD2,SLC11A1,CAMP,PPBP,AZU1,DEFA4,PGLYRP1,PF4,CTSG,ACOD1,SLPI,PF4V1,LTF,CCL23,PRSS3,PGLYRP4,GATA6"
"GO:BP","positive regulation of innate immune response","GO:0045089","false","0.0000864820597814324","4.063073975147982","374","1336","48","21026","IRAK3,GBP2,AIM2,CASP1,CD274,TLR2,CD300A,ALPK1,TLR5,TRIM25,FCRL3,TIFA,TLR8,FCN1,IRF1,CLEC4E,S100A9,NLRC4,PARP9,CD14,GBP5,TYROBP,CD36,NMI,NAIP,MAP2K6,TLR9,FFAR2,IL18RAP,IFI35,MNDA,NOD2,FLOT1,FPR2,RASGRP4,HCK,PLSCR1,LY96,CLEC6A,NLRP6,HLA-G,TREML4,ACOD1,S100A8,LTF,TREM2,TSPAN6,LGR4"
"GO:BP","regulation of lymphocyte proliferation","GO:0050670","false","0.0000864820597814324","4.063073975147982","237","1336","35","21026","TNFRSF13C,IL27,CD22,CD274,PDCD1LG2,CD300A,CD40LG,FCRL3,ICOSLG,IRF1,TYROBP,BCL6,CD55,TLR9,BST1,IGFBP2,ARG1,CR1,MNDA,VSIG4,TNFRSF13B,IL1B,GPR183,CD28,PLA2G2D,AIF1,PAWR,SPTA1,FOXJ1,HLA-G,CD209,IL10,BMP4,IL23R,IL6"
"GO:BP","collagen catabolic process","GO:0030574","true","0.00008746186308815324","4.058181275673002","45","1336","13","21026","ADAMTS2,CTSB,MMP11,PRTN3,MMP9,MMP25,MMP19,MMP14,MMP8,MMP2,MMP28,FAP,MMP1"
"GO:BP","organ or tissue specific immune response","GO:0002251","false","0.00008746186308815324","4.058181275673002","45","1336","13","21026","H2BC12,H2BC6,IFNLR1,FFAR2,DEFA3,H2BC12L,NOD2,CAMP,DEFA4,FFAR3,LTF,RNASE2,IL6"
"GO:BP","defense response to fungus","GO:0050832","false","0.00008988905563160087","4.046293182217222","59","1336","15","21026","GAPDH,CLEC4E,S100A9,ELANE,S100A12,DEFA3,MPO,ARG1,DEFA4,CLEC6A,CLEC4D,CTSG,S100A8,CHGA,LTF"
"GO:BP","cellular response to tumor necrosis factor","GO:0071356","false","0.00009283931995354873","4.032268049404217","208","1336","32","21026","TNFRSF13C,GBP2,AIM2,CASP1,GPER1,TNFRSF25,GAS6,TIFA,CASP4,GBP1,GBA1,FAS,TRAF5,STAT1,MAPK14,NAIP,GBP3,NOL3,FCAR,CAMP,CARD16,THBS1,MMP8,ACOD1,YBX3,TNFRSF19,ASS1,KRT8,COL1A1,ADAMTS7,NKX3-1,KCNJ11"
"GO:BP","regulation of B cell activation","GO:0050864","false","0.00009617094299288031","4.0169561255095125","133","1336","24","21026","TNFRSF13C,CD19,CD22,BANK1,CD300A,FCRL3,NFAM1,TYROBP,BCL6,SAMSN1,TLR9,BST1,CR1,MNDA,NOD2,TNFRSF13B,GPR183,CD28,MMP14,SLAMF8,PAWR,FOXJ1,IL10,IL6"
"GO:BP","regulation of body fluid levels","GO:0050878","false","0.0000977777707483724","4.009759868511303","376","1336","48","21026","HPSE,FCER1G,GAS6,CD40LG,PLAUR,EMILIN2,P2RX1,EDNRB,CD36,MYL9,MAPK14,ADM,SERPINA1,CEACAM1,CORO2B,NFE2,SERPING1,PLA2G4A,TREML1,SELP,CLIC1,THBS1,ST3GAL4,PLSCR1,GP9,TRPV4,PF4,NLRP6,ITGB3,ADORA1,MPIG6B,PLAU,CTSG,F5,ADRA2A,AQP1,FAP,TFPI,MMRN1,F3,ENTPD2,SLC4A1,PROS1,APOE,DGKI,IL6,CELA2A,FOXB1"
"GO:BP","negative regulation of angiogenesis","GO:0016525","false","0.00009802653557988381","4.008656345777089","107","1336","21","21026","STAB1,STAT1,CD36,SEMA4A,PML,ALOX5,ADGRB2,COL4A3,EPN2,THBS1,PF4,SPARC,HLA-G,PPARG,THBS4,COL4A2,DCN,TEK,FOXC1,ADAMTS9,CREB3L1"
"GO:BP","defense response to protozoan","GO:0042832","false","0.00009837953945014661","4.007095214859917","27","1336","10","21026","GBP2,GBP1,BATF2,ARG1,SLC11A1,GBP6,PF4,GBP4,IL10,BPGM"
"GO:BP","myeloid cell differentiation","GO:0030099","false","0.00009874774412803771","4.005472816956547","443","1336","54","21026","H4C9,P2RX5,TLR2,EEIG1,LTBR,H4C4,HOXA9,PRTN3,MMP9,GBA1,LILRB3,BATF2,CLEC5A,TYROBP,STAT1,LARGE1,TNFAIP6,CLEC1B,BCL6,MAPK14,OSCAR,CCR7,CEACAM1,LEF1,FES,PML,GPR183,RASGRP4,CAMK4,SBNO2,H4C5,GP9,PF4,FAXDC2,H4C8,KLF1,MPIG6B,IGSF23,TSPO2,FAM210B,PPARG,LTF,AHSP,C1QC,BPGM,TREM2,BMP4,SLC4A1,TRIM58,EPB42,MT1G,ERFE,IL23R,RHAG"
"GO:BP","integrin-mediated signaling pathway","GO:0007229","false","0.00010320086077056713","3.9863166803604693","116","1336","22","21026","LOXL3,CD40LG,CD63,ADAM9,ITGAM,ITGA9,LAMA5,DOCK1,ITGA2B,TIMP1,BST1,CEACAM1,ITGA7,HCK,CD177,ITGB3,ITGB4,ITGB5,MPIG6B,CCN2,FN1,NRP1"
"GO:BP","regulation of leukocyte cell-cell adhesion","GO:1903037","false","0.00010335902128384336","3.985651611704241","377","1336","48","21026","SMARCD3,DUSP3,LOXL3,TNFRSF13C,CD274,PDCD1LG2,CD300A,CD40LG,ICOSLG,DTX1,IRF1,CCL28,VNN1,BCL6,ELANE,CCR7,CD55,HLA-DOA,IGFBP2,ARG1,CR1,NOD2,LEF1,VSIG4,IL7R,IL1B,FLOT2,CD28,ALOX5,SELP,ST3GAL4,PLA2G2D,AIF1,ICOS,FUT7,PAWR,GLI3,SPTA1,FOXJ1,HLA-G,CTSG,CD209,TARM1,ASS1,IL10,BMP4,IL23R,IL6"
"GO:BP","interleukin-10 production","GO:0032613","false","0.00010791978072545626","3.966898945747393","60","1336","15","21026","CD274,PDCD1LG2,TLR2,CD40LG,TRIB2,TYROBP,TLR9,LILRA5,NOD2,CD28,THBS1,TREM2,IL23R,IL6,PRG2"
"GO:BP","regulation of interleukin-10 production","GO:0032653","false","0.00010791978072545626","3.966898945747393","60","1336","15","21026","CD274,PDCD1LG2,TLR2,CD40LG,TRIB2,TYROBP,TLR9,LILRA5,NOD2,CD28,THBS1,TREM2,IL23R,IL6,PRG2"
"GO:BP","negative regulation of blood vessel morphogenesis","GO:2000181","false","0.00011116217997583574","3.9540429449623806","108","1336","21","21026","STAB1,STAT1,CD36,SEMA4A,PML,ALOX5,ADGRB2,COL4A3,EPN2,THBS1,PF4,SPARC,HLA-G,PPARG,THBS4,COL4A2,DCN,TEK,FOXC1,ADAMTS9,CREB3L1"
"GO:BP","regulation of B cell receptor signaling pathway","GO:0050855","true","0.0001136737371094222","3.944339862013603","22","1336","9","21026","FCMR,CD19,CD22,CD300A,FCRL3,CD72,NFAM1,STAP1,GCSAM"
"GO:BP","negative regulation of vasculature development","GO:1901343","false","0.00012815151920639062","3.8922762409893625","109","1336","21","21026","STAB1,STAT1,CD36,SEMA4A,PML,ALOX5,ADGRB2,COL4A3,EPN2,THBS1,PF4,SPARC,HLA-G,PPARG,THBS4,COL4A2,DCN,TEK,FOXC1,ADAMTS9,CREB3L1"
"GO:BP","regulation of mononuclear cell proliferation","GO:0032944","false","0.00012932170238692182","3.8883285869836186","242","1336","35","21026","TNFRSF13C,IL27,CD22,CD274,PDCD1LG2,CD300A,CD40LG,FCRL3,ICOSLG,IRF1,TYROBP,BCL6,CD55,TLR9,BST1,IGFBP2,ARG1,CR1,MNDA,VSIG4,TNFRSF13B,IL1B,GPR183,CD28,PLA2G2D,AIF1,PAWR,SPTA1,FOXJ1,HLA-G,CD209,IL10,BMP4,IL23R,IL6"
"GO:BP","B cell mediated immunity","GO:0019724","false","0.0001317887605663282","3.8801216264048457","212","1336","32","21026","FCMR,CD19,FCGR1A,FCER1G,CCR6,CD40LG,FCGR2A,CLU,FCER2,TLR8,IGHM,CR2,BCL6,CD55,SERPING1,CR1,NOD2,C1QA,CD28,C1R,C2,FOXJ1,CFB,HLA-G,CR1L,FCGR3B,IL10,C1QC,TREM2,IGHV4-28,IGHV3-35,IGHV2-70"
"GO:BP","leukocyte activation involved in immune response","GO:0002366","false","0.00013679222935383286","3.863938572532589","316","1336","42","21026","LOXL3,MILR1,CD19,IL27,FCER1G,ICAM1,CD300A,CCR6,CD40LG,ITGAM,IL18R1,GRN,CLEC4E,TYROBP,BCL6,NMI,SEMA4A,CEACAM1,IFI35,SOCS3,CR1,DYSF,LEF1,SLC11A1,FES,GPR183,CD28,SBNO2,ADGRE2,ANXA3,PGLYRP1,CD177,CLEC4D,DNASE1L3,CHGA,IL10,TREM2,SUCNR1,ZNF683,TMEM98,IL23R,IL6"
"GO:BP","regulation of interleukin-12 production","GO:0032655","false","0.00016039269450460026","3.794815416654061","62","1336","15","21026","IRAK3,TLR2,CD40LG,TLR8,IRF1,CD36,MAPK14,CCR7,TLR9,LILRA5,NOD2,THBS1,HLA-G,IL10,IL23R"
"GO:BP","extracellular matrix disassembly","GO:0022617","false","0.00016039269450460026","3.794815416654061","62","1336","15","21026","MMP11,MMP9,ELANE,MMP19,FLOT1,SH3PXD2B,MMP14,MMP8,MMP2,CTSG,FAP,HPN,MMP1,IL6,CTSV"
"GO:BP","interleukin-12 production","GO:0032615","false","0.00016039269450460026","3.794815416654061","62","1336","15","21026","IRAK3,TLR2,CD40LG,TLR8,IRF1,CD36,MAPK14,CCR7,TLR9,LILRA5,NOD2,THBS1,HLA-G,IL10,IL23R"
"GO:BP","mucosal immune response","GO:0002385","false","0.00016510989873421257","3.7822268889614516","41","1336","12","21026","H2BC12,H2BC6,IFNLR1,FFAR2,DEFA3,H2BC12L,NOD2,CAMP,DEFA4,FFAR3,LTF,RNASE2"
"GO:BP","cell activation involved in immune response","GO:0002263","false","0.00018341765494423476","3.736558863454269","320","1336","42","21026","LOXL3,MILR1,CD19,IL27,FCER1G,ICAM1,CD300A,CCR6,CD40LG,ITGAM,IL18R1,GRN,CLEC4E,TYROBP,BCL6,NMI,SEMA4A,CEACAM1,IFI35,SOCS3,CR1,DYSF,LEF1,SLC11A1,FES,GPR183,CD28,SBNO2,ADGRE2,ANXA3,PGLYRP1,CD177,CLEC4D,DNASE1L3,CHGA,IL10,TREM2,SUCNR1,ZNF683,TMEM98,IL23R,IL6"
"GO:BP","positive regulation of cell adhesion","GO:0045785","false","0.00018498635108521184","3.7328603141215915","488","1336","57","21026","SMARCD3,TNFRSF13C,CD274,PDCD1LG2,CD40LG,ADAM9,PLAUR,MYO10,ICOSLG,DOCK1,CCL28,EMILIN2,EPHA4,CD36,VNN1,BCL6,ELANE,CCR7,CD55,HLA-DOA,IGFBP2,CR1,NOD2,LEF1,FLOT1,IL7R,IL1B,FLOT2,CD28,ALOX5,SELP,AZU1,ST3GAL4,AIF1,FBLN2,ICOS,FUT7,NRG1,ITGB3,SFN,TGM2,GLI3,SPTA1,CEACAM6,HLA-G,CTSG,CD209,PTPRU,MMRN1,IL10,RHOD,FN1,TEK,IL23R,IL6,VIT,NRP1"
"GO:BP","cell-matrix adhesion","GO:0007160","false","0.000202024977627641","3.694594932656117","237","1336","34","21026","DUSP3,HPSE,CD63,ADAM9,ITGAM,ITGA9,ITGA2B,CCL28,CD36,BCL6,CCR7,BST1,CORO2B,COL17A1,ITGA7,SNED1,PTPRK,THBS1,MMP14,ITGB3,ITGB4,ITGB5,CEACAM6,PLAU,DLC1,COL5A3,CCN2,RHOD,BCAM,COL13A1,FN1,TEK,ADAMTS9,NRP1"
"GO:BP","regulation of adaptive immune response","GO:0002819","false","0.00020574261589022407","3.68667574268034","217","1336","32","21026","LOXL3,FCGR1A,IL27,CD274,SECTM1,IL18R1,FCER2,IRF1,CR2,BCL6,FZD5,SAMSN1,CD55,CEACAM1,IL1R1,ARG1,PLA2G4A,CR1,NOD2,SLC11A1,IL7R,IL1B,CD28,CLEC6A,FUT7,FOXJ1,HLA-G,CR1L,IL10,TREM2,IL23R,IL6"
"GO:BP","positive regulation of phagocytosis","GO:0050766","false","0.00020574261589022407","3.68667574268034","71","1336","16","21026","FCGR1A,FCER1G,GAS6,FCGR2A,CFP,FCN1,CD36,STAP1,NOD2,SLC11A1,FPR2,AZU1,C2,PPARG,TREM2,TUB"
"GO:BP","defense response to Gram-positive bacterium","GO:0050830","false","0.00021839526819555826","3.6607567753941335","122","1336","22","21026","GBP2,H2BC12,TLR2,H2BC6,CASP4,CD36,DEFA3,H2BC12L,NOD2,RNASE1,IL7R,IL1B,CAMP,GBP6,DEFA4,PGLYRP1,GBP4,NLRP6,CTSG,CHGA,PGLYRP4,IL6"
"GO:BP","regulation of chemotaxis","GO:0050920","false","0.00024292515032664033","3.614527519848467","209","1336","31","21026","DUSP3,S1PR1,CCR6,GAS6,C3AR1,TNFAIP6,ELANE,STAP1,CCR7,BST1,NOD2,FPR2,GPR183,AZU1,THBS1,SLAMF8,AIF1,TRPV4,PADI2,MMP28,CYP19A1,THBS4,F3,TREM2,ROBO1,SUCNR1,NTRK3,ARTN,IL6,TUBB2B,NRP1"
"GO:BP","immunoglobulin mediated immune response","GO:0016064","false","0.00024292515032664033","3.614527519848467","209","1336","31","21026","FCMR,CD19,FCGR1A,FCER1G,CCR6,CD40LG,FCGR2A,CLU,FCER2,TLR8,IGHM,CR2,BCL6,CD55,SERPING1,CR1,NOD2,C1QA,CD28,C1R,C2,FOXJ1,CFB,CR1L,FCGR3B,IL10,C1QC,TREM2,IGHV4-28,IGHV3-35,IGHV2-70"
"GO:BP","response to protozoan","GO:0001562","false","0.00025661325717718655","3.5907209108209015","30","1336","10","21026","GBP2,GBP1,BATF2,ARG1,SLC11A1,GBP6,PF4,GBP4,IL10,BPGM"
"GO:BP","neutrophil activation","GO:0042119","false","0.00026538494331180743","3.576123720590239","43","1336","12","21026","FCER1G,CD300A,ITGAM,GRN,TYROBP,IL18RAP,FCAR,CAMP,ANXA3,CD177,CTSG,DNASE1L3"
"GO:BP","macrophage activation involved in immune response","GO:0002281","false","0.0002765016084736654","3.5583023379607104","19","1336","8","21026","GRN,TYROBP,NMI,IFI35,DYSF,SBNO2,TREM2,SUCNR1"
"GO:BP","B cell proliferation","GO:0042100","false","0.0003088733924047359","3.5102195019591695","107","1336","20","21026","TNFRSF13C,CD79A,CD19,CD22,CD300A,CD40LG,FCRL3,MS4A1,CR2,TYROBP,BCL6,TLR9,BST1,MNDA,LEF1,TNFRSF13B,IL7R,GPR183,PAWR,IL10"
"GO:BP","regulation of adaptive immune response based on somatic recombination of immune receptors built from immunoglobulin superfamily domains","GO:0002822","false","0.000321853173377216","3.4923422044985983","202","1336","30","21026","LOXL3,FCGR1A,IL27,CD274,SECTM1,IL18R1,FCER2,CR2,BCL6,FZD5,CD55,CEACAM1,IL1R1,ARG1,PLA2G4A,CR1,NOD2,SLC11A1,IL7R,IL1B,CD28,CLEC6A,FUT7,FOXJ1,HLA-G,CR1L,IL10,TREM2,IL23R,IL6"
"GO:BP","epithelial cell proliferation","GO:0050673","false","0.00032775540932474613","3.4844501319170487","441","1336","52","21026","WNT7A,GRN,LAMA5,WNT16,NOG,KDF1,EDNRB,STAT1,BCL11B,ALDH1A2,CEACAM1,NOD2,SERPINB1,PTPRK,ALOX5,LRG1,COL4A3,CAV2,THBS1,MMP14,EGFL7,ST8SIA1,CLEC12B,ITGB3,SFN,NUPR1,DBH,SPARC,FLT4,PPARG,THBS4,FUT2,FAP,FGF9,IL10,KRT2,F3,FA2H,ROBO1,BMP4,HPN,RASGRF1,APOE,SCAND3,TEK,SDR16C5,GATA6,LGR4,HTR2B,NKX3-1,IL6,NRP1"
"GO:BP","negative regulation of chemotaxis","GO:0050922","false","0.00033416113622108945","3.4760440610440173","44","1336","12","21026","DUSP3,TNFAIP6,ELANE,STAP1,THBS1,SLAMF8,AIF1,PADI2,MMP28,CYP19A1,ROBO1,NRP1"
"GO:BP","regulation of inflammatory response to antigenic stimulus","GO:0002861","false","0.00033416113622108945","3.4760440610440173","44","1336","12","21026","FCGR1A,RHBDF2,MAPK14,CCR7,NOD2,CD28,HCK,PLA2G2D,FUT7,NLRP6,IL10,TREM2"
"GO:BP","monocarboxylic acid transport","GO:0015718","false","0.0003465514438939104","3.46023228734105","183","1336","28","21026","SLC6A12,AQP9,CD36,MAP2K6,CEACAM1,SLC22A1,PLA2G4A,SLC16A3,SLC51A,ABCB4,IL1B,ACSL1,THBS1,SLC16A10,PLA2G2D,CRABP2,TSPO2,PPARG,NTSR1,SLCO2B1,ABCC11,ABCB11,SLC6A8,PLA2G2C,CES1,SLC22A3,APOE,ERFE"
"GO:BP","myeloid leukocyte mediated immunity","GO:0002444","false","0.0003527497524062566","3.4525332824031945","117","1336","21","21026","MILR1,FCGR1A,CD300A,FCGR2A,ITGAM,TYROBP,ELANE,STAP1,ARG1,FCAR,FES,AZU1,ADGRE2,ANXA3,CD177,NLRP6,CTSG,DNASE1L3,CHGA,FCGR3B,IL6"
"GO:BP","osteoblast differentiation","GO:0001649","false","0.0003547109747893709","3.450125374209962","234","1336","33","21026","ID3,VCAN,IFITM1,AXIN2,NOG,CLEC5A,TNFAIP6,TMEM119,MAPK14,MAP2K6,CEBPD,LEF1,SOX8,CLIC1,ALPL,GLI3,BMP3,PPARG,LTF,GDF10,FGF9,BMP4,ACVR2B,WNT7B,CYP24A1,SMOC1,COL1A1,ACHE,CREB3L1,ERFE,LGR4,IL6,RORB"
"GO:BP","calcium-mediated signaling","GO:0019722","false","0.0003547109747893709","3.450125374209962","234","1336","33","21026","CXCR5,MCTP1,CCRL2,CD22,P2RX5,CCR6,C3AR1,HOMER3,GBP1,NFAM1,GSTO1,LRRK2,ASPH,TRPM2,P2RX1,EDNRB,CCR7,BST1,CCR9,MCTP2,TREML1,FPR2,ADGRB2,NFATC4,TRPM5,TREM2,SLC8A2,SAMD14,RYR2,HTR2B,PPP3R2,KCNJ11,ANK2"
"GO:BP","regulation of leukocyte migration","GO:0002685","false","0.0003547109747893709","3.450125374209962","234","1336","33","21026","ICAM1,CD300A,CCR6,GAS6,C3AR1,CD200,ITGA2B,CCL28,TNFAIP6,ELANE,STAP1,CCR7,BST1,IL1R1,NOD2,FPR2,GCSAM,SELP,THBS1,MMP14,SLAMF8,ST3GAL4,AIF1,FUT7,TRPV4,PADI2,MMP28,ITGB3,ADORA1,CYP19A1,THBS4,TREM2,IL6"
"GO:BP","negative regulation of lymphocyte activation","GO:0051250","false","0.00036033522609746734","3.443293279504021","164","1336","26","21026","DUSP3,LOXL3,CD274,PDCD1LG2,BANK1,CD300A,DTX1,IRF1,TYROBP,BCL6,SAMSN1,ARG1,CR1,MNDA,VSIG4,TNFRSF13B,PLA2G2D,PGLYRP1,PAWR,GLI3,FOXJ1,HLA-G,CTSG,TARM1,IL10,BMP4"
"GO:BP","regulation of canonical NF-kappaB signal transduction","GO:0043122","false","0.00036033522609746734","3.443293279504021","287","1336","38","21026","CASP1,TRAF4,LTBR,SECTM1,TRIM21,ALPK1,GAPDH,TRIM25,TIFA,TLR8,TRAF5,PINK1,EDNRB,STAT1,CD36,TRIM22,S100A12,CCR7,TLR9,PLEKHG5,TNFSF10,NOD2,FLOT1,IL1B,FLOT2,CARD16,EDAR,CLEC6A,NLRP6,IRAK1BP1,CLEC4D,LTF,TNFRSF19,GPRC5B,TREM2,TRIM58,TSPAN6,HTR2B"
"GO:BP","regulation of lymphocyte mediated immunity","GO:0002706","false","0.00037672490098060625","3.423975672599874","194","1336","29","21026","FCGR1A,CD274,SECTM1,IL18R1,FCER2,CR2,BCL6,FZD5,CD55,CEACAM1,IL18RAP,IL1R1,ARG1,CR1,NOD2,IL7R,IL1B,RASGRP4,CD28,FUT7,CLEC12B,FOXJ1,HLA-G,CR1L,CALHM6,IL10,TREM2,IL23R,IL6"
"GO:BP","neutrophil migration","GO:1990266","false","0.0003910367736741552","3.4077823989908547","109","1336","20","21026","FCER1G,C3AR1,ITGA9,PRTN3,S100A9,TNFAIP6,S100A12,CCR7,BST1,IL1R1,NOD2,IL1B,PPBP,SLAMF8,CD177,FUT7,PF4,S100A8,PF4V1,THBS4"
"GO:BP","positive regulation of neuroinflammatory response","GO:0150078","false","0.0004195277366728675","3.3772393209240463","15","1336","7","21026","LRRK2,STAP1,IL1B,MMP8,NUPR1,TREM2,IL6"
"GO:BP","regulation of macrophage activation","GO:0043030","false","0.00044313972635200984","3.353459314824854","60","1336","14","21026","GRN,CD200,LRRK2,BPI,STAP1,CST7,PLA2G4A,VSIG4,THBS1,MMP8,IL10,TREM2,SNCA,IL6"
"GO:BP","endochondral ossification","GO:0001958","false","0.00045330783382672003","3.343606775628453","32","1336","10","21026","TMEM119,MMP14,ALPL,CBS,BMP4,COL1A1,COL13A1,TEK,FOXC1,COL2A1"
"GO:BP","replacement ossification","GO:0036075","false","0.00045330783382672003","3.343606775628453","32","1336","10","21026","TMEM119,MMP14,ALPL,CBS,BMP4,COL1A1,COL13A1,TEK,FOXC1,COL2A1"
"GO:BP","interleukin-1 beta production","GO:0032611","false","0.00046737107268800244","3.3303381711923006","93","1336","18","21026","AIM2,CASP1,TLR8,NLRC4,GBP5,TYROBP,CD36,FZD5,NAIP,CCR7,LILRA5,NOD2,SERPINB1,PML,CARD16,AZU1,TREM2,IL6"
"GO:BP","regulation of interleukin-1 beta production","GO:0032651","false","0.00046737107268800244","3.3303381711923006","93","1336","18","21026","AIM2,CASP1,TLR8,NLRC4,GBP5,TYROBP,CD36,FZD5,NAIP,CCR7,LILRA5,NOD2,SERPINB1,PML,CARD16,AZU1,TREM2,IL6"
"GO:BP","granulocyte migration","GO:0097530","false","0.00046737107268800244","3.3303381711923006","157","1336","25","21026","FCER1G,CD300A,C3AR1,ITGA9,PRTN3,S100A9,TNFAIP6,S100A12,CCR7,BST1,IL1R1,NOD2,IL1B,PPBP,ADGRE2,THBS1,SLAMF8,CD177,FUT7,TRPV4,PF4,S100A8,PF4V1,THBS4,CCL23"
"GO:BP","neutrophil mediated immunity","GO:0002446","false","0.0005038688271453839","3.2976825093114672","39","1336","11","21026","ITGAM,ELANE,ARG1,FCAR,AZU1,ANXA3,CD177,NLRP6,CTSG,DNASE1L3,IL6"
"GO:BP","negative regulation of cell migration","GO:0030336","false","0.0005076561762369332","3.294430325742422","292","1336","38","21026","DUSP3,IL24,MCTP1,CD300A,SAP30,CD200,IFITM1,NOG,CCL28,EMILIN2,EPHA4,TNFAIP6,TIMP1,STAP1,SERPINB1,GCSAM,PTPRK,THBS1,SLAMF8,AIF1,PADI2,MMP28,NAV3,ADORA1,NDRG4,SRGAP1,DLC1,ATP1B2,CYP19A1,PPARG,PTPRU,ROBO1,BMP4,ALOX15B,DCN,APOE,ADAMTS9,GPR173"
"GO:BP","regulation of blood coagulation","GO:0030193","false","0.0005354115621785962","3.2713122544861344","69","1336","15","21026","HPSE,PLAUR,EMILIN2,CD36,CEACAM1,SERPING1,THBS1,ST3GAL4,PF4,PLAU,FAP,TFPI,F3,PROS1,APOE"
"GO:BP","vascular process in circulatory system","GO:0003018","false","0.0005710947096746335","3.243291862895561","272","1336","36","21026","FLVCR2,GPER1,SLC29A2,KCNMA1,ITGA9,SLC2A3,P2RX1,EDNRB,CD36,ADM,ECE1,CEACAM1,SLC22A1,SMTNL1,AZU1,HRH2,DOCK4,TRPV4,MMP2,ADORA1,DBH,ADRA2A,PLEKHA7,ATP1B2,LRP2,SLCO2B1,CBS,SLC8A2,SLC1A3,SLC22A3,APOE,TEK,FOXC1,SLC7A3,DDAH1,HTR2B"
"GO:BP","platelet activation","GO:0030168","false","0.0005794912694395668","3.236953102690518","140","1336","23","21026","FCER1G,CD40LG,EMILIN2,P2RX1,MYL9,MAPK14,CEACAM1,PLA2G4A,TREML1,SELP,CLIC1,PLSCR1,GP9,PF4,ITGB3,CTSG,ADRA2A,MMRN1,ENTPD2,APOE,DGKI,IL6,CELA2A"
"GO:BP","leukocyte migration involved in inflammatory response","GO:0002523","false","0.0005928408748423642","3.227061860517079","21","1336","8","21026","CCR6,S100A9,ELANE,FFAR2,ALOX5,SLAMF8,FUT7,S100A8"
"GO:BP","positive regulation of cell-cell adhesion","GO:0022409","false","0.000627783058346177","3.202190408556409","328","1336","41","21026","SMARCD3,TNFRSF13C,CD274,PDCD1LG2,CD40LG,PLAUR,MYO10,ICOSLG,EMILIN2,VNN1,BCL6,ELANE,CCR7,CD55,HLA-DOA,IGFBP2,CR1,NOD2,LEF1,FLOT1,IL7R,IL1B,FLOT2,CD28,ALOX5,SELP,ST3GAL4,AIF1,ICOS,FUT7,GLI3,SPTA1,CEACAM6,HLA-G,CTSG,CD209,PTPRU,MMRN1,IL10,IL23R,IL6"
"GO:BP","response to fungus","GO:0009620","false","0.0006279625360391677","3.2020662653022818","70","1336","15","21026","GAPDH,CLEC4E,S100A9,ELANE,S100A12,DEFA3,MPO,ARG1,DEFA4,CLEC6A,CLEC4D,CTSG,S100A8,CHGA,LTF"
"GO:BP","collagen metabolic process","GO:0032963","false","0.0006279625360391677","3.2020662653022818","104","1336","19","21026","ADAMTS2,CTSB,MMP11,PRTN3,MMP9,MMP25,MMP19,MMP14,MMP8,MMP2,MMP28,PPARG,FAP,BMP4,COL1A1,COL1A2,MMP1,CREB3L1,IL6"
"GO:BP","regulation of response to wounding","GO:1903034","false","0.0006322575825256031","3.199105953554484","170","1336","26","21026","HPSE,SCARF1,PLAUR,GRN,EMILIN2,EPHA4,CD36,CEACAM1,SERPING1,INSL3,WFDC1,KREMEN1,ALOX5,THBS1,ST3GAL4,PF4,PLAU,ADRA2A,FAP,TFPI,MMRN1,IL10,F3,PROS1,TNR,APOE"
"GO:BP","regulation of ERK1 and ERK2 cascade","GO:0070372","false","0.0006508731087507748","3.1865036712487202","274","1336","36","21026","DUSP3,GPER1,ICAM1,GAS6,GBP1,EPHA4,CD36,CCR7,GLIPR2,TLR9,CEACAM1,NOD2,IL1B,FPR2,GPR183,NECAB2,SPRY1,TRPV4,NRG1,NLRP6,ITGB3,CAVIN3,ATF3,NDRG4,FLT4,MARCO,CCN2,TREM2,BMP4,CNKSR3,APOE,FN1,TEK,FGF8,HTR2B,NRP1"
"GO:BP","potassium ion transport","GO:0006813","false","0.0006508731087507748","3.1865036712487202","242","1336","33","21026","CD63,KCNJ15,KCNMA1,AMIGO1,KCNG1,SLC9A8,LARGE1,KCND1,KCNJ2,KCNH8,KCNH7,KCNG2,KCNE1,CNGB1,KCNQ5,ADORA1,ADRA2A,ATP1B2,AQP1,FXYD2,TRPM5,TREM2,SLC12A3,SLC1A3,HPN,ASPG,KCNK10,NOS1AP,KCNJ12,KCNK17,GCK,KCNJ11,ANK2"
"GO:BP","regulation of tumor necrosis factor superfamily cytokine production","GO:1903555","false","0.0006934773596434115","3.158967713022474","171","1336","26","21026","IRAK3,CD274,TLR2,GAS6,FCGR2A,CLU,LRRK2,CD14,TYROBP,CD36,BPI,FZD5,TSPO,TLR9,LILRA5,NOD2,AZU1,THBS1,LY96,PF4,MMP8,NFATC4,LTF,IL10,TREM2,IL6"
"GO:BP","tumor necrosis factor superfamily cytokine production","GO:0071706","false","0.0006934773596434115","3.158967713022474","171","1336","26","21026","IRAK3,CD274,TLR2,GAS6,FCGR2A,CLU,LRRK2,CD14,TYROBP,CD36,BPI,FZD5,TSPO,TLR9,LILRA5,NOD2,AZU1,THBS1,LY96,PF4,MMP8,NFATC4,LTF,IL10,TREM2,IL6"
"GO:BP","inflammatory response to antigenic stimulus","GO:0002437","false","0.0007043631038888857","3.1522034014230087","79","1336","16","21026","FCGR1A,FCGR2A,RHBDF2,MAPK14,ELANE,CCR7,NOD2,CD28,HCK,PLA2G2D,FUT7,NLRP6,FCGR3B,IL10,IL36A,TREM2"
"GO:BP","canonical NF-kappaB signal transduction","GO:0007249","false","0.0007085671476431891","3.1496189873796836","308","1336","39","21026","CASP1,TRAF4,TLR2,LTBR,SECTM1,TRIM21,ALPK1,GAPDH,TRIM25,TIFA,TLR8,TRAF5,PINK1,EDNRB,STAT1,CD36,TRIM22,S100A12,CCR7,TLR9,PLEKHG5,TNFSF10,NOD2,FLOT1,IL1B,FLOT2,CARD16,EDAR,CLEC6A,NLRP6,IRAK1BP1,CLEC4D,LTF,TNFRSF19,GPRC5B,TREM2,TRIM58,TSPAN6,HTR2B"
"GO:BP","regulation of hemostasis","GO:1900046","false","0.0007286707488525274","3.137468664078768","71","1336","15","21026","HPSE,PLAUR,EMILIN2,CD36,CEACAM1,SERPING1,THBS1,ST3GAL4,PF4,PLAU,FAP,TFPI,F3,PROS1,APOE"
"GO:BP","regulation of leukocyte proliferation","GO:0070663","false","0.0008571388746965567","3.066948807448829","267","1336","35","21026","TNFRSF13C,IL27,CD22,CD274,PDCD1LG2,CD300A,CD40LG,FCRL3,ICOSLG,IRF1,TYROBP,BCL6,CD55,TLR9,BST1,IGFBP2,ARG1,CR1,MNDA,VSIG4,TNFRSF13B,IL1B,GPR183,CD28,PLA2G2D,AIF1,PAWR,SPTA1,FOXJ1,HLA-G,CD209,IL10,BMP4,IL23R,IL6"
"GO:BP","kidney development","GO:0001822","false","0.0008652910330416792","3.062837796828936","322","1336","40","21026","ID3,LAMA5,MMP9,NOG,LRRK2,EDNRB,STAT1,EPHA4,ALDH1A2,SLC22A1,SOX8,COL4A3,PCSK9,SPRY1,ITGB3,COL4A4,DCHS1,GLI3,FOXJ1,GCNT4,SDC1,AQP1,LRP2,ASS1,EPCAM,BMP4,FREM2,ACVR2B,WNT7B,NOTCH3,HS3ST3A1,ENPEP,TEK,FGF8,FOXC1,LRP4,LGR4,NKX3-1,IRX3,NRP1"
"GO:BP","regulation of endothelial cell proliferation","GO:0001936","false","0.0009240868002559806","3.0342872332152884","135","1336","22","21026","STAT1,ALDH1A2,ALOX5,LRG1,COL4A3,CAV2,THBS1,EGFL7,ITGB3,DBH,SPARC,FLT4,PPARG,THBS4,FUT2,IL10,F3,BMP4,APOE,TEK,HTR2B,NRP1"
"GO:BP","regulation of interleukin-18 production","GO:0032661","false","0.0009575843691421031","3.018822951627059","12","1336","6","21026","CASP1,TLR2,GBP5,TLR9,NOD2,IL10"
"GO:BP","interleukin-18 production","GO:0032621","false","0.0009575843691421031","3.018822951627059","12","1336","6","21026","CASP1,TLR2,GBP5,TLR9,NOD2,IL10"
"GO:BP","biological process involved in interaction with host","GO:0051701","false","0.0009906773466071236","3.004067767719073","185","1336","27","21026","CTSB,ICAM1,GAS6,TRIM21,TRIM25,CR2,CLEC5A,TRIM22,CD55,CR1,INHBB,CDHR3,CAV2,PLSCR1,PGLYRP1,ANPEP,ITGB3,ITGB5,CD209,LTF,MRC1,ZNF502,TRIM58,TMPRSS4,CHMP4C,NECTIN4,NRP1"
"GO:BP","positive regulation of cell activation","GO:0050867","false","0.0009998730583801055","3.000055133544489","381","1336","45","21026","SMARCD3,TNFRSF13C,CD274,PDCD1LG2,GAS6,CD40LG,FCRL3,ICOSLG,LRRK2,TYROBP,VNN1,BCL6,STAP1,CCR7,CD55,HLA-DOA,TLR9,BST1,IGFBP2,LILRA5,PLA2G4A,CR1,NOD2,LEF1,IL7R,IL1B,FLOT2,GPR183,CD28,SELP,THBS1,MMP14,AIF1,GP9,ICOS,MMP8,GLI3,SPTA1,HLA-G,CLEC4D,CD209,IL10,TREM2,IL23R,IL6"
"GO:BP","negative regulation of interleukin-12 production","GO:0032695","false","0.0009998730583801055","3.000055133544489","17","1336","7","21026","IRAK3,TLR8,CCR7,LILRA5,NOD2,THBS1,IL10"
"GO:BP","regulation of monoatomic ion transport","GO:0043269","false","0.0010833057597210813","2.965248947790063","452","1336","51","21026","CD19,GPER1,P2RX5,CD63,KCNJ15,AMIGO1,HOMER3,FCRL3,KCNG1,MS4A1,TSPAN13,MMP9,GSTO1,ASPH,P2RX1,TSPO,TLR9,KCNJ2,LILRA5,KCNG2,PML,SCN1B,PCSK9,KCNE1,ITGB3,ADORA1,SCN2B,BEST3,ADRA2A,FGF13,ATP1B2,RCVRN,NTSR1,FXYD2,JPH3,TREM2,TMC2,CNKSR3,SNCA,RYR2,NOS1AP,MAOB,STAC,KCNJ12,TMC1,PRKG2,GCK,PPP3R2,KCNJ11,ANK2,PTPN3"
"GO:BP","regulation of tumor necrosis factor production","GO:0032680","false","0.0010914957929627589","2.9619779338866605","166","1336","25","21026","IRAK3,TLR2,GAS6,FCGR2A,CLU,LRRK2,CD14,TYROBP,CD36,BPI,FZD5,TSPO,TLR9,LILRA5,NOD2,AZU1,THBS1,LY96,PF4,MMP8,NFATC4,LTF,IL10,TREM2,IL6"
"GO:BP","tumor necrosis factor production","GO:0032640","false","0.0010914957929627589","2.9619779338866605","166","1336","25","21026","IRAK3,TLR2,GAS6,FCGR2A,CLU,LRRK2,CD14,TYROBP,CD36,BPI,FZD5,TSPO,TLR9,LILRA5,NOD2,AZU1,THBS1,LY96,PF4,MMP8,NFATC4,LTF,IL10,TREM2,IL6"
"GO:BP","negative regulation of locomotion","GO:0040013","false","0.0011042587840070486","2.9569291373893654","326","1336","40","21026","DUSP3,IL24,MCTP1,CD300A,SAP30,CD200,IFITM1,NOG,CCL28,EMILIN2,EPHA4,TNFAIP6,TIMP1,ELANE,STAP1,SERPINB1,GCSAM,PTPRK,THBS1,SLAMF8,AIF1,PADI2,MMP28,NAV3,ADORA1,NDRG4,SRGAP1,DLC1,ATP1B2,CYP19A1,PPARG,PTPRU,ROBO1,BMP4,ALOX15B,DCN,APOE,ADAMTS9,GPR173,NRP1"
"GO:BP","innate immune response in mucosa","GO:0002227","false","0.0011170882069513758","2.951912532990221","29","1336","9","21026","H2BC12,H2BC6,DEFA3,H2BC12L,NOD2,CAMP,DEFA4,LTF,RNASE2"
"GO:BP","negative regulation of cell adhesion","GO:0007162","false","0.0011263610785557038","2.94832236500286","293","1336","37","21026","DUSP3,LOXL3,CD274,PDCD1LG2,CD300A,GBP1,DTX1,IRF1,CCL28,EPHA4,BCL6,CEACAM1,CORO2B,ARG1,CR1,VSIG4,THBS1,MMP14,PLA2G2D,TRPV4,MMP2,PAWR,GLI3,FOXJ1,HLA-G,CTSG,TARM1,DLC1,MUC1,ASS1,IL10,EPCAM,ADAMDEC1,BMP4,ABCA12,TNR,COL1A1"
"GO:BP","defense response to Gram-negative bacterium","GO:0050829","false","0.0011515532216163622","2.938715985341811","100","1336","18","21026","H2BC12,IGHM,BPI,ELANE,TLR9,DEFA3,SLC11A1,CAMP,SELP,AZU1,DEFA4,CTSG,AQP1,CHGA,LTF,TREM2,IL23R,IL6"
"GO:BP","biological process involved in interaction with symbiont","GO:0051702","false","0.0012324969610642436","2.90921414287804","36","1336","10","21026","APOL1,GAPDH,ELANE,ARG1,CAMP,AZU1,PF4,NLRP6,CTSG,FN1"
"GO:BP","regulation of metal ion transport","GO:0010959","false","0.0012885758863600445","2.8898900000413237","374","1336","44","21026","CD19,GPER1,P2RX5,CD63,AMIGO1,HOMER3,FCRL3,KCNG1,MS4A1,TSPAN13,GSTO1,ASPH,P2RX1,TSPO,TLR9,KCNJ2,LILRA5,KCNG2,PML,SCN1B,PCSK9,KCNE1,ITGB3,ADORA1,SCN2B,ADRA2A,FGF13,ATP1B2,RCVRN,NTSR1,FXYD2,JPH3,TREM2,TMC2,CNKSR3,SNCA,RYR2,NOS1AP,STAC,TMC1,GCK,PPP3R2,ANK2,PTPN3"
"GO:BP","myeloid cell activation involved in immune response","GO:0002275","false","0.001302071943151517","2.8853650191084377","101","1336","18","21026","MILR1,FCER1G,CD300A,ITGAM,GRN,TYROBP,NMI,IFI35,DYSF,FES,SBNO2,ADGRE2,ANXA3,CD177,DNASE1L3,CHGA,TREM2,SUCNR1"
"GO:BP","mesenchymal cell differentiation","GO:0048762","false","0.001352945683995906","2.8687196384462506","252","1336","33","21026","LOXL3,LAMA5,AXIN2,WNT16,NOG,EDNRB,STAT1,EPHA4,SEMA4A,GLIPR2,ALDH1A2,FOLR1,WNT10A,LEF1,IL1B,SOX8,LRG1,SEMA3B,SEMA6B,SPRY1,NRG1,TGFB1I1,CRB2,BMP4,HPN,ELL3,COL1A1,FN1,FGF8,FOXC1,HTR2B,IL6,NRP1"
"GO:BP","granulocyte activation","GO:0036230","false","0.0013657903819729107","2.864615949950312","51","1336","12","21026","FCER1G,CD300A,ITGAM,GRN,TYROBP,IL18RAP,FCAR,CAMP,ANXA3,CD177,CTSG,DNASE1L3"
"GO:BP","symbiont entry into host cell","GO:0046718","false","0.0013763563536849607","2.8612691079592194","139","1336","22","21026","CTSB,ICAM1,GAS6,TRIM21,TRIM25,CR2,CLEC5A,TRIM22,CD55,CR1,CDHR3,CAV2,PLSCR1,ANPEP,ITGB3,ITGB5,CD209,MRC1,TRIM58,TMPRSS4,NECTIN4,NRP1"
"GO:BP","regulation of type II interferon production","GO:0032649","false","0.0013859459026373127","2.8582537211272543","120","1336","20","21026","IL27,CD274,PDCD1LG2,GAS6,IL18R1,TLR8,CD14,FZD5,CCR7,TLR9,IL1R1,CR1,NOD2,SLC11A1,IL1B,PGLYRP1,NLRP6,IL10,ZNF683,IL23R"
"GO:BP","regulation of T cell activation","GO:0050863","false","0.0013918527185510347","2.856406717961564","387","1336","45","21026","SMARCD3,DUSP3,LOXL3,TNFRSF13C,IL27,CD274,PDCD1LG2,CD300A,CD40LG,ICOSLG,DTX1,IRF1,VNN1,TCF7,BCL6,CCR7,CD55,HLA-DOA,IGFBP2,ARG1,CR1,NOD2,LEF1,VSIG4,IL7R,IL1B,FLOT2,CAMK4,CD28,PLA2G2D,AIF1,ICOS,PAWR,GLI3,SPTA1,FOXJ1,HLA-G,CTSG,CD209,TARM1,IL10,BMP4,ZNF683,IL23R,IL6"
"GO:BP","regulation of antigen receptor-mediated signaling pathway","GO:0050854","false","0.0013935250636292924","2.855885215757272","67","1336","14","21026","DUSP3,FCMR,CD19,CD22,CD300A,FCRL3,CD72,GBP1,NFAM1,STAP1,CCR7,CEACAM1,GCSAM,PAWR"
"GO:BP","sensory perception of sound","GO:0007605","false","0.0014132910545975304","2.84976838989318","169","1336","25","21026","GRAP,TIMM10,MYO7A,LARGE1,COL4A3,ADGRV1,KCNE1,SOBP,ESPNL,GJB6,COCH,LRP2,USH2A,TUB,TMC2,SLC1A3,HPN,COL11A1,BSND,COL1A1,CRYM,TMC1,PAX3,CLRN1,COL2A1"
"GO:BP","T cell differentiation","GO:0030217","false","0.0014150893625822876","2.8492161336725963","319","1336","39","21026","SMARCD3,LOXL3,IL27,FCER1G,CCR6,IL18R1,DTX1,IRF1,CLEC4E,GBA1,BCL11B,VNN1,TCF7,BCL6,FZD5,SEMA4A,CCR7,HLA-DOA,SOCS3,CCR9,CR1,LEF1,IL7R,IL1B,GPR183,CAMK4,CD28,PLA2G2D,FUT7,GLI3,FOXJ1,HLA-G,CLEC4D,USP44,BMP4,ZNF683,TMEM98,IL23R,IL6"
"GO:BP","negative regulation of cell motility","GO:2000146","false","0.00143118834998685","2.844303207625855","308","1336","38","21026","DUSP3,IL24,MCTP1,CD300A,SAP30,CD200,IFITM1,NOG,CCL28,EMILIN2,EPHA4,TNFAIP6,TIMP1,STAP1,SERPINB1,GCSAM,PTPRK,THBS1,SLAMF8,AIF1,PADI2,MMP28,NAV3,ADORA1,NDRG4,SRGAP1,DLC1,ATP1B2,CYP19A1,PPARG,PTPRU,ROBO1,BMP4,ALOX15B,DCN,APOE,ADAMTS9,GPR173"
"GO:BP","killing by host of symbiont cells","GO:0051873","false","0.001437477199734627","2.8423990350612653","30","1336","9","21026","APOL1,GAPDH,ELANE,ARG1,CAMP,AZU1,PF4,NLRP6,CTSG"
"GO:BP","lipid storage","GO:0019915","false","0.001437477199734627","2.8423990350612653","93","1336","17","21026","NPC2,GM2A,GBA1,PLIN5,CD36,FFAR2,PLIN3,IL1B,SOAT2,DGAT2,ITGB3,PPARG,MSR1,TREM2,CES1,APOE,IL6"
"GO:BP","nutrient storage","GO:0170062","false","0.001437477199734627","2.8423990350612653","93","1336","17","21026","NPC2,GM2A,GBA1,PLIN5,CD36,FFAR2,PLIN3,IL1B,SOAT2,DGAT2,ITGB3,PPARG,MSR1,TREM2,CES1,APOE,IL6"
"GO:BP","regulation of humoral immune response mediated by circulating immunoglobulin","GO:0002923","false","0.0014407988864728746","2.8413966358346037","18","1336","7","21026","FCER2,CR2,CR1,NOD2,FOXJ1,CR1L,TREM2"
"GO:BP","negative regulation of humoral immune response","GO:0002921","false","0.0014407988864728746","2.8413966358346037","18","1336","7","21026","CR2,CD55,SERPING1,CR1,VSIG4,FOXJ1,CR1L"
"GO:BP","regulation of coagulation","GO:0050818","false","0.0015046340855210728","2.822569104030828","76","1336","15","21026","HPSE,PLAUR,EMILIN2,CD36,CEACAM1,SERPING1,THBS1,ST3GAL4,PF4,PLAU,FAP,TFPI,F3,PROS1,APOE"
"GO:BP","type II interferon production","GO:0032609","false","0.0015046340855210728","2.822569104030828","121","1336","20","21026","IL27,CD274,PDCD1LG2,GAS6,IL18R1,TLR8,CD14,FZD5,CCR7,TLR9,IL1R1,CR1,NOD2,SLC11A1,IL1B,PGLYRP1,NLRP6,IL10,ZNF683,IL23R"
"GO:BP","cell aggregation","GO:0098743","false","0.0015395853955959254","2.8125962172463113","24","1336","8","21026","WNT7A,MAPK14,MGP,LTF,CCN2,COL11A1,SOX5,COL2A1"
"GO:BP","renal system development","GO:0072001","false","0.0015395853955959254","2.8125962172463113","332","1336","40","21026","ID3,LAMA5,MMP9,NOG,LRRK2,EDNRB,STAT1,EPHA4,ALDH1A2,SLC22A1,SOX8,COL4A3,PCSK9,SPRY1,ITGB3,COL4A4,DCHS1,GLI3,FOXJ1,GCNT4,SDC1,AQP1,LRP2,ASS1,EPCAM,BMP4,FREM2,ACVR2B,WNT7B,NOTCH3,HS3ST3A1,ENPEP,TEK,FGF8,FOXC1,LRP4,LGR4,NKX3-1,IRX3,NRP1"
"GO:BP","positive regulation of cation transmembrane transport","GO:1904064","false","0.001574058378698203","2.8029791645587028","131","1336","21","21026","CD19,GPER1,P2RX5,AMIGO1,MS4A1,GSTO1,ASPH,P2RX1,KCNJ2,SCN1B,KCNE1,FGF13,ATP1B2,NTSR1,FXYD2,TREM2,SNCA,NOS1AP,STAC,PPP3R2,ANK2"
"GO:BP","regulation of hemopoiesis","GO:1903706","false","0.0015884669583368682","2.7990218144919896","425","1336","48","21026","SMARCD3,LOXL3,H4C9,IL27,EEIG1,GAS6,H4C4,HOXA9,FCRL3,DTX1,NFAM1,IRF1,LILRB3,TYROBP,STAT1,TNFAIP6,VNN1,TCF7,BCL6,MAPK14,HLA-DOA,TLR9,CEACAM1,CR1,LEF1,IL7R,FES,CAMK4,CD28,H4C5,MMP14,SLAMF8,PGLYRP1,PF4,FAXDC2,H4C8,GLI3,FOXJ1,HLA-G,FAM210B,LTF,IL10,C1QC,TREM2,BMP4,ZNF683,ERFE,IL23R"
"GO:BP","potassium ion transmembrane transport","GO:0071805","false","0.0015884669583368682","2.7990218144919896","212","1336","29","21026","CD63,KCNJ15,KCNMA1,AMIGO1,KCNG1,SLC9A8,LARGE1,KCND1,KCNJ2,KCNH8,KCNH7,KCNG2,KCNE1,KCNQ5,ATP1B2,AQP1,FXYD2,TRPM5,TREM2,SLC12A3,SLC1A3,HPN,ASPG,KCNK10,NOS1AP,KCNJ12,KCNK17,KCNJ11,ANK2"
"GO:BP","ERK1 and ERK2 cascade","GO:0070371","false","0.0015959065277639229","2.7969925488656937","299","1336","37","21026","DUSP3,GPER1,ICAM1,GAS6,GRB10,GBP1,EPHA4,CD36,CCR7,GLIPR2,TLR9,CEACAM1,NOD2,IL1B,FPR2,GPR183,NECAB2,SPRY1,TRPV4,NRG1,NLRP6,ITGB3,CAVIN3,ATF3,NDRG4,FLT4,MARCO,CCN2,TREM2,BMP4,CNKSR3,APOE,FN1,TEK,FGF8,HTR2B,NRP1"
"GO:BP","regulation of T cell proliferation","GO:0042129","false","0.0016034634530862622","2.7949409342723963","181","1336","26","21026","TNFRSF13C,IL27,CD274,PDCD1LG2,CD40LG,ICOSLG,IRF1,BCL6,CD55,IGFBP2,ARG1,CR1,VSIG4,IL1B,CD28,PLA2G2D,AIF1,PAWR,SPTA1,FOXJ1,HLA-G,CD209,IL10,BMP4,IL23R,IL6"
"GO:BP","positive regulation of interleukin-1 beta production","GO:0032731","false","0.0016034634530862622","2.7949409342723963","60","1336","13","21026","AIM2,CASP1,TLR8,NLRC4,GBP5,TYROBP,CD36,FZD5,NAIP,LILRA5,NOD2,AZU1,IL6"
"GO:BP","endoderm formation","GO:0001706","false","0.0016034634530862622","2.7949409342723963","60","1336","13","21026","MMP9,NOG,ITGA7,MMP14,MMP8,MMP2,ITGB5,COL4A2,COL11A1,LAMA3,SOX7,FN1,GATA6"
"GO:BP","cell-substrate adhesion","GO:0031589","false","0.0016291428001404997","2.7880408465724384","356","1336","42","21026","DUSP3,HPSE,GAS6,CD63,ADAM9,ITGAM,ITGA9,LAMA5,DOCK1,GBP1,ITGA2B,CCL28,CD36,BCL6,CCR7,BST1,CORO2B,COL17A1,ITGA7,SNED1,PTPRK,THBS1,MMP14,FBLN2,ITGB3,ITGB4,ITGB5,CEACAM6,PLAU,DLC1,ATP1B2,COL5A3,CCN2,RHOD,BCAM,COL1A1,COL13A1,FN1,TEK,ADAMTS9,VIT,NRP1"
"GO:BP","regulation of blood circulation","GO:1903522","false","0.0017103851413501514","2.766906084970697","256","1336","33","21026","DSC2,ITGA9,GSTO1,ASPH,P2RX1,EDNRB,ADM,ECE1,KCNJ2,SCN1B,SMTNL1,HRH2,KCNE1,DOCK4,MMP2,CACNA1H,ADORA1,SCN2B,DBH,ADRA2A,FGF13,RNF207,ATP1B2,CHGA,SLC8A2,MYH7,GJD3,RYR2,NOS1AP,KCNJ12,CORIN,ANK2,IRX3"
"GO:BP","negative regulation of leukocyte cell-cell adhesion","GO:1903038","false","0.0017706816800044135","2.751859506027945","142","1336","22","21026","DUSP3,LOXL3,CD274,PDCD1LG2,CD300A,DTX1,IRF1,CCL28,BCL6,ARG1,CR1,VSIG4,PLA2G2D,PAWR,GLI3,FOXJ1,HLA-G,CTSG,TARM1,ASS1,IL10,BMP4"
"GO:BP","positive regulation of tumor necrosis factor production","GO:0032760","false","0.001776251211979446","2.7504956127346745","104","1336","18","21026","TLR2,FCGR2A,CLU,LRRK2,CD14,TYROBP,CD36,FZD5,TLR9,LILRA5,NOD2,AZU1,THBS1,LY96,PF4,MMP8,NFATC4,IL6"
"GO:BP","cytokine production involved in immune response","GO:0002367","false","0.001822582275481781","2.739312857533327","123","1336","20","21026","IRAK3,SECTM1,IL18R1,CD36,BCL6,FZD5,CD55,TLR9,FFAR2,IL1R1,ARG1,NOD2,IL1B,FFAR3,HLA-G,CALHM6,GPRC5B,IL10,IL6,PRG2"
"GO:BP","regulation of cytokine production involved in immune response","GO:0002718","false","0.001822582275481781","2.739312857533327","123","1336","20","21026","IRAK3,SECTM1,IL18R1,CD36,BCL6,FZD5,CD55,TLR9,FFAR2,IL1R1,ARG1,NOD2,IL1B,FFAR3,HLA-G,CALHM6,GPRC5B,IL10,IL6,PRG2"
"GO:BP","amyloid-beta clearance","GO:0097242","false","0.0018419957186746555","2.734711383562695","38","1336","10","21026","ITGAM,CLU,TYROBP,CD36,LRP2,MARCO,MSR1,TREM2,APOE,LRP4"
"GO:BP","endochondral bone morphogenesis","GO:0060350","false","0.001866259838273412","2.729027889811276","61","1336","13","21026","AXIN2,TMEM119,MMP14,ALPL,TRPV4,COL27A1,CBS,BMP4,COL1A1,COL13A1,TEK,FOXC1,COL2A1"
"GO:BP","macrophage migration","GO:1905517","false","0.001866259838273412","2.729027889811276","61","1336","13","21026","C3AR1,CD200,EDNRB,STAP1,AZU1,THBS1,MMP14,SLAMF8,TRPV4,MMP2,MMP28,CYP19A1,TREM2"
"GO:BP","regulation of microglial cell activation","GO:1903978","false","0.002010245985051075","2.6967507966024526","19","1336","7","21026","GRN,LRRK2,STAP1,CST7,MMP8,TREM2,IL6"
"GO:BP","detection of other organism","GO:0098543","false","0.002010245985051075","2.6967507966024526","19","1336","7","21026","TLR2,NLRC4,NAIP,NOD2,PGLYRP1,CLEC6A,PGLYRP4"
"GO:BP","symbiont entry into host","GO:0044409","false","0.0021212593693535242","2.673406226442306","144","1336","22","21026","CTSB,ICAM1,GAS6,TRIM21,TRIM25,CR2,CLEC5A,TRIM22,CD55,CR1,CDHR3,CAV2,PLSCR1,ANPEP,ITGB3,ITGB5,CD209,MRC1,TRIM58,TMPRSS4,NECTIN4,NRP1"
"GO:BP","antigen receptor-mediated signaling pathway","GO:0050851","false","0.0021273468984404392","2.6721616855583257","195","1336","27","21026","DUSP3,BLK,CD79A,FCMR,CD19,CD22,CD79B,BANK1,CD300A,BLNK,FCRL3,ICOSLG,BMX,MS4A1,CD72,GBP1,NFAM1,IGHM,BTNL9,STAP1,CCR7,CEACAM1,MNDA,GCSAM,CD28,PAWR,ZNF683"
"GO:BP","glial cell migration","GO:0008347","false","0.0021895119317950846","2.6596526837677477","62","1336","13","21026","VCAN,EPHA4,STAP1,TSPO,GPR183,AZU1,MMP14,GLI3,NTN1,ATP1B2,TREM2,NR2E1,RELN"
"GO:BP","phagocytosis, engulfment","GO:0006911","false","0.0021990616117138016","2.657762602720845","54","1336","12","21026","FCGR1A,CD300A,ITGAM,DOCK1,CD36,STAP1,THBS1,AIF1,PPARG,MARCO,MSR1,TREM2"
"GO:BP","heterophilic cell-cell adhesion via plasma membrane cell adhesion molecules","GO:0007157","true","0.0021990616117138016","2.657762602720845","54","1336","12","21026","ICAM1,SCARF1,SELL,AMIGO1,SELP,DCHS1,CEACAM6,CD209,CEACAM8,CRB2,CRB1,NECTIN4"
"GO:BP","negative regulation of cell-cell adhesion","GO:0022408","false","0.0022995342811222125","2.6383601116427875","196","1336","27","21026","DUSP3,LOXL3,CD274,PDCD1LG2,CD300A,DTX1,IRF1,CCL28,BCL6,CEACAM1,ARG1,CR1,VSIG4,PLA2G2D,TRPV4,PAWR,GLI3,FOXJ1,HLA-G,CTSG,TARM1,ASS1,IL10,EPCAM,BMP4,ABCA12,TNR"
"GO:BP","negative regulation of complement activation","GO:0045916","false","0.0023462761180663458","2.6296208799032734","14","1336","6","21026","CR2,CD55,SERPING1,CR1,VSIG4,CR1L"
"GO:BP","complement receptor mediated signaling pathway","GO:0002430","false","0.0023462761180663458","2.6296208799032734","14","1336","6","21026","C3AR1,ITGAM,FPR1,CR2,CR1,FPR2"
"GO:BP","epidermis development","GO:0008544","false","0.0023795993176264746","2.623496164285272","398","1336","45","21026","CELSR1,HPSE,ADAM9,KAZN,PLOD1,LAMA5,GBA1,WNT16,KDF1,MYO7A,BCL11B,COL17A1,WNT10A,FLOT2,PNPLA1,LIPM,EDAR,CRABP2,FLG,SFN,CSTA,CNFN,TMEM132E,TNFRSF19,CCN2,FOXQ1,KRT2,FA2H,USH2A,BMP4,SFRP4,ALOX15B,ABCA12,LAMA3,CYP27B1,OVOL3,FOXC1,HRNR,TMC1,LRP4,KRT15,GATA6,LGR4,CLRN1,LAMC2"
"GO:BP","positive regulation of leukocyte activation","GO:0002696","false","0.0023795993176264746","2.623496164285272","363","1336","42","21026","SMARCD3,TNFRSF13C,CD274,PDCD1LG2,GAS6,CD40LG,FCRL3,ICOSLG,LRRK2,TYROBP,VNN1,BCL6,STAP1,CCR7,CD55,HLA-DOA,TLR9,BST1,IGFBP2,PLA2G4A,CR1,NOD2,LEF1,IL7R,IL1B,FLOT2,GPR183,CD28,THBS1,MMP14,AIF1,ICOS,MMP8,GLI3,SPTA1,HLA-G,CLEC4D,CD209,IL10,TREM2,IL23R,IL6"
"GO:BP","regulation of membrane potential","GO:0042391","false","0.002475417651920816","2.606351516479027","458","1336","50","21026","GPER1,P2RX5,DSC2,TMEM25,KCNMA1,WNT7A,KCNG1,GBA1,LRRK2,P2RX1,PINK1,CD36,KCND1,TSPO,SCN4A,KCNJ2,KCNH8,HTR3A,KCNH7,KCNG2,SCN1B,CLIC1,KCNE1,CNGB1,SCN9A,INSYN2B,CACNA1H,ADORA1,SCN2B,FGF13,CNR2,RNF207,ATP1B2,NTSR1,NRCAM,TREM2,SLC8A2,ASIC1,GABRB3,RELN,SNCA,DCN,KCNK10,RYR2,DGKI,NOS1AP,KCNK17,KCNJ11,ANK2,PTPN3"
"GO:BP","regulation of monoatomic cation transmembrane transport","GO:1904062","false","0.0024778744768780394","2.605920697709741","284","1336","35","21026","CD19,GPER1,P2RX5,CD63,AMIGO1,KCNG1,MS4A1,TSPAN13,MMP9,GSTO1,ASPH,P2RX1,TLR9,KCNJ2,PML,SCN1B,PCSK9,KCNE1,ITGB3,ADRA2A,FGF13,ATP1B2,NTSR1,FXYD2,JPH3,TREM2,TMC2,SNCA,RYR2,NOS1AP,STAC,TMC1,PPP3R2,ANK2,PTPN3"
"GO:BP","myeloid leukocyte differentiation","GO:0002573","false","0.0024983100373949184","2.6023536671729923","240","1336","31","21026","P2RX5,TLR2,EEIG1,LTBR,PRTN3,MMP9,GBA1,LILRB3,BATF2,TYROBP,LARGE1,TNFAIP6,MAPK14,OSCAR,CCR7,CEACAM1,LEF1,FES,GPR183,CAMK4,SBNO2,PF4,IGSF23,PPARG,LTF,C1QC,TREM2,BMP4,MT1G,ERFE,IL23R"
"GO:BP","regulation of epithelial cell proliferation","GO:0050678","false","0.002501855535849417","2.6017377712991885","364","1336","42","21026","WNT7A,GRN,LAMA5,NOG,KDF1,EDNRB,STAT1,BCL11B,ALDH1A2,CEACAM1,NOD2,PTPRK,ALOX5,LRG1,COL4A3,CAV2,THBS1,EGFL7,ST8SIA1,ITGB3,SFN,NUPR1,DBH,SPARC,FLT4,PPARG,THBS4,FUT2,FGF9,IL10,F3,FA2H,ROBO1,BMP4,HPN,APOE,SCAND3,TEK,GATA6,HTR2B,NKX3-1,NRP1"
"GO:BP","regulation of leukocyte differentiation","GO:1902105","false","0.00258603895416091","2.5873649375183807","330","1336","39","21026","SMARCD3,LOXL3,IL27,EEIG1,GAS6,FCRL3,DTX1,NFAM1,IRF1,LILRB3,TYROBP,TNFAIP6,VNN1,TCF7,BCL6,HLA-DOA,TLR9,CEACAM1,CR1,LEF1,IL7R,FES,CAMK4,CD28,MMP14,SLAMF8,PGLYRP1,PF4,GLI3,FOXJ1,HLA-G,LTF,IL10,C1QC,TREM2,BMP4,ZNF683,ERFE,IL23R"
"GO:BP","peptidyl-tyrosine modification","GO:0018212","false","0.0026662983313677346","2.5740912591164227","241","1336","31","21026","BLK,FLT3,DOK7,BANK1,TPST1,LTK,PARP9,EPHA4,CD36,SAMSN1,BST1,LILRA5,SOCS3,NOD2,FES,HCK,CLEC6A,OSM,NRG1,ITGB3,FLT4,THBS4,GPRC5B,TREM2,RELN,SRMS,FGF8,LRP4,IL23R,IL6,NRP1"
"GO:BP","positive regulation of tumor necrosis factor superfamily cytokine production","GO:1903557","false","0.002731638252502876","2.563576814267222","108","1336","18","21026","TLR2,FCGR2A,CLU,LRRK2,CD14,TYROBP,CD36,FZD5,TLR9,LILRA5,NOD2,AZU1,THBS1,LY96,PF4,MMP8,NFATC4,IL6"
"GO:BP","cartilage condensation","GO:0001502","false","0.0027766654155570525","2.556476448997193","20","1336","7","21026","WNT7A,MAPK14,MGP,CCN2,COL11A1,SOX5,COL2A1"
"GO:BP","negative regulation of interleukin-10 production","GO:0032693","false","0.0027766654155570525","2.556476448997193","20","1336","7","21026","CD274,PDCD1LG2,TRIB2,TYROBP,THBS1,IL23R,PRG2"
"GO:BP","mesenchyme development","GO:0060485","false","0.002784354201432786","2.555275518363555","320","1336","38","21026","LOXL3,LAMA5,AXIN2,WNT16,NOG,EDNRB,STAT1,EPHA4,DPPA4,SEMA4A,GLIPR2,ALDH1A2,FOLR1,WNT10A,LEF1,IL1B,SOX8,LRG1,SEMA3B,SEMA6B,SPRY1,NRG1,DCHS1,TGFB1I1,FGF9,ROBO1,CRB2,BMP4,HPN,ZFPM2,ELL3,COL1A1,FN1,FGF8,FOXC1,HTR2B,IL6,NRP1"
"GO:BP","negative regulation of mononuclear cell proliferation","GO:0032945","false","0.002864765459782239","2.542910928213833","90","1336","16","21026","CD274,PDCD1LG2,CD300A,TYROBP,BCL6,ARG1,CR1,MNDA,VSIG4,TNFRSF13B,PLA2G2D,PAWR,FOXJ1,HLA-G,IL10,BMP4"
"GO:BP","amide transport","GO:0042886","false","0.0028714637220421954","2.541896666207267","332","1336","39","21026","BLK,GPER1,MGST1,PASK,TAP1,AQP9,PFKFB2,AQP10,FFAR2,FOLR1,INHBB,IL1B,ALOX5,ABCA13,FFAR3,SLC16A10,TRPV4,CPE,ADORA1,C1QTNF12,TUNAR,CD209,ADRA2A,S100A8,AQP1,CHGA,LRP2,TRPM5,ACVR2B,MTTP,DOC2B,SYBU,ABCA12,RASL10B,GCK,IL6,FAM3B,KCNJ11,CELA2A"
"GO:BP","muscle system process","GO:0003012","false","0.0029393594362930593","2.5317473034633005","438","1336","48","21026","GPER1,DSC2,KCNMA1,LTB4R,GSTO1,ASPH,P2RX1,EDNRB,LARGE1,MYL9,PDE9A,MAP2K6,NOL3,SCN4A,KCNJ2,DTNA,SCO2,IL1B,SCN1B,TNNI2,MYBPC3,KCNE1,DOCK4,TRPV4,GATM,SCN9A,MYOF,CACNA1H,ADORA1,SCN2B,ADRA2A,FGF13,ATP8A2,RNF207,CALD1,PPARG,CHGA,TMOD1,MYH7,SLC6A8,RYR2,NOS1AP,STAC,KCNJ12,GATA6,HTR2B,PRKAG3,ANK2"
"GO:BP","regulation of monoatomic ion transmembrane transport","GO:0034765","false","0.0029393594362930593","2.5317473034633005","321","1336","38","21026","CD19,GPER1,P2RX5,CD63,KCNJ15,AMIGO1,KCNG1,MS4A1,TSPAN13,MMP9,GSTO1,ASPH,P2RX1,TLR9,KCNJ2,PML,SCN1B,PCSK9,KCNE1,ITGB3,ADRA2A,FGF13,ATP1B2,NTSR1,FXYD2,JPH3,TREM2,TMC2,SNCA,RYR2,NOS1AP,STAC,KCNJ12,TMC1,PPP3R2,KCNJ11,ANK2,PTPN3"
"GO:BP","endothelial cell proliferation","GO:0001935","false","0.002963379894188968","2.528212670027126","158","1336","23","21026","STAT1,ALDH1A2,ALOX5,LRG1,COL4A3,CAV2,THBS1,MMP14,EGFL7,ITGB3,DBH,SPARC,FLT4,PPARG,THBS4,FUT2,IL10,F3,BMP4,APOE,TEK,HTR2B,NRP1"
"GO:BP","response to purine-containing compound","GO:0014074","false","0.0029886208855655935","2.5245291728661736","148","1336","22","21026","P2RX5,NT5E,ASPH,TRPM2,AQP9,P2RX1,STAT1,INHBB,IL1B,KCNE1,ADORA1,SDC1,AANAT,AQP1,PPARG,ASS1,COL1A1,RYR2,TEK,DNTT,GATA6,KCNJ11"
"GO:BP","sterol transport","GO:0015918","false","0.0030004368676873117","2.5228155068093927","109","1336","18","21026","NPC2,LDLRAP1,CLU,CETP,CD36,TSPO,ABCB4,ABCA13,PCSK9,SOAT2,TSPO2,PPARG,MSR1,TREM2,MTTP,CES1,ABCA12,APOE"
"GO:BP","regulation of apoptotic signaling pathway","GO:2001233","false","0.003103780204437231","2.5081090410800404","380","1336","43","21026","GPER1,ICAM1,LTBR,GRINA,PLAUR,CLU,MMP9,S100A9,WNT16,NOG,FAS,LRRK2,DDIAS,PINK1,VNN1,G0S2,NOL3,TNFSF10,INHBB,IL1B,PML,THBS1,SEPTIN4,PF4,NRG1,MMP2,NUPR1,ATF3,DBH,NFATC4,S100A8,PPARG,MUC1,YBX3,IL10,TREM2,BMP4,ELL3,CREB3L1,NKX3-1,COL2A1,CTSV,NRP1"
"GO:BP","positive regulation of cytosolic calcium ion concentration","GO:0007204","false","0.003147305972424618","2.5020610341200817","169","1336","24","21026","CXCR5,CCRL2,GPER1,P2RX5,CCR6,C3AR1,CCL28,FPR1,ASPH,RIC3,EDNRB,CD36,ADM,CCR7,CD55,CCR9,PML,FPR2,TRPV4,PTGFR,JPH3,GNG3,RYR2,PTGER1"
"GO:BP","positive regulation of acute inflammatory response","GO:0002675","false","0.003387380825215607","2.4701359751910994","27","1336","8","21026","FCGR1A,CCR7,ALOX5AP,FFAR2,IL1B,FFAR3,OSM,IL6"
"GO:BP","regulation of membrane protein ectodomain proteolysis","GO:0051043","true","0.003387380825215607","2.4701359751910994","27","1336","8","21026","ADAM9,TIMP1,IL1B,ADRA2A,IL10,TIMP4,APOE,PTPN3"
"GO:BP","negative regulation of cell development","GO:0010721","false","0.003387380825215607","2.4701359751910994","267","1336","33","21026","LOXL3,BCL11A,WNT7A,DTX1,IRF1,LILRB3,NOG,EDNRB,TNFAIP6,BCL6,TSPO,CEACAM1,CR1,IL1B,PGLYRP1,GLI3,FOXJ1,NFATC4,HLA-G,FGF13,NTN1,LTF,C1QC,TREM2,BMP4,FSTL4,NR2E1,TNR,TMEM98,LRP4,ERFE,IL6,NRP1"
"GO:BP","cellular response to lipoteichoic acid","GO:0071223","false","0.0034189856588721103","2.466102720872247","10","1336","5","21026","TLR2,CD14,CD36,MAPK14,TREM2"
"GO:BP","neutrophil mediated cytotoxicity","GO:0070942","false","0.0034189856588721103","2.466102720872247","15","1336","6","21026","ELANE,ARG1,AZU1,NLRP6,CTSG,DNASE1L3"
"GO:BP","synapse pruning","GO:0098883","true","0.0034189856588721103","2.466102720872247","15","1336","6","21026","C1QB,ITGAM,EPHA4,C1QA,C1QC,TREM2"
"GO:BP","response to lipoteichoic acid","GO:0070391","false","0.0034189856588721103","2.466102720872247","10","1336","5","21026","TLR2,CD14,CD36,MAPK14,TREM2"
"GO:BP","nephron development","GO:0072006","false","0.0034621187525678246","2.460658039666747","160","1336","23","21026","LAMA5,NOG,EDNRB,STAT1,SLC22A1,SOX8,COL4A3,ITGB3,COL4A4,DCHS1,GLI3,FOXJ1,AQP1,BMP4,WNT7B,NOTCH3,HS3ST3A1,ENPEP,TEK,FGF8,FOXC1,LGR4,IRX3"
"GO:BP","Fc-gamma receptor signaling pathway","GO:0038094","false","0.0034656363104173618","2.460217014809135","34","1336","9","21026","FCGR1A,FCER1G,FCGR2A,LIMK1,CLEC4E,OSCAR,HCK,CLEC4D,FCGR3B"
"GO:BP","positive regulation of cholesterol transport","GO:0032376","false","0.0034656363104173618","2.460217014809135","34","1336","9","21026","LDLRAP1,CETP,ABCB4,ABCA13,PPARG,TREM2,CES1,ABCA12,APOE"
"GO:BP","positive regulation of sterol transport","GO:0032373","false","0.0034656363104173618","2.460217014809135","34","1336","9","21026","LDLRAP1,CETP,ABCB4,ABCA13,PPARG,TREM2,CES1,ABCA12,APOE"
"GO:BP","positive regulation of monoatomic ion transport","GO:0043270","false","0.0034706011299143018","2.4595952961618277","202","1336","27","21026","CD19,GPER1,P2RX5,AMIGO1,MS4A1,GSTO1,ASPH,P2RX1,TSPO,KCNJ2,LILRA5,SCN1B,KCNE1,ADORA1,SCN2B,ADRA2A,FGF13,ATP1B2,NTSR1,FXYD2,TREM2,CNKSR3,SNCA,NOS1AP,STAC,PPP3R2,ANK2"
"GO:BP","endocrine process","GO:0050886","false","0.0035304336494919753","2.4521719461661666","92","1336","16","21026","HCAR2,EDNRB,ECE1,TSPO,RETN,INHBB,IL1B,CTSG,AQP1,CYP19A1,PPARG,SUCNR1,ENPEP,CORIN,RASL10B,NKX3-1"
"GO:BP","skeletal system morphogenesis","GO:0048705","false","0.0036041646778393705","2.4431953738963523","235","1336","30","21026","PAX5,WNT7A,HOXA9,LAMA5,AXIN2,NOG,TMEM119,MAPK14,NDST1,MMP14,ALPL,TRPV4,COL27A1,MMP2,GLI3,MGP,LTF,CCN2,CBS,BMP4,ACVR2B,SFRP4,COL11A1,COL1A1,COL13A1,SOX5,TEK,FGF8,FOXC1,COL2A1"
"GO:BP","antimicrobial humoral immune response mediated by antimicrobial peptide","GO:0061844","false","0.0036305809107284853","2.440023880159684","111","1336","18","21026","H2BC12,H2BC6,GAPDH,S100A9,ELANE,S100A12,DEFA3,H2BC12L,NOD2,CAMP,PPBP,DEFA4,PGLYRP1,PF4,PF4V1,LTF,CCL23,PGLYRP4"
"GO:BP","muscle contraction","GO:0006936","false","0.0037237294948823108","2.4290218752596746","349","1336","40","21026","GPER1,DSC2,KCNMA1,LTB4R,GSTO1,ASPH,P2RX1,EDNRB,LARGE1,MYL9,MAP2K6,SCN4A,KCNJ2,DTNA,SCN1B,TNNI2,MYBPC3,KCNE1,DOCK4,TRPV4,SCN9A,MYOF,CACNA1H,ADORA1,SCN2B,ADRA2A,FGF13,ATP8A2,RNF207,CALD1,CHGA,TMOD1,MYH7,SLC6A8,RYR2,NOS1AP,STAC,KCNJ12,HTR2B,ANK2"
"GO:BP","regulation of B cell proliferation","GO:0030888","false","0.00374976364741194","2.425996105568198","66","1336","13","21026","TNFRSF13C,CD22,CD300A,FCRL3,TYROBP,BCL6,TLR9,BST1,MNDA,TNFRSF13B,GPR183,PAWR,IL10"
"GO:BP","negative regulation of T cell activation","GO:0050868","false","0.003772616347066601","2.423357357752545","131","1336","20","21026","DUSP3,LOXL3,CD274,PDCD1LG2,CD300A,DTX1,IRF1,BCL6,ARG1,CR1,VSIG4,PLA2G2D,PAWR,GLI3,FOXJ1,HLA-G,CTSG,TARM1,IL10,BMP4"
"GO:BP","protein processing","GO:0016485","false","0.003772616347066601","2.423357357752545","225","1336","29","21026","ADAMTS2,CASP1,AEBP1,IL1R2,ADAM9,PLAUR,CASP4,PSENEN,LRRK2,NLRC4,ECE1,GGT1,KLK1,PCSK9,THBS1,MMP14,CPE,GLI3,PLAU,CTSG,CD5L,F3,PRSS3,HPN,TMEM98,MEP1A,TMPRSS4,ENPEP,CORIN"
"GO:BP","positive regulation of potassium ion transport","GO:0043268","false","0.00387406486057601","2.4118331124877264","42","1336","10","21026","AMIGO1,KCNJ2,KCNE1,ADORA1,ADRA2A,ATP1B2,FXYD2,TREM2,NOS1AP,ANK2"
"GO:BP","macrophage chemotaxis","GO:0048246","false","0.00387406486057601","2.4118331124877264","42","1336","10","21026","C3AR1,EDNRB,STAP1,AZU1,THBS1,SLAMF8,TRPV4,MMP2,MMP28,CYP19A1"
"GO:BP","action potential","GO:0001508","false","0.00387406486057601","2.4118331124877264","172","1336","24","21026","GPER1,DSC2,KCNG1,GBA1,P2RX1,CD36,KCND1,SCN4A,KCNJ2,KCNG2,SCN1B,KCNE1,SCN9A,SCN2B,FGF13,CNR2,RNF207,NRCAM,SLC8A2,RYR2,NOS1AP,KCNJ11,ANK2,PTPN3"
"GO:BP","Fc receptor signaling pathway","GO:0038093","false","0.0039452625050948875","2.403924094933306","58","1336","12","21026","FCMR,FCGR1A,FCER1G,FCGR2A,FCER2,LIMK1,CLEC4E,OSCAR,FCAR,HCK,CLEC4D,FCGR3B"
"GO:BP","negative regulation of lymphocyte mediated immunity","GO:0002707","false","0.0039452625050948875","2.403924094933306","58","1336","12","21026","CD274,CR2,BCL6,CEACAM1,ARG1,CR1,NOD2,IL7R,CLEC12B,FOXJ1,HLA-G,CR1L"
"GO:BP","T cell proliferation","GO:0042098","false","0.003985715803320422","2.399493671378117","215","1336","28","21026","TNFRSF13C,IL27,CD274,PDCD1LG2,CD40LG,ICOSLG,IRF1,BCL6,CD55,IGFBP2,ARG1,CR1,SLC11A1,VSIG4,IL1B,CD28,PLA2G2D,AIF1,PAWR,CD151,SPTA1,FOXJ1,HLA-G,CD209,IL10,BMP4,IL23R,IL6"
"GO:BP","modulation of process of another organism","GO:0035821","false","0.004060974298163987","2.3913697591435206","122","1336","19","21026","TRIM25,FCER2,IFITM1,FCN1,S100A9,IFITM3,ARG1,NOD2,LEF1,ST6GALNAC1,IFITM2,CAV2,NLRP6,SLPI,LTF,ZNF502,HPN,APOE,IFI27"
"GO:BP","regulation of wound healing","GO:0061041","false","0.004095373973066588","2.3877064340687744","132","1336","20","21026","HPSE,PLAUR,EMILIN2,CD36,CEACAM1,SERPING1,INSL3,WFDC1,ALOX5,THBS1,ST3GAL4,PF4,PLAU,ADRA2A,FAP,TFPI,MMRN1,F3,PROS1,APOE"
"GO:BP","calcium ion transport","GO:0006816","false","0.004095373973066588","2.3877064340687744","434","1336","47","21026","CACNA1E,CD19,ANO9,GPER1,P2RX5,GAS6,HOMER3,FCRL3,MS4A1,TSPAN13,GSTO1,ASPH,TRPM2,P2RX1,EDNRB,CCR7,NOL3,TSPO,TLR9,LILRA5,CATSPER1,PML,CNGB1,GP9,TRPV4,ITGB3,CACNA1H,ADRA2A,RCVRN,NTSR1,JPH3,TRPM5,SLC8A2,TMC2,GJA4,ASIC1,SNCA,CYP27B1,RYR2,NOS1AP,STAC,TMC1,HTR2B,GCK,PKD1L3,PPP3R2,ANK2"
"GO:BP","positive regulation of peptidyl-tyrosine phosphorylation","GO:0050731","false","0.004095373973066588","2.3877064340687744","142","1336","21","21026","FLT3,DOK7,BANK1,PARP9,EPHA4,CD36,LILRA5,NOD2,CLEC6A,OSM,NRG1,ITGB3,THBS4,GPRC5B,TREM2,RELN,FGF8,LRP4,IL23R,IL6,NRP1"
"GO:BP","response to interferon-beta","GO:0035456","false","0.0041687790623695774","2.3799911210733504","35","1336","9","21026","AIM2,IFITM1,IRF1,STAT1,IFITM3,MNDA,IFITM2,PLSCR1,ACOD1"
"GO:BP","acute inflammatory response to antigenic stimulus","GO:0002438","false","0.0041687790623695774","2.3799911210733504","28","1336","8","21026","FCGR1A,FCGR2A,ELANE,CCR7,PLA2G2D,FUT7,NLRP6,FCGR3B"
"GO:BP","calcium ion transmembrane transport","GO:0070588","false","0.00422342791837039","2.374334913561631","340","1336","39","21026","CACNA1E,CD19,ANO9,GPER1,P2RX5,GAS6,MS4A1,TSPAN13,GSTO1,ASPH,TRPM2,P2RX1,EDNRB,CCR7,NOL3,TLR9,CATSPER1,PML,CNGB1,GP9,TRPV4,ITGB3,CACNA1H,ADRA2A,NTSR1,JPH3,TRPM5,SLC8A2,TMC2,ASIC1,SNCA,RYR2,NOS1AP,STAC,TMC1,HTR2B,PKD1L3,PPP3R2,ANK2"
"GO:BP","negative regulation of adaptive immune response","GO:0002820","false","0.004246800192941504","2.371938171583903","67","1336","13","21026","LOXL3,CD274,CR2,BCL6,SAMSN1,CEACAM1,ARG1,CR1,NOD2,IL7R,FOXJ1,HLA-G,CR1L"
"GO:BP","neutrophil chemotaxis","GO:0030593","false","0.004418031506207702","2.3547711913791693","85","1336","15","21026","FCER1G,C3AR1,ITGA9,S100A9,TNFAIP6,S100A12,CCR7,BST1,NOD2,IL1B,PPBP,PF4,S100A8,PF4V1,THBS4"
"GO:BP","positive regulation of monoatomic ion transmembrane transport","GO:0034767","false","0.004459915446148252","2.3506733748347926","143","1336","21","21026","CD19,GPER1,P2RX5,AMIGO1,MS4A1,GSTO1,ASPH,P2RX1,KCNJ2,SCN1B,KCNE1,FGF13,ATP1B2,NTSR1,FXYD2,TREM2,SNCA,NOS1AP,STAC,PPP3R2,ANK2"
"GO:BP","T cell mediated immunity","GO:0002456","false","0.0044752887425359","2.349178939064358","133","1336","20","21026","CD274,ICAM1,SECTM1,IL18R1,SCART1,CR2,FZD5,CD55,CEACAM1,IL1R1,ARG1,CR1,NOD2,IL7R,IL1B,FUT7,HLA-G,CR1L,IL23R,IL6"
"GO:BP","morphogenesis of a branching structure","GO:0001763","false","0.004489153848777756","2.3478355105417004","206","1336","27","21026","CELSR1,BCL11A,LAMA5,NOG,LRRK2,GDF7,ADM,FZD5,SOCS3,LEF1,PML,SOX8,MMP14,SPRY1,TGM2,DCHS1,GLI3,NFATC4,FGF13,IL10,BMP4,COL13A1,HS3ST3A1,FGF8,LGR4,NKX3-1,NRP1"
"GO:BP","peptidyl-tyrosine phosphorylation","GO:0018108","false","0.004541240566099196","2.3428254913247297","239","1336","30","21026","BLK,FLT3,DOK7,BANK1,LTK,PARP9,EPHA4,CD36,SAMSN1,BST1,LILRA5,SOCS3,NOD2,FES,HCK,CLEC6A,OSM,NRG1,ITGB3,FLT4,THBS4,GPRC5B,TREM2,RELN,SRMS,FGF8,LRP4,IL23R,IL6,NRP1"
"GO:BP","cholesterol transport","GO:0030301","false","0.004576669634694961","2.339450435837337","104","1336","17","21026","NPC2,LDLRAP1,CLU,CETP,CD36,TSPO,ABCB4,ABCA13,PCSK9,SOAT2,TSPO2,PPARG,MSR1,TREM2,CES1,ABCA12,APOE"
"GO:BP","positive regulation of interleukin-12 production","GO:0032735","false","0.004587384729818514","2.3384348354009337","43","1336","10","21026","TLR2,CD40LG,IRF1,CD36,MAPK14,CCR7,TLR9,NOD2,HLA-G,IL23R"
"GO:BP","temperature homeostasis","GO:0001659","false","0.004598063700120765","2.337425016446619","185","1336","25","21026","GRB10,IL18R1,TRPM2,EDNRB,CD36,ELOVL3,MAP2K6,G0S2,NOD2,IL1B,ACSL1,ALPL,LCN2,GATM,ADORA1,DBH,NTSR1,IGF2BP2,ACVR2B,ID1,YBX2,PRDM16,LAMA4,ACHE,LGR4"
"GO:BP","endodermal cell differentiation","GO:0035987","false","0.004660263895697906","2.3315894899193594","51","1336","11","21026","MMP9,ITGA7,MMP14,MMP8,MMP2,ITGB5,COL4A2,COL11A1,LAMA3,FN1,GATA6"
"GO:BP","negative regulation of leukocyte migration","GO:0002686","false","0.004660263895697906","2.3315894899193594","51","1336","11","21026","CD300A,CD200,CCL28,TNFAIP6,STAP1,GCSAM,SLAMF8,PADI2,MMP28,ADORA1,CYP19A1"
"GO:BP","sensory perception of mechanical stimulus","GO:0050954","false","0.004697002419235363","2.3281792161292274","196","1336","26","21026","GRAP,TIMM10,MYO7A,LARGE1,COL4A3,ADGRV1,KCNE1,SOBP,ESPNL,GJB6,SCN9A,COCH,LRP2,USH2A,TUB,TMC2,SLC1A3,HPN,COL11A1,BSND,COL1A1,CRYM,TMC1,PAX3,CLRN1,COL2A1"
"GO:BP","defense response to virus","GO:0051607","false","0.004697002419235363","2.3281792161292274","319","1336","37","21026","GBP2,AIM2,IL27,CASP1,TLR2,IFNLR1,TRIM21,ATG7,TRIM25,TLR8,GBP1,IFITM1,IRF1,PARP9,TRIM7,GBP5,STAT1,IFITM3,TRIM22,GBP3,TLR9,DEFA3,IL1B,IFITM2,PML,DDX60L,AZU1,PLSCR1,RTP4,NLRP6,ACOD1,APOBEC3B,USP44,RNASE2,IFI27,IL23R,IL6"
"GO:BP","detection of bacterium","GO:0016045","false","0.00470871395739263","2.3270976910605956","16","1336","6","21026","TLR2,NLRC4,NAIP,NOD2,PGLYRP1,PGLYRP4"
"GO:BP","positive regulation of humoral immune response","GO:0002922","false","0.004722269764561703","2.3258492070255823","22","1336","7","21026","FCER2,CCR7,CR1,NOD2,IL1B,ACOD1,TREM2"
"GO:BP","stem cell development","GO:0048864","false","0.0048970904841793665","2.3100618713918797","86","1336","15","21026","WNT7A,LAMA5,EDNRB,SEMA4A,ALDH1A2,FOLR1,SOX8,SEMA3B,SEMA6B,NRG1,BMP4,FN1,FOXC1,HTR2B,NRP1"
"GO:BP","carboxylic acid biosynthetic process","GO:0046394","true","0.004955864995519535","2.3048805329052344","320","1336","37","21026","CASP1,LTA4H,ERLIN1,CARNS1,KYNU,NLRC4,NAIP,ELOVL3,ALOX5AP,ALDH1A2,CEACAM1,SDSL,PLA2G4A,GGT1,IL1B,ALOX5,BCAT1,DHRS9,OLAH,GATM,MLXIPL,PLOD2,CYP27A1,ASS1,CBS,GGTLC2,GLS2,FA2H,ABCB11,ACOX2,CYP2C8,SLC1A3,PLA2G2C,CES1,ALOX15B,PRKAG3,PAH"
"GO:BP","response to toxic substance","GO:0009636","false","0.005066936161504501","2.295254567365334","252","1336","31","21026","HP,TLR2,MGST1,MTARC1,S100A9,GSTO1,PINK1,CD36,ALOX5AP,AQP10,SLC22A1,EPHX2,MPO,INHBB,SLC11A1,MT1E,SCN9A,HBQ1,NUPR1,SCN2B,SDC1,ASS1,LPO,HBD,CES1,MT1G,SLC22A3,APOE,MAOB,GATA6,TXNDC2"
"GO:BP","muscle cell proliferation","GO:0033002","false","0.005100820069144055","2.2923599958877676","208","1336","27","21026","LDLRAP1,GPER1,S1PR1,MMP9,NOG,STAT1,MAPK14,ELANE,FES,CAV2,THBS1,AIF1,NRG1,MMP2,ITGB3,NDRG4,DBH,PPARG,FGF9,IL10,BMP4,NOTCH3,ZFPM2,APOE,FOXC1,GATA6,IL6"
"GO:BP","positive regulation of ERK1 and ERK2 cascade","GO:0070374","false","0.005286399933530488","2.2768399841564113","187","1336","25","21026","GPER1,ICAM1,GAS6,CD36,CCR7,GLIPR2,NOD2,FPR2,GPR183,NECAB2,TRPV4,NRG1,ITGB3,CAVIN3,NDRG4,FLT4,MARCO,CCN2,TREM2,BMP4,APOE,TEK,FGF8,HTR2B,NRP1"
"GO:BP","negative regulation of response to wounding","GO:1903035","false","0.005286399933530488","2.2768399841564113","96","1336","16","21026","PLAUR,EPHA4,CEACAM1,SERPING1,WFDC1,KREMEN1,ALOX5,THBS1,PF4,PLAU,FAP,TFPI,MMRN1,PROS1,TNR,APOE"
"GO:BP","dendritic cell differentiation","GO:0097028","false","0.005422827201171183","2.26577423417297","44","1336","10","21026","FLT3,LTBR,GAS6,PRTN3,BATF2,TRPM2,CCR7,CAMK4,HLA-G,TREM2"
"GO:BP","photoreceptor cell maintenance","GO:0045494","false","0.005422827201171183","2.26577423417297","44","1336","10","21026","ADGRV1,CNGB1,RP1L1,ATP1B2,USH2A,TUB,CRB2,CRB1,ABCA4,CLRN1"
"GO:BP","collagen fibril organization","GO:0030199","false","0.005447235925815702","2.263823814544931","69","1336","13","21026","LOXL3,ADAMTS2,MMP11,AEBP1,LOXL1,COL27A1,COL5A3,COL11A1,COL1A1,COL1A2,FOXC1,ADAMTS7,COL2A1"
"GO:BP","regulation of peptidase activity","GO:0052547","false","0.005447235925815702","2.263823814544931","69","1336","13","21026","GAPDH,GRN,PSENEN,PINK1,EPHA4,TIMP1,CST7,CR1,SERPINB1,CSTA,TFPI,CRB2,PRSS22"
"GO:BP","negative regulation of leukocyte mediated immunity","GO:0002704","false","0.005447235925815702","2.263823814544931","69","1336","13","21026","CD274,CD300A,CR2,BCL6,CEACAM1,ARG1,CR1,NOD2,IL7R,CLEC12B,FOXJ1,HLA-G,CR1L"
"GO:BP","antigen processing and presentation","GO:0019882","false","0.0056971646561045424","2.2443412286380635","116","1336","18","21026","FCGR1A,FCER1G,ICAM1,TAP1,CTSD,RAB32,FCER2,GBA1,IFI30,CCR7,HLA-DOA,NOD2,SLC11A1,THBS1,HLA-G,CD209,TREM2,CTSV"
"GO:BP","odontogenesis","GO:0042476","false","0.00572566276153387","2.2421742352732172","136","1336","20","21026","ID3,FAM20A,LAMA5,AXIN2,BCL11B,ADM,WNT10A,LEF1,ALPL,EDAR,GLI3,AQP1,BMP4,ACVR2B,COL1A1,COL1A2,FGF8,FOXC1,LRP4,GATA6"
"GO:BP","organic acid biosynthetic process","GO:0016053","false","0.005776928912702131","2.2383029765837645","323","1336","37","21026","CASP1,LTA4H,ERLIN1,CARNS1,KYNU,NLRC4,NAIP,ELOVL3,ALOX5AP,ALDH1A2,CEACAM1,SDSL,PLA2G4A,GGT1,IL1B,ALOX5,BCAT1,DHRS9,OLAH,GATM,MLXIPL,PLOD2,CYP27A1,ASS1,CBS,GGTLC2,GLS2,FA2H,ABCB11,ACOX2,CYP2C8,SLC1A3,PLA2G2C,CES1,ALOX15B,PRKAG3,PAH"
"GO:BP","regulation of lymphocyte differentiation","GO:0045619","false","0.005811436852542017","2.235716476907228","221","1336","28","21026","SMARCD3,LOXL3,IL27,GAS6,FCRL3,DTX1,NFAM1,IRF1,VNN1,TCF7,BCL6,HLA-DOA,TLR9,CR1,LEF1,IL7R,CAMK4,CD28,MMP14,SLAMF8,PGLYRP1,GLI3,FOXJ1,HLA-G,IL10,BMP4,ZNF683,IL23R"
"GO:BP","positive regulation of JNK cascade","GO:0046330","false","0.005820531478056928","2.235037357712834","97","1336","16","21026","TRAF4,LTBR,WNT7A,WNT16,GADD45B,NAIP,CCR7,TLR9,NOD2,IL1B,EDAR,TRPV4,FLT4,TNFRSF19,CCN2,WNT7B"
"GO:BP","negative regulation of leukocyte proliferation","GO:0070664","false","0.005820531478056928","2.235037357712834","97","1336","16","21026","CD274,PDCD1LG2,CD300A,TYROBP,BCL6,ARG1,CR1,MNDA,VSIG4,TNFRSF13B,PLA2G2D,PAWR,FOXJ1,HLA-G,IL10,BMP4"
"GO:BP","regulation of transmembrane transport","GO:0034762","false","0.006001045077689778","2.2217731109578827","443","1336","47","21026","CD19,GPER1,P2RX5,GRB10,CD63,KCNJ15,AMIGO1,KCNG1,MS4A1,TSPAN13,MMP9,GSTO1,ASPH,P2RX1,RTN2,MAPK14,TLR9,KCNJ2,IL1B,PML,SCN1B,ACSL1,PCSK9,KCNE1,THBS1,ITGB3,C1QTNF12,ADRA2A,FGF13,ATP1B2,NTSR1,FXYD2,JPH3,TREM2,TMC2,RELN,SNCA,RYR2,NOS1AP,STAC,KCNJ12,TMC1,ERFE,PPP3R2,KCNJ11,ANK2,PTPN3"
"GO:BP","response to pain","GO:0048265","false","0.00601944374843611","2.220443639663498","37","1336","9","21026","AQP9,EDNRB,TSPO,THBS1,SCN9A,DBH,THBS4,GJA4,RELN"
"GO:BP","endoderm development","GO:0007492","false","0.00601944374843611","2.220443639663498","88","1336","15","21026","MMP9,NOG,ITGA7,MMP14,MMP8,MMP2,ITGB5,BMP4,COL4A2,COL11A1,LAMA3,SOX7,FN1,FGF8,GATA6"
"GO:BP","negative regulation of lymphocyte proliferation","GO:0050672","false","0.00601944374843611","2.220443639663498","88","1336","15","21026","CD274,PDCD1LG2,CD300A,TYROBP,ARG1,CR1,MNDA,VSIG4,TNFRSF13B,PLA2G2D,PAWR,FOXJ1,HLA-G,IL10,BMP4"
"GO:BP","heart contraction","GO:0060047","false","0.00601944374843611","2.220443639663498","244","1336","30","21026","DSC2,GSTO1,ASPH,EDNRB,ADM,MAP2K6,SCN4A,KCNJ2,SCN1B,TNNI2,MYBPC3,KCNE1,SCN9A,CACNA1H,ADORA1,SCN2B,FGF13,RNF207,ATP1B2,CHGA,SLC8A2,MYH7,GJD3,RYR2,NOS1AP,KCNJ12,CORIN,GATA6,ANK2,IRX3"
"GO:BP","negative regulation of innate immune response","GO:0045824","false","0.00601944374843611","2.220443639663498","88","1336","15","21026","IRAK3,TRIM21,GRN,NMI,CEACAM1,SERPING1,ARG1,CR1,VSIG4,SLAMF8,CLEC12B,SFN,HLA-G,ACOD1,PPARG"
"GO:BP","striated muscle contraction","GO:0006941","false","0.00601944374843611","2.220443639663498","189","1336","25","21026","DSC2,GSTO1,ASPH,LARGE1,MAP2K6,SCN4A,KCNJ2,DTNA,SCN1B,TNNI2,MYBPC3,KCNE1,TRPV4,SCN9A,ADORA1,SCN2B,FGF13,ATP8A2,RNF207,CHGA,MYH7,RYR2,NOS1AP,STAC,ANK2"
"GO:BP","hormone metabolic process","GO:0042445","false","0.00601944374843611","2.220443639663498","244","1336","30","21026","CTSB,EDNRB,ADM,ECE1,ALDH1A2,TSPO,DHRS9,FFAR3,SLC16A10,CRABP2,DGAT2,DDO,CPE,TG,PLB1,CACNA1H,GCNT4,CTSG,DKK3,AANAT,CYP19A1,CYP2C8,HPN,CYP21A2,CYP27B1,CRYM,MEP1A,ENPEP,SDR16C5,CORIN"
"GO:BP","cholesterol storage","GO:0010878","false","0.006057656550935374","2.217695353363989","23","1336","7","21026","NPC2,CD36,SOAT2,PPARG,MSR1,TREM2,CES1"
"GO:BP","regulation of platelet activation","GO:0010543","false","0.0061822218195881325","2.2088554164039302","53","1336","11","21026","FCER1G,EMILIN2,CEACAM1,PLA2G4A,SELP,GP9,CTSG,MMRN1,APOE,IL6,CELA2A"
"GO:BP","regulation of macrophage migration","GO:1905521","false","0.006283837251436999","2.201775071518465","45","1336","10","21026","C3AR1,CD200,STAP1,THBS1,MMP14,SLAMF8,TRPV4,MMP28,CYP19A1,TREM2"
"GO:BP","B cell differentiation","GO:0030183","false","0.006313080432762544","2.199758677442421","158","1336","22","21026","CD79A,CD19,PAX5,CD79B,FLT3,CD40LG,BLNK,FCRL3,MS4A1,NFAM1,IGHM,CR2,TPD52,BCL6,TLR9,CR1,GPR183,MMP14,SLAMF8,ADGRG3,IL10,IL6"
"GO:BP","multicellular organismal response to stress","GO:0033555","false","0.006365148612447696","2.196191452055492","98","1336","16","21026","GNG7,AQP9,EDNRB,LARGE1,TSPO,THBS1,SCN9A,DBH,ADRA2A,THBS4,GJA4,ASIC1,NR2E1,GRPR,RELN,APOE"
"GO:BP","respiratory burst involved in defense response","GO:0002679","false","0.006395277670709712","2.1941405945412202","17","1336","6","21026","GRN,S100A9,MPO,SLAMF8,HCK,TREM2"
"GO:BP","negative regulation of B cell proliferation","GO:0030889","false","0.006395277670709712","2.1941405945412202","17","1336","6","21026","CD300A,TYROBP,MNDA,TNFRSF13B,PAWR,IL10"
"GO:BP","negative regulation of adaptive immune response based on somatic recombination of immune receptors built from immunoglobulin superfamily domains","GO:0002823","false","0.0066813700562735855","2.1751344736217115","62","1336","12","21026","LOXL3,CD274,CR2,BCL6,CEACAM1,ARG1,CR1,NOD2,IL7R,FOXJ1,HLA-G,CR1L"
"GO:BP","neural crest cell development","GO:0014032","false","0.006860231743783799","2.1636612132514745","80","1336","14","21026","LAMA5,EDNRB,SEMA4A,ALDH1A2,FOLR1,SOX8,SEMA3B,SEMA6B,NRG1,BMP4,FN1,FOXC1,HTR2B,NRP1"
"GO:BP","toll-like receptor signaling pathway","GO:0002224","false","0.006860231743783799","2.1636612132514745","80","1336","14","21026","IRAK3,CD274,TLR2,CD300A,TLR5,TLR8,IRF1,S100A9,CD36,TLR9,LY96,NLRP6,S100A8,LGR4"
"GO:BP","positive regulation of interleukin-1 production","GO:0032732","false","0.006865938697693041","2.1633000784769","71","1336","13","21026","AIM2,CASP1,TLR8,NLRC4,GBP5,TYROBP,CD36,FZD5,NAIP,LILRA5,NOD2,AZU1,IL6"
"GO:BP","glomerulus development","GO:0032835","false","0.006865938697693041","2.1633000784769","71","1336","13","21026","NOG,EDNRB,COL4A3,ITGB3,COL4A4,FOXJ1,AQP1,BMP4,NOTCH3,ENPEP,TEK,FOXC1,LGR4"
"GO:BP","regulation of cell killing","GO:0031341","false","0.007240011247795108","2.1402607590995997","109","1336","17","21026","ICAM1,ITGAM,FCER2,TYROBP,STAP1,CD55,CEACAM1,IL18RAP,ARG1,CR1,IL7R,CLEC12B,HLA-G,CR1L,DNASE1L3,CD5L,IL23R"
"GO:BP","formation of primary germ layer","GO:0001704","false","0.007287069466631096","2.1374470903859026","129","1336","19","21026","MMP9,NOG,ITGA7,LEF1,MMP14,MMP8,MMP2,ITGB3,ITGB4,ITGB5,CRB2,BMP4,COL4A2,COL11A1,LAMA3,SOX7,FN1,FOXC1,GATA6"
"GO:BP","granulocyte chemotaxis","GO:0071621","false","0.007287069466631096","2.1374470903859026","129","1336","19","21026","FCER1G,C3AR1,ITGA9,S100A9,TNFAIP6,S100A12,CCR7,BST1,NOD2,IL1B,PPBP,ADGRE2,THBS1,TRPV4,PF4,S100A8,PF4V1,THBS4,CCL23"
"GO:BP","ventricular cardiac muscle tissue development","GO:0003229","false","0.007607203875592214","2.1187749443525523","63","1336","12","21026","NOG,MYBPC3,NRG1,LRP2,MYH7,COL11A1,ZFPM2,RYR2,FOXC1,ADAMTS9,KCNJ11,IRX3"
"GO:BP","plasma membrane invagination","GO:0099024","false","0.007607203875592214","2.1187749443525523","63","1336","12","21026","FCGR1A,CD300A,ITGAM,DOCK1,CD36,STAP1,THBS1,AIF1,PPARG,MARCO,MSR1,TREM2"
"GO:BP","outflow tract septum morphogenesis","GO:0003148","true","0.007749208501703767","2.1107426537384297","24","1336","7","21026","LRP2,ROBO1,BMP4,ZFPM2,FGF8,GATA6,NRP1"
"GO:BP","negative regulation of sprouting angiogenesis","GO:1903671","false","0.007883949253179319","2.103256179818156","12","1336","5","21026","ALOX5,EPN2,THBS1,ADAMTS9,CREB3L1"
"GO:BP","monocyte activation","GO:0042117","false","0.007883949253179319","2.103256179818156","12","1336","5","21026","ADAM9,DYSF,AZU1,MT1G,FN1"
"GO:BP","negative regulation of macrophage migration","GO:1905522","false","0.007883949253179319","2.103256179818156","12","1336","5","21026","CD200,STAP1,SLAMF8,MMP28,CYP19A1"
"GO:BP","positive regulation of NF-kappaB transcription factor activity","GO:0051092","false","0.007990939237695949","2.0974021716527886","120","1336","18","21026","IRAK3,AIM2,TLR2,CD40LG,IL18R1,TRIM25,CLU,S100A9,NLRC4,TRAF5,TRIM22,S100A12,IL18RAP,NOD2,IL1B,CARD16,S100A8,LTF"
"GO:BP","negative regulation of Wnt signaling pathway","GO:0030178","false","0.00811037158190526","2.0909592478512113","172","1336","23","21026","GRB10,TLE2,AXIN2,NOG,MAPK14,IGFBP2,TRABD2A,KREMEN1,ZNRF3,TMEM88,GLI3,SFRP5,NFATC4,DKK3,PTPRU,FGF9,SFRP4,TLE6,SHISA3,APOE,LRP4,RBMS3,HECW1"
"GO:BP","axonogenesis","GO:0007409","false","0.008186318856752743","2.086911343610692","463","1336","48","21026","BCL11A,ANOS1,AMIGO1,WNT7A,LIMK1,NELL2,NOG,GDF7,PLEKHG4,EPHA4,BCL11B,ECE1,SEMA4A,S100A6,FLOT1,SCN1B,SEMA3B,SEMA6B,CRABP2,GLI3,AUTS2,FGF13,ATP8A2,NTN1,PARD3,XK,NRCAM,CHL1,ROBO1,PARD6B,FSTL4,WNT7B,NOTCH3,NR2E1,NTRK3,TNR,RELN,APOE,FN1,FGF8,LRP4,ARTN,ENAH,GFRA3,UCHL1,TUBB2B,NRP1,FOXB1"
"GO:BP","production of molecular mediator of immune response","GO:0002440","false","0.008270389493927865","2.0824740368706256","227","1336","28","21026","IRAK3,CD22,CCR6,SECTM1,CD40LG,IL18R1,CYREN,FCRL3,CD36,BCL6,ELANE,FZD5,CD55,TLR9,FFAR2,IL1R1,ARG1,CR1,NOD2,IL1B,CD28,FFAR3,HLA-G,CALHM6,GPRC5B,IL10,IL6,PRG2"
"GO:BP","regulation of production of molecular mediator of immune response","GO:0002700","false","0.008321746538806726","2.079785515949217","194","1336","25","21026","IRAK3,CD22,SECTM1,CD40LG,IL18R1,FCRL3,CD36,BCL6,FZD5,CD55,TLR9,FFAR2,IL1R1,ARG1,CR1,NOD2,IL1B,CD28,FFAR3,HLA-G,CALHM6,GPRC5B,IL10,IL6,PRG2"
"GO:BP","glycosphingolipid biosynthetic process","GO:0006688","false","0.008522470390905977","2.0694344989390228","39","1336","9","21026","LARGE1,UGT8,ST8SIA1,B3GALT2,GAL3ST1,FUT2,FA2H,A3GALT2,ST8SIA5"
"GO:BP","respiratory burst","GO:0045730","false","0.008522470390905977","2.0694344989390228","39","1336","9","21026","GRN,S100A9,CD55,MPO,SLC11A1,NCF4,SLAMF8,HCK,TREM2"
"GO:BP","positive regulation of interleukin-8 production","GO:0032757","false","0.008559922332567025","2.067530175824084","64","1336","12","21026","TLR2,TLR5,TLR8,FCN1,CD14,ELANE,TLR9,FFAR2,NOD2,IL1B,F3,IL6"
"GO:BP","positive regulation of T-helper 1 type immune response","GO:0002827","false","0.008559922332567025","2.067530175824084","18","1336","6","21026","IL18R1,IL1R1,PLA2G4A,SLC11A1,IL1B,IL23R"
"GO:BP","regulation of osteoblast differentiation","GO:0045667","false","0.008559922332567025","2.067530175824084","131","1336","19","21026","ID3,IFITM1,AXIN2,NOG,TNFAIP6,TMEM119,CEBPD,CLIC1,GLI3,PPARG,LTF,GDF10,BMP4,ACVR2B,WNT7B,SMOC1,ERFE,IL6,RORB"
"GO:BP","protein trimerization","GO:0070206","true","0.008559922332567025","2.067530175824084","18","1336","6","21026","STEAP4,ALOX5AP,HLA-G,ASIC1,SCARA5,COL1A2"
"GO:BP","membrane protein ectodomain proteolysis","GO:0006509","false","0.008559922332567025","2.067530175824084","47","1336","10","21026","ADAM9,PRTN3,PSENEN,TIMP1,IL1B,ADRA2A,IL10,TIMP4,APOE,PTPN3"
"GO:BP","negative regulation of response to biotic stimulus","GO:0002832","false","0.008618334834565143","2.0645766369616068","121","1336","18","21026","IRAK3,CD274,TRIM21,GRN,NMI,CEACAM1,SERPING1,ARG1,CR1,VSIG4,CARD16,SLAMF8,CLEC12B,SFN,HLA-G,ACOD1,PPARG,LTF"
"GO:BP","negative regulation of wound healing","GO:0061045","false","0.008618334834565143","2.0645766369616068","73","1336","13","21026","PLAUR,CEACAM1,SERPING1,WFDC1,ALOX5,THBS1,PF4,PLAU,FAP,TFPI,MMRN1,PROS1,APOE"
"GO:BP","interleukin-6 production","GO:0032635","false","0.008720684727761153","2.059449413942039","152","1336","21","21026","IRAK3,TLR2,BANK1,GAS6,TLR8,CD200,GBA1,TYROBP,CD36,BPI,TLR9,LILRA5,NOD2,IL1B,AIF1,TRPV4,FOXJ1,IL10,IL36A,TREM2,IL6"
"GO:BP","regulation of interleukin-6 production","GO:0032675","false","0.008720684727761153","2.059449413942039","152","1336","21","21026","IRAK3,TLR2,BANK1,GAS6,TLR8,CD200,GBA1,TYROBP,CD36,BPI,TLR9,LILRA5,NOD2,IL1B,AIF1,TRPV4,FOXJ1,IL10,IL36A,TREM2,IL6"
"GO:BP","import across plasma membrane","GO:0098739","false","0.008787634274380476","2.0561280259349104","195","1336","25","21026","CACNA1E,KCNJ15,SLC2A3,MS4A1,TRPM2,P2RX1,CD36,SLC22A4,KCNJ2,ACSL1,THBS1,CACNA1H,TSPO2,SLC5A2,ATP1B2,NTSR1,LRP2,FXYD2,SLC8A2,SLC12A3,SLC1A3,KCNJ12,SLC7A3,PPP3R2,KCNJ11"
"GO:BP","cardiac muscle contraction","GO:0060048","false","0.009017884878296644","2.0448953131677983","142","1336","20","21026","DSC2,GSTO1,ASPH,MAP2K6,SCN4A,KCNJ2,SCN1B,TNNI2,MYBPC3,KCNE1,SCN9A,ADORA1,SCN2B,FGF13,RNF207,CHGA,MYH7,RYR2,NOS1AP,ANK2"
"GO:BP","positive regulation of epithelial to mesenchymal transition","GO:0010718","false","0.009316641229369002","2.030740628253187","56","1336","11","21026","AXIN2,GLIPR2,LEF1,IL1B,LRG1,TGFB1I1,CRB2,BMP4,COL1A1,FOXC1,IL6"
"GO:BP","lipopolysaccharide-mediated signaling pathway","GO:0031663","false","0.009316641229369002","2.030740628253187","56","1336","11","21026","TLR2,CD14,CD36,BPI,MAPK14,CD55,CARD16,HCK,LY96,ACOD1,LTF"
"GO:BP","leukotriene metabolic process","GO:0006691","false","0.009348384926078899","2.0292634135422984","32","1336","8","21026","LTA4H,TLR2,PTGR1,ALOX5AP,PLA2G4A,GGT1,ALOX5,GGTLC2"
"GO:BP","positive regulation of epidermis development","GO:0045684","false","0.009348384926078899","2.0292634135422984","32","1336","8","21026","KDF1,SFN,KRT2,BMP4,SFRP4,ALOX15B,CYP27B1,FOXC1"
"GO:BP","positive regulation of immune effector process","GO:0002699","false","0.00970444520347764","2.013029287885659","264","1336","31","21026","FCGR1A,CD300A,SECTM1,ITGAM,IL18R1,CFP,FCER2,FCN1,TYROBP,CD36,FZD5,STAP1,CD55,TLR9,FFAR2,IL18RAP,IL1R1,ARG1,CR1,NOD2,IL1B,RASGRP4,CD28,FFAR3,CD177,HLA-G,GPRC5B,IL10,TREM2,IL23R,IL6"
"GO:BP","leukocyte adhesion to vascular endothelial cell","GO:0061756","false","0.009871560189096157","2.0056142021462837","48","1336","10","21026","SELL,CCL28,ELANE,ADD2,ALOX5,SELP,LRG1,ST3GAL4,FUT7,IL6"
"GO:BP","neural crest cell differentiation","GO:0014033","false","0.009893884292732198","2.004633172941088","93","1336","15","21026","LAMA5,EDNRB,SEMA4A,ALDH1A2,FOLR1,WNT10A,SOX8,SEMA3B,SEMA6B,NRG1,BMP4,FN1,FOXC1,HTR2B,NRP1"
"GO:BP","heart process","GO:0003015","false","0.009920183077918752","2.0034803128260443","253","1336","30","21026","DSC2,GSTO1,ASPH,EDNRB,ADM,MAP2K6,SCN4A,KCNJ2,SCN1B,TNNI2,MYBPC3,KCNE1,SCN9A,CACNA1H,ADORA1,SCN2B,FGF13,RNF207,ATP1B2,CHGA,SLC8A2,MYH7,GJD3,RYR2,NOS1AP,KCNJ12,CORIN,GATA6,ANK2,IRX3"
"GO:BP","canonical Wnt signaling pathway","GO:0060070","false","0.009920183077918752","2.0034803128260443","311","1336","35","21026","WNT7A,TLE2,AXIN2,WNT16,NOG,LRRK2,EDNRB,TCF7,MAPK14,FZD5,IGFBP2,FOLR1,WNT10A,LEF1,KREMEN1,ZNRF3,TMEM88,GLI3,SFRP5,SDC1,DKK3,GPRC5B,PTPRU,FGF9,WNT7B,SFRP4,TLE6,SHISA3,COL1A1,APOE,SOX7,LRP4,RBMS3,LGR4,HECW1"
"GO:BP","hormone transport","GO:0009914","false","0.01007553761549975","1.9967317712696664","335","1336","37","21026","BLK,GPER1,PASK,HCAR2,PFKFB2,TSPO,RETN,FFAR2,INHBB,IL1B,ALOX5,FFAR3,SLC16A10,TRPV4,OSM,CPE,ADORA1,C1QTNF12,TUNAR,ADRA2A,AQP1,CYP19A1,PPARG,CHGA,TRPM5,ACVR2B,DOC2B,SYBU,ABCA12,CRYM,RASL10B,NKX3-1,GCK,IL6,FAM3B,KCNJ11,CELA2A"
"GO:BP","positive regulation of leukocyte mediated immunity","GO:0002705","false","0.01007553761549975","1.9967317712696664","154","1336","21","21026","FCGR1A,SECTM1,ITGAM,IL18R1,FCER2,TYROBP,FZD5,STAP1,CD55,IL18RAP,IL1R1,ARG1,NOD2,IL1B,RASGRP4,CD28,CD177,HLA-G,TREM2,IL23R,IL6"
"GO:BP","kidney epithelium development","GO:0072073","false","0.01007553761549975","1.9967317712696664","154","1336","21","21026","LAMA5,NOG,EDNRB,STAT1,EPHA4,SLC22A1,SOX8,SPRY1,DCHS1,GLI3,FOXJ1,SDC1,AQP1,EPCAM,BMP4,WNT7B,HS3ST3A1,FGF8,FOXC1,LGR4,IRX3"
"GO:BP","peptide transport","GO:0015833","false","0.010091721387877523","1.9960347479857796","288","1336","33","21026","BLK,GPER1,MGST1,PASK,TAP1,PFKFB2,FFAR2,INHBB,IL1B,ALOX5,FFAR3,SLC16A10,TRPV4,CPE,ADORA1,C1QTNF12,TUNAR,CD209,ADRA2A,S100A8,AQP1,CHGA,TRPM5,ACVR2B,DOC2B,SYBU,ABCA12,RASL10B,GCK,IL6,FAM3B,KCNJ11,CELA2A"
"GO:BP","bone morphogenesis","GO:0060349","false","0.010104989898929563","1.9954641162744906","103","1336","16","21026","AXIN2,TMEM119,MMP14,ALPL,TRPV4,COL27A1,GLI3,LTF,CBS,BMP4,SFRP4,COL1A1,COL13A1,TEK,FOXC1,COL2A1"
"GO:BP","regulation of interleukin-8 production","GO:0032677","false","0.010347100248847801","1.9851813431898861","84","1336","14","21026","TLR2,TLR5,TLR8,FCN1,CD14,BPI,ELANE,TLR9,FFAR2,NOD2,IL1B,IL10,F3,IL6"
"GO:BP","interleukin-8 production","GO:0032637","false","0.010347100248847801","1.9851813431898861","84","1336","14","21026","TLR2,TLR5,TLR8,FCN1,CD14,BPI,ELANE,TLR9,FFAR2,NOD2,IL1B,IL10,F3,IL6"
"GO:BP","cellular response to interleukin-1","GO:0071347","false","0.010347100248847801","1.9851813431898861","84","1336","14","21026","IRAK3,GBP2,IL1R2,GBP1,GBP3,IL1R1,INHBB,IL1B,CAMP,MMP2,ACOD1,ADAMTS7,NKX3-1,IL6"
"GO:BP","positive regulation of leukocyte cell-cell adhesion","GO:1903039","false","0.010392069389552871","1.9832979620698146","277","1336","32","21026","SMARCD3,TNFRSF13C,CD274,PDCD1LG2,CD40LG,ICOSLG,VNN1,BCL6,ELANE,CCR7,CD55,HLA-DOA,IGFBP2,CR1,NOD2,LEF1,IL7R,IL1B,FLOT2,CD28,ALOX5,SELP,ST3GAL4,AIF1,ICOS,FUT7,GLI3,SPTA1,HLA-G,CD209,IL23R,IL6"
"GO:BP","bone development","GO:0060348","false","0.010395494326425527","1.9831548542753232","220","1336","27","21026","TTC9,P2RX5,AXIN2,TYROBP,LARGE1,TMEM119,MAPK14,MAP2K6,SH3PXD2B,MMP14,ALPL,TRPV4,COL27A1,TGM2,DCHS1,GLI3,LTF,CBS,BMP4,SFRP4,COL1A1,COL13A1,TEK,FGF8,FOXC1,ADAMTS7,COL2A1"
"GO:BP","Rho protein signal transduction","GO:0007266","false","0.010395494326425527","1.9831548542753232","144","1336","20","21026","CELSR1,LIMK1,LRRK2,BCL6,P2RY10,PLEKHG5,FLOT1,MCF2L,ADRA2A,DLC1,NTN1,ARHGAP29,RHOD,ROBO1,PLEKHG7,APOE,TEK,COL1A2,RHOV,NRP1"
"GO:BP","hormone secretion","GO:0046879","false","0.010418723454640764","1.9821854893443176","324","1336","36","21026","BLK,GPER1,PASK,HCAR2,PFKFB2,TSPO,RETN,FFAR2,INHBB,IL1B,ALOX5,FFAR3,SLC16A10,TRPV4,OSM,CPE,ADORA1,C1QTNF12,TUNAR,ADRA2A,AQP1,CYP19A1,PPARG,CHGA,TRPM5,ACVR2B,DOC2B,SYBU,ABCA12,RASL10B,NKX3-1,GCK,IL6,FAM3B,KCNJ11,CELA2A"
"GO:BP","icosanoid biosynthetic process","GO:0046456","false","0.010442053375661313","1.9812140911774072","57","1336","11","21026","CASP1,LTA4H,NLRC4,NAIP,ALOX5AP,PLA2G4A,GGT1,IL1B,ALOX5,GGTLC2,CYP2C8"
"GO:BP","regulation of cholesterol transport","GO:0032374","false","0.010442053375661313","1.9812140911774072","57","1336","11","21026","LDLRAP1,CETP,TSPO,ABCB4,ABCA13,PCSK9,PPARG,TREM2,CES1,ABCA12,APOE"
"GO:BP","neural crest cell migration","GO:0001755","false","0.010442053375661313","1.9812140911774072","57","1336","11","21026","LAMA5,EDNRB,SEMA4A,FOLR1,SOX8,SEMA3B,SEMA6B,BMP4,FN1,HTR2B,NRP1"
"GO:BP","regulation of action potential","GO:0098900","false","0.010442053375661313","1.9812140911774072","57","1336","11","21026","DSC2,GBA1,CD36,KCNJ2,FGF13,CNR2,RNF207,SLC8A2,RYR2,NOS1AP,ANK2"
"GO:BP","regulation of sterol transport","GO:0032371","false","0.010442053375661313","1.9812140911774072","57","1336","11","21026","LDLRAP1,CETP,TSPO,ABCB4,ABCA13,PCSK9,PPARG,TREM2,CES1,ABCA12,APOE"
"GO:BP","cellular response to external stimulus","GO:0071496","false","0.010589398012710307","1.975128728012357","75","1336","13","21026","CASP1,LTBR,TLR5,TLR8,IRF1,FAS,KCNJ2,IL1B,CDA,CASP5,ITGB3,AQP1,COL1A1"
"GO:BP","heart morphogenesis","GO:0003007","false","0.010589398012710307","1.975128728012357","266","1336","31","21026","SMARCD3,S1PR1,AXIN2,WNT16,NOG,ALDH1A2,FOLR1,MYBPC3,SPRY1,NRG1,CPE,DCHS1,NDRG4,RNF207,DLC1,LRP2,DNAAF1,ROBO1,BMP4,MYH7,COL11A1,ZFPM2,RYR2,TEK,FGF8,FOXC1,GATA6,RBM20,HTR2B,COL2A1,NRP1"
"GO:BP","regulation of leukocyte chemotaxis","GO:0002688","false","0.010897202080423371","1.962684995363437","124","1336","18","21026","CCR6,GAS6,C3AR1,TNFAIP6,STAP1,CCR7,BST1,NOD2,FPR2,THBS1,SLAMF8,AIF1,TRPV4,PADI2,MMP28,CYP19A1,THBS4,IL6"
"GO:BP","keratinocyte development","GO:0003334","true","0.011008182467285473","1.9582843803550718","13","1336","5","21026","KDF1,BCL11B,SFN,KRT2,ABCA12"
"GO:BP","neutrophil-mediated killing of symbiont cell","GO:0070943","false","0.011008182467285473","1.9582843803550718","13","1336","5","21026","ELANE,ARG1,AZU1,NLRP6,CTSG"
"GO:BP","detection of molecule of bacterial origin","GO:0032490","false","0.011008182467285473","1.9582843803550718","13","1336","5","21026","TLR2,TLR9,NOD2,LY96,TREM2"
"GO:BP","leukotriene biosynthetic process","GO:0019370","false","0.011008182467285473","1.9582843803550718","19","1336","6","21026","LTA4H,ALOX5AP,PLA2G4A,GGT1,ALOX5,GGTLC2"
"GO:BP","adhesion of symbiont to host","GO:0044406","false","0.011008182467285473","1.9582843803550718","13","1336","5","21026","ICAM1,GAS6,INHBB,CD209,LTF"
"GO:BP","positive regulation of osteoblast proliferation","GO:0033690","false","0.011008182467285473","1.9582843803550718","13","1336","5","21026","HPSE,TMEM119,SOX8,ITGB3,LTF"
"GO:BP","T-helper 1 type immune response","GO:0042088","false","0.011140188103265974","1.9531074759916665","49","1336","10","21026","IL27,IL18R1,SEMA4A,IL1R1,PLA2G4A,LEF1,SLC11A1,IL1B,TMEM98,IL23R"
"GO:BP","acute-phase response","GO:0006953","false","0.011140188103265974","1.9531074759916665","49","1336","10","21026","HP,APOL2,CD163,EDNRB,SERPINA1,IL1B,PLSCR1,ASS1,FN1,IL6"
"GO:BP","T cell activation involved in immune response","GO:0002286","false","0.011479738813532984","1.9400679928728677","135","1336","19","21026","LOXL3,IL27,FCER1G,ICAM1,IL18R1,CLEC4E,TYROBP,BCL6,SEMA4A,CEACAM1,SOCS3,LEF1,SLC11A1,GPR183,CLEC4D,TREM2,TMEM98,IL23R,IL6"
"GO:BP","positive regulation of interleukin-10 production","GO:0032733","false","0.01148931937850831","1.9397056979360177","41","1336","9","21026","CD274,TLR2,CD40LG,TLR9,LILRA5,NOD2,CD28,TREM2,IL6"
"GO:BP","regulation of calcium ion transmembrane transport","GO:1903169","false","0.011614019627130491","1.9350174443654409","167","1336","22","21026","CD19,GPER1,P2RX5,MS4A1,TSPAN13,GSTO1,ASPH,P2RX1,TLR9,PML,ITGB3,ADRA2A,NTSR1,JPH3,TMC2,SNCA,RYR2,NOS1AP,STAC,TMC1,PPP3R2,ANK2"
"GO:BP","cellular extravasation","GO:0045123","false","0.011687160376823113","1.9322909963217545","76","1336","13","21026","ICAM1,SELL,PRTN3,CCL28,ELANE,ADD2,BST1,IL1R1,SELP,AZU1,ST3GAL4,CD177,FUT7"
"GO:BP","regulation of nitric oxide biosynthetic process","GO:0045428","false","0.011747287567919063","1.9300623997984943","58","1336","11","21026","TLR5,CLU,CD36,TSPO,DDAH2,IL1B,ASS1,IL10,APOE,NOS1AP,DDAH1"
"GO:BP","artery development","GO:0060840","false","0.011836408740043169","1.9267800460054687","105","1336","16","21026","NOG,LOXL1,FOLR1,NDST1,GLI3,LRP2,ROBO1,BMP4,ACVR2B,NOTCH3,APOE,FGF8,FOXC1,ADAMTS9,NKX3-1,NRP1"
"GO:BP","neurotransmitter transport","GO:0006836","false","0.012238395602938634","1.9122755124568716","212","1336","26","21026","MCTP1,GPER1,SLC29A2,SLC6A12,WNT7A,LRRK2,P2RX1,SLC22A4,SLC22A1,DYSF,FLOT1,MCTP2,ITGB3,MYOF,RPH3A,SYN2,SLC1A3,SLC6A8,ASIC1,DOC2B,SLC22A3,SNCA,DGKI,SYT9,UNC13A,SYT1"
"GO:BP","positive regulation of smooth muscle cell proliferation","GO:0048661","false","0.012313301612221309","1.909625482428785","86","1336","14","21026","LDLRAP1,S1PR1,MMP9,STAT1,ELANE,THBS1,AIF1,MMP2,ITGB3,FGF9,IL10,BMP4,NOTCH3,IL6"
"GO:BP","apoptotic cell clearance","GO:0043277","false","0.012669512332997573","1.8972401013883955","50","1336","10","21026","GAS6,FCN1,TYROBP,CD36,THBS1,C2,ITGB3,TGM2,MARCO,TREM2"
"GO:BP","negative regulation of blood coagulation","GO:0030195","false","0.012669512332997573","1.8972401013883955","50","1336","10","21026","PLAUR,CEACAM1,SERPING1,THBS1,PF4,PLAU,FAP,TFPI,PROS1,APOE"
"GO:BP","chemokine production","GO:0032602","false","0.012701954130503627","1.8961294599251708","96","1336","15","21026","TLR2,ELANE,TLR9,FFAR2,NOD2,IL1B,AZU1,FFAR3,AIF1,TRPV4,ACKR1,IL10,TREM2,ALOX15B,IL6"
"GO:BP","regulation of chemokine production","GO:0032642","false","0.012701954130503627","1.8961294599251708","96","1336","15","21026","TLR2,ELANE,TLR9,FFAR2,NOD2,IL1B,AZU1,FFAR3,AIF1,TRPV4,ACKR1,IL10,TREM2,ALOX15B,IL6"
"GO:BP","sensory system development","GO:0048880","false","0.012764805356566284","1.8939858031248067","426","1336","44","21026","SMARCD3,WNT7A,ITGAM,WNT16,MYO7A,LARGE1,BCL11B,FZD5,ALDH1A2,LIMK2,C1QA,SCO2,SH3PXD2B,SOX8,FSCN2,SDK2,SPRY1,SALL2,RP1L1,GLI3,ATP8A2,AQP1,CDON,TMEM132E,TMOD1,FGF9,SHROOM2,CRYGN,TUB,CRB2,BMP4,FREM2,ACVR2B,WNT7B,NR2E1,SMOC1,CRB1,FOXC1,ADAMTS9,ACHE,SAMD11,PDE6A,RORB,NRP1"
"GO:BP","regulation of epithelial to mesenchymal transition","GO:0010717","false","0.012820774794467174","1.8920857284214117","106","1336","16","21026","AXIN2,NOG,EPHA4,GLIPR2,LEF1,IL1B,LRG1,SPRY1,TGFB1I1,CRB2,BMP4,HPN,ELL3,COL1A1,FOXC1,IL6"
"GO:BP","negative regulation of interleukin-1 production","GO:0032692","false","0.012973880933721997","1.8869300920744214","34","1336","8","21026","GAS6,IL1R2,CEACAM1,SERPINB1,PML,CARD16,IL10,TREM2"
"GO:BP","regulation of toll-like receptor signaling pathway","GO:0034121","false","0.012973880933721997","1.8869300920744214","34","1336","8","21026","IRAK3,CD300A,IRF1,S100A9,CD36,NLRP6,S100A8,LGR4"
"GO:BP","positive regulation of potassium ion transmembrane transport","GO:1901381","false","0.012973880933721997","1.8869300920744214","34","1336","8","21026","AMIGO1,KCNJ2,KCNE1,ATP1B2,FXYD2,TREM2,NOS1AP,ANK2"
"GO:BP","negative regulation of antigen receptor-mediated signaling pathway","GO:0050858","false","0.012973880933721997","1.8869300920744214","34","1336","8","21026","DUSP3,CD22,CD300A,FCRL3,CD72,GBP1,CEACAM1,PAWR"
"GO:BP","positive regulation of transmembrane transport","GO:0034764","false","0.013047321631437365","1.8844786316261328","202","1336","25","21026","CD19,GPER1,P2RX5,AMIGO1,MS4A1,GSTO1,ASPH,P2RX1,MAPK14,KCNJ2,SCN1B,ACSL1,KCNE1,C1QTNF12,FGF13,ATP1B2,NTSR1,FXYD2,TREM2,SNCA,NOS1AP,STAC,ERFE,PPP3R2,ANK2"
"GO:BP","respiratory tube development","GO:0030323","false","0.013047321631437365","1.8844786316261328","202","1336","25","21026","CELSR1,LOXL3,ADAMTS2,TRAF4,LTA4H,LAMA5,NOG,DPPA4,ALDH1A2,CRISPLD2,MMP14,SPRY1,GLI3,FOXJ1,FLT4,CCN2,FGF9,DNAAF1,BMP4,ACVR2B,WNT7B,ABCA12,ZFPM2,FGF8,GATA6"
"GO:BP","mesenchymal cell migration","GO:0090497","false","0.01312053441181114","1.8820484753739324","59","1336","11","21026","LAMA5,EDNRB,SEMA4A,FOLR1,SOX8,SEMA3B,SEMA6B,BMP4,FN1,HTR2B,NRP1"
"GO:BP","cardiac muscle cell action potential involved in contraction","GO:0086002","false","0.01312053441181114","1.8820484753739324","59","1336","11","21026","DSC2,SCN4A,KCNJ2,SCN1B,KCNE1,SCN9A,SCN2B,RNF207,RYR2,NOS1AP,ANK2"
"GO:BP","neutrophil activation involved in immune response","GO:0002283","false","0.013907370670652246","1.8567549700197596","20","1336","6","21026","FCER1G,ITGAM,TYROBP,ANXA3,CD177,DNASE1L3"
"GO:BP","chronic inflammatory response","GO:0002544","false","0.013907370670652246","1.8567549700197596","20","1336","6","21026","S100A9,VNN1,THBS1,S100A8,CYP19A1,IL10"
"GO:BP","positive regulation of myeloid leukocyte mediated immunity","GO:0002888","false","0.013907370670652246","1.8567549700197596","20","1336","6","21026","FCGR1A,ITGAM,TYROBP,STAP1,ARG1,CD177"
"GO:BP","regulation of antigen processing and presentation","GO:0002577","false","0.013907370670652246","1.8567549700197596","20","1336","6","21026","CCR7,HLA-DOA,NOD2,SLC11A1,THBS1,TREM2"
"GO:BP","negative regulation of leukocyte chemotaxis","GO:0002689","false","0.013907370670652246","1.8567549700197596","20","1336","6","21026","TNFAIP6,STAP1,SLAMF8,PADI2,MMP28,CYP19A1"
"GO:BP","calcium ion transmembrane import into cytosol","GO:0097553","false","0.01398924153980319","1.854205831184193","181","1336","23","21026","CACNA1E,CD19,GPER1,P2RX5,MS4A1,GSTO1,ASPH,TRPM2,P2RX1,CCR7,NOL3,PML,GP9,ITGB3,CACNA1H,NTSR1,JPH3,SLC8A2,SNCA,RYR2,HTR2B,PPP3R2,ANK2"
"GO:BP","negative regulation of canonical Wnt signaling pathway","GO:0090090","false","0.014022243513494835","1.8531824951011246","138","1336","19","21026","TLE2,AXIN2,NOG,MAPK14,IGFBP2,KREMEN1,ZNRF3,TMEM88,GLI3,SFRP5,DKK3,PTPRU,SFRP4,TLE6,SHISA3,APOE,LRP4,RBMS3,HECW1"
"GO:BP","positive regulation of apoptotic signaling pathway","GO:2001235","false","0.014022243513494835","1.8531824951011246","138","1336","19","21026","GPER1,LTBR,S100A9,FAS,VNN1,G0S2,TNFSF10,INHBB,PML,THBS1,SEPTIN4,MMP2,NUPR1,ATF3,NFATC4,S100A8,PPARG,NKX3-1,CTSV"
"GO:BP","positive regulation of blood coagulation","GO:0030194","false","0.01403571315609243","1.852765515919667","27","1336","7","21026","HPSE,EMILIN2,CD36,THBS1,ST3GAL4,PLAU,F3"
"GO:BP","positive regulation of macrophage activation","GO:0043032","false","0.01403571315609243","1.852765515919667","27","1336","7","21026","LRRK2,STAP1,PLA2G4A,THBS1,MMP8,IL10,TREM2"
"GO:BP","positive regulation of hemostasis","GO:1900048","false","0.01403571315609243","1.852765515919667","27","1336","7","21026","HPSE,EMILIN2,CD36,THBS1,ST3GAL4,PLAU,F3"
"GO:BP","negative regulation of hemostasis","GO:1900047","false","0.014274907487166259","1.845426697649077","51","1336","10","21026","PLAUR,CEACAM1,SERPING1,THBS1,PF4,PLAU,FAP,TFPI,PROS1,APOE"
"GO:BP","peptide secretion","GO:0002790","false","0.014466884535606362","1.839624984753294","261","1336","30","21026","BLK,GPER1,PASK,PFKFB2,FFAR2,INHBB,IL1B,ALOX5,FFAR3,SLC16A10,TRPV4,CPE,ADORA1,C1QTNF12,TUNAR,ADRA2A,S100A8,AQP1,CHGA,TRPM5,ACVR2B,DOC2B,SYBU,ABCA12,RASL10B,GCK,IL6,FAM3B,KCNJ11,CELA2A"
"GO:BP","axon guidance","GO:0007411","false","0.014536722107207987","1.8375335117191145","238","1336","28","21026","ANOS1,NELL2,NOG,GDF7,PLEKHG4,EPHA4,BCL11B,ECE1,SEMA4A,SCN1B,SEMA3B,SEMA6B,GLI3,NTN1,NRCAM,CHL1,ROBO1,WNT7B,NOTCH3,NTRK3,TNR,RELN,FGF8,ARTN,ENAH,GFRA3,TUBB2B,NRP1"
"GO:BP","regulation of nitric oxide metabolic process","GO:0080164","false","0.014723890332591291","1.8319774259528783","60","1336","11","21026","TLR5,CLU,CD36,TSPO,DDAH2,IL1B,ASS1,IL10,APOE,NOS1AP,DDAH1"
"GO:BP","response to fatty acid","GO:0070542","false","0.014723890332591291","1.8319774259528783","60","1336","11","21026","ID3,TLR2,CD36,FFAR2,ACSL1,FFAR3,DGAT2,PPARG,ASS1,ZNF683,KCNK10"
"GO:BP","response to nutrient","GO:0007584","false","0.01476588659916686","1.8307404712477804","171","1336","22","21026","GAS6,TRIM25,CCL28,KYNU,STAT1,ALDH1A2,TSPO,IGFBP2,FOLR1,NOD2,FES,ACSL1,ALPL,C2,MLXIPL,F5,PPARG,ASS1,CBS,CYP24A1,COL1A1,CYP27B1"
"GO:BP","positive regulation of phospholipid transport","GO:2001140","false","0.014789148277314663","1.8300568367612935","14","1336","5","21026","CETP,ABCB4,ATP8A2,PRAP1,APOE"
"GO:BP","regulation of phospholipid transport","GO:2001138","false","0.014789148277314663","1.8300568367612935","14","1336","5","21026","CETP,ABCB4,ATP8A2,PRAP1,APOE"
"GO:BP","response to peptidoglycan","GO:0032494","false","0.014789148277314663","1.8300568367612935","14","1336","5","21026","IRAK3,NOD2,CAMP,TREM2,IL6"
"GO:BP","lymphocyte activation involved in immune response","GO:0002285","false","0.01480848199019016","1.8294894584992576","227","1336","27","21026","LOXL3,CD19,IL27,FCER1G,ICAM1,CCR6,CD40LG,IL18R1,CLEC4E,TYROBP,BCL6,SEMA4A,CEACAM1,SOCS3,CR1,LEF1,SLC11A1,GPR183,CD28,PGLYRP1,CLEC4D,IL10,TREM2,ZNF683,TMEM98,IL23R,IL6"
"GO:BP","regulation of smooth muscle cell proliferation","GO:0048660","false","0.014948443269799326","1.8254040323922724","139","1336","19","21026","LDLRAP1,GPER1,S1PR1,MMP9,STAT1,ELANE,THBS1,AIF1,MMP2,ITGB3,NDRG4,DBH,PPARG,FGF9,IL10,BMP4,NOTCH3,APOE,IL6"
"GO:BP","negative regulation of type II interferon production","GO:0032689","false","0.01506495582886045","1.8220321373600425","43","1336","9","21026","CD274,PDCD1LG2,GAS6,CR1,NOD2,PGLYRP1,NLRP6,IL10,ZNF683"
"GO:BP","establishment of skin barrier","GO:0061436","false","0.015128743261137828","1.8201971471534086","35","1336","8","21026","GBA1,KDF1,PNPLA1,FLG,SFN,FA2H,ABCA12,HRNR"
"GO:BP","regulation of B cell differentiation","GO:0045577","false","0.015128743261137828","1.8201971471534086","35","1336","8","21026","FCRL3,NFAM1,BCL6,TLR9,CR1,MMP14,SLAMF8,IL10"
"GO:BP","negative regulation of peptidase activity","GO:0010466","false","0.015128743261137828","1.8201971471534086","35","1336","8","21026","GAPDH,TIMP1,CST7,CR1,SERPINB1,CSTA,TFPI,CRB2"
"GO:BP","positive regulation of protein kinase activity","GO:0045860","false","0.01518698351703818","1.8185284784083546","239","1336","28","21026","TRAF4,FLT3,DOK7,GAS6,ADAM9,LRRK2,PINK1,EPHA4,ELANE,S100A12,CCR7,RALB,LILRA5,SLC11A1,IL1B,THBS1,NRG1,ITGB3,ADRA2A,LTF,GPRC5B,ROBO1,SLC8A2,SPDYE16,NTRK3,RELN,SNCA,SPDYC"
"GO:BP","neuron projection guidance","GO:0097485","false","0.01518698351703818","1.8185284784083546","239","1336","28","21026","ANOS1,NELL2,NOG,GDF7,PLEKHG4,EPHA4,BCL11B,ECE1,SEMA4A,SCN1B,SEMA3B,SEMA6B,GLI3,NTN1,NRCAM,CHL1,ROBO1,WNT7B,NOTCH3,NTRK3,TNR,RELN,FGF8,ARTN,ENAH,GFRA3,TUBB2B,NRP1"
"GO:BP","visual system development","GO:0150063","false","0.015430676858125608","1.8116150234312274","419","1336","43","21026","SMARCD3,WNT7A,ITGAM,WNT16,MYO7A,LARGE1,BCL11B,FZD5,ALDH1A2,LIMK2,C1QA,SCO2,SH3PXD2B,SOX8,FSCN2,SDK2,SPRY1,SALL2,RP1L1,GLI3,ATP8A2,AQP1,CDON,TMOD1,FGF9,SHROOM2,CRYGN,TUB,CRB2,BMP4,FREM2,ACVR2B,WNT7B,NR2E1,SMOC1,CRB1,FOXC1,ADAMTS9,ACHE,SAMD11,PDE6A,RORB,NRP1"
"GO:BP","appendage development","GO:0048736","false","0.015484984923901863","1.8100892131337631","194","1336","24","21026","WNT7A,HOXA9,NOG,KDF1,ASPH,LARGE1,MAP3K20,ECE1,ALDH1A2,AFF3,LEF1,KREMEN1,CRABP2,HOXA10,ZNRF3,ITGB4,GLI3,FGF9,BMP4,FREM2,SMOC1,FGF8,LRP4,COL2A1"
"GO:BP","limb development","GO:0060173","false","0.015484984923901863","1.8100892131337631","194","1336","24","21026","WNT7A,HOXA9,NOG,KDF1,ASPH,LARGE1,MAP3K20,ECE1,ALDH1A2,AFF3,LEF1,KREMEN1,CRABP2,HOXA10,ZNRF3,ITGB4,GLI3,FGF9,BMP4,FREM2,SMOC1,FGF8,LRP4,COL2A1"
"GO:BP","viral life cycle","GO:0019058","false","0.015675105180088633","1.8047895363678141","310","1336","34","21026","CTSB,ICAM1,GAS6,TRIM21,TRIM25,IFITM1,CR2,CLEC5A,SRPK1,IFITM3,TRIM22,CD55,CR1,IFITM2,CDHR3,CD28,CAV2,PLSCR1,ANPEP,ITGB3,ITGB5,SLPI,CD209,APOBEC3B,LTF,MRC1,ZNF502,TRIM58,APOE,TMPRSS4,CHMP4C,IFI27,NECTIN4,NRP1"
"GO:BP","positive regulation of secretion","GO:0051047","false","0.015691224397106678","1.8043431667916368","322","1336","35","21026","BLK,GPER1,TLR2,ADAM9,ITGAM,HCAR2,PINK1,PFKFB2,MAP2K6,RETN,FFAR2,PLA2G4A,INHBB,IL1B,CD177,ADORA1,C1QTNF12,SDC1,TUNAR,S100A8,AQP1,CYP19A1,PPARG,NTSR1,TRPM5,TREM2,ABCB11,DOC2B,SYBU,SNCA,ACHE,RASL10B,NKX3-1,GCK,SYT1"
"GO:BP","animal organ formation","GO:0048645","false","0.016100368151818523","1.7931641932553994","70","1336","12","21026","SMARCD3,AXIN2,NOG,FOLR1,SPRY1,GLI3,LRP2,ROBO1,BMP4,FGF8,GATA6,RBM20"
"GO:BP","membrane invagination","GO:0010324","false","0.016100368151818523","1.7931641932553994","70","1336","12","21026","FCGR1A,CD300A,ITGAM,DOCK1,CD36,STAP1,THBS1,AIF1,PPARG,MARCO,MSR1,TREM2"
"GO:BP","release of cytochrome c from mitochondria","GO:0001836","false","0.016100368151818523","1.7931641932553994","52","1336","10","21026","GPER1,HRK,PLAUR,CLU,MMP9,PINK1,NOL3,TNFSF10,SFN,BCL2A1"
"GO:BP","antibacterial humoral response","GO:0019731","false","0.016100368151818523","1.7931641932553994","70","1336","12","21026","H2BC12,H2BC6,IGHM,ELANE,DEFA3,H2BC12L,NOD2,CAMP,DEFA4,CTSG,SLPI,LTF"
"GO:BP","heterotypic cell-cell adhesion","GO:0034113","false","0.016408111018815306","1.7849414141526252","61","1336","11","21026","DSC2,ITGAM,CD200,ITGA7,GLDN,FLOT1,IL1B,ITGB3,CEACAM6,NRCAM,IL10"
"GO:BP","cellular component disassembly","GO:0022411","false","0.016743873426871725","1.7761440676494784","446","1336","45","21026","SMARCD3,DUSP3,IRAK3,MMP11,GPER1,C1QB,TRIM21,ITGAM,MMP9,GBA1,ASPH,GABARAP,EPHA4,ELANE,ADD2,NFE2,TOM1,MMP19,MICAL3,PLIN3,C1QA,FLOT1,SH3PXD2B,MMP14,TRPV4,MMP8,MMP2,SPTA1,NAV3,LIX1,CTSG,FGF13,SPTB,DNASE1L3,TMOD1,FAP,C1QC,TREM2,TRIM58,HPN,CRACD,CHMP4C,MMP1,IL6,CTSV"
"GO:BP","cell junction disassembly","GO:0150146","false","0.016798488612279148","1.7747297907071387","28","1336","7","21026","DUSP3,C1QB,ITGAM,EPHA4,C1QA,C1QC,TREM2"
"GO:BP","positive regulation of T cell cytokine production","GO:0002726","false","0.016798488612279148","1.7747297907071387","28","1336","7","21026","SECTM1,IL18R1,FZD5,CD55,IL1R1,IL1B,IL6"
"GO:BP","positive regulation of epidermal growth factor receptor signaling pathway","GO:0045742","false","0.016798488612279148","1.7747297907071387","28","1336","7","21026","HIP1R,GPER1,PLAUR,MMP9,RALB,SHKBP1,ADRA2A"
"GO:BP","regulation of lipopolysaccharide-mediated signaling pathway","GO:0031664","false","0.016798488612279148","1.7747297907071387","28","1336","7","21026","CD14,CD36,CD55,CARD16,LY96,ACOD1,LTF"
"GO:BP","positive regulation of epidermal cell differentiation","GO:0045606","false","0.016798488612279148","1.7747297907071387","28","1336","7","21026","KDF1,SFN,BMP4,SFRP4,ALOX15B,CYP27B1,FOXC1"
"GO:BP","positive regulation of release of cytochrome c from mitochondria","GO:0090200","false","0.01720049618524078","1.7644590247550151","21","1336","6","21026","GPER1,HRK,PLAUR,MMP9,PINK1,TNFSF10"
"GO:BP","serotonin transport","GO:0006837","false","0.01720049618524078","1.7644590247550151","21","1336","6","21026","P2RX1,SLC22A1,ITGB3,SLC22A3,SNCA,MAOB"
"GO:BP","negative regulation of production of molecular mediator of immune response","GO:0002701","false","0.01720049618524078","1.7644590247550151","44","1336","9","21026","IRAK3,CD22,FCRL3,BCL6,ARG1,CR1,NOD2,IL10,PRG2"
"GO:BP","zymogen activation","GO:0031638","false","0.01720049618524078","1.7644590247550151","44","1336","9","21026","PLAUR,GGT1,KLK1,THBS1,MMP14,PLAU,CD5L,PRSS3,HPN"
"GO:BP","negative regulation of phagocytosis","GO:0050765","false","0.01720049618524078","1.7644590247550151","21","1336","6","21026","TLR2,CD300A,PRTN3,ATG3,DYSF,PLSCR1"
"GO:BP","positive regulation of DNA-binding transcription factor activity","GO:0051091","false","0.01729287140858643","1.7621328879657518","196","1336","24","21026","IRAK3,AIM2,TLR2,CD40LG,TRIM21,IL18R1,TRIM25,CLU,CD200,S100A9,NLRC4,TRAF5,TRIM22,S100A12,IL18RAP,NOD2,IL1B,CARD16,ANXA3,S100A8,LTF,IL10,BEX1,IL6"
"GO:BP","production of molecular mediator involved in inflammatory response","GO:0002532","false","0.01746378568399826","1.7578616069386364","90","1336","14","21026","IL1R2,GRN,S100A9,P2RX1,GBP5,CD36,MAPK14,ALOX5AP,PLD4,NOD2,ALOX5,SLAMF8,TREM2,IL6"
"GO:BP","kidney morphogenesis","GO:0060993","false","0.017491800135501456","1.7571654936267884","100","1336","15","21026","LAMA5,NOG,LRRK2,STAT1,SOX8,DCHS1,GLI3,FOXJ1,GCNT4,BMP4,WNT7B,HS3ST3A1,FGF8,LGR4,IRX3"
"GO:BP","macrophage derived foam cell differentiation","GO:0010742","false","0.017491800135501456","1.7571654936267884","36","1336","8","21026","CETP,CD36,SOAT2,PF4,ITGB3,PPARG,MSR1,ALOX15B"
"GO:BP","positive regulation of G protein-coupled receptor signaling pathway","GO:0045745","false","0.017491800135501456","1.7571654936267884","36","1336","8","21026","GPER1,LRRK2,NECAB2,CAV2,ITGB3,CHGA,TREM2,FGF8"
"GO:BP","foam cell differentiation","GO:0090077","false","0.017491800135501456","1.7571654936267884","36","1336","8","21026","CETP,CD36,SOAT2,PF4,ITGB3,PPARG,MSR1,ALOX15B"
"GO:BP","positive regulation of kinase activity","GO:0033674","false","0.01786769184394216","1.7479315462175224","254","1336","29","21026","TRAF4,FLT3,DOK7,GAS6,ADAM9,LRRK2,PINK1,EPHA4,ELANE,S100A12,CCR7,RALB,LILRA5,SLC11A1,IL1B,THBS1,NRG1,ITGB3,ADRA2A,LTF,GPRC5B,TREM2,ROBO1,SLC8A2,SPDYE16,NTRK3,RELN,SNCA,SPDYC"
"GO:BP","regulation of epidermal growth factor receptor signaling pathway","GO:0042058","false","0.018190652617240007","1.7401517196840774","62","1336","11","21026","HIP1R,DUSP3,GPER1,PLAUR,MMP9,RHBDF2,CEACAM1,RALB,SHKBP1,ADRA2A,PTPN3"
"GO:BP","development of primary male sexual characteristics","GO:0046546","false","0.01850065704933074","1.7328128473898794","153","1336","20","21026","HOXA9,TLR5,LHFPL2,RAB13,TLR9,INSL3,TNFSF10,INHBB,SOX8,KCNE1,MMP14,HOXA10,NUPR1,SDC1,YBX3,LRP2,FGF9,ZFPM2,GATA6,NKX3-1"
"GO:BP","positive regulation of phosphatidylinositol 3-kinase/protein kinase B signal transduction","GO:0051897","false","0.01850065704933074","1.7328128473898794","186","1336","23","21026","CD19,GPER1,HPSE,FLT3,GAS6,LTK,WNT16,PINK1,CCR7,CD28,SELP,THBS1,OSM,C1QTNF12,TREM2,PROS1,NTRK3,RELN,DCN,FN1,TEK,ERFE,NKX3-1"
"GO:BP","cardiac muscle cell contraction","GO:0086003","false","0.01861091457264432","1.7302322843601965","81","1336","13","21026","DSC2,SCN4A,KCNJ2,SCN1B,KCNE1,SCN9A,ADORA1,SCN2B,FGF13,RNF207,RYR2,NOS1AP,ANK2"
"GO:BP","nitric oxide metabolic process","GO:0046209","false","0.01861091457264432","1.7302322843601965","81","1336","13","21026","TLR2,TLR5,CLU,MTARC1,CD36,TSPO,DDAH2,IL1B,ASS1,IL10,APOE,NOS1AP,DDAH1"
"GO:BP","negative regulation of leukocyte differentiation","GO:1902106","false","0.018765240463923163","1.7266458660238373","111","1336","16","21026","LOXL3,DTX1,IRF1,LILRB3,TNFAIP6,BCL6,CEACAM1,CR1,PGLYRP1,GLI3,FOXJ1,HLA-G,LTF,C1QC,BMP4,ERFE"
"GO:BP","innate immune response activating cell surface receptor signaling pathway","GO:0002220","false","0.01894649565359174","1.7224711054344954","91","1336","14","21026","TLR2,TLR5,FCN1,CD14,TYROBP,NMI,FFAR2,IFI35,NOD2,LY96,CLEC6A,ACOD1,LTF,TREM2"
"GO:BP","chemokine-mediated signaling pathway","GO:0070098","false","0.01894649565359174","1.7224711054344954","91","1336","14","21026","CXCR5,CCRL2,CCR6,CCR7,CCR9,PPBP,PF4,PADI2,PF4V1,ACKR1,CCL23,TREM2,ROBO1,FOXC1"
"GO:BP","response to organophosphorus","GO:0046683","false","0.01894649565359174","1.7224711054344954","132","1336","18","21026","P2RX5,NT5E,ASPH,AQP9,P2RX1,STAT1,INHBB,IL1B,KCNE1,SDC1,AANAT,AQP1,ASS1,COL1A1,TEK,DNTT,GATA6,KCNJ11"
"GO:BP","lipoprotein metabolic process","GO:0042157","true","0.01894649565359174","1.7224711054344954","91","1336","14","21026","APOL1,ZDHHC19,APOL4,CTSD,APOL2,ATG7,ZDHHC23,GBA1,APOL6,PCSK9,ITGB3,OLR1,MTTP,APOE"
"GO:BP","lung development","GO:0030324","false","0.019250113311390864","1.7155667097727816","198","1336","24","21026","CELSR1,LOXL3,ADAMTS2,LTA4H,LAMA5,NOG,DPPA4,ALDH1A2,CRISPLD2,MMP14,SPRY1,GLI3,FOXJ1,FLT4,CCN2,FGF9,DNAAF1,BMP4,ACVR2B,WNT7B,ABCA12,ZFPM2,FGF8,GATA6"
"GO:BP","regulation of peptidyl-tyrosine phosphorylation","GO:0050730","false","0.019250113311390864","1.7155667097727816","198","1336","24","21026","FLT3,DOK7,BANK1,PARP9,EPHA4,CD36,SAMSN1,BST1,LILRA5,SOCS3,NOD2,CLEC6A,OSM,NRG1,ITGB3,THBS4,GPRC5B,TREM2,RELN,FGF8,LRP4,IL23R,IL6,NRP1"
"GO:BP","skin development","GO:0043588","false","0.019261113812737048","1.7153186025313605","327","1336","35","21026","CELSR1,ADAMTS2,HPSE,ADAM9,KAZN,LAMA5,GBA1,WNT16,KDF1,BCL11B,WNT10A,PNPLA1,LIPM,EDAR,FLG,SFN,CSTA,ITGB4,ATP8A2,CNFN,COL5A3,TNFRSF19,FOXQ1,KRT2,FA2H,ALOX15B,ABCA12,COL1A1,CYP27B1,COL1A2,FOXC1,HRNR,LRP4,GATA6,LGR4"
"GO:BP","positive regulation of vascular endothelial growth factor receptor signaling pathway","GO:0030949","false","0.019296137222522963","1.7145296210877965","15","1336","5","21026","GRB10,IL1B,ITGB3,FGF9,ROBO1"
"GO:BP","leukocyte mediated cytotoxicity","GO:0001909","false","0.019296137222522963","1.7145296210877965","143","1336","19","21026","FCGR1A,ICAM1,FCGR2A,ITGAM,TYROBP,ELANE,STAP1,CEACAM1,IL18RAP,ARG1,IL7R,AZU1,NLRP6,CLEC12B,HLA-G,CTSG,DNASE1L3,FCGR3B,IL23R"
"GO:BP","negative regulation of immunoglobulin mediated immune response","GO:0002890","false","0.019296137222522963","1.7145296210877965","15","1336","5","21026","CR2,BCL6,CR1,FOXJ1,CR1L"
"GO:BP","positive regulation of lymphocyte proliferation","GO:0050671","false","0.019296137222522963","1.7145296210877965","143","1336","19","21026","TNFRSF13C,CD274,PDCD1LG2,CD40LG,FCRL3,ICOSLG,BCL6,CD55,TLR9,BST1,IGFBP2,IL1B,GPR183,CD28,AIF1,SPTA1,CD209,IL23R,IL6"
"GO:BP","negative regulation of B cell mediated immunity","GO:0002713","false","0.019296137222522963","1.7145296210877965","15","1336","5","21026","CR2,BCL6,CR1,FOXJ1,CR1L"
"GO:BP","smooth muscle cell proliferation","GO:0048659","false","0.019296137222522963","1.7145296210877965","143","1336","19","21026","LDLRAP1,GPER1,S1PR1,MMP9,STAT1,ELANE,THBS1,AIF1,MMP2,ITGB3,NDRG4,DBH,PPARG,FGF9,IL10,BMP4,NOTCH3,APOE,IL6"
"GO:BP","endothelial cell migration","GO:0043542","false","0.01933877363625863","1.71357107006133","221","1336","26","21026","WNT7A,GRN,S100A9,RAB13,S100A12,SEMA4A,CEACAM1,PLEKHG5,THBS1,ANXA3,FSTL1,ITGB3,SPARC,FLT4,PPARG,FAP,PRSS3,ROBO1,S100P,NR2E1,ID1,DCN,APOE,TEK,ADAMTS9,NRP1"
"GO:BP","cell surface pattern recognition receptor signaling pathway","GO:0002752","false","0.01939260064542283","1.7123639459382651","72","1336","12","21026","TLR2,TLR5,FCN1,CD14,NMI,FFAR2,IFI35,NOD2,LY96,ACOD1,LTF,TREM2"
"GO:BP","nitric oxide biosynthetic process","GO:0006809","false","0.01939260064542283","1.7123639459382651","72","1336","12","21026","TLR5,CLU,MTARC1,CD36,TSPO,DDAH2,IL1B,ASS1,IL10,APOE,NOS1AP,DDAH1"
"GO:BP","male sex differentiation","GO:0046661","false","0.019511450130711972","1.7097104517555453","176","1336","22","21026","HOXA9,TLR5,LHFPL2,RAB13,TLR9,INSL3,TNFSF10,INHBB,SOX8,KCNE1,MMP14,HOXA10,NUPR1,SDC1,YBX3,LRP2,FGF9,ZFPM2,FGF8,GATA6,LGR4,NKX3-1"
"GO:BP","regulation of macrophage chemotaxis","GO:0010758","false","0.01967202782661134","1.7061508699477042","29","1336","7","21026","C3AR1,STAP1,THBS1,SLAMF8,TRPV4,MMP28,CYP19A1"
"GO:BP","developmental maturation","GO:0021700","false","0.01967202782661134","1.7061508699477042","352","1336","37","21026","BCL11A,P2RX5,SCARF1,TUT7,S1PR1,CCR6,CD63,RAB32,GBA1,CNTNAP2,LRRK2,EDNRB,FZD5,ALDH1A2,ROPN1L,INSL3,GLDN,C1QA,SOX8,KCNE1,CNGB1,SEZ6L,MMP2,DCHS1,FOXJ1,NFATC4,FAM210B,PPARG,LTF,NRCAM,DAZL,TRIM58,EPB42,SYBU,PALM,RELN,ADAMTS7"
"GO:BP","peptide cross-linking","GO:0018149","true","0.01967202782661134","1.7061508699477042","29","1336","7","21026","THBS1,FLG,TGM2,CSTA,KRT2,EPB42,FN1"
"GO:BP","regulation of hormone secretion","GO:0046883","false","0.01967202782661134","1.7061508699477042","268","1336","30","21026","BLK,GPER1,PASK,HCAR2,PFKFB2,TSPO,RETN,FFAR2,INHBB,IL1B,ALOX5,FFAR3,OSM,ADORA1,C1QTNF12,TUNAR,ADRA2A,CYP19A1,PPARG,CHGA,TRPM5,DOC2B,SYBU,ABCA12,RASL10B,NKX3-1,GCK,IL6,KCNJ11,CELA2A"
"GO:BP","negative regulation of inflammatory response to antigenic stimulus","GO:0002862","false","0.01967202782661134","1.7061508699477042","29","1336","7","21026","RHBDF2,MAPK14,NOD2,HCK,NLRP6,IL10,TREM2"
"GO:BP","response to virus","GO:0009615","false","0.019863504941797706","1.701944117241485","414","1336","42","21026","NPC2,IRAK3,GBP2,AIM2,IL27,CASP1,TLR2,IFNLR1,TRIM21,ATG7,TRIM25,CLU,TLR8,GBP1,IFITM1,IRF1,PARP9,TRIM7,GBP5,STAT1,IFITM3,TRIM22,MAPK14,NMI,GBP3,TLR9,DEFA3,IL1B,IFITM2,PML,DDX60L,AZU1,PLSCR1,RTP4,NLRP6,ACOD1,APOBEC3B,USP44,RNASE2,IFI27,IL23R,IL6"
"GO:BP","tumor necrosis factor-mediated signaling pathway","GO:0033209","false","0.019965622780771127","1.6997171384606804","112","1336","16","21026","TNFRSF13C,AIM2,CASP1,TNFRSF25,GAS6,TIFA,CASP4,FAS,TRAF5,STAT1,NAIP,NOL3,CARD16,MMP8,TNFRSF19,KRT8"
"GO:BP","negative regulation of coagulation","GO:0050819","false","0.02005912370039112","1.6976880434191557","54","1336","10","21026","PLAUR,CEACAM1,SERPING1,THBS1,PF4,PLAU,FAP,TFPI,PROS1,APOE"
"GO:BP","reactive nitrogen species metabolic process","GO:2001057","false","0.020079480691009562","1.6972475233968076","82","1336","13","21026","TLR2,TLR5,CLU,MTARC1,CD36,TSPO,DDAH2,IL1B,ASS1,IL10,APOE,NOS1AP,DDAH1"
"GO:BP","specification of animal organ identity","GO:0010092","false","0.02011731335446367","1.696430019303979","37","1336","8","21026","SMARCD3,AXIN2,SPRY1,GLI3,LRP2,ROBO1,BMP4,FGF8"
"GO:BP","T cell differentiation involved in immune response","GO:0002292","false","0.020392791049973893","1.6905233306392575","92","1336","14","21026","LOXL3,IL27,FCER1G,IL18R1,CLEC4E,BCL6,SEMA4A,SOCS3,LEF1,GPR183,CLEC4D,TMEM98,IL23R,IL6"
"GO:BP","labyrinthine layer morphogenesis","GO:0060713","false","0.02096211575663898","1.67856488509192","22","1336","6","21026","ADM,FZD5,SOCS3,LEF1,IL10,WNT7B"
"GO:BP","response to estrogen","GO:0043627","false","0.021417553751810845","1.669230134473314","73","1336","12","21026","WNT7A,TRIM25,GBA1,IGFBP2,MMP14,HOXA10,MMP2,PPARG,ABCB11,CYP27B1,TEK,GATA6"
"GO:BP","response to insulin","GO:0032868","true","0.021681690408739022","1.6639068611295722","270","1336","30","21026","SORT1,TLR2,CTSD,GRB10,RAB13,STAT1,MAPK14,ADM,RETN,IGFBP2,CEACAM1,ECHDC3,SOCS3,TNFSF10,INHBB,IL1B,PCSK9,CAV2,FFAR3,ALPL,FUT7,TRPV4,C1QTNF12,AANAT,PPARG,IL10,COL1A1,ERFE,GCK,CELA2A"
"GO:BP","morphogenesis of a branching epithelium","GO:0061138","false","0.021681690408739022","1.6639068611295722","189","1336","23","21026","CELSR1,LAMA5,NOG,GDF7,ADM,FZD5,SOCS3,LEF1,PML,SOX8,MMP14,SPRY1,TGM2,DCHS1,GLI3,NFATC4,IL10,BMP4,HS3ST3A1,FGF8,LGR4,NKX3-1,NRP1"
"GO:BP","modified amino acid metabolic process","GO:0006575","true","0.0219914637391959","1.6577458632858877","178","1336","22","21026","OSBPL10,CTSB,GSTO1,MBOAT2,SARDH,VNN1,SLC22A4,FOLR1,GGT1,OPLAH,SLC16A10,PLSCR1,GATM,TG,PLOD2,GCNT4,ASS1,GGTLC2,SLC6A8,HPN,CRYM,GSTM5"
"GO:BP","regulation of defense response to virus by host","GO:0050691","true","0.022055557728143486","1.6564819555599082","46","1336","9","21026","AIM2,IL27,IFNLR1,PARP9,STAT1,TRIM22,IL1B,PML,IL23R"
"GO:BP","positive regulation of cytokine production involved in immune response","GO:0002720","false","0.022055557728143486","1.6564819555599082","83","1336","13","21026","SECTM1,IL18R1,CD36,FZD5,CD55,FFAR2,IL1R1,NOD2,IL1B,FFAR3,HLA-G,GPRC5B,IL6"
"GO:BP","negative regulation of cytokine-mediated signaling pathway","GO:0001960","false","0.022055557728143486","1.6564819555599082","83","1336","13","21026","IRAK3,GAS6,IL1R2,NAIP,STAP1,NOL3,ARG1,CARD16,PADI2,PPARG,TREM2,ROBO1,IL6"
"GO:BP","blood vessel remodeling","GO:0001974","false","0.022055557728143486","1.6564819555599082","46","1336","9","21026","NOL3,CEACAM1,DBH,FLT4,CBS,ACVR2B,CRB1,FGF8,FOXC1"
"GO:BP","lipid homeostasis","GO:0055088","false","0.022055557728143486","1.6564819555599082","167","1336","21","21026","NPC2,LDLRAP1,ASGR2,CETP,TSPO,EPHX2,ABCB4,PNPLA1,PCSK9,SOAT2,DGAT2,MLXIPL,ADORA1,PPARG,TREM2,ABCB11,ACOX2,MTTP,CES1,ABCA12,APOE"
"GO:BP","metanephros development","GO:0001656","false","0.02220810068095473","1.653488582336372","93","1336","14","21026","ID3,STAT1,SLC22A1,SOX8,SPRY1,GLI3,FOXJ1,AQP1,BMP4,WNT7B,FGF8,LGR4,NKX3-1,IRX3"
"GO:BP","regulation of B cell mediated immunity","GO:0002712","false","0.02220810068095473","1.653488582336372","64","1336","11","21026","FCGR1A,FCER2,CR2,BCL6,CR1,NOD2,CD28,FOXJ1,CR1L,IL10,TREM2"
"GO:BP","regulation of immunoglobulin mediated immune response","GO:0002889","false","0.02220810068095473","1.653488582336372","64","1336","11","21026","FCGR1A,FCER2,CR2,BCL6,CR1,NOD2,CD28,FOXJ1,CR1L,IL10,TREM2"
"GO:BP","cardiac chamber morphogenesis","GO:0003206","false","0.022409562706621644","1.6495666180724418","124","1336","17","21026","SMARCD3,NOG,MYBPC3,NRG1,CPE,LRP2,ROBO1,BMP4,MYH7,COL11A1,ZFPM2,RYR2,TEK,FGF8,FOXC1,GATA6,NRP1"
"GO:BP","nephron epithelium development","GO:0072009","false","0.022409562706621644","1.6495666180724418","124","1336","17","21026","LAMA5,NOG,EDNRB,STAT1,SLC22A1,SOX8,DCHS1,GLI3,FOXJ1,AQP1,BMP4,WNT7B,HS3ST3A1,FGF8,FOXC1,LGR4,IRX3"
"GO:BP","positive regulation of lymphocyte activation","GO:0051251","false","0.02244183113527382","1.648941709826751","331","1336","35","21026","SMARCD3,TNFRSF13C,CD274,PDCD1LG2,GAS6,CD40LG,FCRL3,ICOSLG,TYROBP,VNN1,BCL6,CCR7,CD55,HLA-DOA,TLR9,BST1,IGFBP2,CR1,NOD2,LEF1,IL7R,IL1B,FLOT2,GPR183,CD28,MMP14,AIF1,ICOS,GLI3,SPTA1,HLA-G,CD209,IL10,IL23R,IL6"
"GO:BP","transforming growth factor beta receptor superfamily signaling pathway","GO:0141091","false","0.02326935061646491","1.6332157365079045","344","1336","36","21026","PMEPA1,ADAM9,SAP30,NOG,GDF7,TNFAIP6,FOLR1,PEG10,LEF1,INHBB,PML,PTPRK,LRG1,CAV2,THBS1,FSTL1,HTRA1,SPRY1,ITGB5,DKK3,PPARG,TGFB1I1,LRP2,GDF10,FGF9,VEPH1,CRB2,BMP4,ACVR2B,FSTL4,ID1,SFRP4,PRDM16,COL1A2,GATA6,HTRA3"
"GO:BP","regulation of cellular response to growth factor stimulus","GO:0090287","false","0.02326935061646491","1.6332157365079045","320","1336","34","21026","PMEPA1,GRB10,CD63,SAP30,NOG,TNFAIP6,FOLR1,PEG10,IL1B,LRG1,EPN2,CAV2,THBS1,FSTL1,HTRA1,SPRY1,ITGB3,DKK3,PPARG,TGFB1I1,LRP2,FGF9,VEPH1,ROBO1,CRB2,BMP4,FSTL4,SFRP4,DCN,PRDM16,CREB3L1,GATA6,HTRA3,NRP1"
"GO:BP","positive regulation of ERBB signaling pathway","GO:1901186","false","0.02326935061646491","1.6332157365079045","30","1336","7","21026","HIP1R,GPER1,PLAUR,MMP9,RALB,SHKBP1,ADRA2A"
"GO:BP","positive regulation of mononuclear cell proliferation","GO:0032946","false","0.02326935061646491","1.6332157365079045","146","1336","19","21026","TNFRSF13C,CD274,PDCD1LG2,CD40LG,FCRL3,ICOSLG,BCL6,CD55,TLR9,BST1,IGFBP2,IL1B,GPR183,CD28,AIF1,SPTA1,CD209,IL23R,IL6"
"GO:BP","cellular response to mechanical stimulus","GO:0071260","false","0.02326935061646491","1.6332157365079045","74","1336","12","21026","CASP1,LTBR,TLR5,TLR8,IRF1,FAS,KCNJ2,IL1B,CASP5,ITGB3,AQP1,COL1A1"
"GO:BP","calcium ion import into cytosol","GO:1902656","false","0.02326935061646491","1.6332157365079045","38","1336","8","21026","CACNA1E,MS4A1,TRPM2,P2RX1,TRPV4,CACNA1H,SLC8A2,PPP3R2"
"GO:BP","positive regulation of nitric oxide biosynthetic process","GO:0045429","false","0.02326935061646491","1.6332157365079045","38","1336","8","21026","TLR5,CLU,CD36,DDAH2,IL1B,ASS1,APOE,DDAH1"
"GO:BP","amyloid precursor protein metabolic process","GO:0042982","true","0.02326935061646491","1.6332157365079045","74","1336","12","21026","LDLRAP1,ADAM9,CLU,PSENEN,EPHA4,RTN2,FLOT2,NECAB2,PAWR,NECAB1,APOE,ACHE"
"GO:BP","respiratory system development","GO:0060541","false","0.023299099670230194","1.6326608607682103","225","1336","26","21026","CELSR1,LOXL3,ADAMTS2,LTA4H,LAMA5,NOG,DPPA4,ALDH1A2,CRISPLD2,LEF1,MMP14,SPRY1,GLI3,FOXJ1,FLT4,ASS1,CCN2,FGF9,DNAAF1,BMP4,ACVR2B,WNT7B,ABCA12,ZFPM2,FGF8,GATA6"
"GO:BP","regulation of T cell mediated immunity","GO:0002709","false","0.023491513780455758","1.6290889966188953","104","1336","15","21026","CD274,SECTM1,IL18R1,FZD5,CD55,CEACAM1,IL1R1,ARG1,NOD2,IL7R,IL1B,FUT7,HLA-G,IL23R,IL6"
"GO:BP","tissue remodeling","GO:0048771","false","0.0243025829249875","1.6143475663006073","180","1336","22","21026","S1PR1,WNT16,TIMP1,TMEM119,OSCAR,NOL3,CEACAM1,PML,MMP14,MMP2,ITGB3,DBH,FLT4,PPARG,THBS4,CBS,ACVR2B,CRB1,FGF8,FOXC1,LGR4,IL6"
"GO:BP","skin epidermis development","GO:0098773","false","0.024338610906100552","1.6137042121795213","136","1336","18","21026","CELSR1,HPSE,LAMA5,GBA1,KDF1,WNT10A,PNPLA1,EDAR,FLG,SFN,TNFRSF19,FOXQ1,FA2H,ABCA12,HRNR,LRP4,GATA6,LGR4"
"GO:BP","receptor internalization","GO:0031623","false","0.024338610906100552","1.6137042121795213","136","1336","18","21026","LDLRAP1,FCER1G,CD63,CD36,ADM,CEACAM1,RALB,FLOT1,NECAB2,PCSK9,SYT17,NRG1,ITGB3,GSG1L,CALY,SFRP4,SNCA,ACHE"
"GO:BP","glycosphingolipid metabolic process","GO:0006687","false","0.024369091253315277","1.6131606657692856","65","1336","11","21026","GM2A,GBA1,LARGE1,UGT8,ST8SIA1,B3GALT2,GAL3ST1,FUT2,FA2H,A3GALT2,ST8SIA5"
"GO:BP","regulation of dendritic cell chemotaxis","GO:2000508","false","0.02446879348067089","1.6113874445266405","10","1336","4","21026","CCR6,GAS6,CCR7,SLAMF8"
"GO:BP","regulation of MAP kinase activity","GO:0043405","true","0.02446879348067089","1.6113874445266405","115","1336","16","21026","IRAK3,FLT3,CD300A,ADAM9,GBA1,LRRK2,TRIB2,ELANE,S100A12,IL1B,THBS1,ADRA2A,ROBO1,NTRK3,APOE,UCHL1"
"GO:BP","ventricular cardiac muscle tissue morphogenesis","GO:0055010","false","0.02446879348067089","1.6113874445266405","47","1336","9","21026","NOG,MYBPC3,NRG1,LRP2,MYH7,COL11A1,ZFPM2,RYR2,FOXC1"
"GO:BP","adhesion of symbiont to host cell","GO:0044650","false","0.02446879348067089","1.6113874445266405","10","1336","4","21026","ICAM1,GAS6,INHBB,CD209"
"GO:BP","regulation of membrane invagination","GO:1905153","false","0.02446879348067089","1.6113874445266405","16","1336","5","21026","CD300A,CD36,STAP1,PPARG,TREM2"
"GO:BP","interleukin-18-mediated signaling pathway","GO:0035655","false","0.02446879348067089","1.6113874445266405","10","1336","4","21026","IL18R1,CASP4,IL18RAP,NLRP6"
"GO:BP","regulation of phagocytosis, engulfment","GO:0060099","false","0.02446879348067089","1.6113874445266405","16","1336","5","21026","CD300A,CD36,STAP1,PPARG,TREM2"
"GO:BP","protein homotrimerization","GO:0070207","false","0.02446879348067089","1.6113874445266405","16","1336","5","21026","STEAP4,ALOX5AP,HLA-G,ASIC1,SCARA5"
"GO:BP","cellular response to interleukin-18","GO:0071351","false","0.02446879348067089","1.6113874445266405","10","1336","4","21026","IL18R1,CASP4,IL18RAP,NLRP6"
"GO:BP","complement activation, alternative pathway","GO:0006957","false","0.02446879348067089","1.6113874445266405","16","1336","5","21026","CFP,CR2,CR1,VSIG4,CFB"
"GO:BP","bile acid secretion","GO:0032782","true","0.02446879348067089","1.6113874445266405","10","1336","4","21026","SLC51A,ABCB4,ABCB11,CES1"
"GO:BP","regulation of neutrophil migration","GO:1902622","false","0.02446879348067089","1.6113874445266405","47","1336","9","21026","C3AR1,TNFAIP6,CCR7,BST1,IL1R1,NOD2,SLAMF8,FUT7,THBS4"
"GO:BP","nitric oxide mediated signal transduction","GO:0007263","false","0.025090817363794392","1.6004851907856823","23","1336","6","21026","FPR1,CD36,THBS1,CBS,APOE,DDAH1"
"GO:BP","metanephric nephron tubule development","GO:0072234","false","0.025090817363794392","1.6004851907856823","23","1336","6","21026","STAT1,SLC22A1,SOX8,AQP1,WNT7B,LGR4"
"GO:BP","gas transport","GO:0015669","false","0.025090817363794392","1.6004851907856823","23","1336","6","21026","HBQ1,AQP1,BPGM,HBD,RHBG,RHAG"
"GO:BP","organic anion transport","GO:0015711","false","0.02520028269456413","1.5985945873136687","459","1336","45","21026","MGST1,CA4,SLC6A12,SLC2A3,SLC26A8,AQP9,CD36,MAP2K6,CEACAM1,SLC22A1,FOLR1,PLA2G4A,SLC16A3,CR1,SLC51A,ABCB4,SLC11A1,IL1B,ACSL1,THBS1,SLC16A10,PLA2G2D,CRABP2,ADORA1,TSPO2,CALHM6,PPARG,NTSR1,LRP2,SLCO2B1,ABCC11,ABCB11,SLCO5A1,SLC4A1,SLC1A3,SLC6A8,PLA2G2C,MTTP,CES1,SLC22A3,SNCA,APOE,SLC7A3,ERFE,RHAG"
"GO:BP","response to glucocorticoid","GO:0051384","true","0.02568000008457008","1.5904049791729538","137","1336","18","21026","FLT3,ADAM9,AXIN2,GBA1,ADM,IGFBP2,IGFBP7,ANXA3,ALPL,SDC1,AANAT,AQP1,ASS1,PTPRU,IL10,WNT7B,MAOB,IL6"
"GO:BP","negative regulation of epithelial cell proliferation","GO:0050680","false","0.02568000008457008","1.5904049791729538","137","1336","18","21026","KDF1,STAT1,CEACAM1,PTPRK,ALOX5,COL4A3,CAV2,THBS1,SFN,NUPR1,SPARC,PPARG,ROBO1,BMP4,HPN,APOE,GATA6,NKX3-1"
"GO:BP","regulation of heart contraction","GO:0008016","false","0.02568000008457008","1.5904049791729538","204","1336","24","21026","DSC2,GSTO1,ASPH,EDNRB,ADM,KCNJ2,SCN1B,KCNE1,CACNA1H,ADORA1,SCN2B,FGF13,RNF207,ATP1B2,CHGA,SLC8A2,MYH7,GJD3,RYR2,NOS1AP,KCNJ12,CORIN,ANK2,IRX3"
"GO:BP","response to vitamin","GO:0033273","false","0.02568000008457008","1.5904049791729538","95","1336","14","21026","GAS6,TRIM25,KYNU,ALDH1A2,TSPO,FOLR1,FES,ALPL,F5,PPARG,CBS,CYP24A1,COL1A1,CYP27B1"
"GO:BP","odontogenesis of dentin-containing tooth","GO:0042475","false","0.02568000008457008","1.5904049791729538","95","1336","14","21026","FAM20A,LAMA5,BCL11B,ADM,WNT10A,LEF1,EDAR,GLI3,BMP4,ACVR2B,FGF8,FOXC1,LRP4,GATA6"
"GO:BP","response to corticosteroid","GO:0031960","false","0.02585702915377867","1.5874213749017878","159","1336","20","21026","GPER1,FLT3,ADAM9,AXIN2,GBA1,ADM,IGFBP2,IGFBP7,ANXA3,ALPL,SDC1,AANAT,AQP1,ASS1,PTPRU,IL10,SLC12A3,WNT7B,MAOB,IL6"
"GO:BP","positive regulation of nitric oxide metabolic process","GO:1904407","false","0.026244425149789835","1.5809629354509311","39","1336","8","21026","TLR5,CLU,CD36,DDAH2,IL1B,ASS1,APOE,DDAH1"
"GO:BP","alpha-beta T cell activation","GO:0046631","false","0.026244425149789835","1.5809629354509311","193","1336","23","21026","LOXL3,IL27,CD274,CD300A,IL18R1,IRF1,BCL11B,BCL6,SEMA4A,CD55,SOCS3,LEF1,GPR183,CD28,CLEC2B,PLA2G2D,FUT7,GLI3,TARM1,ZNF683,TMEM98,IL23R,IL6"
"GO:BP","negative regulation of hemopoiesis","GO:1903707","false","0.026244425149789835","1.5809629354509311","116","1336","16","21026","LOXL3,DTX1,IRF1,LILRB3,TNFAIP6,BCL6,CEACAM1,CR1,PGLYRP1,GLI3,FOXJ1,HLA-G,LTF,C1QC,BMP4,ERFE"
"GO:BP","regulation of phosphatidylinositol 3-kinase/protein kinase B signal transduction","GO:0051896","false","0.02626901930845594","1.5805561402659314","263","1336","29","21026","CD19,AIM2,GPER1,HPSE,FLT3,BANK1,GAS6,LTK,WNT16,PINK1,CCR7,CEACAM1,CD28,SELP,THBS1,OSM,SFRP5,CAVIN3,HLA-G,C1QTNF12,TREM2,PROS1,NTRK3,RELN,DCN,FN1,TEK,ERFE,NKX3-1"
"GO:BP","syncytium formation","GO:0006949","false","0.02662741885230695","1.574670930163752","66","1336","11","21026","ADAM9,DOCK1,TYROBP,MAPK14,FLOT1,SBNO2,CACNA1H,ERVH48-1,CYP19A1,CDON,TREM2"
"GO:BP","positive regulation of coagulation","GO:0050820","false","0.026720575336370324","1.5731541950467596","31","1336","7","21026","HPSE,EMILIN2,CD36,THBS1,ST3GAL4,PLAU,F3"
"GO:BP","regulation of vascular endothelial growth factor receptor signaling pathway","GO:0030947","false","0.026720575336370324","1.5731541950467596","31","1336","7","21026","GRB10,IL1B,EPN2,ITGB3,FGF9,ROBO1,NRP1"
"GO:BP","regulation of leukocyte adhesion to vascular endothelial cell","GO:1904994","false","0.026720575336370324","1.5731541950467596","31","1336","7","21026","CCL28,ELANE,ALOX5,SELP,ST3GAL4,FUT7,IL6"
"GO:BP","regulation of T-helper 1 type immune response","GO:0002825","false","0.026720575336370324","1.5731541950467596","31","1336","7","21026","IL27,IL18R1,IL1R1,PLA2G4A,SLC11A1,IL1B,IL23R"
"GO:BP","regulation of macrophage derived foam cell differentiation","GO:0010743","false","0.026720575336370324","1.5731541950467596","31","1336","7","21026","CETP,CD36,PF4,ITGB3,PPARG,MSR1,ALOX15B"
"GO:BP","dendritic cell migration","GO:0036336","false","0.026720575336370324","1.5731541950467596","31","1336","7","21026","CCR6,GAS6,TRPM2,CCR7,GPR183,ALOX5,SLAMF8"
"GO:BP","host-mediated perturbation of symbiont process","GO:0051851","false","0.027013618176190916","1.568417242961131","106","1336","15","21026","TRIM25,IFITM1,FCN1,IFITM3,NOD2,LEF1,ST6GALNAC1,IFITM2,CAV2,NLRP6,LTF,ZNF502,HPN,APOE,IFI27"
"GO:BP","vascular endothelial growth factor receptor signaling pathway","GO:0048010","false","0.027426402771744","1.561831150427898","57","1336","10","21026","GRB10,MAPK14,IL1B,EPN2,ITGB3,FLT4,FGF9,ROBO1,FOXC1,NRP1"
"GO:BP","regulation of anatomical structure size","GO:0090066","false","0.027426402771744","1.561831150427898","500","1336","48","21026","HIP1R,BCL11A,GPER1,KCNMA1,WNT7A,ITGA9,LIMK1,LRRK2,P2RX1,EDNRB,ADM,ADD2,ECE1,CCR7,PRR16,IL7R,SMTNL1,HRH2,DOCK4,HCK,BLOC1S1,CRABP2,TRPV4,MMP2,SPTA1,ADORA1,DBH,ADRA2A,PLEKHA7,FGF13,SPTB,NTN1,AQP1,GPRC5B,XK,TMOD1,NRCAM,CBS,SLC12A3,FSTL4,WNT7B,TNR,APOE,CRACD,FN1,FOXC1,HTR2B,NRP1"
"GO:BP","retina homeostasis","GO:0001895","false","0.027426402771744","1.561831150427898","57","1336","10","21026","ADGRV1,CNGB1,RP1L1,ATP1B2,USH2A,TUB,CRB2,CRB1,ABCA4,CLRN1"
"GO:BP","positive regulation of protein binding","GO:0032092","true","0.02744764651810925","1.5614948879358206","48","1336","9","21026","HIP1R,BLK,TRIM21,MMP9,LRRK2,ADD2,RALB,FLOT1,BMP4"
"GO:BP","cell-substrate junction assembly","GO:0007044","false","0.02750253619195626","1.5606272551375964","96","1336","14","21026","DUSP3,CORO2B,COL17A1,PTPRK,THBS1,MMP14,ITGB3,ITGB4,DLC1,RHOD,LAMA3,FN1,TEK,NRP1"
"GO:BP","regulation of systemic arterial blood pressure","GO:0003073","true","0.02750253619195626","1.5606272551375964","96","1336","14","21026","GAS6,EDNRB,ADM,ECE1,CORO2B,KLK1,ADORA1,CTSG,NTSR1,SUCNR1,ENPEP,CORIN,DDAH1,RASL10B"
"GO:BP","regulation of potassium ion transport","GO:0043266","false","0.02750253619195626","1.5606272551375964","96","1336","14","21026","CD63,AMIGO1,KCNG1,KCNJ2,KCNG2,KCNE1,ADORA1,ADRA2A,ATP1B2,FXYD2,TREM2,NOS1AP,GCK,ANK2"
"GO:BP","astrocyte differentiation","GO:0048708","false","0.027744749770068695","1.556819187734603","86","1336","13","21026","GRN,S100A9,NOG,LARGE1,EPHA4,C1QA,IL1B,FPR2,SOX8,S100A8,TREM2,NR2E1,IL6"
"GO:BP","alcohol metabolic process","GO:0006066","false","0.02810005348224262","1.551292853510552","362","1336","37","21026","NPC2,APOL1,LDLRAP1,GPER1,SCARF1,ERLIN1,APOL2,GK,GBA1,CETP,EDNRB,ALDH1A2,EPHX2,PLA2G4A,APOBR,DHRS9,PCSK9,GK3,SOAT2,DGAT2,PLPP2,PLB1,CACNA1H,DBH,DKK3,CYP27A1,NTSR1,LRP2,NUDT11,CYP2C8,ALDH3B2,CES1,SNCA,CYP27B1,APOE,SDR16C5,PRKG2"
"GO:BP","negative regulation of transport","GO:0051051","false","0.028148599106515862","1.5505432141500777","412","1336","41","21026","MCTP1,TLR2,CD300A,GRB10,PRTN3,ATG3,CD200,MMP9,RHBDF2,GSTO1,LRRK2,CD36,TSPO,TLR9,CEACAM1,FFAR2,DYSF,INHBB,IL1B,NECAB2,PCSK9,KCNE1,THBS1,PLSCR1,OSM,NRG1,ITGB3,PACSIN1,ADORA1,BEST3,ADRA2A,CHGA,NTSR1,ASIC1,SFRP4,SNCA,APOE,MAOB,PRKG2,PPP3R2,KCNJ11"
"GO:BP","plasma membrane organization","GO:0007009","true","0.02862978284896993","1.5431819460004674","172","1336","21","21026","ANO9,CLU,S100A9,LARGE1,SH3GLB1,FOLR1,CR1,FLOT1,CAV2,PLSCR1,ANO5,LLCFC1,MYOF,SPTA1,PACSIN1,FA2H,SLC4A1,CRB1,CHMP4C,ANK2,SYPL2"
"GO:BP","regulation of pattern recognition receptor signaling pathway","GO:0062207","false","0.02862978284896993","1.5431819460004674","172","1336","21","21026","IRAK3,GBP2,CD300A,FCRL3,IRF1,S100A9,CD14,GBP5,CD36,TLR9,IFI35,NOD2,FLOT1,NLRP6,TREML4,ACOD1,S100A8,LTF,TREM2,TSPAN6,LGR4"
"GO:BP","anatomical structure maturation","GO:0071695","false","0.028639235784947453","1.543038575009728","277","1336","30","21026","BCL11A,P2RX5,SCARF1,TUT7,S1PR1,CCR6,GBA1,CNTNAP2,LRRK2,EDNRB,FZD5,ALDH1A2,ROPN1L,INSL3,GLDN,C1QA,SOX8,KCNE1,CNGB1,MMP2,DCHS1,FOXJ1,FAM210B,PPARG,LTF,NRCAM,DAZL,TRIM58,EPB42,ADAMTS7"
"GO:BP","negative regulation of endocytosis","GO:0045806","false","0.029311046343915032","1.5329686778673501","67","1336","11","21026","MCTP1,TLR2,CD300A,PRTN3,ATG3,DYSF,NECAB2,PCSK9,PLSCR1,ITGB3,PACSIN1"
"GO:BP","T cell cytokine production","GO:0002369","false","0.029820634600560076","1.5254831187438918","40","1336","8","21026","SECTM1,IL18R1,FZD5,CD55,IL1R1,ARG1,IL1B,IL6"
"GO:BP","plasma lipoprotein particle clearance","GO:0034381","false","0.029820634600560076","1.5254831187438918","40","1336","8","21026","LDLRAP1,CD36,PCSK9,SOAT2,DGAT2,MSR1,TREM2,APOE"
"GO:BP","regulation of striated muscle contraction","GO:0006942","false","0.029820634600560076","1.5254831187438918","97","1336","14","21026","DSC2,GSTO1,ASPH,SCN4A,KCNJ2,MYBPC3,TRPV4,ADORA1,FGF13,RNF207,CHGA,MYH7,RYR2,ANK2"
"GO:BP","regulation of T cell cytokine production","GO:0002724","false","0.029820634600560076","1.5254831187438918","40","1336","8","21026","SECTM1,IL18R1,FZD5,CD55,IL1R1,ARG1,IL1B,IL6"
"GO:BP","regulation of release of cytochrome c from mitochondria","GO:0090199","false","0.029820634600560076","1.5254831187438918","40","1336","8","21026","GPER1,HRK,PLAUR,CLU,MMP9,PINK1,NOL3,TNFSF10"
"GO:BP","modified amino acid transport","GO:0072337","true","0.029820634600560076","1.5254831187438918","40","1336","8","21026","MGST1,SLC6A12,SLC22A4,SLC22A1,FOLR1,SLC22A16,LRP2,SLC6A8"
"GO:BP","regulatory T cell differentiation","GO:0045066","false","0.029820634600560076","1.5254831187438918","40","1336","8","21026","IRF1,BCL6,CR1,CD28,PLA2G2D,FUT7,HLA-G,USP44"
"GO:BP","dendritic cell chemotaxis","GO:0002407","false","0.02986159569046014","1.5248869889403402","24","1336","6","21026","CCR6,GAS6,TRPM2,CCR7,GPR183,SLAMF8"
"GO:BP","positive regulation of leukocyte adhesion to vascular endothelial cell","GO:1904996","false","0.02986159569046014","1.5248869889403402","24","1336","6","21026","ELANE,ALOX5,SELP,ST3GAL4,FUT7,IL6"
"GO:BP","astrocyte activation","GO:0048143","false","0.02986159569046014","1.5248869889403402","24","1336","6","21026","GRN,C1QA,IL1B,FPR2,TREM2,IL6"
"GO:BP","positive regulation of fatty acid transport","GO:2000193","false","0.02986159569046014","1.5248869889403402","24","1336","6","21026","MAP2K6,PLA2G4A,IL1B,ACSL1,NTSR1,ERFE"
"GO:BP","steroid catabolic process","GO:0006706","true","0.02986159569046014","1.5248869889403402","24","1336","6","21026","SCARF1,CYP27A1,CYP19A1,CYP24A1,CYP27B1,APOE"
"GO:BP","monoamine transport","GO:0015844","false","0.02987189622036961","1.5247372081991983","77","1336","12","21026","P2RX1,PINK1,SLC22A1,FFAR3,ITGB3,TGM2,ADRA2A,CHGA,SLC22A3,SNCA,MAOB,SYT1"
"GO:BP","negative regulation of response to cytokine stimulus","GO:0060761","false","0.03000516259967841","1.5228040154250717","87","1336","13","21026","IRAK3,GAS6,IL1R2,NAIP,STAP1,NOL3,ARG1,CARD16,PADI2,PPARG,TREM2,ROBO1,IL6"
"GO:BP","cell surface receptor protein serine/threonine kinase signaling pathway","GO:0007178","false","0.03005421544770533","1.5220946046169936","364","1336","37","21026","PMEPA1,ADAM9,SAP30,NOG,GDF7,TNFAIP6,MAPK14,FOLR1,PEG10,LEF1,INHBB,PML,PTPRK,LRG1,CAV2,THBS1,FSTL1,HTRA1,SPRY1,ITGB5,DKK3,PPARG,TGFB1I1,LRP2,GDF10,FGF9,VEPH1,CRB2,BMP4,ACVR2B,FSTL4,ID1,SFRP4,PRDM16,COL1A2,GATA6,HTRA3"
"GO:BP","glycosylceramide metabolic process","GO:0006677","false","0.030387180745103673","1.5173095909250172","17","1336","5","21026","GBA1,UGT8,B3GALT2,GAL3ST1,FA2H"
"GO:BP","positive regulation of homotypic cell-cell adhesion","GO:0034112","false","0.030387180745103673","1.5173095909250172","17","1336","5","21026","PLAUR,EMILIN2,CTSG,MMRN1,IL6"
"GO:BP","reactive oxygen species metabolic process","GO:0072593","true","0.030387180745103673","1.5173095909250172","231","1336","26","21026","HP,ITGAM,LRRK2,PLIN5,PINK1,TYROBP,CD36,MAPK14,TSPO,BST1,MPO,NCF4,SH3PXD2B,FPR2,ALOX5,THBS1,CD177,HBQ1,ACOD1,CCN2,CBS,GLS2,LPO,HBD,SNCA,MAOB"
"GO:BP","detection of mechanical stimulus involved in sensory perception of sound","GO:0050910","false","0.030387180745103673","1.5173095909250172","17","1336","5","21026","ADGRV1,TMC2,HPN,COL11A1,TMC1"
"GO:BP","regulation of cholesterol storage","GO:0010885","false","0.030387180745103673","1.5173095909250172","17","1336","5","21026","CD36,PPARG,MSR1,TREM2,CES1"
"GO:BP","quaternary ammonium group transport","GO:0015697","true","0.030387180745103673","1.5173095909250172","17","1336","5","21026","SLC6A12,SLC22A4,SLC22A1,SLC22A16,SLC22A3"
"GO:BP","CD4-positive, alpha-beta T cell activation","GO:0035710","false","0.030387180745103673","1.5173095909250172","129","1336","17","21026","LOXL3,IL27,CD274,IL18R1,BCL6,SEMA4A,CD55,SOCS3,LEF1,GPR183,CD28,PLA2G2D,FUT7,TARM1,TMEM98,IL23R,IL6"
"GO:BP","regulation of JNK cascade","GO:0046328","false","0.0304269965588053","1.5167409146254962","140","1336","18","21026","DUSP3,TRAF4,LTBR,WNT7A,WNT16,GADD45B,PINK1,NAIP,CCR7,TLR9,NOD2,IL1B,EDAR,TRPV4,FLT4,TNFRSF19,CCN2,WNT7B"
"GO:BP","blood vessel diameter maintenance","GO:0097746","false","0.0304269965588053","1.5167409146254962","151","1336","19","21026","GPER1,KCNMA1,ITGA9,P2RX1,EDNRB,ADM,ECE1,SMTNL1,HRH2,DOCK4,MMP2,ADORA1,DBH,ADRA2A,PLEKHA7,CBS,APOE,FOXC1,HTR2B"
"GO:BP","regulation of tube diameter","GO:0035296","false","0.0304269965588053","1.5167409146254962","151","1336","19","21026","GPER1,KCNMA1,ITGA9,P2RX1,EDNRB,ADM,ECE1,SMTNL1,HRH2,DOCK4,MMP2,ADORA1,DBH,ADRA2A,PLEKHA7,CBS,APOE,FOXC1,HTR2B"
"GO:BP","development of primary sexual characteristics","GO:0045137","false","0.03049430058940368","1.5157813230751247","243","1336","27","21026","HOXA9,TLR5,LHFPL2,RAB13,TNFAIP6,TLR9,RETN,INSL3,TNFSF10,INHBB,SOX8,KCNE1,MMP14,HOXA10,MMP2,NUPR1,SDC1,CYP19A1,YBX3,LRP2,PCYT1B,FGF9,ZFPM2,FGF8,FOXC1,GATA6,NKX3-1"
"GO:BP","negative regulation of mononuclear cell migration","GO:0071676","false","0.030592121906846063","1.5143903987762133","32","1336","7","21026","CD200,STAP1,GCSAM,SLAMF8,PADI2,MMP28,CYP19A1"
"GO:BP","peptide hormone secretion","GO:0030072","false","0.030592121906846063","1.5143903987762133","255","1336","28","21026","BLK,GPER1,PASK,PFKFB2,FFAR2,INHBB,IL1B,ALOX5,FFAR3,SLC16A10,TRPV4,CPE,C1QTNF12,TUNAR,ADRA2A,AQP1,CHGA,TRPM5,ACVR2B,DOC2B,SYBU,ABCA12,RASL10B,GCK,IL6,FAM3B,KCNJ11,CELA2A"
"GO:BP","cellular response to vitamin","GO:0071295","false","0.030592121906846063","1.5143903987762133","32","1336","7","21026","GAS6,FOLR1,FES,PPARG,CYP24A1,COL1A1,CYP27B1"
"GO:BP","eye development","GO:0001654","false","0.03064127117362871","1.513693221668645","415","1336","41","21026","SMARCD3,WNT7A,WNT16,MYO7A,LARGE1,BCL11B,FZD5,ALDH1A2,LIMK2,SCO2,SH3PXD2B,SOX8,FSCN2,SDK2,SPRY1,SALL2,RP1L1,GLI3,ATP8A2,AQP1,CDON,TMOD1,FGF9,SHROOM2,CRYGN,TUB,CRB2,BMP4,FREM2,ACVR2B,WNT7B,NR2E1,SMOC1,CRB1,FOXC1,ADAMTS9,ACHE,SAMD11,PDE6A,RORB,NRP1"
"GO:BP","antigen processing and presentation of peptide antigen","GO:0048002","false","0.03169907006051678","1.4989534782715241","68","1336","11","21026","FCGR1A,FCER1G,TAP1,CTSD,IFI30,HLA-DOA,SLC11A1,HLA-G,CD209,TREM2,CTSV"
"GO:BP","regulation of calcium ion transport","GO:0051924","false","0.032059061669034265","1.4940491930836912","244","1336","27","21026","CD19,GPER1,P2RX5,HOMER3,FCRL3,MS4A1,TSPAN13,GSTO1,ASPH,P2RX1,TSPO,TLR9,LILRA5,PML,ITGB3,ADRA2A,RCVRN,NTSR1,JPH3,TMC2,SNCA,RYR2,NOS1AP,STAC,TMC1,PPP3R2,ANK2"
"GO:BP","positive regulation of adaptive immune response based on somatic recombination of immune receptors built from immunoglobulin superfamily domains","GO:0002824","false","0.03225454953579195","1.491409019046197","130","1336","17","21026","FCGR1A,SECTM1,IL18R1,FCER2,FZD5,CD55,IL1R1,PLA2G4A,NOD2,SLC11A1,IL1B,CD28,CLEC6A,HLA-G,TREM2,IL23R,IL6"
"GO:BP","regulation of tube size","GO:0035150","false","0.03225454953579195","1.491409019046197","152","1336","19","21026","GPER1,KCNMA1,ITGA9,P2RX1,EDNRB,ADM,ECE1,SMTNL1,HRH2,DOCK4,MMP2,ADORA1,DBH,ADRA2A,PLEKHA7,CBS,APOE,FOXC1,HTR2B"
"GO:BP","calcium ion homeostasis","GO:0055074","false","0.03225454953579195","1.491409019046197","329","1336","34","21026","CD19,GPER1,GRINA,FAM20A,GSTO1,NT5E,ASPH,TRPM2,P2RX1,ELANE,CCR7,NOL3,PML,CAV2,CNGB1,ALPL,GP9,TRPV4,ITGB3,TGM2,ADORA1,TUNAR,NTSR1,XK,CCL23,JPH3,SLC8A2,SNCA,CYP27B1,APOE,RYR2,HTR2B,ANK2,SYPL2"
"GO:BP","transport across blood-brain barrier","GO:0150104","false","0.03225454953579195","1.491409019046197","88","1336","13","21026","FLVCR2,SLC29A2,SLC2A3,CD36,SLC22A1,ATP1B2,LRP2,SLCO2B1,SLC8A2,SLC1A3,SLC22A3,APOE,SLC7A3"
"GO:BP","male gonad development","GO:0008584","false","0.03225454953579195","1.491409019046197","152","1336","19","21026","HOXA9,TLR5,RAB13,TLR9,INSL3,TNFSF10,INHBB,SOX8,KCNE1,MMP14,HOXA10,NUPR1,SDC1,YBX3,LRP2,FGF9,ZFPM2,GATA6,NKX3-1"
"GO:BP","vascular transport","GO:0010232","false","0.03225454953579195","1.491409019046197","88","1336","13","21026","FLVCR2,SLC29A2,SLC2A3,CD36,SLC22A1,ATP1B2,LRP2,SLCO2B1,SLC8A2,SLC1A3,SLC22A3,APOE,SLC7A3"
"GO:BP","negative regulation of humoral immune response mediated by circulating immunoglobulin","GO:0002924","false","0.032938496492724935","1.4822962284757795","11","1336","4","21026","CR2,CR1,FOXJ1,CR1L"
"GO:BP","secondary heart field specification","GO:0003139","false","0.032938496492724935","1.4822962284757795","11","1336","4","21026","SMARCD3,AXIN2,LRP2,BMP4"
"GO:BP","cellular response to UV-A","GO:0071492","true","0.032938496492724935","1.4822962284757795","11","1336","4","21026","MMP9,TIMP1,MMP2,MMP1"
"GO:BP","negative regulation of striated muscle tissue development","GO:0045843","false","0.032938496492724935","1.4822962284757795","11","1336","4","21026","LEF1,YBX3,BMP4,FGF8"
"GO:BP","complement-dependent cytotoxicity","GO:0097278","false","0.032938496492724935","1.4822962284757795","11","1336","4","21026","CD55,CR1,CR1L,CD5L"
"GO:BP","regulation of dendritic cell antigen processing and presentation","GO:0002604","false","0.032938496492724935","1.4822962284757795","11","1336","4","21026","CCR7,NOD2,SLC11A1,THBS1"
"GO:BP","negative regulation of cellular response to hypoxia","GO:1900038","false","0.032938496492724935","1.4822962284757795","11","1336","4","21026","PINK1,EPHA4,NOL3,DDAH1"
"GO:BP","cellular response to dopamine","GO:1903351","false","0.03301362064396636","1.4813068434531647","59","1336","10","21026","LRRK2,HTR3A,CAV2,NSG2,TGM2,CALY,HTR6,PALM,PTGER1,HTR2B"
"GO:BP","cardiac muscle tissue morphogenesis","GO:0055008","false","0.03301362064396636","1.4813068434531647","59","1336","10","21026","S1PR1,NOG,MYBPC3,NRG1,LRP2,MYH7,COL11A1,ZFPM2,RYR2,FOXC1"
"GO:BP","endothelial cell apoptotic process","GO:0072577","false","0.03301362064396636","1.4813068434531647","59","1336","10","21026","GPER1,ICAM1,GAS6,CD40LG,COL4A3,THBS1,ITGB3,HLA-G,IL10,TEK"
"GO:BP","regulation of myeloid leukocyte mediated immunity","GO:0002886","false","0.03301362064396636","1.4813068434531647","59","1336","10","21026","FCGR1A,CD300A,ITGAM,TYROBP,STAP1,ARG1,FES,ADGRE2,CD177,DNASE1L3"
"GO:BP","regulation of sprouting angiogenesis","GO:1903670","false","0.033255802544662066","1.4781325671047485","41","1336","8","21026","CEACAM1,ALOX5,EPN2,THBS1,TGM2,IL10,ADAMTS9,CREB3L1"
"GO:BP","carbohydrate derivative catabolic process","GO:1901136","true","0.03329941817257725","1.4775633546812668","257","1336","28","21026","GNS,HPSE,FBXO6,NUDT16,NPL,GM2A,GAPDH,TYMP,GBA1,HK3,NT5E,PFKFB2,PDE9A,CHIT1,UPP1,CDA,NT5M,PGLYRP1,PDE7B,MLXIPL,NUPR1,NUDT11,BPGM,SLC4A1,PGLYRP4,PRKAG3,GCK,UCHL1"
"GO:BP","carboxylic acid transport","GO:0046942","false","0.033619982578779836","1.4734025159394313","355","1336","36","21026","SLC6A12,SLC26A8,AQP9,CD36,MAP2K6,CEACAM1,SLC22A1,FOLR1,PLA2G4A,SLC16A3,SLC51A,ABCB4,SLC11A1,IL1B,ACSL1,THBS1,SLC16A10,PLA2G2D,CRABP2,ADORA1,TSPO2,PPARG,NTSR1,LRP2,SLCO2B1,ABCC11,ABCB11,SLC1A3,SLC6A8,PLA2G2C,CES1,SLC22A3,SNCA,APOE,SLC7A3,ERFE"
"GO:BP","cardiac muscle cell proliferation","GO:0060038","true","0.03381681859829605","1.4708672521550277","50","1336","9","21026","NOG,MAPK14,FES,NRG1,NDRG4,FGF9,ZFPM2,FOXC1,GATA6"
"GO:BP","response to amyloid-beta","GO:1904645","false","0.03381681859829605","1.4708672521550277","50","1336","9","21026","ICAM1,CASP4,MMP9,TYROBP,EPHA4,CD36,FPR2,MMP2,TREM2"
"GO:BP","cold-induced thermogenesis","GO:0106106","false","0.03401493476005176","1.4683303576705369","153","1336","19","21026","GRB10,IL18R1,CD36,ELOVL3,MAP2K6,G0S2,ACSL1,ALPL,LCN2,GATM,DBH,IGF2BP2,ACVR2B,ID1,YBX2,PRDM16,LAMA4,ACHE,LGR4"
"GO:BP","T cell differentiation in thymus","GO:0033077","false","0.034031936391188414","1.4681133391768213","89","1336","13","21026","CCR6,GBA1,BCL11B,VNN1,FZD5,CCR7,IL7R,IL1B,CAMK4,CD28,GLI3,FOXJ1,BMP4"
"GO:BP","one-carbon compound transport","GO:0019755","false","0.034031936391188414","1.4681133391768213","25","1336","6","21026","AQP9,AQP10,AQP1,HBD,RHBG,RHAG"
"GO:BP","organic acid transport","GO:0015849","false","0.034031936391188414","1.4681133391768213","356","1336","36","21026","SLC6A12,SLC26A8,AQP9,CD36,MAP2K6,CEACAM1,SLC22A1,FOLR1,PLA2G4A,SLC16A3,SLC51A,ABCB4,SLC11A1,IL1B,ACSL1,THBS1,SLC16A10,PLA2G2D,CRABP2,ADORA1,TSPO2,PPARG,NTSR1,LRP2,SLCO2B1,ABCC11,ABCB11,SLC1A3,SLC6A8,PLA2G2C,CES1,SLC22A3,SNCA,APOE,SLC7A3,ERFE"
"GO:BP","regulation of ERBB signaling pathway","GO:1901184","false","0.034031936391188414","1.4681133391768213","69","1336","11","21026","HIP1R,DUSP3,GPER1,PLAUR,MMP9,RHBDF2,CEACAM1,RALB,SHKBP1,ADRA2A,PTPN3"
"GO:BP","sodium ion transmembrane transport","GO:0035725","false","0.034031936391188414","1.4681133391768213","176","1336","21","21026","SLC5A10,SLC6A12,TRPM2,SLC9A8,SCN4A,SCN1B,PCSK9,CNGB1,SCN9A,SCN2B,FGF13,SLC5A2,ATP1B2,FXYD2,SHROOM2,TRPM5,SLC8A2,SLC12A3,SLC6A8,ASIC1,PTPN3"
"GO:BP","myeloid cell development","GO:0061515","false","0.034031936391188414","1.4681133391768213","89","1336","13","21026","P2RX5,TLR2,TYROBP,BCL6,GP9,MPIG6B,FAM210B,LTF,BPGM,SLC4A1,TRIM58,EPB42,RHAG"
"GO:BP","metanephric tubule development","GO:0072170","false","0.034031936391188414","1.4681133391768213","25","1336","6","21026","STAT1,SLC22A1,SOX8,AQP1,WNT7B,LGR4"
"GO:BP","regulation of Rac protein signal transduction","GO:0035020","true","0.034031936391188414","1.4681133391768213","25","1336","6","21026","GABARAP,AUTS2,ARHGAP44,RASGRF1,TEK,LRP4"
"GO:BP","lymphocyte migration","GO:0072676","false","0.03408985449013593","1.4673748525190085","110","1336","15","21026","ICAM1,S1PR1,CCR6,GAS6,CD200,GBA1,CXCL16,CCR7,GCSAM,GPR183,AIF1,FUT7,PADI2,ITGB3,ARTN"
"GO:BP","response to interleukin-1","GO:0070555","false","0.03408985449013593","1.4673748525190085","110","1336","15","21026","IRAK3,GBP2,IL1R2,GBP1,GBP3,IL1R1,INHBB,IL1B,CAMP,MMP2,ACOD1,SNCA,ADAMTS7,NKX3-1,IL6"
"GO:BP","long-term synaptic potentiation","GO:0060291","false","0.03408985449013593","1.4673748525190085","110","1336","15","21026","NOG,TYROBP,LARGE1,EPHA4,PDE9A,TSHZ3,ADORA1,NFATC4,SLC8A2,NR2E1,TNR,RELN,SNCA,APOE,SHISA7"
"GO:BP","osteoclast differentiation","GO:0030316","false","0.03408985449013593","1.4673748525190085","110","1336","15","21026","P2RX5,EEIG1,LILRB3,TYROBP,TNFAIP6,MAPK14,OSCAR,GPR183,CAMK4,SBNO2,IGSF23,LTF,TREM2,ERFE,IL23R"
"GO:BP","response to ATP","GO:0033198","false","0.03415976520288689","1.4664851230954752","33","1336","7","21026","P2RX5,NT5E,ASPH,P2RX1,IL1B,DNTT,KCNJ11"
"GO:BP","ameboidal-type cell migration","GO:0001667","false","0.035087674957701626","1.454845408829184","235","1336","26","21026","ADAM9,LAMA5,DOCK1,MMP9,EDNRB,TIMP1,SEMA4A,GLIPR2,FOLR1,INSL3,PML,SOX8,LRG1,SEMA3B,THBS1,SEMA6B,ITGB3,ITGB4,AQP1,KRT2,CRB2,BMP4,FN1,FGF8,HTR2B,NRP1"
"GO:BP","ear development","GO:0043583","false","0.035087674957701626","1.454845408829184","235","1336","26","21026","CELSR1,C1QB,NOG,MYO7A,EPHA4,ECE1,CEBPD,ADGRV1,SOBP,GJB6,DCHS1,GLI3,ATP8A2,NTN1,FGF9,SHROOM2,USH2A,BMP4,FREM2,HPN,COL11A1,FOXI1,FGF8,TMC1,CLRN1,COL2A1"
"GO:BP","cellular response to toxic substance","GO:0097237","false","0.035191351024821314","1.4535640599234925","132","1336","17","21026","HP,MGST1,MTARC1,S100A9,GSTO1,PINK1,CD36,ALOX5AP,SLC22A1,MPO,SLC11A1,HBQ1,LPO,HBD,SLC22A3,APOE,TXNDC2"
"GO:BP","regulation of mononuclear cell migration","GO:0071675","false","0.035191351024821314","1.4535640599234925","143","1336","18","21026","CCR6,GAS6,C3AR1,CD200,STAP1,CCR7,FPR2,GCSAM,THBS1,MMP14,SLAMF8,AIF1,TRPV4,PADI2,MMP28,ITGB3,CYP19A1,TREM2"
"GO:BP","cellular response to chemokine","GO:1990869","false","0.03541510803757579","1.4508114290017928","100","1336","14","21026","CXCR5,CCRL2,CCR6,CCR7,CCR9,PPBP,PF4,PADI2,PF4V1,ACKR1,CCL23,TREM2,ROBO1,FOXC1"
"GO:BP","response to chemokine","GO:1990868","false","0.03541510803757579","1.4508114290017928","100","1336","14","21026","CXCR5,CCRL2,CCR6,CCR7,CCR9,PPBP,PF4,PADI2,PF4V1,ACKR1,CCL23,TREM2,ROBO1,FOXC1"
"GO:BP","regulation of intrinsic apoptotic signaling pathway","GO:2001242","false","0.0356192107880136","1.4483157073940518","177","1336","21","21026","GRINA,PLAUR,CLU,MMP9,S100A9,LRRK2,DDIAS,PINK1,VNN1,NOL3,SEPTIN4,MMP2,NUPR1,S100A8,MUC1,YBX3,IL10,TREM2,ELL3,CREB3L1,NKX3-1"
"GO:BP","cardiac ventricle morphogenesis","GO:0003208","false","0.03581199653789759","1.4459714661642726","70","1336","11","21026","SMARCD3,NOG,MYBPC3,NRG1,CPE,LRP2,MYH7,COL11A1,ZFPM2,RYR2,FOXC1"
"GO:BP","hypersensitivity","GO:0002524","false","0.03581199653789759","1.4459714661642726","18","1336","5","21026","FCGR1A,FCGR2A,CCR7,FUT7,FCGR3B"
"GO:BP","gap junction assembly","GO:0016264","true","0.03581199653789759","1.4459714661642726","18","1336","5","21026","CNTNAP2,IL1B,GJB6,GJD3,IRX3"
"GO:BP","regulation of lipid storage","GO:0010883","false","0.03581199653789759","1.4459714661642726","51","1336","9","21026","PLIN5,CD36,PLIN3,ITGB3,PPARG,MSR1,TREM2,CES1,IL6"
"GO:BP","positive regulation of transferase activity","GO:0051347","false","0.03581199653789759","1.4459714661642726","296","1336","31","21026","TRAF4,FLT3,DOK7,GAS6,ADAM9,CD200,LRRK2,PINK1,EPHA4,ELANE,S100A12,CCR7,RALB,LILRA5,SLC11A1,IL1B,THBS1,NRG1,ITGB3,ADRA2A,LTF,GPRC5B,TREM2,ROBO1,SLC8A2,SPDYE16,NTRK3,RELN,SNCA,APOE,SPDYC"
"GO:BP","regulation of leukocyte tethering or rolling","GO:1903236","false","0.03581199653789759","1.4459714661642726","18","1336","5","21026","CCL28,ELANE,SELP,ST3GAL4,FUT7"
"GO:BP","heart field specification","GO:0003128","false","0.03581199653789759","1.4459714661642726","18","1336","5","21026","SMARCD3,AXIN2,LRP2,ROBO1,BMP4"
"GO:BP","protein localization to CENP-A containing chromatin","GO:0061644","true","0.03581199653789759","1.4459714661642726","18","1336","5","21026","H4C9,H4C4,H2AC8,H4C5,H4C8"
"GO:BP","astrocyte development","GO:0014002","false","0.03581199653789759","1.4459714661642726","42","1336","8","21026","GRN,S100A9,C1QA,IL1B,FPR2,S100A8,TREM2,IL6"
"GO:BP","positive regulation of angiogenesis","GO:0045766","false","0.03581199653789759","1.4459714661642726","166","1336","20","21026","C3AR1,GRN,EMILIN2,ADM,IL1B,CAMP,LRG1,THBS1,ANXA3,ITGB3,TGM2,AQP1,IL10,F3,NR2E1,TEK,DDAH1,GATA6,HSPB6,NRP1"
"GO:BP","axonemal dynein complex assembly","GO:0070286","true","0.03581199653789759","1.4459714661642726","42","1336","8","21026","DNAH17,DNAH2,DNAI2,DNAAF1,DNAH5,DNAH7,CLXN,DRC1"
"GO:BP","actin-mediated cell contraction","GO:0070252","false","0.03581199653789759","1.4459714661642726","111","1336","15","21026","DSC2,SCN4A,KCNJ2,SCN1B,MYBPC3,KCNE1,SCN9A,ADORA1,SCN2B,FGF13,RNF207,MYH7,RYR2,NOS1AP,ANK2"
"GO:BP","activation of protein kinase B activity","GO:0032148","true","0.03581199653789759","1.4459714661642726","18","1336","5","21026","GAS6,PINK1,NRG1,ADRA2A,NTRK3"
"GO:BP","positive regulation of osteoblast differentiation","GO:0045669","false","0.03581199653789759","1.4459714661642726","70","1336","11","21026","IFITM1,TMEM119,CEBPD,CLIC1,GLI3,LTF,GDF10,BMP4,ACVR2B,WNT7B,IL6"
"GO:BP","regulation of cellular extravasation","GO:0002691","false","0.03581199653789759","1.4459714661642726","42","1336","8","21026","ICAM1,CCL28,ELANE,BST1,IL1R1,SELP,ST3GAL4,FUT7"
"GO:BP","triglyceride storage","GO:0030730","false","0.03581199653789759","1.4459714661642726","18","1336","5","21026","PLIN5,PLIN3,IL1B,PPARG,TREM2"
"GO:BP","negative regulation of macrophage activation","GO:0043031","false","0.03581199653789759","1.4459714661642726","18","1336","5","21026","GRN,CD200,BPI,CST7,VSIG4"
"GO:BP","positive regulation of calcium ion transmembrane transport","GO:1904427","false","0.03606845930536271","1.4428724085402445","80","1336","12","21026","CD19,GPER1,P2RX5,MS4A1,GSTO1,ASPH,P2RX1,NTSR1,SNCA,STAC,PPP3R2,ANK2"
"GO:BP","appendage morphogenesis","GO:0035107","false","0.036120354214206694","1.4422479994293764","155","1336","19","21026","WNT7A,HOXA9,NOG,ASPH,LARGE1,MAP3K20,ECE1,ALDH1A2,AFF3,LEF1,CRABP2,HOXA10,GLI3,FGF9,BMP4,FREM2,FGF8,LRP4,COL2A1"
"GO:BP","limb morphogenesis","GO:0035108","false","0.036120354214206694","1.4422479994293764","155","1336","19","21026","WNT7A,HOXA9,NOG,ASPH,LARGE1,MAP3K20,ECE1,ALDH1A2,AFF3,LEF1,CRABP2,HOXA10,GLI3,FGF9,BMP4,FREM2,FGF8,LRP4,COL2A1"
"GO:BP","cellular detoxification","GO:1990748","false","0.03640598376311675","1.4388272289408945","122","1336","16","21026","HP,MGST1,MTARC1,S100A9,GSTO1,CD36,ALOX5AP,SLC22A1,MPO,SLC11A1,HBQ1,LPO,HBD,SLC22A3,APOE,TXNDC2"
"GO:BP","regulation of peptide secretion","GO:0002791","false","0.037086104572947955","1.4307887814279117","213","1336","24","21026","BLK,GPER1,PASK,PFKFB2,FFAR2,INHBB,IL1B,ALOX5,FFAR3,ADORA1,C1QTNF12,TUNAR,ADRA2A,S100A8,CHGA,TRPM5,DOC2B,SYBU,ABCA12,RASL10B,GCK,IL6,KCNJ11,CELA2A"
"GO:BP","ureteric bud development","GO:0001657","false","0.03740254456401184","1.4270988509407583","101","1336","14","21026","LAMA5,NOG,SOX8,SPRY1,DCHS1,GLI3,FOXJ1,SDC1,EPCAM,BMP4,HS3ST3A1,FGF8,FOXC1,LGR4"
"GO:BP","response to dopamine","GO:1903350","false","0.03848771313339531","1.4146778930896886","61","1336","10","21026","LRRK2,HTR3A,CAV2,NSG2,TGM2,CALY,HTR6,PALM,PTGER1,HTR2B"
"GO:BP","positive regulation of secretion by cell","GO:1903532","false","0.03851424487939054","1.4143786126133384","298","1336","31","21026","BLK,GPER1,TLR2,ADAM9,ITGAM,HCAR2,PINK1,PFKFB2,MAP2K6,RETN,FFAR2,PLA2G4A,INHBB,IL1B,CD177,C1QTNF12,SDC1,TUNAR,CYP19A1,PPARG,NTSR1,TRPM5,TREM2,DOC2B,SYBU,SNCA,ACHE,RASL10B,NKX3-1,GCK,SYT1"
"GO:BP","regulation of fatty acid transport","GO:2000191","false","0.038717556616925775","1.4120920579046823","34","1336","7","21026","MAP2K6,PLA2G4A,IL1B,ACSL1,THBS1,NTSR1,ERFE"
"GO:BP","positive regulation of defense response to virus by host","GO:0002230","false","0.038717556616925775","1.4120920579046823","34","1336","7","21026","AIM2,IL27,PARP9,STAT1,TRIM22,PML,IL23R"
"GO:BP","ventricular cardiac muscle cell action potential","GO:0086005","false","0.038717556616925775","1.4120920579046823","34","1336","7","21026","DSC2,KCNE1,SCN2B,RNF207,RYR2,NOS1AP,ANK2"
"GO:BP","leukocyte tethering or rolling","GO:0050901","false","0.038717556616925775","1.4120920579046823","34","1336","7","21026","SELL,CCL28,ELANE,ADD2,SELP,ST3GAL4,FUT7"
"GO:BP","heart formation","GO:0060914","false","0.038717556616925775","1.4120920579046823","34","1336","7","21026","SMARCD3,AXIN2,FOLR1,LRP2,ROBO1,BMP4,RBM20"
"GO:BP","multi-multicellular organism process","GO:0044706","false","0.0389827136829346","1.4091279318550642","214","1336","24","21026","CTSB,PNOC,APOL2,MMP9,P2RX1,TIMP1,ADM,IGFBP2,IGFBP7,IL1B,FUT7,DDO,MMP2,ITGB3,KLF1,ITGB4,PTGFR,ACOD1,ADRA2A,CBS,TLE6,CYP27B1,CORIN,PPP3R2"
"GO:BP","carbohydrate transmembrane transport","GO:0034219","false","0.039089892007183144","1.4079355293822637","134","1336","17","21026","SLC5A10,SORT1,GRB10,SLC2A3,AQP9,RTN2,MAPK14,AQP10,IL1B,PPBP,MFSD4A,C1QTNF12,SLC5A2,SLC45A1,AQP1,ABCB11,ERFE"
"GO:BP","neutral lipid metabolic process","GO:0006638","false","0.039089892007183144","1.4079355293822637","134","1336","17","21026","GPAT3,GK,CETP,PLIN5,SLC22A4,PLA2G4A,APOBR,ACSL1,PNPLA1,PCSK9,GK3,DGAT2,PLB1,MTTP,SNCA,APOE,DGKI"
"GO:BP","alpha-beta T cell differentiation","GO:0046632","false","0.039089892007183144","1.4079355293822637","134","1336","17","21026","LOXL3,IL27,IL18R1,IRF1,BCL11B,BCL6,SEMA4A,SOCS3,LEF1,GPR183,PLA2G2D,FUT7,GLI3,ZNF683,TMEM98,IL23R,IL6"
"GO:BP","cardiac muscle cell action potential","GO:0086001","false","0.03929465062368646","1.405666568269411","81","1336","12","21026","DSC2,SCN4A,KCNJ2,SCN1B,KCNE1,SCN9A,SCN2B,FGF13,RNF207,RYR2,NOS1AP,ANK2"
"GO:BP","gonad development","GO:0008406","false","0.03934415457799958","1.405119782316207","238","1336","26","21026","HOXA9,TLR5,RAB13,TNFAIP6,TLR9,RETN,INSL3,TNFSF10,INHBB,SOX8,KCNE1,MMP14,HOXA10,MMP2,NUPR1,SDC1,CYP19A1,YBX3,LRP2,PCYT1B,FGF9,ZFPM2,FGF8,FOXC1,GATA6,NKX3-1"
"GO:BP","metanephric nephron epithelium development","GO:0072243","false","0.03934980484539182","1.4050574171747927","26","1336","6","21026","STAT1,SLC22A1,SOX8,AQP1,WNT7B,LGR4"
"GO:BP","embryonic placenta morphogenesis","GO:0060669","false","0.03934980484539182","1.4050574171747927","26","1336","6","21026","ADM,FZD5,SOCS3,LEF1,IL10,WNT7B"
"GO:BP","phosphatidylinositol 3-kinase/protein kinase B signal transduction","GO:0043491","false","0.0398866683098037","1.399172238322811","299","1336","31","21026","CD19,AIM2,GPER1,HPSE,PIK3C2B,FLT3,BANK1,GAS6,LTK,WNT16,PINK1,CCR7,CEACAM1,CD28,SELP,THBS1,OSM,SFRP5,CAVIN3,HLA-G,C1QTNF12,LRP2,TREM2,PROS1,NTRK3,RELN,DCN,FN1,TEK,ERFE,NKX3-1"
"GO:BP","cellular defense response","GO:0006968","false","0.03996796705931073","1.3982879412414437","52","1336","9","21026","FCMR,CCR6,CLEC5A,TYROBP,CCR9,MNDA,LY96,HLA-G,CD5L"
"GO:BP","nephron tubule development","GO:0072080","false","0.04005869165170591","1.3973032392092797","102","1336","14","21026","LAMA5,NOG,STAT1,SLC22A1,SOX8,DCHS1,GLI3,AQP1,BMP4,WNT7B,HS3ST3A1,FGF8,LGR4,IRX3"
"GO:BP","mesonephric epithelium development","GO:0072163","false","0.04005869165170591","1.3973032392092797","102","1336","14","21026","LAMA5,NOG,SOX8,SPRY1,DCHS1,GLI3,FOXJ1,SDC1,EPCAM,BMP4,HS3ST3A1,FGF8,FOXC1,LGR4"
"GO:BP","mesonephric tubule development","GO:0072164","false","0.04005869165170591","1.3973032392092797","102","1336","14","21026","LAMA5,NOG,SOX8,SPRY1,DCHS1,GLI3,FOXJ1,SDC1,EPCAM,BMP4,HS3ST3A1,FGF8,FOXC1,LGR4"
"GO:BP","positive regulation of T cell proliferation","GO:0042102","false","0.04005869165170591","1.3973032392092797","102","1336","14","21026","TNFRSF13C,CD274,PDCD1LG2,CD40LG,ICOSLG,CD55,IGFBP2,IL1B,CD28,AIF1,SPTA1,CD209,IL23R,IL6"
"GO:BP","negative regulation of endothelial cell proliferation","GO:0001937","false","0.0402656802531196","1.3950649594877194","43","1336","8","21026","STAT1,ALOX5,COL4A3,CAV2,THBS1,SPARC,PPARG,APOE"
"GO:BP","acid secretion","GO:0046717","false","0.0402656802531196","1.3950649594877194","43","1336","8","21026","HIP1R,SLC51A,ABCB4,HRH2,NTSR1,SLC22A16,ABCB11,CES1"
"GO:BP","regulation of peptide transport","GO:0090087","false","0.040681424232520774","1.3906038510910508","215","1336","24","21026","BLK,GPER1,PASK,PFKFB2,FFAR2,INHBB,IL1B,ALOX5,FFAR3,ADORA1,C1QTNF12,TUNAR,ADRA2A,S100A8,CHGA,TRPM5,DOC2B,SYBU,ABCA12,RASL10B,GCK,IL6,KCNJ11,CELA2A"
"GO:BP","positive regulation of synaptic transmission","GO:0050806","false","0.040784838130399424","1.3895012570104615","180","1336","21","21026","GPER1,NOG,PINK1,TYROBP,LARGE1,EPHA4,PDE9A,RETN,FLOT1,TSHZ3,ADORA1,NFATC4,SLC8A2,SLC1A3,NR2E1,TNR,RELN,SNCA,APOE,SHISA7,SYT1"
"GO:BP","positive regulation of chemotaxis","GO:0050921","false","0.04112156354657414","1.38593038071658","146","1336","18","21026","S1PR1,CCR6,GAS6,C3AR1,CCR7,FPR2,AZU1,THBS1,AIF1,TRPV4,THBS4,F3,TREM2,SUCNR1,NTRK3,ARTN,IL6,NRP1"
"GO:BP","negative regulation of muscle organ development","GO:0048635","false","0.04120300314653985","1.385071128567878","12","1336","4","21026","LEF1,YBX3,BMP4,FGF8"
"GO:BP","negative regulation of muscle tissue development","GO:1901862","false","0.04120300314653985","1.385071128567878","12","1336","4","21026","LEF1,YBX3,BMP4,FGF8"
"GO:BP","response to interleukin-18","GO:0070673","false","0.04120300314653985","1.385071128567878","12","1336","4","21026","IL18R1,CASP4,IL18RAP,NLRP6"
"GO:BP","neutrophil-mediated killing of bacterium","GO:0070944","false","0.04120300314653985","1.385071128567878","12","1336","4","21026","ELANE,AZU1,NLRP6,CTSG"
"GO:BP","negative regulation of immunoglobulin production","GO:0002638","false","0.04120300314653985","1.385071128567878","12","1336","4","21026","CD22,FCRL3,BCL6,CR1"
"GO:BP","lateral ventricle development","GO:0021670","false","0.04120300314653985","1.385071128567878","12","1336","4","21026","PAX5,ATP1B2,AQP1,DNAH5"
"GO:BP","positive regulation of vesicle fusion","GO:0031340","false","0.04120300314653985","1.385071128567878","12","1336","4","21026","DOC2B,SNCA,SYT9,SYT1"
"GO:BP","negative regulation of vasoconstriction","GO:0045906","false","0.04120300314653985","1.385071128567878","12","1336","4","21026","ITGA9,ADM,DOCK4,MMP2"
"GO:BP","positive regulation of platelet aggregation","GO:1901731","false","0.04120300314653985","1.385071128567878","12","1336","4","21026","EMILIN2,CTSG,MMRN1,IL6"
"GO:BP","positive regulation of vasculature development","GO:1904018","false","0.04168489714953502","1.3800212657141342","169","1336","20","21026","C3AR1,GRN,EMILIN2,ADM,IL1B,CAMP,LRG1,THBS1,ANXA3,ITGB3,TGM2,AQP1,IL10,F3,NR2E1,TEK,DDAH1,GATA6,HSPB6,NRP1"
"GO:BP","cellular response to monoamine stimulus","GO:0071868","false","0.04178159466063329","1.3790149885036949","62","1336","10","21026","LRRK2,HTR3A,CAV2,NSG2,TGM2,CALY,HTR6,PALM,PTGER1,HTR2B"
"GO:BP","membrane protein proteolysis","GO:0033619","false","0.04178159466063329","1.3790149885036949","62","1336","10","21026","ADAM9,PRTN3,PSENEN,TIMP1,IL1B,ADRA2A,IL10,TIMP4,APOE,PTPN3"
"GO:BP","cellular response to catecholamine stimulus","GO:0071870","false","0.04178159466063329","1.3790149885036949","62","1336","10","21026","LRRK2,HTR3A,CAV2,NSG2,TGM2,CALY,HTR6,PALM,PTGER1,HTR2B"
"GO:BP","positive regulation of chemokine production","GO:0032722","false","0.04263581963145693","1.3702253837186213","72","1336","11","21026","TLR2,TLR9,FFAR2,NOD2,IL1B,AZU1,FFAR3,AIF1,TRPV4,ALOX15B,IL6"
"GO:BP","cell-substrate junction organization","GO:0150115","false","0.04289643956289613","1.3675787530916566","103","1336","14","21026","DUSP3,CORO2B,COL17A1,PTPRK,THBS1,MMP14,ITGB3,ITGB4,DLC1,RHOD,LAMA3,FN1,TEK,NRP1"
"GO:BP","regulation of glial cell migration","GO:1903975","false","0.04336684514995832","1.3628421707449516","19","1336","5","21026","STAP1,GPR183,NTN1,ATP1B2,TREM2"
"GO:BP","negative regulation of proteolysis","GO:0045861","false","0.04336684514995832","1.3628421707449516","147","1336","18","21026","IL1R2,GAPDH,LRRK2,EPHA4,TIMP1,CST7,CR1,SERPINB1,PML,THBS1,CSTA,PLAU,TFPI,IL10,TIMP4,CRB2,TMEM98,PTPN3"
"GO:BP","negative regulation of megakaryocyte differentiation","GO:0045653","true","0.04336684514995832","1.3628421707449516","19","1336","5","21026","H4C9,H4C4,H4C5,PF4,H4C8"
"GO:BP","CD4-positive, alpha-beta T cell cytokine production","GO:0035743","false","0.04336684514995832","1.3628421707449516","19","1336","5","21026","IL18R1,IL1R1,ARG1,IL1B,IL6"
"GO:BP","regulation of protein binding","GO:0043393","false","0.04367277071995164","1.359789254375557","114","1336","15","21026","HIP1R,BLK,LDLRAP1,TRIM21,MMP9,NOG,LRRK2,ADD2,RALB,FLOT1,CARD16,PCSK9,SLPI,IL10,BMP4"
"GO:BP","reproductive structure development","GO:0048608","false","0.04381882164396374","1.3583393054700905","314","1336","32","21026","WNT7A,HOXA9,TLR5,NOG,RAB13,GDF7,TNFAIP6,TLR9,RETN,INSL3,TNFSF10,INHBB,SOX8,KCNE1,MMP14,HOXA10,MMP2,NUPR1,SDC1,CYP19A1,YBX3,LRP2,PCYT1B,FGF9,BMP4,ALOX15B,ZFPM2,FGF8,FOXC1,GATA6,LGR4,NKX3-1"
"GO:BP","positive regulation of adaptive immune response","GO:0002821","false","0.04381882164396374","1.3583393054700905","136","1336","17","21026","FCGR1A,SECTM1,IL18R1,FCER2,FZD5,CD55,IL1R1,PLA2G4A,NOD2,SLC11A1,IL1B,CD28,CLEC6A,HLA-G,TREM2,IL23R,IL6"
"GO:BP","adaptive thermogenesis","GO:1990845","false","0.043920095587459664","1.357336723360763","170","1336","20","21026","GRB10,IL18R1,CD36,ELOVL3,MAP2K6,G0S2,ACSL1,ALPL,TRPV4,LCN2,GATM,DBH,IGF2BP2,ACVR2B,ID1,YBX2,PRDM16,LAMA4,ACHE,LGR4"
"GO:BP","multi-organism reproductive process","GO:0044703","true","0.04404794246611295","1.3560743732106884","205","1336","23","21026","CTSB,PNOC,APOL2,MMP9,P2RX1,TIMP1,ADM,IGFBP2,IGFBP7,IL1B,FUT7,DDO,MMP2,ITGB3,KLF1,ITGB4,PTGFR,ACOD1,ADRA2A,CBS,TLE6,CYP27B1,CORIN"
"GO:BP","epidermal cell differentiation","GO:0009913","false","0.04443199774228805","1.3523041596615135","253","1336","27","21026","ADAM9,KAZN,WNT16,KDF1,MYO7A,BCL11B,PNPLA1,LIPM,FLG,SFN,CSTA,CNFN,TMEM132E,KRT2,FA2H,USH2A,BMP4,SFRP4,ALOX15B,ABCA12,CYP27B1,OVOL3,FOXC1,HRNR,TMC1,GATA6,CLRN1"
"GO:BP","response to ketone","GO:1901654","false","0.04457521247922092","1.350906577971268","229","1336","25","21026","TLR2,GAS6,ITGAM,HOXA9,AXIN2,GBA1,CCR7,TSPO,IGFBP7,ABCB4,CDA,THBS1,HOXA10,PTGFR,F5,ACOD1,AANAT,AQP1,PPARG,ASS1,SLC12A3,MAOB,PTGER1,NKX3-1,KCNJ11"
"GO:BP","gliogenesis","GO:0042063","false","0.044583285573244195","1.3508279292664924","352","1336","35","21026","TLR2,VCAN,CLU,GRN,DTX1,GBA1,S100A9,NOG,LARGE1,EPHA4,STAP1,TSPO,LEF1,C1QA,IL1B,FPR2,SOX8,GPR183,AZU1,MMP14,ITGB4,GLI3,S100A8,NTN1,ATP1B2,PARD3,PPARG,LRP2,FA2H,TREM2,NR2E1,TMEM98,RELN,CRB1,IL6"
"GO:BP","muscle organ development","GO:0007517","false","0.045306714732615196","1.343837428114887","365","1336","36","21026","ID3,PAX5,S1PR1,DPF3,SAP30,VAMP5,LAMA5,NOG,LARGE1,MAPK14,ITGA7,LEF1,FLOT1,SOX8,SMTNL1,MYBPC3,CAV2,COL19A1,NRG1,SPEG,NUPR1,CACNA1H,ATF3,CDON,YBX3,LRP2,ASS1,XK,BMP4,MYH7,COL11A1,ZFPM2,RYR2,FGF8,FOXC1,PAX3"
"GO:BP","fibrinolysis","GO:0042730","false","0.04583762186155501","1.3387779224367284","27","1336","6","21026","PLAUR,SERPING1,THBS1,PLAU,FAP,PROS1"
"GO:BP","type II interferon-mediated signaling pathway","GO:0060333","false","0.04583762186155501","1.3387779224367284","27","1336","6","21026","IRF1,PARP9,STAT1,ARG1,HCK,PPARG"
"GO:BP","low-density lipoprotein particle clearance","GO:0034383","false","0.04583762186155501","1.3387779224367284","27","1336","6","21026","LDLRAP1,CD36,PCSK9,SOAT2,DGAT2,TREM2"
"GO:BP","cellular response to interferon-beta","GO:0035458","false","0.04583762186155501","1.3387779224367284","27","1336","6","21026","AIM2,IRF1,STAT1,MNDA,IFITM2,ACOD1"
"GO:BP","telencephalon cell migration","GO:0022029","true","0.045865041433933516","1.338518209819732","63","1336","10","21026","LRRK2,GLI3,FGF13,ROBO1,CCDC141,HTR6,NR2E1,TNR,RELN,FOXB1"
"GO:BP","positive regulation of T cell activation","GO:0050870","false","0.04628021585815385","1.3346046240982814","254","1336","27","21026","SMARCD3,TNFRSF13C,CD274,PDCD1LG2,CD40LG,ICOSLG,VNN1,BCL6,CCR7,CD55,HLA-DOA,IGFBP2,CR1,NOD2,LEF1,IL7R,IL1B,FLOT2,CD28,AIF1,ICOS,GLI3,SPTA1,HLA-G,CD209,IL23R,IL6"
"GO:BP","negative regulation of T cell proliferation","GO:0042130","false","0.04628547280628928","1.3345552955921738","73","1336","11","21026","CD274,PDCD1LG2,ARG1,CR1,VSIG4,PLA2G2D,PAWR,FOXJ1,HLA-G,IL10,BMP4"
"GO:BP","cognition","GO:0050890","false","0.04628547280628928","1.3345552955921738","328","1336","33","21026","TLR2,GM2A,CNTNAP2,NOG,LARGE1,SHROOM4,CAMK4,ST3GAL4,SOBP,GATM,ADORA1,NDRG4,DBH,NFATC4,FGF13,NTSR1,CHL1,JPH3,TREM2,FOXO6,SLC8A2,ASIC1,RASGRF1,GRPR,TNR,RELN,KCNK10,APOE,DGKI,NPTX2,SHISA7,TUSC3,FOXB1"
"GO:BP","phospholipase C-activating G protein-coupled receptor signaling pathway","GO:0007200","true","0.04632866551780206","1.3341502093285018","137","1336","17","21026","S1PR1,C3AR1,LTB4R,FPR1,EDNRB,P2RY10,FFAR2,FPR2,RASGRP4,AZU1,TGM2,ADRA2A,PARD3,CHGA,GRPR,PTGER1,HTR2B"
"GO:BP","embryonic limb morphogenesis","GO:0030326","false","0.04658291197340386","1.33177336650009","126","1336","16","21026","WNT7A,HOXA9,NOG,MAP3K20,ECE1,ALDH1A2,AFF3,LEF1,CRABP2,HOXA10,GLI3,FGF9,BMP4,FREM2,FGF8,LRP4"
"GO:BP","embryonic appendage morphogenesis","GO:0035113","false","0.04658291197340386","1.33177336650009","126","1336","16","21026","WNT7A,HOXA9,NOG,MAP3K20,ECE1,ALDH1A2,AFF3,LEF1,CRABP2,HOXA10,GLI3,FGF9,BMP4,FREM2,FGF8,LRP4"
"GO:BP","cardiac conduction","GO:0061337","false","0.047933312144772866","1.3193625606493686","94","1336","13","21026","DSC2,KCNJ2,SCN1B,KCNE1,SCN2B,RNF207,ATP1B2,SLC8A2,GJD3,RYR2,CORIN,ANK2,IRX3"
"GO:BP","regulation of non-canonical NF-kappaB signal transduction","GO:1901222","false","0.047933312144772866","1.3193625606493686","94","1336","13","21026","TLR2,IL18R1,NMI,NOL3,TLR9,IFI35,NOD2,NR3C2,IL1B,UACA,EDAR,ADGRG3,TREM2"
"GO:BP","detoxification","GO:0098754","false","0.048585574036409146","1.313492661733727","149","1336","18","21026","HP,MGST1,MTARC1,S100A9,GSTO1,CD36,ALOX5AP,SLC22A1,MPO,SLC11A1,MT1E,HBQ1,LPO,HBD,MT1G,SLC22A3,APOE,TXNDC2"
"GO:BP","regulation of endothelial cell apoptotic process","GO:2000351","false","0.04889424465923581","1.310742258664486","54","1336","9","21026","GPER1,ICAM1,GAS6,CD40LG,THBS1,ITGB3,HLA-G,IL10,TEK"
"GO:BP","axoneme assembly","GO:0035082","false","0.04929300647382382","1.3072146925944652","105","1336","14","21026","DNAH17,DNAJB13,RP1L1,DNAH2,FOXJ1,DNAI2,CFAP46,SPAG17,DNAAF1,DNAH5,DNAH7,CLXN,DRC1,CFAP97D1"
"GO:BP","carbohydrate transport","GO:0008643","false","0.049390280454754174","1.3063585077601698","138","1336","17","21026","SLC5A10,SORT1,GRB10,SLC2A3,AQP9,RTN2,MAPK14,AQP10,IL1B,PPBP,MFSD4A,C1QTNF12,SLC5A2,SLC45A1,AQP1,ABCB11,ERFE"
"GO:BP","regulation of proteolysis","GO:0030162","false","0.04992227141095348","1.301705662932976","406","1336","39","21026","IL1R2,ADAM9,PLAUR,GAPDH,CLU,GRN,AXIN2,GBA1,PSENEN,LRRK2,ASPH,NLRC4,TRIB2,GABARAP,PINK1,EPHA4,TIMP1,CST7,CR1,SERPINB1,IL1B,PML,THBS1,MMP14,CSTA,NUPR1,PLAU,ADRA2A,TGFB1I1,TFPI,IL10,TIMP4,TREM2,CRB2,HPN,PRSS22,TMEM98,APOE,PTPN3"
