NAME,GS<br> follow link to MSigDB,GS DETAILS,SIZE,ES,NES,NOM p-val,FDR q-val,FWER p-val,RANK AT MAX,LEADING EDGE,
GOBP_RNA_METHYLATION,GOBP_RNA_METHYLATION,Details ...,90,-0.6619929,-2.1748605,0.0,0.0,0.0,4159,"tags=48%, list=15%, signal=56%",
GOBP_RRNA_PROCESSING,GOBP_RRNA_PROCESSING,Details ...,234,-0.57183,-2.1251564,0.0,0.0,0.0,5272,"tags=45%, list=19%, signal=55%",
GOBP_RIBOSOME_BIOGENESIS,GOBP_RIBOSOME_BIOGENESIS,Details ...,326,-0.55538684,-2.1244314,0.0,0.0,0.0,4819,"tags=40%, list=17%, signal=48%",
GOBP_RIBOSOMAL_SMALL_SUBUNIT_BIOGENESIS,GOBP_RIBOSOMAL_SMALL_SUBUNIT_BIOGENESIS,Details ...,113,-0.61042047,-2.077257,0.0,6.953827E-04,0.005,6635,"tags=53%, list=24%, signal=70%",
REACTOME_RRNA_PROCESSING,REACTOME_RRNA_PROCESSING,Details ...,210,-0.5642276,-2.0557828,0.0,7.7849836E-04,0.007,7059,"tags=57%, list=25%, signal=75%",
REACTOME_RRNA_MODIFICATION_IN_THE_NUCLEUS_AND_CYTOSOL,REACTOME_RRNA_MODIFICATION_IN_THE_NUCLEUS_AND_CYTOSOL,Details ...,59,-0.6684919,-2.032398,0.0,0.0017645409,0.019,5429,"tags=59%, list=20%, signal=74%",
GOBP_MATURATION_OF_SSU_RRNA,GOBP_MATURATION_OF_SSU_RRNA,Details ...,73,-0.6307773,-2.02852,0.0,0.0017468926,0.022,5429,"tags=49%, list=20%, signal=61%",
GOBP_ENDONUCLEOLYTIC_CLEAVAGE_OF_TRICISTRONIC_RRNA_TRANSCRIPT_SSU_RRNA_5_8S_RRNA_LSU_RRNA,GOBP_ENDONUCLEOLYTIC_CLEAVAGE_OF_TRICISTRONIC_RRNA_TRANSCRIPT_SSU_RRNA_5_8S_RRNA_LSU_RRNA,Details ...,23,-0.7965507,-2.024425,0.0,0.001736619,0.024,3290,"tags=57%, list=12%, signal=64%",
GOBP_RIBOSOMAL_LARGE_SUBUNIT_BIOGENESIS,GOBP_RIBOSOMAL_LARGE_SUBUNIT_BIOGENESIS,Details ...,78,-0.6323257,-2.0225482,0.0,0.0016061025,0.025,4477,"tags=49%, list=16%, signal=58%",
GOBP_TRNA_MODIFICATION,GOBP_TRNA_MODIFICATION,Details ...,96,-0.6014965,-2.0086098,0.0,0.0019489973,0.034,2949,"tags=36%, list=11%, signal=41%",
REACTOME_CD22_MEDIATED_BCR_REGULATION,REACTOME_CD22_MEDIATED_BCR_REGULATION,Details ...,61,-0.6502473,-1.9977314,0.0,0.0024759038,0.048,521,"tags=8%, list=2%, signal=8%",
GOBP_MATURATION_OF_LSU_RRNA_FROM_TRICISTRONIC_RRNA_TRANSCRIPT_SSU_RRNA_5_8S_RRNA_LSU_RRNA,GOBP_MATURATION_OF_LSU_RRNA_FROM_TRICISTRONIC_RRNA_TRANSCRIPT_SSU_RRNA_5_8S_RRNA_LSU_RRNA,Details ...,23,-0.79264206,-1.9920423,0.0,0.0025939432,0.054,3794,"tags=57%, list=14%, signal=65%",
GOBP_TRNA_METHYLATION,GOBP_TRNA_METHYLATION,Details ...,41,-0.69071287,-1.9890826,0.0,0.002522695,0.057,2949,"tags=44%, list=11%, signal=49%",
GOBP_MATURATION_OF_5_8S_RRNA_FROM_TRICISTRONIC_RRNA_TRANSCRIPT_SSU_RRNA_5_8S_RRNA_LSU_RRNA,GOBP_MATURATION_OF_5_8S_RRNA_FROM_TRICISTRONIC_RRNA_TRANSCRIPT_SSU_RRNA_5_8S_RRNA_LSU_RRNA,Details ...,31,-0.73114526,-1.9867527,0.0,0.002422826,0.058,3290,"tags=48%, list=12%, signal=55%",
GOBP_MACROMOLECULE_METHYLATION,GOBP_MACROMOLECULE_METHYLATION,Details ...,129,-0.57125133,-1.9760132,0.0,0.0028162915,0.07,4159,"tags=41%, list=15%, signal=48%",
GOBP_RNA_MODIFICATION,GOBP_RNA_MODIFICATION,Details ...,180,-0.544982,-1.9713998,0.0,0.002780337,0.072,4159,"tags=39%, list=15%, signal=45%",
GOBP_MATURATION_OF_LSU_RRNA,GOBP_MATURATION_OF_LSU_RRNA,Details ...,32,-0.7357445,-1.9664898,0.0,0.0029765174,0.082,4159,"tags=53%, list=15%, signal=62%",
GOBP_MATURATION_OF_5_8S_RRNA,GOBP_MATURATION_OF_5_8S_RRNA,Details ...,41,-0.67326003,-1.9599391,0.0,0.0031808168,0.093,3290,"tags=41%, list=12%, signal=47%",
GOBP_MITOCHONDRIAL_RNA_METABOLIC_PROCESS,GOBP_MITOCHONDRIAL_RNA_METABOLIC_PROCESS,Details ...,63,-0.6312286,-1.9402074,0.0,0.0046861563,0.144,3655,"tags=38%, list=13%, signal=44%",
GOBP_RRNA_METABOLIC_PROCESS,GOBP_RRNA_METABOLIC_PROCESS,Details ...,286,-0.51531893,-1.92668,0.0,0.006066557,0.189,3954,"tags=36%, list=14%, signal=41%",
GOBP_TRNA_PROCESSING,GOBP_TRNA_PROCESSING,,138,-0.5483932,-1.9248749,0.0,0.0059895967,0.197,5210,"tags=43%, list=19%, signal=53%",
GOBP_MATURATION_OF_SSU_RRNA_FROM_TRICISTRONIC_RRNA_TRANSCRIPT_SSU_RRNA_5_8S_RRNA_LSU_RRNA,GOBP_MATURATION_OF_SSU_RRNA_FROM_TRICISTRONIC_RRNA_TRANSCRIPT_SSU_RRNA_5_8S_RRNA_LSU_RRNA,,35,-0.6787877,-1.9012697,0.0,0.008876558,0.289,7250,"tags=66%, list=26%, signal=89%",
GOBP_TRNA_METABOLIC_PROCESS,GOBP_TRNA_METABOLIC_PROCESS,,206,-0.5189999,-1.8979152,0.0,0.008950765,0.304,4133,"tags=36%, list=15%, signal=42%",
REACTOME_TRNA_MODIFICATION_IN_THE_NUCLEUS_AND_CYTOSOL,REACTOME_TRNA_MODIFICATION_IN_THE_NUCLEUS_AND_CYTOSOL,,45,-0.65503746,-1.8945948,0.0,0.0091797905,0.319,3965,"tags=40%, list=14%, signal=47%",
GOBP_RRNA_MODIFICATION,GOBP_RRNA_MODIFICATION,,40,-0.66554505,-1.8935797,0.0,0.0090352185,0.325,5600,"tags=65%, list=20%, signal=81%",
GOBP_TRNA_THREONYLCARBAMOYLADENOSINE_METABOLIC_PROCESS,GOBP_TRNA_THREONYLCARBAMOYLADENOSINE_METABOLIC_PROCESS,,18,-0.7853946,-1.8914703,0.0,0.009117459,0.339,4133,"tags=61%, list=15%, signal=72%",
REACTOME_TRNA_PROCESSING,REACTOME_TRNA_PROCESSING,,114,-0.5562478,-1.8744252,0.0,0.012388461,0.439,5590,"tags=51%, list=20%, signal=63%",
GOBP_RRNA_METHYLATION,GOBP_RRNA_METHYLATION,,29,-0.69577134,-1.8710628,0.0,0.012938833,0.471,5600,"tags=66%, list=20%, signal=82%",
REACTOME_DNA_STRAND_ELONGATION,REACTOME_DNA_STRAND_ELONGATION,,32,-0.6783389,-1.8562554,0.002444988,0.016746283,0.576,4946,"tags=59%, list=18%, signal=72%",
GOBP_METHYLATION,GOBP_METHYLATION,,217,-0.5023776,-1.8495082,0.0,0.018340064,0.612,5292,"tags=41%, list=19%, signal=51%",
GOBP_MITOCHONDRIAL_TRNA_PROCESSING,GOBP_MITOCHONDRIAL_TRNA_PROCESSING,,17,-0.7943586,-1.8400862,0.0,0.021016942,0.68,4133,"tags=71%, list=15%, signal=83%",
REACTOME_ACTIVATION_OF_THE_PRE_REPLICATIVE_COMPLEX,REACTOME_ACTIVATION_OF_THE_PRE_REPLICATIVE_COMPLEX,,33,-0.65843505,-1.823598,0.0,0.02684032,0.776,4946,"tags=45%, list=18%, signal=55%",
REACTOME_RNA_POLYMERASE_I_TRANSCRIPTION_INITIATION,REACTOME_RNA_POLYMERASE_I_TRANSCRIPTION_INITIATION,,47,-0.61352736,-1.8188674,0.0023980816,0.028486194,0.806,5407,"tags=51%, list=19%, signal=63%",
GOBP_MITOCHONDRIAL_RNA_PROCESSING,GOBP_MITOCHONDRIAL_RNA_PROCESSING,,29,-0.67997324,-1.8157387,0.0,0.029132761,0.818,4657,"tags=52%, list=17%, signal=62%",
REACTOME_ANTIGEN_ACTIVATES_B_CELL_RECEPTOR_BCR_LEADING_TO_GENERATION_OF_SECOND_MESSENGERS,REACTOME_ANTIGEN_ACTIVATES_B_CELL_RECEPTOR_BCR_LEADING_TO_GENERATION_OF_SECOND_MESSENGERS,,86,-0.55107516,-1.8151815,0.0,0.02858687,0.821,521,"tags=10%, list=2%, signal=11%",
REACTOME_DAG1_GLYCOSYLATIONS,REACTOME_DAG1_GLYCOSYLATIONS,,18,-0.75145096,-1.8131951,0.0,0.02867416,0.831,2603,"tags=44%, list=9%, signal=49%",
GOBP_MITOCHONDRIAL_RNA_MODIFICATION,GOBP_MITOCHONDRIAL_RNA_MODIFICATION,,16,-0.7789486,-1.8027656,0.0,0.033160705,0.894,2949,"tags=56%, list=11%, signal=63%",
REACTOME_EUKARYOTIC_TRANSLATION_ELONGATION,REACTOME_EUKARYOTIC_TRANSLATION_ELONGATION,,92,-0.54509544,-1.8019788,0.0,0.0327425,0.896,8545,"tags=59%, list=31%, signal=85%",
GOBP_REGULATION_OF_TRANSLATIONAL_FIDELITY,GOBP_REGULATION_OF_TRANSLATIONAL_FIDELITY,,18,-0.7415587,-1.799077,0.0,0.033543356,0.913,5070,"tags=67%, list=18%, signal=82%",
GOBP_INTERSTRAND_CROSS_LINK_REPAIR,GOBP_INTERSTRAND_CROSS_LINK_REPAIR,,43,-0.61869764,-1.7926548,0.0,0.036090523,0.932,4799,"tags=37%, list=17%, signal=45%",
GOBP_POSITIVE_REGULATION_OF_MITOCHONDRIAL_TRANSLATION,GOBP_POSITIVE_REGULATION_OF_MITOCHONDRIAL_TRANSLATION,,15,-0.7654466,-1.7893375,0.0021413276,0.037056778,0.939,3183,"tags=47%, list=11%, signal=53%",
GOBP_MITOCHONDRIAL_TRNA_MODIFICATION,GOBP_MITOCHONDRIAL_TRNA_MODIFICATION,,13,-0.79897034,-1.7888378,0.0,0.036452092,0.939,2949,"tags=62%, list=11%, signal=69%",
REACTOME_ACTIVATION_OF_ATR_IN_RESPONSE_TO_REPLICATION_STRESS,REACTOME_ACTIVATION_OF_ATR_IN_RESPONSE_TO_REPLICATION_STRESS,,37,-0.6239856,-1.7723849,0.0,0.045469757,0.964,4603,"tags=46%, list=17%, signal=55%",
GOBP_ADP_TRANSPORT,GOBP_ADP_TRANSPORT,,11,-0.8163837,-1.7660459,0.0022727272,0.04880668,0.976,1568,"tags=55%, list=6%, signal=58%",
GOBP_RIBOSOME_ASSEMBLY,GOBP_RIBOSOME_ASSEMBLY,,67,-0.559543,-1.7520809,0.0,0.057926957,0.987,4814,"tags=42%, list=17%, signal=50%",
REACTOME_UNWINDING_OF_DNA,REACTOME_UNWINDING_OF_DNA,,12,-0.79349667,-1.7506104,0.0022624435,0.057697773,0.988,4616,"tags=67%, list=17%, signal=80%",
REACTOME_GENERATION_OF_SECOND_MESSENGER_MOLECULES,REACTOME_GENERATION_OF_SECOND_MESSENGER_MOLECULES,,37,-0.6308703,-1.736357,0.0024390244,0.06885999,0.995,2135,"tags=41%, list=8%, signal=44%",
GOBP_B_CELL_RECEPTOR_SIGNALING_PATHWAY,GOBP_B_CELL_RECEPTOR_SIGNALING_PATHWAY,,75,-0.5393018,-1.7327558,0.0,0.070849545,0.996,1680,"tags=32%, list=6%, signal=34%",
REACTOME_SARS_COV_2_MODULATES_HOST_TRANSLATION_MACHINERY,REACTOME_SARS_COV_2_MODULATES_HOST_TRANSLATION_MACHINERY,,51,-0.5750383,-1.7324598,0.0,0.06974447,0.996,7853,"tags=57%, list=28%, signal=79%",
REACTOME_PHOSPHORYLATION_OF_CD3_AND_TCR_ZETA_CHAINS,REACTOME_PHOSPHORYLATION_OF_CD3_AND_TCR_ZETA_CHAINS,,25,-0.6720522,-1.7313201,0.0022624435,0.06946339,0.996,2135,"tags=40%, list=8%, signal=43%",
REACTOME_MATRIGLYCAN_BIOSYNTHESIS_ON_DAG1,REACTOME_MATRIGLYCAN_BIOSYNTHESIS_ON_DAG1,,12,-0.80012715,-1.7307241,0.0023255814,0.06872603,0.996,2603,"tags=58%, list=9%, signal=64%",
GOBP_MITOCHONDRIAL_GENE_EXPRESSION,GOBP_MITOCHONDRIAL_GENE_EXPRESSION,,168,-0.4858176,-1.7270523,0.0,0.070578486,0.996,3655,"tags=23%, list=13%, signal=27%",
REACTOME_REPRESSION_OF_WNT_TARGET_GENES,REACTOME_REPRESSION_OF_WNT_TARGET_GENES,,14,-0.7638445,-1.7142173,0.0045045046,0.082990676,1.0,995,"tags=50%, list=4%, signal=52%",
GOBP_DNA_STRAND_ELONGATION_INVOLVED_IN_DNA_REPLICATION,GOBP_DNA_STRAND_ELONGATION_INVOLVED_IN_DNA_REPLICATION,,15,-0.74710125,-1.6848565,0.010845987,0.116714604,1.0,2791,"tags=47%, list=10%, signal=52%",
REACTOME_PHOSPHORYLATED_BMAL1_CLOCK_ARNTL_CLOCK_ACTIVATES_EXPRESSION_OF_CORE_CLOCK_GENES,REACTOME_PHOSPHORYLATED_BMAL1_CLOCK_ARNTL_CLOCK_ACTIVATES_EXPRESSION_OF_CORE_CLOCK_GENES,,22,-0.67460865,-1.6801246,0.00968523,0.121153735,1.0,3858,"tags=50%, list=14%, signal=58%",
GOBP_AMINOACYL_TRNA_METABOLISM_INVOLVED_IN_TRANSLATIONAL_FIDELITY,GOBP_AMINOACYL_TRNA_METABOLISM_INVOLVED_IN_TRANSLATIONAL_FIDELITY,,13,-0.75563186,-1.6753068,0.010964912,0.12587,1.0,3577,"tags=62%, list=13%, signal=71%",
GOBP_SMALL_NUCLEOLAR_RIBONUCLEOPROTEIN_COMPLEX_ASSEMBLY,GOBP_SMALL_NUCLEOLAR_RIBONUCLEOPROTEIN_COMPLEX_ASSEMBLY,,12,-0.7573597,-1.6678168,0.0065789474,0.13550057,1.0,5504,"tags=67%, list=20%, signal=83%",
GOBP_MITOTIC_INTRA_S_DNA_DAMAGE_CHECKPOINT_SIGNALING,GOBP_MITOTIC_INTRA_S_DNA_DAMAGE_CHECKPOINT_SIGNALING,,20,-0.6669559,-1.666207,0.011210762,0.13579603,1.0,6046,"tags=40%, list=22%, signal=51%",
REACTOME_TRNA_MODIFICATION_IN_THE_MITOCHONDRION,REACTOME_TRNA_MODIFICATION_IN_THE_MITOCHONDRION,,11,-0.78380275,-1.6642791,0.013574661,0.13653673,1.0,4133,"tags=73%, list=15%, signal=85%",
GOBP_MIDDLE_EAR_MORPHOGENESIS,GOBP_MIDDLE_EAR_MORPHOGENESIS,,13,-0.74709654,-1.6500492,0.008810572,0.15746419,1.0,2632,"tags=31%, list=9%, signal=34%",
REACTOME_GERM_LAYER_FORMATION_AT_GASTRULATION,REACTOME_GERM_LAYER_FORMATION_AT_GASTRULATION,,12,-0.73856497,-1.6488718,0.014925373,0.15688778,1.0,2770,"tags=33%, list=10%, signal=37%",
REACTOME_SNRNP_ASSEMBLY,REACTOME_SNRNP_ASSEMBLY,,54,-0.53930753,-1.647835,0.0075,0.15605436,1.0,4884,"tags=48%, list=18%, signal=58%",
GOBP_DNA_STRAND_ELONGATION,GOBP_DNA_STRAND_ELONGATION,,37,-0.5879134,-1.6458589,0.0072815535,0.15709212,1.0,4868,"tags=41%, list=18%, signal=49%",
GOBP_RESPIRATORY_CHAIN_COMPLEX_III_ASSEMBLY,GOBP_RESPIRATORY_CHAIN_COMPLEX_III_ASSEMBLY,,14,-0.72255796,-1.6408782,0.011389522,0.16294731,1.0,2704,"tags=50%, list=10%, signal=55%",
GOBP_NEPHRIC_DUCT_DEVELOPMENT,GOBP_NEPHRIC_DUCT_DEVELOPMENT,,13,-0.7346829,-1.6381131,0.014767933,0.16525164,1.0,2770,"tags=31%, list=10%, signal=34%",
REACTOME_SARS_COV_1_MODULATES_HOST_TRANSLATION_MACHINERY,REACTOME_SARS_COV_1_MODULATES_HOST_TRANSLATION_MACHINERY,,37,-0.58060205,-1.6376328,0.0071599046,0.16355592,1.0,7853,"tags=57%, list=28%, signal=79%",
GOBP_ENTRAINMENT_OF_CIRCADIAN_CLOCK,GOBP_ENTRAINMENT_OF_CIRCADIAN_CLOCK,,25,-0.63422346,-1.633985,0.004854369,0.16778061,1.0,2350,"tags=32%, list=8%, signal=35%",
GOBP_MITOCHONDRIAL_TRANSLATION,GOBP_MITOCHONDRIAL_TRANSLATION,,129,-0.47555605,-1.6320465,0.0,0.16879638,1.0,3183,"tags=20%, list=11%, signal=23%",
GOBP_PARASYMPATHETIC_NERVOUS_SYSTEM_DEVELOPMENT,GOBP_PARASYMPATHETIC_NERVOUS_SYSTEM_DEVELOPMENT,,12,-0.7618842,-1.630638,0.0043668123,0.16886087,1.0,899,"tags=25%, list=3%, signal=26%",
GOBP_MISMATCH_REPAIR,GOBP_MISMATCH_REPAIR,,34,-0.58056056,-1.6273445,0.009070295,0.17246304,1.0,5779,"tags=38%, list=21%, signal=48%",
REACTOME_TRANSPORT_OF_NUCLEOSIDES_AND_FREE_PURINE_AND_PYRIMIDINE_BASES_ACROSS_THE_PLASMA_MEMBRANE,REACTOME_TRANSPORT_OF_NUCLEOSIDES_AND_FREE_PURINE_AND_PYRIMIDINE_BASES_ACROSS_THE_PLASMA_MEMBRANE,,11,-0.7554248,-1.6199845,0.006637168,0.18391685,1.0,1568,"tags=27%, list=6%, signal=29%",
GOBP_MRNA_MODIFICATION,GOBP_MRNA_MODIFICATION,,26,-0.6088293,-1.619628,0.015267176,0.18195868,1.0,2377,"tags=38%, list=9%, signal=42%",
REACTOME_MITOCHONDRIAL_TRNA_AMINOACYLATION,REACTOME_MITOCHONDRIAL_TRNA_AMINOACYLATION,,21,-0.6329862,-1.6193348,0.013186813,0.17999059,1.0,2892,"tags=38%, list=10%, signal=42%",
GOBP_NEPHRON_TUBULE_FORMATION,GOBP_NEPHRON_TUBULE_FORMATION,,11,-0.7484597,-1.6163558,0.024122806,0.18320265,1.0,735,"tags=27%, list=3%, signal=28%",
REACTOME_EXTENSION_OF_TELOMERES,REACTOME_EXTENSION_OF_TELOMERES,,51,-0.5388042,-1.6153662,0.00477327,0.18250248,1.0,5763,"tags=51%, list=21%, signal=64%",
GOBP_DOUBLE_STRAND_BREAK_REPAIR_VIA_BREAK_INDUCED_REPLICATION,GOBP_DOUBLE_STRAND_BREAK_REPAIR_VIA_BREAK_INDUCED_REPLICATION,,12,-0.74864614,-1.614481,0.01369863,0.18165337,1.0,5597,"tags=67%, list=20%, signal=83%",
GOBP_MITOCHONDRIAL_DNA_REPLICATION,GOBP_MITOCHONDRIAL_DNA_REPLICATION,,15,-0.69823426,-1.6142956,0.020179372,0.17965525,1.0,4492,"tags=47%, list=16%, signal=56%",
REACTOME_EUKARYOTIC_TRANSLATION_INITIATION,REACTOME_EUKARYOTIC_TRANSLATION_INITIATION,,119,-0.46393797,-1.6117233,0.0,0.18210584,1.0,7490,"tags=45%, list=27%, signal=62%",
GOBP_MITOCHONDRIAL_RIBOSOME_ASSEMBLY,GOBP_MITOCHONDRIAL_RIBOSOME_ASSEMBLY,,26,-0.60860175,-1.6055906,0.020737328,0.19101074,1.0,3954,"tags=46%, list=14%, signal=54%",
GOBP_ENTRAINMENT_OF_CIRCADIAN_CLOCK_BY_PHOTOPERIOD,GOBP_ENTRAINMENT_OF_CIRCADIAN_CLOCK_BY_PHOTOPERIOD,,21,-0.6591538,-1.6055275,0.018561484,0.1887687,1.0,2350,"tags=38%, list=8%, signal=42%",
GOBP_HINDLIMB_MORPHOGENESIS,GOBP_HINDLIMB_MORPHOGENESIS,,20,-0.63492024,-1.5997853,0.018604651,0.19751045,1.0,2770,"tags=35%, list=10%, signal=39%",
GOBP_MESONEPHROS_DEVELOPMENT,GOBP_MESONEPHROS_DEVELOPMENT,,76,-0.5021168,-1.5921073,0.002688172,0.2108543,1.0,2782,"tags=24%, list=10%, signal=26%",
GOBP_REGULATION_OF_B_CELL_RECEPTOR_SIGNALING_PATHWAY,GOBP_REGULATION_OF_B_CELL_RECEPTOR_SIGNALING_PATHWAY,,23,-0.630568,-1.5917268,0.006651885,0.20906472,1.0,1680,"tags=48%, list=6%, signal=51%",
GOBP_PROTEIN_O_LINKED_GLYCOSYLATION_VIA_MANNOSE,GOBP_PROTEIN_O_LINKED_GLYCOSYLATION_VIA_MANNOSE,,19,-0.64401215,-1.5913081,0.015873017,0.20745131,1.0,2461,"tags=37%, list=9%, signal=40%",
GOBP_IMP_BIOSYNTHETIC_PROCESS,GOBP_IMP_BIOSYNTHETIC_PROCESS,,11,-0.7458889,-1.583414,0.022421524,0.22097412,1.0,2965,"tags=36%, list=11%, signal=41%",
REACTOME_INTERACTIONS_OF_VPR_WITH_HOST_CELLULAR_PROTEINS,REACTOME_INTERACTIONS_OF_VPR_WITH_HOST_CELLULAR_PROTEINS,,37,-0.56319904,-1.5832883,0.012376238,0.21864991,1.0,4283,"tags=51%, list=15%, signal=61%",
GOBP_RRNA_BASE_METHYLATION,GOBP_RRNA_BASE_METHYLATION,,10,-0.753057,-1.5826206,0.017167382,0.2176967,1.0,5429,"tags=70%, list=20%, signal=87%",
GOBP_AMP_BIOSYNTHETIC_PROCESS,GOBP_AMP_BIOSYNTHETIC_PROCESS,,12,-0.7466082,-1.5801908,0.022371365,0.22028449,1.0,2965,"tags=33%, list=11%, signal=37%",
GOBP_BEHAVIORAL_RESPONSE_TO_ETHANOL,GOBP_BEHAVIORAL_RESPONSE_TO_ETHANOL,,11,-0.74399215,-1.5783343,0.02232143,0.22166894,1.0,2848,"tags=27%, list=10%, signal=30%",
REACTOME_RESOLUTION_OF_ABASIC_SITES_AP_SITES,REACTOME_RESOLUTION_OF_ABASIC_SITES_AP_SITES,,38,-0.55984867,-1.5767745,0.005050505,0.22252396,1.0,4580,"tags=53%, list=17%, signal=63%",
GOBP_PROTEIN_LOCALIZATION_TO_NUCLEOLUS,GOBP_PROTEIN_LOCALIZATION_TO_NUCLEOLUS,,21,-0.6235511,-1.5751324,0.01978022,0.2233646,1.0,4618,"tags=52%, list=17%, signal=63%",
GOBP_REGULATION_OF_MUSCLE_ORGAN_DEVELOPMENT,GOBP_REGULATION_OF_MUSCLE_ORGAN_DEVELOPMENT,,31,-0.5800423,-1.5712082,0.016129032,0.22923416,1.0,3426,"tags=35%, list=12%, signal=40%",
REACTOME_FORMATION_OF_THE_CANONICAL_BAF_CBAF_COMPLEX,REACTOME_FORMATION_OF_THE_CANONICAL_BAF_CBAF_COMPLEX,,18,-0.6579855,-1.5693511,0.024122806,0.23083533,1.0,124,"tags=11%, list=0%, signal=11%",
GOBP_REGULATION_OF_ASTROCYTE_DIFFERENTIATION,GOBP_REGULATION_OF_ASTROCYTE_DIFFERENTIATION,,27,-0.5880412,-1.5675613,0.016627079,0.23213154,1.0,925,"tags=19%, list=3%, signal=19%",
REACTOME_INFLUENZA_VIRAL_RNA_TRANSCRIPTION_AND_REPLICATION,REACTOME_INFLUENZA_VIRAL_RNA_TRANSCRIPTION_AND_REPLICATION,,136,-0.45173967,-1.5672185,0.0,0.23050788,1.0,7490,"tags=50%, list=27%, signal=68%",
GOBP_REGULATION_OF_ANDROGEN_RECEPTOR_SIGNALING_PATHWAY,GOBP_REGULATION_OF_ANDROGEN_RECEPTOR_SIGNALING_PATHWAY,,30,-0.582129,-1.5665401,0.011764706,0.22950809,1.0,1137,"tags=17%, list=4%, signal=17%",
GOBP_ENDONUCLEOLYTIC_CLEAVAGE_IN_ITS1_TO_SEPARATE_SSU_RRNA_FROM_5_8S_RRNA_AND_LSU_RRNA_FROM_TRICISTRONIC_RRNA_TRANSCRIPT_SSU_RRNA_5_8S_RRNA_LSU_RRNA,GOBP_ENDONUCLEOLYTIC_CLEAVAGE_IN_ITS1_TO_SEPARATE_SSU_RRNA_FROM_5_8S_RRNA_AND_LSU_RRNA_FROM_TRICISTRONIC_RRNA_TRANSCRIPT_SSU_RRNA_5_8S_RRNA_LSU_RRNA,,10,-0.7500398,-1.5626009,0.03532009,0.23544478,1.0,2279,"tags=40%, list=8%, signal=44%",
REACTOME_RRNA_PROCESSING_IN_THE_MITOCHONDRION,REACTOME_RRNA_PROCESSING_IN_THE_MITOCHONDRION,,19,-0.64089876,-1.5601554,0.024830699,0.23845008,1.0,3655,"tags=58%, list=13%, signal=67%",
REACTOME_STRAND_ASYNCHRONOUS_MITOCHONDRIAL_DNA_REPLICATION,REACTOME_STRAND_ASYNCHRONOUS_MITOCHONDRIAL_DNA_REPLICATION,,10,-0.7518704,-1.5551825,0.02690583,0.24733345,1.0,2903,"tags=60%, list=10%, signal=67%",
REACTOME_TRANSPORT_OF_THE_SLBP_DEPENDANT_MATURE_MRNA,REACTOME_TRANSPORT_OF_THE_SLBP_DEPENDANT_MATURE_MRNA,,36,-0.55235285,-1.554633,0.01843318,0.24597758,1.0,3662,"tags=44%, list=13%, signal=51%",
REACTOME_TRANSPORT_OF_VITAMINS_NUCLEOSIDES_AND_RELATED_MOLECULES,REACTOME_TRANSPORT_OF_VITAMINS_NUCLEOSIDES_AND_RELATED_MOLECULES,,28,-0.5855824,-1.552785,0.01724138,0.24755175,1.0,4637,"tags=36%, list=17%, signal=43%",
GOBP_NEPHRON_MORPHOGENESIS,GOBP_NEPHRON_MORPHOGENESIS,,56,-0.49715665,-1.5438789,0.0073710075,0.26486167,1.0,2782,"tags=25%, list=10%, signal=28%",
GOBP_SMOOTHENED_SIGNALING_PATHWAY,GOBP_SMOOTHENED_SIGNALING_PATHWAY,,136,-0.43853787,-1.54205,0.0061728396,0.26671186,1.0,5312,"tags=38%, list=19%, signal=46%",
GOBP_BOX_C_D_SNORNP_ASSEMBLY,GOBP_BOX_C_D_SNORNP_ASSEMBLY,,10,-0.74053586,-1.5411012,0.033860046,0.26619545,1.0,5504,"tags=60%, list=20%, signal=75%",
GOBP_NUCLEOBASE_BIOSYNTHETIC_PROCESS,GOBP_NUCLEOBASE_BIOSYNTHETIC_PROCESS,,22,-0.60624903,-1.5403007,0.036093418,0.26555082,1.0,6982,"tags=59%, list=25%, signal=79%",
GOBP_SOMATIC_STEM_CELL_DIVISION,GOBP_SOMATIC_STEM_CELL_DIVISION,,11,-0.72814435,-1.535662,0.037444934,0.27376813,1.0,139,"tags=18%, list=1%, signal=18%",
REACTOME_INTERACTIONS_OF_REV_WITH_HOST_CELLULAR_PROTEINS,REACTOME_INTERACTIONS_OF_REV_WITH_HOST_CELLULAR_PROTEINS,,37,-0.53926915,-1.5347158,0.007575758,0.2734839,1.0,4884,"tags=59%, list=18%, signal=72%",
GOBP_REGULATION_OF_AXON_EXTENSION_INVOLVED_IN_AXON_GUIDANCE,GOBP_REGULATION_OF_AXON_EXTENSION_INVOLVED_IN_AXON_GUIDANCE,,11,-0.72100294,-1.5346242,0.023041476,0.27118337,1.0,4821,"tags=36%, list=17%, signal=44%",
GOBP_POSITIVE_REGULATION_OF_CILIUM_ASSEMBLY,GOBP_POSITIVE_REGULATION_OF_CILIUM_ASSEMBLY,,32,-0.56119776,-1.5343527,0.036745407,0.26926234,1.0,3924,"tags=28%, list=14%, signal=33%",
GOBP_G1_TO_G0_TRANSITION,GOBP_G1_TO_G0_TRANSITION,,20,-0.6193623,-1.5301652,0.03163017,0.2767068,1.0,5065,"tags=50%, list=18%, signal=61%",
GOBP_TUBULIN_DEACETYLATION,GOBP_TUBULIN_DEACETYLATION,,18,-0.63877094,-1.5250956,0.030303031,0.286629,1.0,3136,"tags=44%, list=11%, signal=50%",
GOBP_PROTEIN_HETEROTETRAMERIZATION,GOBP_PROTEIN_HETEROTETRAMERIZATION,,15,-0.6690449,-1.5229932,0.027459955,0.28918454,1.0,3315,"tags=27%, list=12%, signal=30%",
GOBP_MESONEPHRIC_TUBULE_MORPHOGENESIS,GOBP_MESONEPHRIC_TUBULE_MORPHOGENESIS,,50,-0.5035212,-1.5193921,0.0052083335,0.29541057,1.0,2782,"tags=24%, list=10%, signal=27%",
GOBP_CRANIAL_NERVE_MORPHOGENESIS,GOBP_CRANIAL_NERVE_MORPHOGENESIS,,24,-0.5811724,-1.5192693,0.02232143,0.29318032,1.0,3571,"tags=29%, list=13%, signal=33%",
GOBP_RETINA_MORPHOGENESIS_IN_CAMERA_TYPE_EYE,GOBP_RETINA_MORPHOGENESIS_IN_CAMERA_TYPE_EYE,,49,-0.50323313,-1.5156953,0.007936508,0.29935095,1.0,5312,"tags=33%, list=19%, signal=40%",
GOBP_MRNA_PSEUDOURIDINE_SYNTHESIS,GOBP_MRNA_PSEUDOURIDINE_SYNTHESIS,,10,-0.73178405,-1.5150824,0.047191013,0.2981903,1.0,2377,"tags=50%, list=9%, signal=55%",
GOBP_MITOCHONDRIAL_DNA_METABOLIC_PROCESS,GOBP_MITOCHONDRIAL_DNA_METABOLIC_PROCESS,,20,-0.62642366,-1.5138129,0.03678161,0.29853553,1.0,3315,"tags=40%, list=12%, signal=45%",
REACTOME_RRNA_MODIFICATION_IN_THE_MITOCHONDRION,REACTOME_RRNA_MODIFICATION_IN_THE_MITOCHONDRION,,15,-0.6525519,-1.5110074,0.030303031,0.30284998,1.0,3655,"tags=60%, list=13%, signal=69%",
GOBP_RETINA_LAYER_FORMATION,GOBP_RETINA_LAYER_FORMATION,,18,-0.6198242,-1.5040573,0.04225352,0.31781918,1.0,2368,"tags=22%, list=9%, signal=24%",
REACTOME_TRANSPORT_OF_MATURE_MRNAS_DERIVED_FROM_INTRONLESS_TRANSCRIPTS,REACTOME_TRANSPORT_OF_MATURE_MRNAS_DERIVED_FROM_INTRONLESS_TRANSCRIPTS,,43,-0.5194429,-1.5035315,0.024570024,0.31646872,1.0,4345,"tags=44%, list=16%, signal=52%",
GOBP_ANTIGEN_RECEPTOR_MEDIATED_SIGNALING_PATHWAY,GOBP_ANTIGEN_RECEPTOR_MEDIATED_SIGNALING_PATHWAY,,217,-0.39997017,-1.4986804,0.0,0.32625183,1.0,3403,"tags=33%, list=12%, signal=37%",
REACTOME_RESPONSE_OF_EIF2AK4_GCN2_TO_AMINO_ACID_DEFICIENCY,REACTOME_RESPONSE_OF_EIF2AK4_GCN2_TO_AMINO_ACID_DEFICIENCY,,101,-0.44477677,-1.4977068,0.013513514,0.32584336,1.0,7853,"tags=50%, list=28%, signal=69%",
REACTOME_TRNA_PROCESSING_IN_THE_NUCLEUS,REACTOME_TRNA_PROCESSING_IN_THE_NUCLEUS,,58,-0.48639318,-1.4968804,0.010152284,0.32539302,1.0,5919,"tags=53%, list=21%, signal=68%",
REACTOME_LAGGING_STRAND_SYNTHESIS,REACTOME_LAGGING_STRAND_SYNTHESIS,,20,-0.62000376,-1.4964939,0.050458714,0.323878,1.0,5763,"tags=65%, list=21%, signal=82%",
GOBP_RESPONSE_TO_X_RAY,GOBP_RESPONSE_TO_X_RAY,,27,-0.56736815,-1.496377,0.039534885,0.3215589,1.0,3747,"tags=30%, list=14%, signal=34%",
GOBP_B_CELL_PROLIFERATION,GOBP_B_CELL_PROLIFERATION,,92,-0.44571325,-1.4952766,0.008928572,0.32181028,1.0,1602,"tags=26%, list=6%, signal=28%",
REACTOME_EFFECTS_OF_PIP2_HYDROLYSIS,REACTOME_EFFECTS_OF_PIP2_HYDROLYSIS,,25,-0.56822896,-1.4951311,0.031042129,0.31965652,1.0,5326,"tags=48%, list=19%, signal=59%",
GOBP_POSITIVE_REGULATION_OF_TRANSCRIPTION_BY_RNA_POLYMERASE_I,GOBP_POSITIVE_REGULATION_OF_TRANSCRIPTION_BY_RNA_POLYMERASE_I,,34,-0.5394883,-1.4944645,0.033492822,0.31883082,1.0,5504,"tags=47%, list=20%, signal=59%",
GOBP_PHOTOPERIODISM,GOBP_PHOTOPERIODISM,,25,-0.58379614,-1.4937925,0.046511628,0.3178774,1.0,2350,"tags=32%, list=8%, signal=35%",
REACTOME_NUCLEAR_PORE_COMPLEX_NPC_DISASSEMBLY,REACTOME_NUCLEAR_PORE_COMPLEX_NPC_DISASSEMBLY,,36,-0.52858675,-1.4935148,0.024390243,0.316143,1.0,3662,"tags=42%, list=13%, signal=48%",
REACTOME_NUCLEOTIDE_BIOSYNTHESIS,REACTOME_NUCLEOTIDE_BIOSYNTHESIS,,14,-0.66227067,-1.4904809,0.030660378,0.3213944,1.0,4529,"tags=57%, list=16%, signal=68%",
GOBP_CONSTITUTIVE_HETEROCHROMATIN_FORMATION,GOBP_CONSTITUTIVE_HETEROCHROMATIN_FORMATION,,52,-0.49383014,-1.4872843,0.01010101,0.32733577,1.0,4042,"tags=37%, list=15%, signal=43%",
GOBP_REGULATION_OF_CHROMOSOME_CONDENSATION,GOBP_REGULATION_OF_CHROMOSOME_CONDENSATION,,15,-0.63746023,-1.4833604,0.052752294,0.33470175,1.0,6770,"tags=60%, list=24%, signal=79%",
REACTOME_SUMOYLATION_OF_RNA_BINDING_PROTEINS,REACTOME_SUMOYLATION_OF_RNA_BINDING_PROTEINS,,47,-0.50423837,-1.483305,0.012626262,0.33236137,1.0,5258,"tags=49%, list=19%, signal=60%",
GOBP_NOTOCHORD_DEVELOPMENT,GOBP_NOTOCHORD_DEVELOPMENT,,13,-0.6588248,-1.4829903,0.0494382,0.33074757,1.0,3765,"tags=31%, list=14%, signal=36%",
GOBP_REGULATION_OF_CELL_FATE_SPECIFICATION,GOBP_REGULATION_OF_CELL_FATE_SPECIFICATION,,19,-0.6021067,-1.4827902,0.04157549,0.3288549,1.0,4191,"tags=37%, list=15%, signal=43%",
GOBP_REGULATION_OF_TUBULIN_DEACETYLATION,GOBP_REGULATION_OF_TUBULIN_DEACETYLATION,,15,-0.6533063,-1.4816017,0.05458515,0.32943454,1.0,3136,"tags=47%, list=11%, signal=53%",
GOBP_RIBOSOMAL_LARGE_SUBUNIT_ASSEMBLY,GOBP_RIBOSOMAL_LARGE_SUBUNIT_ASSEMBLY,,27,-0.5701995,-1.4803685,0.03521127,0.33012497,1.0,4159,"tags=48%, list=15%, signal=57%",
GOBP_RIBOSOMAL_SMALL_SUBUNIT_ASSEMBLY,GOBP_RIBOSOMAL_SMALL_SUBUNIT_ASSEMBLY,,23,-0.5826556,-1.4803617,0.029612755,0.32776204,1.0,6483,"tags=48%, list=23%, signal=62%",
GOBP_REGULATION_OF_MITOCHONDRIAL_GENE_EXPRESSION,GOBP_REGULATION_OF_MITOCHONDRIAL_GENE_EXPRESSION,,31,-0.54194957,-1.4796088,0.033816423,0.3272258,1.0,3655,"tags=35%, list=13%, signal=41%",
GOBP_SENSORY_PERCEPTION_OF_TASTE,GOBP_SENSORY_PERCEPTION_OF_TASTE,,38,-0.52262133,-1.4784707,0.024937656,0.32782745,1.0,2990,"tags=29%, list=11%, signal=32%",
GOBP_NEURON_PROJECTION_EXTENSION_INVOLVED_IN_NEURON_PROJECTION_GUIDANCE,GOBP_NEURON_PROJECTION_EXTENSION_INVOLVED_IN_NEURON_PROJECTION_GUIDANCE,,15,-0.6350866,-1.4776019,0.05986696,0.32772267,1.0,808,"tags=13%, list=3%, signal=14%",
REACTOME_PROCESSIVE_SYNTHESIS_ON_THE_LAGGING_STRAND,REACTOME_PROCESSIVE_SYNTHESIS_ON_THE_LAGGING_STRAND,,15,-0.65225124,-1.4766285,0.055928413,0.32785377,1.0,5763,"tags=60%, list=21%, signal=76%",
REACTOME_FORMATION_OF_WDR5_CONTAINING_HISTONE_MODIFYING_COMPLEXES,REACTOME_FORMATION_OF_WDR5_CONTAINING_HISTONE_MODIFYING_COMPLEXES,,42,-0.5165222,-1.4690068,0.0048076925,0.34514162,1.0,3136,"tags=31%, list=11%, signal=35%",
GOBP_MITRAL_VALVE_DEVELOPMENT,GOBP_MITRAL_VALVE_DEVELOPMENT,,11,-0.68876195,-1.4681821,0.03935185,0.3449091,1.0,2724,"tags=36%, list=10%, signal=40%",
GOBP_REGULATION_OF_DNA_REPLICATION,GOBP_REGULATION_OF_DNA_REPLICATION,,123,-0.42147526,-1.4678018,0.0056980057,0.34354937,1.0,5157,"tags=29%, list=19%, signal=36%",
REACTOME_TELOMERE_C_STRAND_LAGGING_STRAND_SYNTHESIS,REACTOME_TELOMERE_C_STRAND_LAGGING_STRAND_SYNTHESIS,,34,-0.5293486,-1.4665068,0.03309693,0.34462526,1.0,4946,"tags=44%, list=18%, signal=54%",
REACTOME_EXPORT_OF_VIRAL_RIBONUCLEOPROTEINS_FROM_NUCLEUS,REACTOME_EXPORT_OF_VIRAL_RIBONUCLEOPROTEINS_FROM_NUCLEUS,,33,-0.5395731,-1.4649246,0.035971224,0.34642467,1.0,4884,"tags=55%, list=18%, signal=66%",
GOBP_BASE_EXCISION_REPAIR,GOBP_BASE_EXCISION_REPAIR,,48,-0.49313298,-1.4647129,0.025252525,0.34468958,1.0,4791,"tags=40%, list=17%, signal=48%",
GOBP_RECOMBINATIONAL_REPAIR,GOBP_RECOMBINATIONAL_REPAIR,,193,-0.40255275,-1.4594735,0.0,0.35578725,1.0,5597,"tags=33%, list=20%, signal=41%",
GOBP_REGULATION_OF_MYOBLAST_PROLIFERATION,GOBP_REGULATION_OF_MYOBLAST_PROLIFERATION,,11,-0.6766517,-1.4579285,0.050691243,0.35753125,1.0,5973,"tags=45%, list=22%, signal=58%",
GOBP_PYRIMIDINE_NUCLEOSIDE_DIPHOSPHATE_METABOLIC_PROCESS,GOBP_PYRIMIDINE_NUCLEOSIDE_DIPHOSPHATE_METABOLIC_PROCESS,,10,-0.7015106,-1.4540355,0.07658643,0.36569807,1.0,4898,"tags=60%, list=18%, signal=73%",
REACTOME_THE_CRY_PER_KINASE_COMPLEX_REPRESSES_TRANSACTIVATION_BY_THE_BMAL_CLOCK_ARNTL_CLOCK_COMPLEX,REACTOME_THE_CRY_PER_KINASE_COMPLEX_REPRESSES_TRANSACTIVATION_BY_THE_BMAL_CLOCK_ARNTL_CLOCK_COMPLEX,,14,-0.64603007,-1.4534861,0.042600896,0.36480987,1.0,3858,"tags=50%, list=14%, signal=58%",
GOBP_ANDROGEN_RECEPTOR_SIGNALING_PATHWAY,GOBP_ANDROGEN_RECEPTOR_SIGNALING_PATHWAY,,45,-0.49741808,-1.4527453,0.02849741,0.36450753,1.0,1137,"tags=13%, list=4%, signal=14%",
GOBP_REGULATION_OF_CARDIAC_MUSCLE_ADAPTATION,GOBP_REGULATION_OF_CARDIAC_MUSCLE_ADAPTATION,,12,-0.6670178,-1.4509305,0.059633028,0.3667448,1.0,1311,"tags=25%, list=5%, signal=26%",
REACTOME_NCAM1_INTERACTIONS,REACTOME_NCAM1_INTERACTIONS,,35,-0.51866543,-1.4486998,0.03902439,0.37035584,1.0,5659,"tags=43%, list=20%, signal=54%",
GOBP_REGULATION_OF_TRANSCRIPTION_BY_RNA_POLYMERASE_III,GOBP_REGULATION_OF_TRANSCRIPTION_BY_RNA_POLYMERASE_III,,33,-0.5176964,-1.4461564,0.03521127,0.37515503,1.0,1897,"tags=21%, list=7%, signal=23%",
GOBP_MITOCHONDRIAL_TRANSMEMBRANE_TRANSPORT,GOBP_MITOCHONDRIAL_TRANSMEMBRANE_TRANSPORT,,23,-0.5635619,-1.4400294,0.054669704,0.38949192,1.0,1652,"tags=22%, list=6%, signal=23%",
REACTOME_SUMOYLATION_OF_DNA_REPLICATION_PROTEINS,REACTOME_SUMOYLATION_OF_DNA_REPLICATION_PROTEINS,,46,-0.48116022,-1.4381825,0.02970297,0.3920764,1.0,5763,"tags=48%, list=21%, signal=60%",
REACTOME_RNA_POLYMERASE_I_TRANSCRIPTION_TERMINATION,REACTOME_RNA_POLYMERASE_I_TRANSCRIPTION_TERMINATION,,31,-0.51916426,-1.4357221,0.046296295,0.39629355,1.0,5407,"tags=45%, list=19%, signal=56%",
REACTOME_MISMATCH_REPAIR,REACTOME_MISMATCH_REPAIR,,15,-0.6381078,-1.4330143,0.046403714,0.40133113,1.0,4139,"tags=40%, list=15%, signal=47%",
GOBP_KIDNEY_MORPHOGENESIS,GOBP_KIDNEY_MORPHOGENESIS,,74,-0.44839045,-1.4316123,0.010498688,0.4028104,1.0,3163,"tags=26%, list=11%, signal=29%",
GOBP_REGULATION_OF_CELL_CELL_ADHESION_MEDIATED_BY_INTEGRIN,GOBP_REGULATION_OF_CELL_CELL_ADHESION_MEDIATED_BY_INTEGRIN,,11,-0.6603852,-1.4313778,0.07112069,0.40096638,1.0,2596,"tags=45%, list=9%, signal=50%",
GOBP_PURINE_NUCLEOSIDE_MONOPHOSPHATE_BIOSYNTHETIC_PROCESS,GOBP_PURINE_NUCLEOSIDE_MONOPHOSPHATE_BIOSYNTHETIC_PROCESS,,21,-0.5827241,-1.4312292,0.06550218,0.39891934,1.0,2965,"tags=29%, list=11%, signal=32%",
REACTOME_RESOLUTION_OF_AP_SITES_VIA_THE_MULTIPLE_NUCLEOTIDE_PATCH_REPLACEMENT_PATHWAY,REACTOME_RESOLUTION_OF_AP_SITES_VIA_THE_MULTIPLE_NUCLEOTIDE_PATCH_REPLACEMENT_PATHWAY,,25,-0.55488753,-1.4305143,0.051764704,0.39850268,1.0,4580,"tags=56%, list=17%, signal=67%",
GOBP_TRNA_WOBBLE_BASE_MODIFICATION,GOBP_TRNA_WOBBLE_BASE_MODIFICATION,,29,-0.5247202,-1.4275975,0.06521739,0.40442073,1.0,2949,"tags=38%, list=11%, signal=42%",
GOBP_DNA_REPLICATION_CHECKPOINT_SIGNALING,GOBP_DNA_REPLICATION_CHECKPOINT_SIGNALING,,26,-0.5423113,-1.4271199,0.06650246,0.40328148,1.0,4580,"tags=31%, list=17%, signal=37%",
REACTOME_NUCLEAR_IMPORT_OF_REV_PROTEIN,REACTOME_NUCLEAR_IMPORT_OF_REV_PROTEIN,,34,-0.5225845,-1.4265294,0.051282052,0.40251628,1.0,4884,"tags=59%, list=18%, signal=71%",
GOBP_PARAXIAL_MESODERM_DEVELOPMENT,GOBP_PARAXIAL_MESODERM_DEVELOPMENT,,14,-0.61993355,-1.4252455,0.086448595,0.40376952,1.0,3765,"tags=43%, list=14%, signal=50%",
REACTOME_REGULATION_OF_GLUCOKINASE_BY_GLUCOKINASE_REGULATORY_PROTEIN,REACTOME_REGULATION_OF_GLUCOKINASE_BY_GLUCOKINASE_REGULATORY_PROTEIN,,32,-0.5036272,-1.4247823,0.04405286,0.4027401,1.0,4884,"tags=56%, list=18%, signal=68%",
GOBP_MORPHOGENESIS_OF_EMBRYONIC_EPITHELIUM,GOBP_MORPHOGENESIS_OF_EMBRYONIC_EPITHELIUM,,129,-0.40420365,-1.4241055,0.0056657223,0.4021773,1.0,3917,"tags=26%, list=14%, signal=30%",
GOBP_PROTEIN_LOCALIZATION_TO_PRESYNAPSE,GOBP_PROTEIN_LOCALIZATION_TO_PRESYNAPSE,,11,-0.6767575,-1.4234748,0.07092199,0.4016625,1.0,2840,"tags=27%, list=10%, signal=30%",
REACTOME_VIRAL_MESSENGER_RNA_SYNTHESIS,REACTOME_VIRAL_MESSENGER_RNA_SYNTHESIS,,44,-0.4852345,-1.4229497,0.043902438,0.40075615,1.0,3662,"tags=39%, list=13%, signal=44%",
REACTOME_SUMOYLATION_OF_SUMOYLATION_PROTEINS,REACTOME_SUMOYLATION_OF_SUMOYLATION_PROTEINS,,35,-0.5230316,-1.4211537,0.03686636,0.40315592,1.0,5590,"tags=54%, list=20%, signal=68%",
GOBP_EMBRYONIC_HINDLIMB_MORPHOGENESIS,GOBP_EMBRYONIC_HINDLIMB_MORPHOGENESIS,,17,-0.5961973,-1.4203819,0.06937799,0.40289858,1.0,2770,"tags=29%, list=10%, signal=33%",
GOBP_REGULATION_OF_DNA_STRAND_ELONGATION,GOBP_REGULATION_OF_DNA_STRAND_ELONGATION,,17,-0.59949166,-1.4202553,0.07366072,0.40098932,1.0,4868,"tags=35%, list=18%, signal=43%",
GOBP_POSITIVE_REGULATION_OF_TRANSCRIPTION_BY_RNA_POLYMERASE_III,GOBP_POSITIVE_REGULATION_OF_TRANSCRIPTION_BY_RNA_POLYMERASE_III,,21,-0.56125534,-1.4196515,0.06787331,0.40035853,1.0,4532,"tags=33%, list=16%, signal=40%",
GOBP_REGULATION_OF_MITOCHONDRIAL_TRANSLATION,GOBP_REGULATION_OF_MITOCHONDRIAL_TRANSLATION,,22,-0.5814463,-1.4183601,0.05668934,0.40163937,1.0,3183,"tags=41%, list=11%, signal=46%",
GOBP_SOMATIC_STEM_CELL_POPULATION_MAINTENANCE,GOBP_SOMATIC_STEM_CELL_POPULATION_MAINTENANCE,,41,-0.49726406,-1.4183352,0.042079207,0.39945796,1.0,5233,"tags=34%, list=19%, signal=42%",
GOBP_REGULATION_OF_SMAD_PROTEIN_SIGNAL_TRANSDUCTION,GOBP_REGULATION_OF_SMAD_PROTEIN_SIGNAL_TRANSDUCTION,,60,-0.45101136,-1.4168718,0.039577838,0.40136954,1.0,2770,"tags=23%, list=10%, signal=26%",
GOBP_POSITIVE_REGULATION_OF_DOUBLE_STRAND_BREAK_REPAIR_VIA_HOMOLOGOUS_RECOMBINATION,GOBP_POSITIVE_REGULATION_OF_DOUBLE_STRAND_BREAK_REPAIR_VIA_HOMOLOGOUS_RECOMBINATION,,42,-0.49193323,-1.416653,0.0495283,0.3997298,1.0,2443,"tags=24%, list=9%, signal=26%",
GOBP_FEMALE_MEIOTIC_NUCLEAR_DIVISION,GOBP_FEMALE_MEIOTIC_NUCLEAR_DIVISION,,42,-0.4887538,-1.4163554,0.045346063,0.39827892,1.0,3978,"tags=19%, list=14%, signal=22%",
GOBP_TRANSCRIPTION_INITIATION_AT_RNA_POLYMERASE_I_PROMOTER,GOBP_TRANSCRIPTION_INITIATION_AT_RNA_POLYMERASE_I_PROMOTER,,26,-0.53366464,-1.4161545,0.06352941,0.39656812,1.0,3587,"tags=38%, list=13%, signal=44%",
GOBP_SNO_S_RNA_PROCESSING,GOBP_SNO_S_RNA_PROCESSING,,12,-0.652202,-1.4159942,0.06521739,0.39489067,1.0,2280,"tags=42%, list=8%, signal=45%",
GOBP_DESMOSOME_ORGANIZATION,GOBP_DESMOSOME_ORGANIZATION,,12,-0.6573972,-1.4146949,0.082959644,0.39618307,1.0,6610,"tags=58%, list=24%, signal=77%",
GOBP_DNA_REPLICATION,GOBP_DNA_REPLICATION,,313,-0.37363473,-1.4126163,0.003937008,0.3994061,1.0,4946,"tags=27%, list=18%, signal=33%",
REACTOME_REGULATION_OF_TP53_ACTIVITY_THROUGH_ASSOCIATION_WITH_CO_FACTORS,REACTOME_REGULATION_OF_TP53_ACTIVITY_THROUGH_ASSOCIATION_WITH_CO_FACTORS,,13,-0.6216249,-1.4118158,0.08951965,0.3993715,1.0,2350,"tags=31%, list=8%, signal=34%",
GOBP_POSITIVE_REGULATION_OF_ASTROCYTE_DIFFERENTIATION,GOBP_POSITIVE_REGULATION_OF_ASTROCYTE_DIFFERENTIATION,,11,-0.6680552,-1.4091834,0.092920355,0.4044085,1.0,925,"tags=18%, list=3%, signal=19%",
REACTOME_MITOCHONDRIAL_MRNA_MODIFICATION,REACTOME_MITOCHONDRIAL_MRNA_MODIFICATION,,11,-0.67163414,-1.4090654,0.06100218,0.40257487,1.0,3655,"tags=55%, list=13%, signal=63%",
GOBP_GMP_BIOSYNTHETIC_PROCESS,GOBP_GMP_BIOSYNTHETIC_PROCESS,,12,-0.6433898,-1.408831,0.08744395,0.4012142,1.0,2965,"tags=42%, list=11%, signal=47%",
GOBP_AMINO_ACID_ACTIVATION,GOBP_AMINO_ACID_ACTIVATION,,48,-0.48054016,-1.4079244,0.034965035,0.40138665,1.0,3938,"tags=35%, list=14%, signal=41%",
REACTOME_FORMATION_OF_NEURONAL_PROGENITOR_AND_NEURONAL_BAF_NPBAF_AND_NBAF,REACTOME_FORMATION_OF_NEURONAL_PROGENITOR_AND_NEURONAL_BAF_NPBAF_AND_NBAF,,24,-0.5478249,-1.4068444,0.083932854,0.40228632,1.0,355,"tags=17%, list=1%, signal=17%",
GOBP_RIBONUCLEOSIDE_MONOPHOSPHATE_BIOSYNTHETIC_PROCESS,GOBP_RIBONUCLEOSIDE_MONOPHOSPHATE_BIOSYNTHETIC_PROCESS,,34,-0.5052258,-1.4061041,0.042821158,0.40230066,1.0,4920,"tags=41%, list=18%, signal=50%",
REACTOME_COMPLEX_III_ASSEMBLY,REACTOME_COMPLEX_III_ASSEMBLY,,26,-0.5383327,-1.4055649,0.072527476,0.4015895,1.0,2704,"tags=27%, list=10%, signal=30%",
GOBP_T_FOLLICULAR_HELPER_CELL_DIFFERENTIATION,GOBP_T_FOLLICULAR_HELPER_CELL_DIFFERENTIATION,,10,-0.67468745,-1.4027796,0.1,0.40681604,1.0,1069,"tags=40%, list=4%, signal=42%",
GOBP_MESENCHYME_MORPHOGENESIS,GOBP_MESENCHYME_MORPHOGENESIS,,43,-0.47859755,-1.4016843,0.042857144,0.4078898,1.0,2770,"tags=23%, list=10%, signal=26%",
REACTOME_PURINE_RIBONUCLEOSIDE_MONOPHOSPHATE_BIOSYNTHESIS,REACTOME_PURINE_RIBONUCLEOSIDE_MONOPHOSPHATE_BIOSYNTHESIS,,11,-0.6717869,-1.4015076,0.07534247,0.4062198,1.0,2965,"tags=45%, list=11%, signal=51%",
GOBP_INTRACILIARY_TRANSPORT,GOBP_INTRACILIARY_TRANSPORT,,53,-0.45945475,-1.3997567,0.03324808,0.40889,1.0,6516,"tags=43%, list=23%, signal=57%",
GOBP_NEGATIVE_T_CELL_SELECTION,GOBP_NEGATIVE_T_CELL_SELECTION,,12,-0.6432087,-1.3980323,0.095132746,0.41138026,1.0,3465,"tags=58%, list=12%, signal=67%",
GOBP_PYRIMIDINE_NUCLEOSIDE_TRIPHOSPHATE_BIOSYNTHETIC_PROCESS,GOBP_PYRIMIDINE_NUCLEOSIDE_TRIPHOSPHATE_BIOSYNTHETIC_PROCESS,,18,-0.5701015,-1.3968172,0.09713025,0.4123949,1.0,2831,"tags=22%, list=10%, signal=25%",
GOBP_NEGATIVE_REGULATION_OF_AXON_EXTENSION,GOBP_NEGATIVE_REGULATION_OF_AXON_EXTENSION,,28,-0.5299974,-1.3965727,0.04090909,0.41102672,1.0,4821,"tags=50%, list=17%, signal=60%",
GOBP_POSITIVE_THYMIC_T_CELL_SELECTION,GOBP_POSITIVE_THYMIC_T_CELL_SELECTION,,13,-0.62747633,-1.3944455,0.081018515,0.41477022,1.0,2517,"tags=46%, list=9%, signal=51%",
REACTOME_WNT_LIGAND_BIOGENESIS_AND_TRAFFICKING,REACTOME_WNT_LIGAND_BIOGENESIS_AND_TRAFFICKING,,22,-0.55850524,-1.3940513,0.085339166,0.41373736,1.0,3081,"tags=32%, list=11%, signal=36%",
REACTOME_NUCLEAR_RNA_DECAY,REACTOME_NUCLEAR_RNA_DECAY,,35,-0.49688002,-1.3931563,0.053658538,0.41413203,1.0,2444,"tags=23%, list=9%, signal=25%",
REACTOME_PROCESSIVE_SYNTHESIS_ON_THE_C_STRAND_OF_THE_TELOMERE,REACTOME_PROCESSIVE_SYNTHESIS_ON_THE_C_STRAND_OF_THE_TELOMERE,,19,-0.57391804,-1.3924185,0.0900474,0.41422868,1.0,4596,"tags=42%, list=17%, signal=50%",
REACTOME_PHOSPHORYLATION_OF_CLOCK_ACETYLATION_OF_BMAL1_ARNTL_AT_TARGET_GENE_PROMOTERS,REACTOME_PHOSPHORYLATION_OF_CLOCK_ACETYLATION_OF_BMAL1_ARNTL_AT_TARGET_GENE_PROMOTERS,,11,-0.66808593,-1.3924001,0.09576838,0.41227743,1.0,3858,"tags=45%, list=14%, signal=53%",
REACTOME_ATP_DEPENDENT_CHROMATIN_REMODELERS,REACTOME_ATP_DEPENDENT_CHROMATIN_REMODELERS,,30,-0.51511836,-1.3895036,0.0456621,0.41812724,1.0,355,"tags=13%, list=1%, signal=13%",
GOBP_PYRIMIDINE_NUCLEOTIDE_BIOSYNTHETIC_PROCESS,GOBP_PYRIMIDINE_NUCLEOTIDE_BIOSYNTHETIC_PROCESS,,33,-0.5065088,-1.3878992,0.046620045,0.42055175,1.0,4529,"tags=39%, list=16%, signal=47%",
GOBP_EMBRYONIC_CAMERA_TYPE_EYE_DEVELOPMENT,GOBP_EMBRYONIC_CAMERA_TYPE_EYE_DEVELOPMENT,,27,-0.5172598,-1.3833411,0.07932692,0.43089372,1.0,2031,"tags=30%, list=7%, signal=32%",
GOBP_ATRIOVENTRICULAR_VALVE_DEVELOPMENT,GOBP_ATRIOVENTRICULAR_VALVE_DEVELOPMENT,,24,-0.5307086,-1.382688,0.07692308,0.4307267,1.0,6393,"tags=33%, list=23%, signal=43%",
GOBP_ATP_TRANSPORT,GOBP_ATP_TRANSPORT,,22,-0.54272634,-1.3820707,0.06807512,0.430363,1.0,1568,"tags=27%, list=6%, signal=29%",
GOBP_RENAL_TUBULE_DEVELOPMENT,GOBP_RENAL_TUBULE_DEVELOPMENT,,77,-0.42939788,-1.3803028,0.013623978,0.43332914,1.0,3107,"tags=25%, list=11%, signal=28%",
GOBP_REGULATION_OF_TELOMERE_MAINTENANCE_IN_RESPONSE_TO_DNA_DAMAGE,GOBP_REGULATION_OF_TELOMERE_MAINTENANCE_IN_RESPONSE_TO_DNA_DAMAGE,,19,-0.5692699,-1.3801888,0.09767442,0.43157694,1.0,4923,"tags=32%, list=18%, signal=38%",
GOBP_TRNA_DECAY,GOBP_TRNA_DECAY,,17,-0.5923031,-1.3779825,0.091533184,0.4353882,1.0,5244,"tags=65%, list=19%, signal=80%",
GOBP_AXONAL_FASCICULATION,GOBP_AXONAL_FASCICULATION,,20,-0.5774609,-1.3772334,0.08915663,0.43542403,1.0,2237,"tags=20%, list=8%, signal=22%",
GOBP_PROTEIN_LOCALIZATION_TO_CILIARY_MEMBRANE,GOBP_PROTEIN_LOCALIZATION_TO_CILIARY_MEMBRANE,,12,-0.6323037,-1.3767943,0.11061947,0.434616,1.0,4891,"tags=58%, list=18%, signal=71%",
REACTOME_DEACTIVATION_OF_THE_BETA_CATENIN_TRANSACTIVATING_COMPLEX,REACTOME_DEACTIVATION_OF_THE_BETA_CATENIN_TRANSACTIVATING_COMPLEX,,38,-0.49014926,-1.371199,0.07380953,0.44835612,1.0,3694,"tags=32%, list=13%, signal=36%",
GOBP_REGULATION_OF_ANIMAL_ORGAN_MORPHOGENESIS,GOBP_REGULATION_OF_ANIMAL_ORGAN_MORPHOGENESIS,,55,-0.45092702,-1.369171,0.040609136,0.45212674,1.0,3570,"tags=22%, list=13%, signal=25%",
GOBP_B_CELL_ACTIVATION,GOBP_B_CELL_ACTIVATION,,270,-0.36598527,-1.3686991,0.0,0.45130235,1.0,1812,"tags=19%, list=7%, signal=20%",
GOBP_REGULATION_OF_PROTEIN_DEACETYLATION,GOBP_REGULATION_OF_PROTEIN_DEACETYLATION,,18,-0.5661497,-1.3658962,0.09821428,0.45737904,1.0,3136,"tags=39%, list=11%, signal=44%",
REACTOME_SUMOYLATION_OF_DNA_DAMAGE_RESPONSE_AND_REPAIR_PROTEINS,REACTOME_SUMOYLATION_OF_DNA_DAMAGE_RESPONSE_AND_REPAIR_PROTEINS,,77,-0.43401605,-1.3648443,0.031496063,0.4583168,1.0,4283,"tags=38%, list=15%, signal=44%",
GOBP_DNA_RECOMBINATION,GOBP_DNA_RECOMBINATION,,335,-0.35354793,-1.364772,0.0,0.45647317,1.0,3978,"tags=22%, list=14%, signal=25%",
GOBP_LOCOMOTION_INVOLVED_IN_LOCOMOTORY_BEHAVIOR,GOBP_LOCOMOTION_INVOLVED_IN_LOCOMOTORY_BEHAVIOR,,11,-0.6563263,-1.3621765,0.1026694,0.46186003,1.0,43,"tags=9%, list=0%, signal=9%",
REACTOME_PCNA_DEPENDENT_LONG_PATCH_BASE_EXCISION_REPAIR,REACTOME_PCNA_DEPENDENT_LONG_PATCH_BASE_EXCISION_REPAIR,,21,-0.5496819,-1.3615688,0.085365854,0.46147487,1.0,4580,"tags=57%, list=17%, signal=68%",
GOBP_AUTONOMIC_NERVOUS_SYSTEM_DEVELOPMENT,GOBP_AUTONOMIC_NERVOUS_SYSTEM_DEVELOPMENT,,31,-0.50051165,-1.3589138,0.06603774,0.4669092,1.0,899,"tags=16%, list=3%, signal=17%",
GOBP_INNERVATION,GOBP_INNERVATION,,22,-0.5481909,-1.3586923,0.08604651,0.4655,1.0,1804,"tags=23%, list=7%, signal=24%",
GOBP_WNT_SIGNALING_PATHWAY_PLANAR_CELL_POLARITY_PATHWAY,GOBP_WNT_SIGNALING_PATHWAY_PLANAR_CELL_POLARITY_PATHWAY,,44,-0.46871382,-1.3577352,0.05620609,0.46616167,1.0,3589,"tags=27%, list=13%, signal=31%",
GOBP_CENTRIOLE_ASSEMBLY,GOBP_CENTRIOLE_ASSEMBLY,,47,-0.45377213,-1.3566606,0.052757792,0.46705687,1.0,5335,"tags=36%, list=19%, signal=45%",
GOBP_POSITIVE_REGULATION_OF_INSULIN_LIKE_GROWTH_FACTOR_RECEPTOR_SIGNALING_PATHWAY,GOBP_POSITIVE_REGULATION_OF_INSULIN_LIKE_GROWTH_FACTOR_RECEPTOR_SIGNALING_PATHWAY,,11,-0.6163856,-1.3563428,0.1047836,0.46591324,1.0,3400,"tags=27%, list=12%, signal=31%",
GOBP_CENTRIOLE_CENTRIOLE_COHESION,GOBP_CENTRIOLE_CENTRIOLE_COHESION,,15,-0.59024423,-1.3561052,0.1330377,0.4644802,1.0,3736,"tags=47%, list=13%, signal=54%",
GOBP_CEREBELLAR_GRANULAR_LAYER_DEVELOPMENT,GOBP_CEREBELLAR_GRANULAR_LAYER_DEVELOPMENT,,12,-0.6226824,-1.3547904,0.124726474,0.46611425,1.0,2469,"tags=17%, list=9%, signal=18%",
GOBP_TELOMERE_MAINTENANCE_VIA_SEMI_CONSERVATIVE_REPLICATION,GOBP_TELOMERE_MAINTENANCE_VIA_SEMI_CONSERVATIVE_REPLICATION,,10,-0.64950866,-1.3528789,0.11308204,0.469621,1.0,5763,"tags=60%, list=21%, signal=76%",
GOBP_REGULATION_OF_CALCIUM_ION_IMPORT_ACROSS_PLASMA_MEMBRANE,GOBP_REGULATION_OF_CALCIUM_ION_IMPORT_ACROSS_PLASMA_MEMBRANE,,12,-0.6055317,-1.351771,0.118329465,0.47086892,1.0,3471,"tags=50%, list=13%, signal=57%",
GOBP_CD40_SIGNALING_PATHWAY,GOBP_CD40_SIGNALING_PATHWAY,,16,-0.57196844,-1.3504137,0.12072893,0.4727808,1.0,1733,"tags=31%, list=6%, signal=33%",
GOBP_REGULATION_OF_PROTEIN_LOCALIZATION_TO_CILIUM,GOBP_REGULATION_OF_PROTEIN_LOCALIZATION_TO_CILIUM,,11,-0.62644017,-1.3493725,0.13836478,0.473806,1.0,299,"tags=27%, list=1%, signal=28%",
GOBP_ESTABLISHMENT_OR_MAINTENANCE_OF_MONOPOLAR_CELL_POLARITY,GOBP_ESTABLISHMENT_OR_MAINTENANCE_OF_MONOPOLAR_CELL_POLARITY,,22,-0.53896224,-1.3462946,0.102625296,0.4806225,1.0,3341,"tags=32%, list=12%, signal=36%",
GOBP_TONGUE_DEVELOPMENT,GOBP_TONGUE_DEVELOPMENT,,13,-0.61388266,-1.3458099,0.12200436,0.47991726,1.0,604,"tags=23%, list=2%, signal=24%",
REACTOME_CHEMOKINE_RECEPTORS_BIND_CHEMOKINES,REACTOME_CHEMOKINE_RECEPTORS_BIND_CHEMOKINES,,49,-0.44834557,-1.3439614,0.06835443,0.4833622,1.0,1036,"tags=16%, list=4%, signal=17%",
GOBP_KIDNEY_EPITHELIUM_DEVELOPMENT,GOBP_KIDNEY_EPITHELIUM_DEVELOPMENT,,115,-0.3945548,-1.3439605,0.026627218,0.48134437,1.0,3107,"tags=22%, list=11%, signal=24%",
REACTOME_POSTMITOTIC_NUCLEAR_PORE_COMPLEX_NPC_REFORMATION,REACTOME_POSTMITOTIC_NUCLEAR_PORE_COMPLEX_NPC_REFORMATION,,27,-0.50757915,-1.3408169,0.08924485,0.488297,1.0,5258,"tags=63%, list=19%, signal=78%",
GOBP_TRNA_WOBBLE_URIDINE_MODIFICATION,GOBP_TRNA_WOBBLE_URIDINE_MODIFICATION,,19,-0.54518384,-1.3404946,0.1273585,0.4871549,1.0,3839,"tags=42%, list=14%, signal=49%",
GOBP_BASE_EXCISION_REPAIR_GAP_FILLING,GOBP_BASE_EXCISION_REPAIR_GAP_FILLING,,14,-0.5824617,-1.3404171,0.122969836,0.48539734,1.0,4492,"tags=57%, list=16%, signal=68%",
REACTOME_XENOBIOTICS,REACTOME_XENOBIOTICS,,14,-0.58732283,-1.3379515,0.13302752,0.4908872,1.0,3856,"tags=29%, list=14%, signal=33%",
REACTOME_BIOTIN_TRANSPORT_AND_METABOLISM,REACTOME_BIOTIN_TRANSPORT_AND_METABOLISM,,11,-0.6378137,-1.3347168,0.13646533,0.49856,1.0,6367,"tags=45%, list=23%, signal=59%",
GOBP_RESPONSE_TO_POTASSIUM_ION,GOBP_RESPONSE_TO_POTASSIUM_ION,,18,-0.55383986,-1.3342766,0.11111111,0.49788317,1.0,7596,"tags=56%, list=27%, signal=76%",
GOBP_ESTABLISHMENT_OF_BLOOD_BRAIN_BARRIER,GOBP_ESTABLISHMENT_OF_BLOOD_BRAIN_BARRIER,,14,-0.5935252,-1.3332968,0.12418301,0.4987231,1.0,3514,"tags=36%, list=13%, signal=41%",
REACTOME_DUAL_INCISION_IN_GG_NER,REACTOME_DUAL_INCISION_IN_GG_NER,,41,-0.4585281,-1.3330501,0.072769955,0.49737874,1.0,5911,"tags=46%, list=21%, signal=59%",
GOBP_DNA_TEMPLATED_DNA_REPLICATION,GOBP_DNA_TEMPLATED_DNA_REPLICATION,,171,-0.37531704,-1.3329433,0.022151899,0.49567825,1.0,5840,"tags=36%, list=21%, signal=45%",
GOBP_PYRIMIDINE_NUCLEOBASE_BIOSYNTHETIC_PROCESS,GOBP_PYRIMIDINE_NUCLEOBASE_BIOSYNTHETIC_PROCESS,,12,-0.61411506,-1.330146,0.13815789,0.501991,1.0,4529,"tags=50%, list=16%, signal=60%",
REACTOME_BBSOME_MEDIATED_CARGO_TARGETING_TO_CILIUM,REACTOME_BBSOME_MEDIATED_CARGO_TARGETING_TO_CILIUM,,23,-0.5296771,-1.3265787,0.11347517,0.5108044,1.0,5512,"tags=35%, list=20%, signal=43%",
GOBP_BASE_EXCISION_REPAIR_AP_SITE_FORMATION,GOBP_BASE_EXCISION_REPAIR_AP_SITE_FORMATION,,12,-0.6106178,-1.3244358,0.13406594,0.5151527,1.0,3033,"tags=42%, list=11%, signal=47%",
GOBP_STEM_CELL_DIVISION,GOBP_STEM_CELL_DIVISION,,32,-0.47896323,-1.3240646,0.104513064,0.5141666,1.0,1146,"tags=16%, list=4%, signal=16%",
GOBP_COBALAMIN_METABOLIC_PROCESS,GOBP_COBALAMIN_METABOLIC_PROCESS,,10,-0.6347604,-1.3234588,0.15124154,0.51398295,1.0,3310,"tags=50%, list=12%, signal=57%",
GOBP_MECHANOSENSORY_BEHAVIOR,GOBP_MECHANOSENSORY_BEHAVIOR,,10,-0.63971925,-1.3233367,0.14186047,0.51231235,1.0,3924,"tags=40%, list=14%, signal=47%",
GOBP_SPLICEOSOMAL_SNRNP_ASSEMBLY,GOBP_SPLICEOSOMAL_SNRNP_ASSEMBLY,,74,-0.40749237,-1.3224678,0.05319149,0.51300365,1.0,4827,"tags=28%, list=17%, signal=34%",
GOBP_NEGATIVE_REGULATION_OF_SYNCYTIUM_FORMATION_BY_PLASMA_MEMBRANE_FUSION,GOBP_NEGATIVE_REGULATION_OF_SYNCYTIUM_FORMATION_BY_PLASMA_MEMBRANE_FUSION,,49,-0.44283596,-1.3214397,0.0771028,0.51409537,1.0,7490,"tags=53%, list=27%, signal=73%",
GOBP_POSITIVE_REGULATION_OF_CYTOKINESIS,GOBP_POSITIVE_REGULATION_OF_CYTOKINESIS,,37,-0.47289497,-1.3171346,0.0862069,0.5248557,1.0,1295,"tags=14%, list=5%, signal=14%",
GOBP_FEMALE_MEIOSIS_I,GOBP_FEMALE_MEIOSIS_I,,13,-0.586722,-1.3169937,0.14184397,0.5232464,1.0,3978,"tags=23%, list=14%, signal=27%",
GOBP_ESTABLISHMENT_OF_TISSUE_POLARITY,GOBP_ESTABLISHMENT_OF_TISSUE_POLARITY,,28,-0.5021705,-1.3168901,0.10117647,0.52154374,1.0,4723,"tags=29%, list=17%, signal=34%",
GOBP_COMMISSURAL_NEURON_AXON_GUIDANCE,GOBP_COMMISSURAL_NEURON_AXON_GUIDANCE,,13,-0.5959624,-1.3122772,0.1375,0.53402466,1.0,3917,"tags=38%, list=14%, signal=45%",
GOBP_COLLECTING_DUCT_DEVELOPMENT,GOBP_COLLECTING_DUCT_DEVELOPMENT,,10,-0.64725393,-1.3119081,0.15837105,0.53306484,1.0,3917,"tags=40%, list=14%, signal=47%",
GOBP_SPINAL_CORD_DEVELOPMENT,GOBP_SPINAL_CORD_DEVELOPMENT,,72,-0.41146186,-1.3100951,0.08188586,0.5362784,1.0,4868,"tags=33%, list=18%, signal=40%",
GOBP_RRNA_3_END_PROCESSING,GOBP_RRNA_3_END_PROCESSING,,12,-0.61036724,-1.3099465,0.1460177,0.53469056,1.0,949,"tags=25%, list=3%, signal=26%",
GOBP_GLUTAMATERGIC_NEURON_DIFFERENTIATION,GOBP_GLUTAMATERGIC_NEURON_DIFFERENTIATION,,13,-0.5964208,-1.3093812,0.15862069,0.5343818,1.0,2884,"tags=23%, list=10%, signal=26%",
GOBP_PYRIMIDINE_RIBONUCLEOSIDE_TRIPHOSPHATE_BIOSYNTHETIC_PROCESS,GOBP_PYRIMIDINE_RIBONUCLEOSIDE_TRIPHOSPHATE_BIOSYNTHETIC_PROCESS,,14,-0.5728619,-1.3088084,0.13347921,0.5340051,1.0,2831,"tags=21%, list=10%, signal=24%",
GOBP_CAMERA_TYPE_EYE_PHOTORECEPTOR_CELL_DIFFERENTIATION,GOBP_CAMERA_TYPE_EYE_PHOTORECEPTOR_CELL_DIFFERENTIATION,,20,-0.5274203,-1.306638,0.13138686,0.538629,1.0,4193,"tags=30%, list=15%, signal=35%",
GOBP_EPITHELIAL_TUBE_MORPHOGENESIS,GOBP_EPITHELIAL_TUBE_MORPHOGENESIS,,273,-0.34619024,-1.3053151,0.003322259,0.5407172,1.0,3936,"tags=22%, list=14%, signal=26%",
GOBP_EMBRYONIC_EPITHELIAL_TUBE_FORMATION,GOBP_EMBRYONIC_EPITHELIAL_TUBE_FORMATION,,108,-0.3823216,-1.3046173,0.035714287,0.54097396,1.0,3917,"tags=25%, list=14%, signal=29%",
GOBP_METANEPHROS_DEVELOPMENT,GOBP_METANEPHROS_DEVELOPMENT,,59,-0.41878182,-1.3039591,0.060606062,0.5409583,1.0,3081,"tags=20%, list=11%, signal=23%",
GOBP_DORSAL_VENTRAL_AXIS_SPECIFICATION,GOBP_DORSAL_VENTRAL_AXIS_SPECIFICATION,,11,-0.619885,-1.3030394,0.15766738,0.54177636,1.0,2724,"tags=27%, list=10%, signal=30%",
GOBP_PURINE_NUCLEOBASE_BIOSYNTHETIC_PROCESS,GOBP_PURINE_NUCLEOBASE_BIOSYNTHETIC_PROCESS,,11,-0.6195611,-1.3023124,0.16861826,0.5420369,1.0,6982,"tags=55%, list=25%, signal=73%",
REACTOME_TRNA_AMINOACYLATION,REACTOME_TRNA_AMINOACYLATION,,42,-0.44518125,-1.3010786,0.08478803,0.54387885,1.0,3938,"tags=33%, list=14%, signal=39%",
GOBP_POSITIVE_REGULATION_OF_ANIMAL_ORGAN_MORPHOGENESIS,GOBP_POSITIVE_REGULATION_OF_ANIMAL_ORGAN_MORPHOGENESIS,,22,-0.5123687,-1.2982905,0.13520408,0.5504225,1.0,2770,"tags=23%, list=10%, signal=25%",
GOBP_DE_NOVO_PYRIMIDINE_NUCLEOBASE_BIOSYNTHETIC_PROCESS,GOBP_DE_NOVO_PYRIMIDINE_NUCLEOBASE_BIOSYNTHETIC_PROCESS,,10,-0.6261129,-1.2981594,0.16780046,0.54882807,1.0,4529,"tags=50%, list=16%, signal=60%",
GOBP_NEURON_PROJECTION_GUIDANCE,GOBP_NEURON_PROJECTION_GUIDANCE,,183,-0.35530397,-1.29794,0.026490066,0.5474929,1.0,4277,"tags=24%, list=15%, signal=28%",
GOBP_NODAL_SIGNALING_PATHWAY,GOBP_NODAL_SIGNALING_PATHWAY,,13,-0.57358235,-1.2963704,0.15730338,0.5503112,1.0,1978,"tags=23%, list=7%, signal=25%",
GOBP_REGULATION_OF_POSITIVE_CHEMOTAXIS,GOBP_REGULATION_OF_POSITIVE_CHEMOTAXIS,,21,-0.5049462,-1.2957456,0.12354312,0.5501756,1.0,226,"tags=14%, list=1%, signal=14%",
GOBP_SKELETAL_MUSCLE_TISSUE_REGENERATION,GOBP_SKELETAL_MUSCLE_TISSUE_REGENERATION,,35,-0.46266732,-1.2920959,0.10512821,0.55993193,1.0,1652,"tags=20%, list=6%, signal=21%",
GOBP_TRANS_SYNAPTIC_SIGNALING_MODULATING_SYNAPTIC_TRANSMISSION,GOBP_TRANS_SYNAPTIC_SIGNALING_MODULATING_SYNAPTIC_TRANSMISSION,,15,-0.55661625,-1.2914506,0.17364016,0.55990285,1.0,4451,"tags=33%, list=16%, signal=40%",
GOBP_MAINTENANCE_OF_CELL_NUMBER,GOBP_MAINTENANCE_OF_CELL_NUMBER,,175,-0.35749352,-1.2913855,0.019292604,0.5581215,1.0,3787,"tags=19%, list=14%, signal=22%",
GOBP_CELLULAR_RESPONSE_TO_X_RAY,GOBP_CELLULAR_RESPONSE_TO_X_RAY,,10,-0.6382742,-1.2890229,0.20215054,0.56363934,1.0,3659,"tags=50%, list=13%, signal=58%",
GOBP_PSEUDOURIDINE_SYNTHESIS,GOBP_PSEUDOURIDINE_SYNTHESIS,,18,-0.52975005,-1.2878321,0.14351852,0.565424,1.0,6343,"tags=61%, list=23%, signal=79%",
GOBP_NEGATIVE_REGULATION_OF_B_CELL_RECEPTOR_SIGNALING_PATHWAY,GOBP_NEGATIVE_REGULATION_OF_B_CELL_RECEPTOR_SIGNALING_PATHWAY,,11,-0.6115195,-1.287725,0.17050691,0.5637444,1.0,221,"tags=36%, list=1%, signal=37%",
REACTOME_CLASS_C_3_METABOTROPIC_GLUTAMATE_PHEROMONE_RECEPTORS,REACTOME_CLASS_C_3_METABOTROPIC_GLUTAMATE_PHEROMONE_RECEPTORS,,18,-0.541144,-1.287569,0.155902,0.56223756,1.0,6838,"tags=33%, list=25%, signal=44%",
GOBP_NERVE_DEVELOPMENT,GOBP_NERVE_DEVELOPMENT,,68,-0.40616643,-1.2871934,0.08152174,0.5614446,1.0,1804,"tags=15%, list=7%, signal=16%",
REACTOME_CLEC7A_DECTIN_1_INDUCES_NFAT_ACTIVATION,REACTOME_CLEC7A_DECTIN_1_INDUCES_NFAT_ACTIVATION,,11,-0.5928135,-1.2871383,0.14977974,0.5596609,1.0,3480,"tags=36%, list=13%, signal=42%",
GOBP_MITOCHONDRIAL_LARGE_RIBOSOMAL_SUBUNIT_ASSEMBLY,GOBP_MITOCHONDRIAL_LARGE_RIBOSOMAL_SUBUNIT_ASSEMBLY,,15,-0.55212367,-1.2869296,0.16703786,0.55838215,1.0,3542,"tags=47%, list=13%, signal=53%",
GOBP_REGULATION_OF_ANTIGEN_RECEPTOR_MEDIATED_SIGNALING_PATHWAY,GOBP_REGULATION_OF_ANTIGEN_RECEPTOR_MEDIATED_SIGNALING_PATHWAY,,80,-0.39428046,-1.2864387,0.07012987,0.5579437,1.0,1680,"tags=26%, list=6%, signal=28%",
GOBP_POSITIVE_REGULATION_OF_SMAD_PROTEIN_SIGNAL_TRANSDUCTION,GOBP_POSITIVE_REGULATION_OF_SMAD_PROTEIN_SIGNAL_TRANSDUCTION,,35,-0.46443802,-1.2853829,0.11059908,0.55921125,1.0,2770,"tags=26%, list=10%, signal=29%",
REACTOME_CILIUM_ASSEMBLY,REACTOME_CILIUM_ASSEMBLY,,199,-0.35289413,-1.2853003,0.01857585,0.55755407,1.0,4839,"tags=27%, list=17%, signal=32%",
GOBP_CELL_DIFFERENTIATION_IN_HINDBRAIN,GOBP_CELL_DIFFERENTIATION_IN_HINDBRAIN,,20,-0.53112483,-1.2842063,0.1554054,0.5589642,1.0,3858,"tags=25%, list=14%, signal=29%",
GOBP_GAMMA_DELTA_T_CELL_ACTIVATION,GOBP_GAMMA_DELTA_T_CELL_ACTIVATION,,29,-0.48914418,-1.2837174,0.13194445,0.5584878,1.0,1926,"tags=38%, list=7%, signal=41%",
GOBP_MITOTIC_CHROMOSOME_CONDENSATION,GOBP_MITOTIC_CHROMOSOME_CONDENSATION,,18,-0.5421485,-1.282118,0.15862069,0.56154054,1.0,6600,"tags=44%, list=24%, signal=58%",
GOBP_B_CELL_DIFFERENTIATION,GOBP_B_CELL_DIFFERENTIATION,,141,-0.3673232,-1.2783455,0.041935485,0.5712607,1.0,925,"tags=16%, list=3%, signal=16%",
GOBP_REGULATION_OF_CALCIUM_ION_IMPORT,GOBP_REGULATION_OF_CALCIUM_ION_IMPORT,,33,-0.4636571,-1.2782481,0.1275,0.5695723,1.0,1048,"tags=15%, list=4%, signal=16%",
GOBP_REGULATION_OF_INTRACELLULAR_STEROID_HORMONE_RECEPTOR_SIGNALING_PATHWAY,GOBP_REGULATION_OF_INTRACELLULAR_STEROID_HORMONE_RECEPTOR_SIGNALING_PATHWAY,,72,-0.39761636,-1.2773639,0.069767445,0.5704112,1.0,1821,"tags=15%, list=7%, signal=16%",
REACTOME_GLOBAL_GENOME_NUCLEOTIDE_EXCISION_REPAIR_GG_NER,REACTOME_GLOBAL_GENOME_NUCLEOTIDE_EXCISION_REPAIR_GG_NER,,84,-0.38953963,-1.276019,0.05978261,0.5726115,1.0,4868,"tags=31%, list=18%, signal=37%",
REACTOME_MISCELLANEOUS_TRANSPORT_AND_BINDING_EVENTS,REACTOME_MISCELLANEOUS_TRANSPORT_AND_BINDING_EVENTS,,23,-0.49466744,-1.2741822,0.13994911,0.5764269,1.0,5379,"tags=39%, list=19%, signal=49%",
GOBP_NUCLEOTIDE_TRANSMEMBRANE_TRANSPORT,GOBP_NUCLEOTIDE_TRANSMEMBRANE_TRANSPORT,,26,-0.48924145,-1.2721167,0.15046297,0.58099467,1.0,5458,"tags=46%, list=20%, signal=57%",
REACTOME_TRANSPORT_OF_MATURE_TRANSCRIPT_TO_CYTOPLASM,REACTOME_TRANSPORT_OF_MATURE_TRANSCRIPT_TO_CYTOPLASM,,81,-0.39428535,-1.2719467,0.06632653,0.57956755,1.0,4884,"tags=37%, list=18%, signal=45%",
REACTOME_ACTIVATION_OF_THE_MRNA_UPON_BINDING_OF_THE_CAP_BINDING_COMPLEX_AND_EIFS_AND_SUBSEQUENT_BINDING_TO_43S,REACTOME_ACTIVATION_OF_THE_MRNA_UPON_BINDING_OF_THE_CAP_BINDING_COMPLEX_AND_EIFS_AND_SUBSEQUENT_BINDING_TO_43S,,60,-0.4147201,-1.271828,0.09973046,0.57803935,1.0,7853,"tags=45%, list=28%, signal=63%",
GOBP_EMBRYONIC_SKELETAL_SYSTEM_DEVELOPMENT,GOBP_EMBRYONIC_SKELETAL_SYSTEM_DEVELOPMENT,,92,-0.38433668,-1.2712735,0.06647399,0.57785493,1.0,3580,"tags=23%, list=13%, signal=26%",
GOBP_NON_CANONICAL_WNT_SIGNALING_PATHWAY,GOBP_NON_CANONICAL_WNT_SIGNALING_PATHWAY,,63,-0.40652797,-1.2711494,0.10512821,0.57635707,1.0,3589,"tags=25%, list=13%, signal=29%",
GOBP_CELL_CYCLE_DNA_REPLICATION,GOBP_CELL_CYCLE_DNA_REPLICATION,,45,-0.4273602,-1.2709411,0.110552765,0.57516295,1.0,5763,"tags=36%, list=21%, signal=45%",
GOBP_AMP_METABOLIC_PROCESS,GOBP_AMP_METABOLIC_PROCESS,,22,-0.507657,-1.2695608,0.14449541,0.5775494,1.0,4920,"tags=36%, list=18%, signal=44%",
GOBP_PROTEIN_LOCALIZATION_TO_AXON,GOBP_PROTEIN_LOCALIZATION_TO_AXON,,11,-0.602223,-1.2690947,0.16775599,0.5771006,1.0,2195,"tags=45%, list=8%, signal=49%",
GOBP_TRANSCRIPTION_BY_RNA_POLYMERASE_I,GOBP_TRANSCRIPTION_BY_RNA_POLYMERASE_I,,73,-0.396682,-1.2688583,0.088948786,0.5759641,1.0,5576,"tags=42%, list=20%, signal=53%",
GOBP_MAGNESIUM_ION_TRANSPORT,GOBP_MAGNESIUM_ION_TRANSPORT,,20,-0.5146235,-1.2676173,0.15456675,0.5780464,1.0,5098,"tags=45%, list=18%, signal=55%",
REACTOME_GAP_FILLING_DNA_REPAIR_SYNTHESIS_AND_LIGATION_IN_GG_NER,REACTOME_GAP_FILLING_DNA_REPAIR_SYNTHESIS_AND_LIGATION_IN_GG_NER,,25,-0.50000876,-1.2674586,0.13317756,0.57667965,1.0,4580,"tags=44%, list=17%, signal=53%",
REACTOME_REGULATION_OF_GENE_EXPRESSION_IN_BETA_CELLS,REACTOME_REGULATION_OF_GENE_EXPRESSION_IN_BETA_CELLS,,10,-0.60282916,-1.2657388,0.18354431,0.58022743,1.0,4431,"tags=30%, list=16%, signal=36%",
GOBP_REGULATION_OF_ALTERNATIVE_MRNA_SPLICING_VIA_SPLICEOSOME,GOBP_REGULATION_OF_ALTERNATIVE_MRNA_SPLICING_VIA_SPLICEOSOME,,66,-0.40464008,-1.2638206,0.11111111,0.5844643,1.0,5456,"tags=33%, list=20%, signal=41%",
GOBP_POSITIVE_REGULATION_OF_DNA_RECOMBINATION,GOBP_POSITIVE_REGULATION_OF_DNA_RECOMBINATION,,73,-0.39899263,-1.2630923,0.08264463,0.58483785,1.0,5117,"tags=34%, list=18%, signal=42%",
GOBP_TRANSCRIPTION_ELONGATION_BY_RNA_POLYMERASE_I,GOBP_TRANSCRIPTION_ELONGATION_BY_RNA_POLYMERASE_I,,16,-0.523793,-1.2627479,0.18348624,0.58412397,1.0,4797,"tags=44%, list=17%, signal=53%",
GOBP_GAMMA_DELTA_T_CELL_DIFFERENTIATION,GOBP_GAMMA_DELTA_T_CELL_DIFFERENTIATION,,16,-0.550972,-1.2625793,0.17889908,0.58277744,1.0,906,"tags=38%, list=3%, signal=39%",
GOBP_REGULATION_OF_STEM_CELL_DIVISION,GOBP_REGULATION_OF_STEM_CELL_DIVISION,,11,-0.5997848,-1.2624656,0.22119816,0.58130914,1.0,722,"tags=27%, list=3%, signal=28%",
GOBP_DENTATE_GYRUS_DEVELOPMENT,GOBP_DENTATE_GYRUS_DEVELOPMENT,,21,-0.50439775,-1.2622979,0.15242495,0.5799186,1.0,900,"tags=19%, list=3%, signal=20%",
GOBP_SNRNA_METABOLIC_PROCESS,GOBP_SNRNA_METABOLIC_PROCESS,,58,-0.4118786,-1.2620841,0.08900524,0.57875824,1.0,5244,"tags=38%, list=19%, signal=47%",
GOBP_TELOMERASE_RNA_LOCALIZATION,GOBP_TELOMERASE_RNA_LOCALIZATION,,19,-0.5095795,-1.2614107,0.14798206,0.57911223,1.0,4571,"tags=42%, list=16%, signal=50%",
GOBP_BRANCHING_MORPHOGENESIS_OF_AN_EPITHELIAL_TUBE,GOBP_BRANCHING_MORPHOGENESIS_OF_AN_EPITHELIAL_TUBE,,121,-0.36969417,-1.2609202,0.039274924,0.57891685,1.0,4365,"tags=23%, list=16%, signal=27%",
GOBP_2FE_2S_CLUSTER_ASSEMBLY,GOBP_2FE_2S_CLUSTER_ASSEMBLY,,10,-0.60839826,-1.2599028,0.20131291,0.58031267,1.0,334,"tags=10%, list=1%, signal=10%",
GOBP_TRANSCRIPTION_BY_RNA_POLYMERASE_III,GOBP_TRANSCRIPTION_BY_RNA_POLYMERASE_III,,62,-0.40957636,-1.2593712,0.109042555,0.58012146,1.0,2077,"tags=18%, list=7%, signal=19%",
REACTOME_RNA_POLYMERASE_III_TRANSCRIPTION_INITIATION_FROM_TYPE_1_PROMOTER,REACTOME_RNA_POLYMERASE_III_TRANSCRIPTION_INITIATION_FROM_TYPE_1_PROMOTER,,28,-0.47328016,-1.2580973,0.12887828,0.58229816,1.0,6461,"tags=43%, list=23%, signal=56%",
GOBP_NEUROMUSCULAR_PROCESS_CONTROLLING_POSTURE,GOBP_NEUROMUSCULAR_PROCESS_CONTROLLING_POSTURE,,15,-0.5503333,-1.2574928,0.16228071,0.5824488,1.0,2622,"tags=40%, list=9%, signal=44%",
REACTOME_REGULATION_OF_TP53_ACTIVITY_THROUGH_ACETYLATION,REACTOME_REGULATION_OF_TP53_ACTIVITY_THROUGH_ACETYLATION,,30,-0.46452916,-1.2564019,0.1421801,0.58393437,1.0,4191,"tags=33%, list=15%, signal=39%",
GOBP_REGULATION_OF_DOUBLE_STRAND_BREAK_REPAIR_VIA_HOMOLOGOUS_RECOMBINATION,GOBP_REGULATION_OF_DOUBLE_STRAND_BREAK_REPAIR_VIA_HOMOLOGOUS_RECOMBINATION,,80,-0.38439333,-1.2541791,0.06158358,0.5888609,1.0,5507,"tags=34%, list=20%, signal=42%",
GOBP_NEGATIVE_REGULATION_OF_MRNA_PROCESSING,GOBP_NEGATIVE_REGULATION_OF_MRNA_PROCESSING,,34,-0.45359504,-1.2537172,0.12911393,0.58849764,1.0,5316,"tags=38%, list=19%, signal=47%",
GOBP_POSITIVE_REGULATION_OF_CELL_DIVISION,GOBP_POSITIVE_REGULATION_OF_CELL_DIVISION,,71,-0.39462194,-1.252599,0.09186352,0.59008324,1.0,1295,"tags=13%, list=5%, signal=13%",
GOBP_CHONDROCYTE_DIFFERENTIATION_INVOLVED_IN_ENDOCHONDRAL_BONE_MORPHOGENESIS,GOBP_CHONDROCYTE_DIFFERENTIATION_INVOLVED_IN_ENDOCHONDRAL_BONE_MORPHOGENESIS,,13,-0.5609029,-1.2525127,0.20666666,0.5885722,1.0,4265,"tags=38%, list=15%, signal=45%",
GOBP_REGULATION_OF_DNA_TEMPLATED_DNA_REPLICATION_INITIATION,GOBP_REGULATION_OF_DNA_TEMPLATED_DNA_REPLICATION_INITIATION,,19,-0.5134364,-1.251618,0.16933638,0.5895796,1.0,4603,"tags=37%, list=17%, signal=44%",
GOBP_REGULATION_OF_CIRCADIAN_RHYTHM,GOBP_REGULATION_OF_CIRCADIAN_RHYTHM,,98,-0.37631106,-1.2514892,0.0661157,0.5882031,1.0,4076,"tags=24%, list=15%, signal=29%",
GOBP_MULTICELLULAR_ORGANISMAL_RESPONSE_TO_STRESS,GOBP_MULTICELLULAR_ORGANISMAL_RESPONSE_TO_STRESS,,75,-0.38168484,-1.2499985,0.067183465,0.59106374,1.0,3580,"tags=23%, list=13%, signal=26%",
GOBP_POSITIVE_REGULATION_OF_ANTIGEN_RECEPTOR_MEDIATED_SIGNALING_PATHWAY,GOBP_POSITIVE_REGULATION_OF_ANTIGEN_RECEPTOR_MEDIATED_SIGNALING_PATHWAY,,27,-0.46619087,-1.2498221,0.13211845,0.58976406,1.0,3176,"tags=48%, list=11%, signal=54%",
GOBP_PROTEIN_ACETYLATION,GOBP_PROTEIN_ACETYLATION,,34,-0.44181132,-1.2484694,0.16129032,0.5921836,1.0,1929,"tags=21%, list=7%, signal=22%",
GOBP_NEGATIVE_REGULATION_OF_OSTEOBLAST_DIFFERENTIATION,GOBP_NEGATIVE_REGULATION_OF_OSTEOBLAST_DIFFERENTIATION,,44,-0.4358415,-1.2478075,0.14105794,0.5924447,1.0,1407,"tags=16%, list=5%, signal=17%",
GOBP_POSITIVE_REGULATION_OF_CALCIUM_ION_IMPORT,GOBP_POSITIVE_REGULATION_OF_CALCIUM_ION_IMPORT,,20,-0.5126342,-1.2468174,0.17579909,0.593703,1.0,1048,"tags=20%, list=4%, signal=21%",
GOBP_NEURAL_TUBE_PATTERNING,GOBP_NEURAL_TUBE_PATTERNING,,25,-0.48312953,-1.2447524,0.15777262,0.5983317,1.0,5224,"tags=56%, list=19%, signal=69%",
GOBP_FAT_SOLUBLE_VITAMIN_BIOSYNTHETIC_PROCESS,GOBP_FAT_SOLUBLE_VITAMIN_BIOSYNTHETIC_PROCESS,,12,-0.58011216,-1.2446035,0.20649652,0.5970467,1.0,3854,"tags=42%, list=14%, signal=48%",
REACTOME_PROTEIN_LIPOYLATION,REACTOME_PROTEIN_LIPOYLATION,,10,-0.60937536,-1.2437693,0.1981982,0.5979011,1.0,8051,"tags=60%, list=29%, signal=85%",
GOBP_NUCLEOSIDE_MONOPHOSPHATE_BIOSYNTHETIC_PROCESS,GOBP_NUCLEOSIDE_MONOPHOSPHATE_BIOSYNTHETIC_PROCESS,,42,-0.42656514,-1.2426435,0.13216957,0.5997002,1.0,4529,"tags=33%, list=16%, signal=40%",
GOBP_NEGATIVE_REGULATION_OF_CARTILAGE_DEVELOPMENT,GOBP_NEGATIVE_REGULATION_OF_CARTILAGE_DEVELOPMENT,,20,-0.5082477,-1.2418232,0.15714286,0.6006253,1.0,2770,"tags=20%, list=10%, signal=22%",
GOBP_NEGATIVE_REGULATION_OF_ASTROCYTE_DIFFERENTIATION,GOBP_NEGATIVE_REGULATION_OF_ASTROCYTE_DIFFERENTIATION,,12,-0.57139045,-1.2413708,0.19256018,0.6003098,1.0,264,"tags=17%, list=1%, signal=17%",
GOBP_REGULATION_OF_DNA_METABOLIC_PROCESS,GOBP_REGULATION_OF_DNA_METABOLIC_PROCESS,,478,-0.3139422,-1.2403208,0.0,0.6018344,1.0,4791,"tags=24%, list=17%, signal=29%",
GOBP_PROTEIN_RNA_COMPLEX_ORGANIZATION,GOBP_PROTEIN_RNA_COMPLEX_ORGANIZATION,,249,-0.32750836,-1.2401518,0.029900333,0.6005986,1.0,4827,"tags=26%, list=17%, signal=31%",
GOBP_NEGATIVE_REGULATION_OF_CENTROSOME_DUPLICATION,GOBP_NEGATIVE_REGULATION_OF_CENTROSOME_DUPLICATION,,12,-0.55506337,-1.2394505,0.20323326,0.60103446,1.0,3669,"tags=50%, list=13%, signal=58%",
GOBP_NEGATIVE_REGULATION_OF_CHONDROCYTE_DIFFERENTIATION,GOBP_NEGATIVE_REGULATION_OF_CHONDROCYTE_DIFFERENTIATION,,13,-0.5500354,-1.2384819,0.21444695,0.60234183,1.0,2770,"tags=23%, list=10%, signal=26%",
GOBP_PYRIMIDINE_NUCLEOSIDE_TRIPHOSPHATE_METABOLIC_PROCESS,GOBP_PYRIMIDINE_NUCLEOSIDE_TRIPHOSPHATE_METABOLIC_PROCESS,,23,-0.48042572,-1.2368127,0.14851485,0.60599357,1.0,4758,"tags=26%, list=17%, signal=31%",
GOBP_KERATINOCYTE_DEVELOPMENT,GOBP_KERATINOCYTE_DEVELOPMENT,,12,-0.55697143,-1.2367405,0.21271929,0.6044972,1.0,2354,"tags=33%, list=8%, signal=36%",
GOBP_REGULATION_OF_TRANSLATIONAL_ELONGATION,GOBP_REGULATION_OF_TRANSLATIONAL_ELONGATION,,14,-0.5481952,-1.2360862,0.18764302,0.6048817,1.0,38,"tags=7%, list=0%, signal=7%",
REACTOME_MRNA_DECAY_BY_3_TO_5_EXORIBONUCLEASE,REACTOME_MRNA_DECAY_BY_3_TO_5_EXORIBONUCLEASE,,16,-0.52891296,-1.2358804,0.20465116,0.6038411,1.0,949,"tags=19%, list=3%, signal=19%",
GOBP_REGULATION_OF_STEM_CELL_POPULATION_MAINTENANCE,GOBP_REGULATION_OF_STEM_CELL_POPULATION_MAINTENANCE,,73,-0.38768297,-1.235871,0.095717885,0.6021381,1.0,5480,"tags=29%, list=20%, signal=36%",
GOBP_TRANSCRIPTION_INITIATION_AT_RNA_POLYMERASE_III_PROMOTER,GOBP_TRANSCRIPTION_INITIATION_AT_RNA_POLYMERASE_III_PROMOTER,,27,-0.4678091,-1.2356635,0.16820276,0.60108685,1.0,6461,"tags=41%, list=23%, signal=53%",
REACTOME_TRANSCRIPTIONAL_REGULATION_BY_E2F6,REACTOME_TRANSCRIPTIONAL_REGULATION_BY_E2F6,,34,-0.43797573,-1.2354248,0.16301703,0.600175,1.0,4185,"tags=29%, list=15%, signal=35%",
GOBP_NOREPINEPHRINE_METABOLIC_PROCESS,GOBP_NOREPINEPHRINE_METABOLIC_PROCESS,,10,-0.6093753,-1.234672,0.22727273,0.6007964,1.0,2154,"tags=30%, list=8%, signal=33%",
GOBP_POSITIVE_REGULATION_OF_T_CELL_RECEPTOR_SIGNALING_PATHWAY,GOBP_POSITIVE_REGULATION_OF_T_CELL_RECEPTOR_SIGNALING_PATHWAY,,20,-0.4971123,-1.2337623,0.19306931,0.60199285,1.0,3176,"tags=45%, list=11%, signal=51%",
REACTOME_VITAMIN_D_CALCIFEROL_METABOLISM,REACTOME_VITAMIN_D_CALCIFEROL_METABOLISM,,11,-0.57851946,-1.2333362,0.2236842,0.60166985,1.0,3854,"tags=55%, list=14%, signal=63%",
GOBP_MORPHOGENESIS_OF_AN_EPITHELIAL_FOLD,GOBP_MORPHOGENESIS_OF_AN_EPITHELIAL_FOLD,,14,-0.5417754,-1.2312473,0.19287212,0.6063902,1.0,320,"tags=14%, list=1%, signal=14%",
GOBP_IMP_METABOLIC_PROCESS,GOBP_IMP_METABOLIC_PROCESS,,17,-0.50975335,-1.2306073,0.20734341,0.6066162,1.0,2965,"tags=24%, list=11%, signal=26%",
GOBP_REGULATION_OF_KIDNEY_DEVELOPMENT,GOBP_REGULATION_OF_KIDNEY_DEVELOPMENT,,25,-0.46891662,-1.2302119,0.1452381,0.6061513,1.0,3413,"tags=28%, list=12%, signal=32%",
GOBP_REGULATION_OF_STEM_CELL_DIFFERENTIATION,GOBP_REGULATION_OF_STEM_CELL_DIFFERENTIATION,,70,-0.38518643,-1.230177,0.08672087,0.60459334,1.0,1952,"tags=16%, list=7%, signal=17%",
GOBP_SODIUM_ION_IMPORT_ACROSS_PLASMA_MEMBRANE,GOBP_SODIUM_ION_IMPORT_ACROSS_PLASMA_MEMBRANE,,22,-0.4947046,-1.2297878,0.18615752,0.6040176,1.0,4316,"tags=45%, list=16%, signal=54%",
GOBP_CONVERGENT_EXTENSION,GOBP_CONVERGENT_EXTENSION,,15,-0.53494346,-1.2296591,0.196868,0.6027775,1.0,3114,"tags=27%, list=11%, signal=30%",
REACTOME_TNF_RECEPTOR_SUPERFAMILY_TNFSF_MEMBERS_MEDIATING_NON_CANONICAL_NF_KB_PATHWAY,REACTOME_TNF_RECEPTOR_SUPERFAMILY_TNFSF_MEMBERS_MEDIATING_NON_CANONICAL_NF_KB_PATHWAY,,17,-0.5175151,-1.2291226,0.2,0.6027874,1.0,1567,"tags=29%, list=6%, signal=31%",
GOBP_SENSORY_ORGAN_MORPHOGENESIS,GOBP_SENSORY_ORGAN_MORPHOGENESIS,,214,-0.33258125,-1.2290232,0.041666668,0.60143644,1.0,3868,"tags=22%, list=14%, signal=26%",
GOBP_TUBE_CLOSURE,GOBP_TUBE_CLOSURE,,86,-0.37546545,-1.2276747,0.09615385,0.6039576,1.0,3917,"tags=27%, list=14%, signal=31%",
REACTOME_DOWNSTREAM_SIGNALING_OF_ACTIVATED_FGFR1,REACTOME_DOWNSTREAM_SIGNALING_OF_ACTIVATED_FGFR1,,22,-0.480076,-1.2276173,0.15730338,0.6024732,1.0,2806,"tags=23%, list=10%, signal=25%",
GOBP_CYTOCHROME_COMPLEX_ASSEMBLY,GOBP_CYTOCHROME_COMPLEX_ASSEMBLY,,46,-0.4183294,-1.2276013,0.11547912,0.6008758,1.0,2704,"tags=24%, list=10%, signal=26%",
GOBP_PROTEIN_DEACETYLATION,GOBP_PROTEIN_DEACETYLATION,,29,-0.45204726,-1.2257674,0.1875,0.60504806,1.0,3136,"tags=31%, list=11%, signal=35%",
GOBP_EPIGENETIC_PROGRAMMING_OF_GENE_EXPRESSION,GOBP_EPIGENETIC_PROGRAMMING_OF_GENE_EXPRESSION,,31,-0.4501427,-1.2249023,0.16627078,0.6062132,1.0,4377,"tags=29%, list=16%, signal=34%",
GOBP_SKELETAL_MUSCLE_CELL_DIFFERENTIATION,GOBP_SKELETAL_MUSCLE_CELL_DIFFERENTIATION,,58,-0.3960935,-1.2242957,0.10739857,0.606417,1.0,2935,"tags=22%, list=11%, signal=25%",
GOBP_DNA_TEMPLATED_DNA_REPLICATION_MAINTENANCE_OF_FIDELITY,GOBP_DNA_TEMPLATED_DNA_REPLICATION_MAINTENANCE_OF_FIDELITY,,67,-0.3904291,-1.224015,0.11398964,0.6056639,1.0,5763,"tags=31%, list=21%, signal=39%",
GOBP_PROTEIN_LOCALIZATION_TO_CELL_CORTEX,GOBP_PROTEIN_LOCALIZATION_TO_CELL_CORTEX,,11,-0.5888952,-1.2239343,0.22222222,0.6042821,1.0,463,"tags=18%, list=2%, signal=18%",
GOBP_SCF_DEPENDENT_PROTEASOMAL_UBIQUITIN_DEPENDENT_PROTEIN_CATABOLIC_PROCESS,GOBP_SCF_DEPENDENT_PROTEASOMAL_UBIQUITIN_DEPENDENT_PROTEIN_CATABOLIC_PROCESS,,81,-0.37853417,-1.2229775,0.108991824,0.60561985,1.0,3520,"tags=23%, list=13%, signal=27%",
REACTOME_TELOMERE_EXTENSION_BY_TELOMERASE,REACTOME_TELOMERE_EXTENSION_BY_TELOMERASE,,23,-0.47773364,-1.221783,0.1767442,0.6077455,1.0,5269,"tags=43%, list=19%, signal=54%",
GOBP_PROTEIN_LOCALIZATION_TO_CILIARY_TRANSITION_ZONE,GOBP_PROTEIN_LOCALIZATION_TO_CILIARY_TRANSITION_ZONE,,22,-0.49431717,-1.2198875,0.20273349,0.6121601,1.0,3661,"tags=36%, list=13%, signal=42%",
GOBP_NEURAL_TUBE_FORMATION,GOBP_NEURAL_TUBE_FORMATION,,97,-0.36827856,-1.2189013,0.09210526,0.61364913,1.0,3917,"tags=26%, list=14%, signal=30%",
GOBP_ENERGY_HOMEOSTASIS,GOBP_ENERGY_HOMEOSTASIS,,82,-0.37288934,-1.2188776,0.11749347,0.6120821,1.0,2584,"tags=22%, list=9%, signal=24%",
REACTOME_POLYMERASE_SWITCHING,REACTOME_POLYMERASE_SWITCHING,,14,-0.5432688,-1.2166989,0.22596154,0.6170588,1.0,5763,"tags=64%, list=21%, signal=81%",
GOBP_REGULATION_OF_T_CELL_DIFFERENTIATION_IN_THYMUS,GOBP_REGULATION_OF_T_CELL_DIFFERENTIATION_IN_THYMUS,,23,-0.4844077,-1.2165654,0.18139535,0.61584204,1.0,2891,"tags=39%, list=10%, signal=44%",
GOBP_DOUBLE_STRAND_BREAK_REPAIR,GOBP_DOUBLE_STRAND_BREAK_REPAIR,,316,-0.32086632,-1.2161577,0.042801555,0.61541915,1.0,4240,"tags=21%, list=15%, signal=25%",
REACTOME_TP53_REGULATES_TRANSCRIPTION_OF_ADDITIONAL_CELL_CYCLE_GENES_WHOSE_EXACT_ROLE_IN_THE_P53_PATHWAY_REMAIN_UNCERTAIN,REACTOME_TP53_REGULATES_TRANSCRIPTION_OF_ADDITIONAL_CELL_CYCLE_GENES_WHOSE_EXACT_ROLE_IN_THE_P53_PATHWAY_REMAIN_UNCERTAIN,,21,-0.48438382,-1.2158943,0.2091954,0.61465585,1.0,3816,"tags=33%, list=14%, signal=39%",
GOBP_SMAD_PROTEIN_SIGNAL_TRANSDUCTION,GOBP_SMAD_PROTEIN_SIGNAL_TRANSDUCTION,,77,-0.38104454,-1.215595,0.08051948,0.6139973,1.0,2770,"tags=19%, list=10%, signal=22%",
GOBP_REGULATION_OF_SMOOTHENED_SIGNALING_PATHWAY,GOBP_REGULATION_OF_SMOOTHENED_SIGNALING_PATHWAY,,83,-0.37013483,-1.2149969,0.13065326,0.6142219,1.0,4158,"tags=28%, list=15%, signal=32%",
GOBP_SNRNA_PROCESSING,GOBP_SNRNA_PROCESSING,,37,-0.4373419,-1.2148212,0.19323671,0.6131195,1.0,3401,"tags=32%, list=12%, signal=37%",
REACTOME_SUMOYLATION_OF_UBIQUITINYLATION_PROTEINS,REACTOME_SUMOYLATION_OF_UBIQUITINYLATION_PROTEINS,,39,-0.4306589,-1.2139643,0.1718377,0.6142884,1.0,3662,"tags=38%, list=13%, signal=44%",
GOBP_CRANIAL_SKELETAL_SYSTEM_DEVELOPMENT,GOBP_CRANIAL_SKELETAL_SYSTEM_DEVELOPMENT,,56,-0.395591,-1.2138512,0.13368984,0.6130411,1.0,2031,"tags=16%, list=7%, signal=17%",
GOBP_ENDOCARDIAL_CUSHION_MORPHOGENESIS,GOBP_ENDOCARDIAL_CUSHION_MORPHOGENESIS,,31,-0.45083973,-1.2133532,0.17660551,0.61295414,1.0,2770,"tags=23%, list=10%, signal=25%",
GOBP_NEGATIVE_REGULATION_OF_MUSCLE_ORGAN_DEVELOPMENT,GOBP_NEGATIVE_REGULATION_OF_MUSCLE_ORGAN_DEVELOPMENT,,10,-0.5789224,-1.212988,0.24200913,0.61253196,1.0,604,"tags=30%, list=2%, signal=31%",
GOBP_INTERLEUKIN_4_PRODUCTION,GOBP_INTERLEUKIN_4_PRODUCTION,,34,-0.43799487,-1.2127559,0.14851485,0.6117165,1.0,1546,"tags=26%, list=6%, signal=28%",
GOBP_CENTROMERIC_SISTER_CHROMATID_COHESION,GOBP_CENTROMERIC_SISTER_CHROMATID_COHESION,,13,-0.5451858,-1.2113166,0.19693094,0.6145032,1.0,1697,"tags=15%, list=6%, signal=16%",
GOBP_ANATOMICAL_STRUCTURE_REGRESSION,GOBP_ANATOMICAL_STRUCTURE_REGRESSION,,11,-0.56568575,-1.2109399,0.25635594,0.61416197,1.0,3514,"tags=45%, list=13%, signal=52%",
GOBP_POSITIVE_REGULATION_OF_TRANSLATION,GOBP_POSITIVE_REGULATION_OF_TRANSLATION,,131,-0.34720808,-1.2108135,0.09470752,0.6130053,1.0,3183,"tags=18%, list=11%, signal=21%",
REACTOME_NONSENSE_MEDIATED_DECAY_NMD,REACTOME_NONSENSE_MEDIATED_DECAY_NMD,,115,-0.35533756,-1.2103082,0.09946237,0.6130395,1.0,7490,"tags=46%, list=27%, signal=63%",
GOBP_CILIUM_ORGANIZATION,GOBP_CILIUM_ORGANIZATION,,440,-0.30882925,-1.208964,0.024291499,0.61565167,1.0,3750,"tags=21%, list=14%, signal=24%",
REACTOME_CA2_PATHWAY,REACTOME_CA2_PATHWAY,,57,-0.39787593,-1.2087073,0.15538847,0.61489516,1.0,3629,"tags=25%, list=13%, signal=28%",
GOBP_MITOTIC_SPINDLE_ELONGATION,GOBP_MITOTIC_SPINDLE_ELONGATION,,12,-0.550979,-1.2085266,0.22125813,0.6139011,1.0,4803,"tags=25%, list=17%, signal=30%",
GOBP_PROTEIN_LOCALIZATION_TO_CILIUM,GOBP_PROTEIN_LOCALIZATION_TO_CILIUM,,85,-0.37291226,-1.2084535,0.09803922,0.6125658,1.0,3661,"tags=28%, list=13%, signal=32%",
GOBP_CIRCADIAN_REGULATION_OF_GENE_EXPRESSION,GOBP_CIRCADIAN_REGULATION_OF_GENE_EXPRESSION,,62,-0.39673036,-1.2080795,0.11989796,0.61216325,1.0,1995,"tags=19%, list=7%, signal=21%",
GOBP_MOTOR_NEURON_AXON_GUIDANCE,GOBP_MOTOR_NEURON_AXON_GUIDANCE,,24,-0.47204477,-1.206943,0.1948956,0.6141448,1.0,2891,"tags=21%, list=10%, signal=23%",
GOBP_ENDOCARDIAL_CUSHION_FORMATION,GOBP_ENDOCARDIAL_CUSHION_FORMATION,,22,-0.48219696,-1.2065483,0.19821826,0.61382735,1.0,2770,"tags=27%, list=10%, signal=30%",
GOBP_MUCOCILIARY_CLEARANCE,GOBP_MUCOCILIARY_CLEARANCE,,10,-0.6062667,-1.2062893,0.24019608,0.6131179,1.0,7762,"tags=60%, list=28%, signal=83%",
GOBP_NEGATIVE_REGULATION_OF_NEURON_PROJECTION_REGENERATION,GOBP_NEGATIVE_REGULATION_OF_NEURON_PROJECTION_REGENERATION,,14,-0.53094554,-1.206212,0.23110151,0.6118301,1.0,3523,"tags=50%, list=13%, signal=57%",
GOBP_DEOXYRIBONUCLEOTIDE_BIOSYNTHETIC_PROCESS,GOBP_DEOXYRIBONUCLEOTIDE_BIOSYNTHETIC_PROCESS,,16,-0.51753867,-1.2061789,0.23660715,0.61040336,1.0,4376,"tags=31%, list=16%, signal=37%",
REACTOME_POLYMERASE_SWITCHING_ON_THE_C_STRAND_OF_THE_TELOMERE,REACTOME_POLYMERASE_SWITCHING_ON_THE_C_STRAND_OF_THE_TELOMERE,,26,-0.46158734,-1.2060001,0.1882353,0.6093858,1.0,5763,"tags=46%, list=21%, signal=58%",
GOBP_REGULATION_OF_FLAGELLATED_SPERM_MOTILITY,GOBP_REGULATION_OF_FLAGELLATED_SPERM_MOTILITY,,11,-0.57943374,-1.2056875,0.2406542,0.6088372,1.0,118,"tags=9%, list=0%, signal=9%",
GOBP_REGULATION_OF_CARTILAGE_DEVELOPMENT,GOBP_REGULATION_OF_CARTILAGE_DEVELOPMENT,,57,-0.39917687,-1.2053576,0.15549597,0.6083982,1.0,2171,"tags=18%, list=8%, signal=19%",
REACTOME_FORMATION_OF_THE_EMBRYONIC_STEM_CELL_BAF_ESBAF_COMPLEX,REACTOME_FORMATION_OF_THE_EMBRYONIC_STEM_CELL_BAF_ESBAF_COMPLEX,,19,-0.5010002,-1.205132,0.2124105,0.60760546,1.0,355,"tags=16%, list=1%, signal=16%",
REACTOME_ANCHORING_OF_THE_BASAL_BODY_TO_THE_PLASMA_MEMBRANE,REACTOME_ANCHORING_OF_THE_BASAL_BODY_TO_THE_PLASMA_MEMBRANE,,97,-0.36478835,-1.2047085,0.10662824,0.60742795,1.0,4001,"tags=27%, list=14%, signal=31%",
REACTOME_DOWNSTREAM_SIGNALING_OF_ACTIVATED_FGFR2,REACTOME_DOWNSTREAM_SIGNALING_OF_ACTIVATED_FGFR2,,21,-0.47519246,-1.2038903,0.2117904,0.6084285,1.0,2262,"tags=19%, list=8%, signal=21%",
REACTOME_CYTOSOLIC_IRON_SULFUR_CLUSTER_ASSEMBLY,REACTOME_CYTOSOLIC_IRON_SULFUR_CLUSTER_ASSEMBLY,,13,-0.53621817,-1.2037171,0.23991032,0.6075122,1.0,5559,"tags=46%, list=20%, signal=58%",
GOBP_SECONDARY_PALATE_DEVELOPMENT,GOBP_SECONDARY_PALATE_DEVELOPMENT,,22,-0.47867012,-1.2029784,0.19714965,0.6083086,1.0,604,"tags=14%, list=2%, signal=14%",
GOBP_NEPHRON_DEVELOPMENT,GOBP_NEPHRON_DEVELOPMENT,,127,-0.34567532,-1.2017143,0.09146342,0.6105557,1.0,3203,"tags=23%, list=12%, signal=26%",
GOBP_NEPHRON_EPITHELIUM_DEVELOPMENT,GOBP_NEPHRON_EPITHELIUM_DEVELOPMENT,,92,-0.36607534,-1.2004515,0.12021858,0.6130227,1.0,3107,"tags=22%, list=11%, signal=24%",
GOBP_TUBE_FORMATION,GOBP_TUBE_FORMATION,,133,-0.34511784,-1.2002542,0.10242587,0.61212695,1.0,3917,"tags=21%, list=14%, signal=24%",
GOBP_CIRCADIAN_SLEEP_WAKE_CYCLE,GOBP_CIRCADIAN_SLEEP_WAKE_CYCLE,,16,-0.5233691,-1.1973867,0.23325635,0.61944944,1.0,2819,"tags=31%, list=10%, signal=35%",
GOBP_EPITHELIAL_CELL_MORPHOGENESIS,GOBP_EPITHELIAL_CELL_MORPHOGENESIS,,34,-0.43506408,-1.1970606,0.19093078,0.6189251,1.0,1646,"tags=15%, list=6%, signal=16%",
GOBP_MAGNESIUM_ION_HOMEOSTASIS,GOBP_MAGNESIUM_ION_HOMEOSTASIS,,11,-0.56504405,-1.195676,0.23221758,0.6217718,1.0,2049,"tags=27%, list=7%, signal=29%",
GOBP_EMBRYONIC_BRAIN_DEVELOPMENT,GOBP_EMBRYONIC_BRAIN_DEVELOPMENT,,18,-0.4868665,-1.1934954,0.22421524,0.6269936,1.0,3553,"tags=39%, list=13%, signal=45%",
GOBP_RIBOSOME_LOCALIZATION,GOBP_RIBOSOME_LOCALIZATION,,13,-0.5411708,-1.1932012,0.26326963,0.62640095,1.0,6483,"tags=54%, list=23%, signal=70%",
GOBP_AXONEME_ASSEMBLY,GOBP_AXONEME_ASSEMBLY,,90,-0.35977358,-1.1924931,0.109550565,0.62716156,1.0,4001,"tags=27%, list=14%, signal=31%",
GOBP_DNA_REPLICATION_INITIATION,GOBP_DNA_REPLICATION_INITIATION,,41,-0.41715133,-1.1923707,0.18554217,0.62598914,1.0,4946,"tags=32%, list=18%, signal=39%",
GOBP_REGULATION_OF_BRANCHING_INVOLVED_IN_URETERIC_BUD_MORPHOGENESIS,GOBP_REGULATION_OF_BRANCHING_INVOLVED_IN_URETERIC_BUD_MORPHOGENESIS,,13,-0.5383923,-1.1890272,0.24074075,0.63500816,1.0,2770,"tags=31%, list=10%, signal=34%",
GOBP_NEURON_RECOGNITION,GOBP_NEURON_RECOGNITION,,36,-0.424127,-1.1883482,0.19585253,0.63562965,1.0,4096,"tags=28%, list=15%, signal=33%",
GOBP_V_D_J_RECOMBINATION,GOBP_V_D_J_RECOMBINATION,,18,-0.48678485,-1.1878552,0.20971303,0.6357185,1.0,1762,"tags=28%, list=6%, signal=30%",
GOBP_DORSAL_VENTRAL_PATTERN_FORMATION,GOBP_DORSAL_VENTRAL_PATTERN_FORMATION,,53,-0.39640874,-1.1869539,0.17518248,0.6370781,1.0,5688,"tags=34%, list=21%, signal=43%",
GOBP_ENDOCARDIAL_CUSHION_DEVELOPMENT,GOBP_ENDOCARDIAL_CUSHION_DEVELOPMENT,,38,-0.41611552,-1.1855866,0.20772947,0.63979566,1.0,2770,"tags=21%, list=10%, signal=23%",
GOBP_CYCLIC_NUCLEOTIDE_CATABOLIC_PROCESS,GOBP_CYCLIC_NUCLEOTIDE_CATABOLIC_PROCESS,,12,-0.5373188,-1.185411,0.23736264,0.6388279,1.0,1547,"tags=25%, list=6%, signal=26%",
GOBP_REGULATION_OF_CELL_DIVISION,GOBP_REGULATION_OF_CELL_DIVISION,,162,-0.3335131,-1.1852615,0.07098766,0.63779575,1.0,1295,"tags=10%, list=5%, signal=10%",
GOBP_NUCLEOSIDE_DIPHOSPHATE_BIOSYNTHETIC_PROCESS,GOBP_NUCLEOSIDE_DIPHOSPHATE_BIOSYNTHETIC_PROCESS,,14,-0.51773685,-1.184856,0.25287357,0.6376386,1.0,4537,"tags=57%, list=16%, signal=68%",
GOBP_POSITIVE_REGULATION_OF_SYNAPSE_ASSEMBLY,GOBP_POSITIVE_REGULATION_OF_SYNAPSE_ASSEMBLY,,48,-0.40681952,-1.1839299,0.18387909,0.6391216,1.0,4992,"tags=29%, list=18%, signal=36%",
REACTOME_THE_PHOTOTRANSDUCTION_CASCADE,REACTOME_THE_PHOTOTRANSDUCTION_CASCADE,,28,-0.44507584,-1.1836329,0.23923445,0.63854545,1.0,3394,"tags=25%, list=12%, signal=28%",
GOBP_LYMPHOCYTE_COSTIMULATION,GOBP_LYMPHOCYTE_COSTIMULATION,,48,-0.40940323,-1.182855,0.17910448,0.63947767,1.0,1602,"tags=27%, list=6%, signal=29%",
GOBP_NEGATIVE_CHEMOTAXIS,GOBP_NEGATIVE_CHEMOTAXIS,,36,-0.42219147,-1.1823752,0.20794393,0.6395274,1.0,4085,"tags=33%, list=15%, signal=39%",
GOBP_STRIATUM_DEVELOPMENT,GOBP_STRIATUM_DEVELOPMENT,,19,-0.48855495,-1.1806079,0.21296297,0.6435346,1.0,548,"tags=16%, list=2%, signal=16%",
REACTOME_NUCLEOTIDE_EXCISION_REPAIR,REACTOME_NUCLEOTIDE_EXCISION_REPAIR,,108,-0.3512669,-1.1804651,0.12261581,0.6425049,1.0,4868,"tags=28%, list=18%, signal=34%",
GOBP_INHIBITORY_POSTSYNAPTIC_POTENTIAL,GOBP_INHIBITORY_POSTSYNAPTIC_POTENTIAL,,14,-0.5217154,-1.1799046,0.25316456,0.64279145,1.0,1899,"tags=21%, list=7%, signal=23%",
GOBP_RRNA_PSEUDOURIDINE_SYNTHESIS,GOBP_RRNA_PSEUDOURIDINE_SYNTHESIS,,10,-0.5693994,-1.179358,0.26595744,0.64299214,1.0,3837,"tags=50%, list=14%, signal=58%",
GOBP_CAMERA_TYPE_EYE_MORPHOGENESIS,GOBP_CAMERA_TYPE_EYE_MORPHOGENESIS,,100,-0.35422322,-1.1793201,0.15773809,0.641642,1.0,4193,"tags=24%, list=15%, signal=28%",
GOBP_SKELETAL_SYSTEM_MORPHOGENESIS,GOBP_SKELETAL_SYSTEM_MORPHOGENESIS,,178,-0.32991174,-1.1789927,0.10033445,0.64118886,1.0,3814,"tags=24%, list=14%, signal=28%",
GOBP_POSITIVE_REGULATION_OF_RRNA_PROCESSING,GOBP_POSITIVE_REGULATION_OF_RRNA_PROCESSING,,13,-0.5282712,-1.1789917,0.25512528,0.63973206,1.0,5161,"tags=62%, list=19%, signal=76%",
GOBP_PROTEIN_HETEROOLIGOMERIZATION,GOBP_PROTEIN_HETEROOLIGOMERIZATION,,29,-0.44024435,-1.1784708,0.21709007,0.6398727,1.0,3476,"tags=21%, list=13%, signal=24%",
GOBP_REGULATION_OF_SYNAPTIC_TRANSMISSION_GABAERGIC,GOBP_REGULATION_OF_SYNAPTIC_TRANSMISSION_GABAERGIC,,23,-0.46933362,-1.1783229,0.21524663,0.6388848,1.0,3309,"tags=39%, list=12%, signal=44%",
GOBP_EMBRYONIC_ORGAN_MORPHOGENESIS,GOBP_EMBRYONIC_ORGAN_MORPHOGENESIS,,220,-0.3168456,-1.1761979,0.08214286,0.6443286,1.0,3868,"tags=21%, list=14%, signal=25%",
GOBP_STEM_CELL_DIFFERENTIATION,GOBP_STEM_CELL_DIFFERENTIATION,,199,-0.31978187,-1.1758082,0.07167236,0.64408654,1.0,4191,"tags=24%, list=15%, signal=28%",
GOBP_VITAMIN_K_METABOLIC_PROCESS,GOBP_VITAMIN_K_METABOLIC_PROCESS,,11,-0.54839504,-1.1750164,0.25925925,0.6451132,1.0,753,"tags=18%, list=3%, signal=19%",
GOBP_MITOCHONDRION_DISTRIBUTION,GOBP_MITOCHONDRION_DISTRIBUTION,,18,-0.4916244,-1.1749111,0.22435898,0.6439812,1.0,2941,"tags=33%, list=11%, signal=37%",
GOBP_PYRIMIDINE_RIBONUCLEOTIDE_BIOSYNTHETIC_PROCESS,GOBP_PYRIMIDINE_RIBONUCLEOTIDE_BIOSYNTHETIC_PROCESS,,24,-0.46094593,-1.1725787,0.24400872,0.6498808,1.0,4529,"tags=38%, list=16%, signal=45%",
GOBP_POST_ANAL_TAIL_MORPHOGENESIS,GOBP_POST_ANAL_TAIL_MORPHOGENESIS,,15,-0.5099188,-1.1719872,0.255079,0.6503781,1.0,2749,"tags=33%, list=10%, signal=37%",
GOBP_RNA_5_END_PROCESSING,GOBP_RNA_5_END_PROCESSING,,40,-0.40692097,-1.1719868,0.17980295,0.6489277,1.0,6050,"tags=40%, list=22%, signal=51%",
GOBP_MICROTUBULE_BUNDLE_FORMATION,GOBP_MICROTUBULE_BUNDLE_FORMATION,,119,-0.34226665,-1.1713923,0.122666664,0.64931875,1.0,3750,"tags=25%, list=14%, signal=29%",
GOBP_ESTABLISHMENT_OF_PROTEIN_LOCALIZATION_TO_TELOMERE,GOBP_ESTABLISHMENT_OF_PROTEIN_LOCALIZATION_TO_TELOMERE,,12,-0.5405032,-1.1686468,0.28450108,0.65663546,1.0,7709,"tags=50%, list=28%, signal=69%",
GOBP_FEAR_RESPONSE,GOBP_FEAR_RESPONSE,,42,-0.40359285,-1.1679728,0.20565553,0.6573597,1.0,3580,"tags=21%, list=13%, signal=25%",
GOBP_REGULATION_OF_NOTCH_SIGNALING_PATHWAY,GOBP_REGULATION_OF_NOTCH_SIGNALING_PATHWAY,,85,-0.3523097,-1.1657759,0.1707989,0.6629246,1.0,3666,"tags=27%, list=13%, signal=31%",
GOBP_T_CELL_DIFFERENTIATION_IN_THYMUS,GOBP_T_CELL_DIFFERENTIATION_IN_THYMUS,,90,-0.35489002,-1.1656435,0.14044943,0.6618998,1.0,1451,"tags=22%, list=5%, signal=23%",
GOBP_GPI_ANCHOR_METABOLIC_PROCESS,GOBP_GPI_ANCHOR_METABOLIC_PROCESS,,29,-0.4375852,-1.1650411,0.23557693,0.6624233,1.0,982,"tags=14%, list=4%, signal=14%",
GOBP_REGULATION_OF_CILIUM_MOVEMENT,GOBP_REGULATION_OF_CILIUM_MOVEMENT,,29,-0.4262774,-1.164966,0.23797469,0.66122395,1.0,3375,"tags=21%, list=12%, signal=24%",
REACTOME_CELLULAR_HEXOSE_TRANSPORT,REACTOME_CELLULAR_HEXOSE_TRANSPORT,,17,-0.48878726,-1.1649623,0.25056434,0.65978616,1.0,2753,"tags=24%, list=10%, signal=26%",
GOBP_REGULATION_OF_CLATHRIN_DEPENDENT_ENDOCYTOSIS,GOBP_REGULATION_OF_CLATHRIN_DEPENDENT_ENDOCYTOSIS,,16,-0.49729317,-1.163288,0.27251732,0.6636513,1.0,1455,"tags=13%, list=5%, signal=13%",
GOBP_SPECIFICATION_OF_SYMMETRY,GOBP_SPECIFICATION_OF_SYMMETRY,,115,-0.34094098,-1.1631595,0.14917128,0.66259736,1.0,3107,"tags=18%, list=11%, signal=20%",
GOBP_SPERM_AXONEME_ASSEMBLY,GOBP_SPERM_AXONEME_ASSEMBLY,,27,-0.43638545,-1.1631306,0.20971303,0.6612374,1.0,3674,"tags=30%, list=13%, signal=34%",
GOBP_POSITIVE_REGULATION_OF_CALCIUM_ION_TRANSMEMBRANE_TRANSPORT,GOBP_POSITIVE_REGULATION_OF_CALCIUM_ION_TRANSMEMBRANE_TRANSPORT,,46,-0.39163882,-1.1619155,0.19346733,0.6636565,1.0,625,"tags=13%, list=2%, signal=13%",
GOBP_NUCLEOLUS_ORGANIZATION,GOBP_NUCLEOLUS_ORGANIZATION,,18,-0.47382998,-1.161912,0.24586289,0.66223025,1.0,5429,"tags=61%, list=20%, signal=76%",
GOBP_PYRIMIDINE_CONTAINING_COMPOUND_BIOSYNTHETIC_PROCESS,GOBP_PYRIMIDINE_CONTAINING_COMPOUND_BIOSYNTHETIC_PROCESS,,44,-0.40527186,-1.1609821,0.18387909,0.66375226,1.0,4529,"tags=32%, list=16%, signal=38%",
REACTOME_TRANSCRIPTION_COUPLED_NUCLEOTIDE_EXCISION_REPAIR_TC_NER,REACTOME_TRANSCRIPTION_COUPLED_NUCLEOTIDE_EXCISION_REPAIR_TC_NER,,76,-0.36227265,-1.1609397,0.14473684,0.6624485,1.0,4853,"tags=28%, list=17%, signal=33%",
GOBP_RETINAL_GANGLION_CELL_AXON_GUIDANCE,GOBP_RETINAL_GANGLION_CELL_AXON_GUIDANCE,,16,-0.5000062,-1.1609008,0.25659472,0.6611672,1.0,2237,"tags=13%, list=8%, signal=14%",
GOBP_PYRIMIDINE_RIBONUCLEOSIDE_TRIPHOSPHATE_METABOLIC_PROCESS,GOBP_PYRIMIDINE_RIBONUCLEOSIDE_TRIPHOSPHATE_METABOLIC_PROCESS,,17,-0.50090766,-1.1608698,0.264637,0.65983975,1.0,2831,"tags=18%, list=10%, signal=20%",
GOBP_TRANSCRIPTION_PREINITIATION_COMPLEX_ASSEMBLY,GOBP_TRANSCRIPTION_PREINITIATION_COMPLEX_ASSEMBLY,,72,-0.36497414,-1.1599216,0.18181819,0.6614535,1.0,3900,"tags=25%, list=14%, signal=29%",
GOBP_REGULATION_OF_MRNA_SPLICING_VIA_SPLICEOSOME,GOBP_REGULATION_OF_MRNA_SPLICING_VIA_SPLICEOSOME,,119,-0.3381416,-1.1588628,0.12149533,0.66350937,1.0,5456,"tags=31%, list=20%, signal=39%",
GOBP_ANTERIOR_POSTERIOR_PATTERN_SPECIFICATION,GOBP_ANTERIOR_POSTERIOR_PATTERN_SPECIFICATION,,153,-0.32281584,-1.1587366,0.10674157,0.6625021,1.0,4213,"tags=24%, list=15%, signal=28%",
GOBP_NEURAL_TUBE_DEVELOPMENT,GOBP_NEURAL_TUBE_DEVELOPMENT,,145,-0.3247183,-1.1577351,0.0990991,0.6643882,1.0,3765,"tags=24%, list=14%, signal=28%",
GOBP_NEGATIVE_REGULATION_OF_LYMPHOCYTE_MIGRATION,GOBP_NEGATIVE_REGULATION_OF_LYMPHOCYTE_MIGRATION,,16,-0.5026827,-1.1577103,0.24885845,0.663042,1.0,2750,"tags=31%, list=10%, signal=35%",
GOBP_POSITIVE_REGULATION_OF_TELOMERE_MAINTENANCE_VIA_TELOMERE_LENGTHENING,GOBP_POSITIVE_REGULATION_OF_TELOMERE_MAINTENANCE_VIA_TELOMERE_LENGTHENING,,26,-0.44096506,-1.1576476,0.25227273,0.66182005,1.0,7709,"tags=50%, list=28%, signal=69%",
GOBP_PLATELET_DERIVED_GROWTH_FACTOR_RECEPTOR_BETA_SIGNALING_PATHWAY,GOBP_PLATELET_DERIVED_GROWTH_FACTOR_RECEPTOR_BETA_SIGNALING_PATHWAY,,13,-0.52010196,-1.1562011,0.26973686,0.6649177,1.0,1048,"tags=15%, list=4%, signal=16%",
GOBP_SKELETAL_SYSTEM_DEVELOPMENT,GOBP_SKELETAL_SYSTEM_DEVELOPMENT,,429,-0.29501486,-1.1560155,0.053061225,0.66413814,1.0,3589,"tags=20%, list=13%, signal=23%",
GOBP_PROTEIN_INSERTION_INTO_MITOCHONDRIAL_INNER_MEMBRANE,GOBP_PROTEIN_INSERTION_INTO_MITOCHONDRIAL_INNER_MEMBRANE,,18,-0.47009093,-1.1546106,0.26931566,0.66715676,1.0,5101,"tags=56%, list=18%, signal=68%",
GOBP_POSITIVE_REGULATION_OF_DNA_BIOSYNTHETIC_PROCESS,GOBP_POSITIVE_REGULATION_OF_DNA_BIOSYNTHETIC_PROCESS,,43,-0.39184302,-1.1544629,0.20558375,0.66623324,1.0,4706,"tags=30%, list=17%, signal=36%",
GOBP_SOMITE_DEVELOPMENT,GOBP_SOMITE_DEVELOPMENT,,64,-0.36877218,-1.1539156,0.2,0.6665388,1.0,3917,"tags=27%, list=14%, signal=31%",
GOBP_MRNA_5_SPLICE_SITE_RECOGNITION,GOBP_MRNA_5_SPLICE_SITE_RECOGNITION,,11,-0.5327786,-1.1536968,0.29262674,0.6658616,1.0,8407,"tags=45%, list=30%, signal=65%",
GOBP_SPINDLE_ELONGATION,GOBP_SPINDLE_ELONGATION,,14,-0.52048165,-1.153136,0.30361447,0.6661636,1.0,4803,"tags=21%, list=17%, signal=26%",
GOBP_REGULATION_OF_RETINOIC_ACID_RECEPTOR_SIGNALING_PATHWAY,GOBP_REGULATION_OF_RETINOIC_ACID_RECEPTOR_SIGNALING_PATHWAY,,15,-0.49321967,-1.1527282,0.24832214,0.6660351,1.0,3509,"tags=27%, list=13%, signal=31%",
GOBP_CONNECTIVE_TISSUE_DEVELOPMENT,GOBP_CONNECTIVE_TISSUE_DEVELOPMENT,,257,-0.30834553,-1.1527262,0.08510638,0.66465795,1.0,2825,"tags=19%, list=10%, signal=21%",
GOBP_GLUTAMINE_METABOLIC_PROCESS,GOBP_GLUTAMINE_METABOLIC_PROCESS,,19,-0.4760998,-1.1524541,0.2895377,0.66419035,1.0,3217,"tags=26%, list=12%, signal=30%",
GOBP_REGULATION_OF_B_CELL_PROLIFERATION,GOBP_REGULATION_OF_B_CELL_PROLIFERATION,,69,-0.3640414,-1.151485,0.16879795,0.6659037,1.0,1602,"tags=22%, list=6%, signal=23%",
GOBP_MOLTING_CYCLE,GOBP_MOLTING_CYCLE,,86,-0.35486215,-1.1514128,0.16853933,0.6647732,1.0,4319,"tags=22%, list=16%, signal=26%",
REACTOME_ATTACHMENT_OF_BACTERIA_TO_EPITHELIAL_CELLS,REACTOME_ATTACHMENT_OF_BACTERIA_TO_EPITHELIAL_CELLS,,22,-0.46109295,-1.1512334,0.2706422,0.6639123,1.0,1923,"tags=18%, list=7%, signal=20%",
GOBP_MITOCHONDRIAL_TRANSCRIPTION,GOBP_MITOCHONDRIAL_TRANSCRIPTION,,19,-0.4751195,-1.1506509,0.26401868,0.66445744,1.0,6394,"tags=47%, list=23%, signal=62%",
GOBP_TERMINATION_OF_RNA_POLYMERASE_III_TRANSCRIPTION,GOBP_TERMINATION_OF_RNA_POLYMERASE_III_TRANSCRIPTION,,18,-0.48247913,-1.1492671,0.24892704,0.66748154,1.0,4447,"tags=33%, list=16%, signal=40%",
GOBP_NEGATIVE_REGULATION_OF_SMOOTH_MUSCLE_CELL_DIFFERENTIATION,GOBP_NEGATIVE_REGULATION_OF_SMOOTH_MUSCLE_CELL_DIFFERENTIATION,,15,-0.50177515,-1.1488352,0.29009435,0.6675199,1.0,5625,"tags=47%, list=20%, signal=59%",
GOBP_PYRIMIDINE_NUCLEOTIDE_METABOLIC_PROCESS,GOBP_PYRIMIDINE_NUCLEOTIDE_METABOLIC_PROCESS,,53,-0.38352832,-1.148462,0.20259741,0.6674034,1.0,4898,"tags=38%, list=18%, signal=46%",
GOBP_CELL_MIGRATION_IN_HINDBRAIN,GOBP_CELL_MIGRATION_IN_HINDBRAIN,,15,-0.49576297,-1.1482487,0.2826087,0.6667367,1.0,604,"tags=13%, list=2%, signal=14%",
GOBP_MICROTUBULE_ORGANIZING_CENTER_ORGANIZATION,GOBP_MICROTUBULE_ORGANIZING_CENTER_ORGANIZATION,,159,-0.32193595,-1.1480389,0.14619882,0.66602904,1.0,4001,"tags=21%, list=14%, signal=25%",
GOBP_STEM_CELL_PROLIFERATION,GOBP_STEM_CELL_PROLIFERATION,,66,-0.36249155,-1.1476542,0.18421052,0.66590196,1.0,3786,"tags=26%, list=14%, signal=30%",
GOBP_MULTICELLULAR_ORGANISM_GROWTH,GOBP_MULTICELLULAR_ORGANISM_GROWTH,,152,-0.3236775,-1.1472555,0.14497042,0.66578925,1.0,4679,"tags=26%, list=17%, signal=31%",
GOBP_QUINONE_BIOSYNTHETIC_PROCESS,GOBP_QUINONE_BIOSYNTHETIC_PROCESS,,19,-0.46509185,-1.1469244,0.2718894,0.66551286,1.0,571,"tags=16%, list=2%, signal=16%",
GOBP_METHIONINE_BIOSYNTHETIC_PROCESS,GOBP_METHIONINE_BIOSYNTHETIC_PROCESS,,10,-0.5593113,-1.1466006,0.29828325,0.6651928,1.0,6385,"tags=50%, list=23%, signal=65%",
REACTOME_RNA_POLYMERASE_III_CHAIN_ELONGATION,REACTOME_RNA_POLYMERASE_III_CHAIN_ELONGATION,,18,-0.48247913,-1.1459552,0.26932085,0.6657942,1.0,4447,"tags=33%, list=16%, signal=40%",
GOBP_URETER_DEVELOPMENT,GOBP_URETER_DEVELOPMENT,,10,-0.5546296,-1.1459312,0.30638298,0.6645113,1.0,2770,"tags=40%, list=10%, signal=44%",
GOBP_NEGATIVE_REGULATION_OF_CHROMATIN_ORGANIZATION,GOBP_NEGATIVE_REGULATION_OF_CHROMATIN_ORGANIZATION,,10,-0.5469058,-1.1437395,0.3,0.6701177,1.0,3681,"tags=40%, list=13%, signal=46%",
GOBP_PEPTIDYL_GLUTAMIC_ACID_MODIFICATION,GOBP_PEPTIDYL_GLUTAMIC_ACID_MODIFICATION,,20,-0.46546865,-1.1436272,0.27816093,0.6690864,1.0,4156,"tags=40%, list=15%, signal=47%",
GOBP_REGULATION_OF_ANOIKIS,GOBP_REGULATION_OF_ANOIKIS,,22,-0.4543509,-1.1435289,0.25586855,0.6680738,1.0,995,"tags=18%, list=4%, signal=19%",
GOBP_HYPOTHALAMUS_DEVELOPMENT,GOBP_HYPOTHALAMUS_DEVELOPMENT,,15,-0.49598217,-1.1431011,0.2997763,0.66807973,1.0,502,"tags=13%, list=2%, signal=14%",
GOBP_ANATOMICAL_STRUCTURE_ARRANGEMENT,GOBP_ANATOMICAL_STRUCTURE_ARRANGEMENT,,16,-0.4843832,-1.1417203,0.2897196,0.67103064,1.0,4472,"tags=38%, list=16%, signal=45%",
GOBP_REGULATION_OF_NON_MOTILE_CILIUM_ASSEMBLY,GOBP_REGULATION_OF_NON_MOTILE_CILIUM_ASSEMBLY,,12,-0.5271439,-1.1406078,0.2880562,0.67321014,1.0,6115,"tags=42%, list=22%, signal=53%",
GOBP_QUINONE_METABOLIC_PROCESS,GOBP_QUINONE_METABOLIC_PROCESS,,22,-0.4626539,-1.1404898,0.26605505,0.6722847,1.0,753,"tags=18%, list=3%, signal=19%",
REACTOME_SIGNALING_BY_THE_B_CELL_RECEPTOR_BCR,REACTOME_SIGNALING_BY_THE_B_CELL_RECEPTOR_BCR,,153,-0.3237984,-1.1403457,0.17272727,0.67138773,1.0,521,"tags=7%, list=2%, signal=7%",
GOBP_PATTERN_SPECIFICATION_PROCESS,GOBP_PATTERN_SPECIFICATION_PROCESS,,337,-0.2987212,-1.1395743,0.10483871,0.67255485,1.0,3659,"tags=19%, list=13%, signal=22%",
GOBP_REGULATION_OF_MRNA_PROCESSING,GOBP_REGULATION_OF_MRNA_PROCESSING,,143,-0.321798,-1.1387297,0.15457413,0.67389125,1.0,5316,"tags=29%, list=19%, signal=35%",
GOBP_POSITIVE_REGULATION_OF_MUSCLE_ORGAN_DEVELOPMENT,GOBP_POSITIVE_REGULATION_OF_MUSCLE_ORGAN_DEVELOPMENT,,14,-0.4957183,-1.1381667,0.28761062,0.67437524,1.0,4703,"tags=36%, list=17%, signal=43%",
GOBP_CYTOPLASMIC_TRANSLATION,GOBP_CYTOPLASMIC_TRANSLATION,,170,-0.31602836,-1.1335583,0.13569322,0.68792844,1.0,7490,"tags=37%, list=27%, signal=50%",
GOBP_POSITIVE_REGULATION_OF_TRANSCRIPTION_OF_NUCLEOLAR_LARGE_RRNA_BY_RNA_POLYMERASE_I,GOBP_POSITIVE_REGULATION_OF_TRANSCRIPTION_OF_NUCLEOLAR_LARGE_RRNA_BY_RNA_POLYMERASE_I,,10,-0.55006146,-1.1331556,0.33702883,0.6878965,1.0,6900,"tags=70%, list=25%, signal=93%",
GOBP_PROSTATE_GLAND_MORPHOGENESIS,GOBP_PROSTATE_GLAND_MORPHOGENESIS,,17,-0.47184473,-1.1326262,0.3119469,0.68821365,1.0,2770,"tags=29%, list=10%, signal=33%",
GOBP_SINGLE_STRAND_BREAK_REPAIR,GOBP_SINGLE_STRAND_BREAK_REPAIR,,13,-0.52016395,-1.1324029,0.31724137,0.6875596,1.0,5468,"tags=38%, list=20%, signal=48%",
GOBP_THYMIC_T_CELL_SELECTION,GOBP_THYMIC_T_CELL_SELECTION,,36,-0.40706974,-1.1322179,0.26410258,0.6868542,1.0,1039,"tags=25%, list=4%, signal=26%",
GOBP_NEGATIVE_REGULATION_OF_MIRNA_METABOLIC_PROCESS,GOBP_NEGATIVE_REGULATION_OF_MIRNA_METABOLIC_PROCESS,,27,-0.4293669,-1.1319491,0.27727273,0.6863082,1.0,3243,"tags=30%, list=12%, signal=34%",
GOBP_REGULATION_OF_NUCLEOTIDE_EXCISION_REPAIR,GOBP_REGULATION_OF_NUCLEOTIDE_EXCISION_REPAIR,,28,-0.41987026,-1.1318594,0.26845637,0.68523264,1.0,1006,"tags=11%, list=4%, signal=11%",
GOBP_SNRNA_3_END_PROCESSING,GOBP_SNRNA_3_END_PROCESSING,,22,-0.456407,-1.1309227,0.28293738,0.686987,1.0,5803,"tags=55%, list=21%, signal=69%",
REACTOME_SELENOAMINO_ACID_METABOLISM,REACTOME_SELENOAMINO_ACID_METABOLISM,,116,-0.32629082,-1.1303504,0.17878787,0.68744427,1.0,7490,"tags=48%, list=27%, signal=66%",
GOBP_REGULATION_OF_CENTRIOLE_REPLICATION,GOBP_REGULATION_OF_CENTRIOLE_REPLICATION,,24,-0.4457322,-1.1297011,0.25665858,0.68814546,1.0,5032,"tags=29%, list=18%, signal=36%",
REACTOME_REGULATION_OF_MITF_M_DEPENDENT_GENES_INVOLVED_IN_CELL_CYCLE_AND_PROLIFERATION,REACTOME_REGULATION_OF_MITF_M_DEPENDENT_GENES_INVOLVED_IN_CELL_CYCLE_AND_PROLIFERATION,,17,-0.4722482,-1.1288995,0.27973568,0.68931705,1.0,604,"tags=18%, list=2%, signal=18%",
GOBP_INTRACILIARY_ANTEROGRADE_TRANSPORT,GOBP_INTRACILIARY_ANTEROGRADE_TRANSPORT,,18,-0.48291516,-1.1273776,0.28325123,0.6929563,1.0,6516,"tags=50%, list=23%, signal=65%",
REACTOME_LYSOSPHINGOLIPID_AND_LPA_RECEPTORS,REACTOME_LYSOSPHINGOLIPID_AND_LPA_RECEPTORS,,12,-0.51886636,-1.1269355,0.32964602,0.6930832,1.0,115,"tags=17%, list=0%, signal=17%",
REACTOME_DISEASES_OF_DNA_REPAIR,REACTOME_DISEASES_OF_DNA_REPAIR,,51,-0.37548688,-1.1257604,0.26811594,0.6955221,1.0,4580,"tags=31%, list=17%, signal=38%",
GOBP_POSITIVE_REGULATION_OF_SECONDARY_METABOLITE_BIOSYNTHETIC_PROCESS,GOBP_POSITIVE_REGULATION_OF_SECONDARY_METABOLITE_BIOSYNTHETIC_PROCESS,,11,-0.513492,-1.1238025,0.3125,0.7005095,1.0,4076,"tags=36%, list=15%, signal=43%",
GOBP_RHYTHMIC_BEHAVIOR,GOBP_RHYTHMIC_BEHAVIOR,,35,-0.39705953,-1.1232737,0.245,0.70085573,1.0,2819,"tags=23%, list=10%, signal=25%",
REACTOME_ORGANELLE_BIOGENESIS_AND_MAINTENANCE,REACTOME_ORGANELLE_BIOGENESIS_AND_MAINTENANCE,,291,-0.29701564,-1.1225437,0.10283688,0.7018519,1.0,4843,"tags=25%, list=17%, signal=30%",
GOBP_REGULATION_OF_TRANSLATION,GOBP_REGULATION_OF_TRANSLATION,,358,-0.2883778,-1.1218631,0.09623431,0.70265883,1.0,3689,"tags=19%, list=13%, signal=22%",
REACTOME_SUMOYLATION_OF_DNA_METHYLATION_PROTEINS,REACTOME_SUMOYLATION_OF_DNA_METHYLATION_PROTEINS,,16,-0.48487392,-1.1214409,0.2822222,0.70261455,1.0,5258,"tags=44%, list=19%, signal=54%",
REACTOME_RECRUITMENT_OF_NUMA_TO_MITOTIC_CENTROSOMES,REACTOME_RECRUITMENT_OF_NUMA_TO_MITOTIC_CENTROSOMES,,94,-0.338,-1.1204758,0.19518717,0.70438576,1.0,4839,"tags=28%, list=17%, signal=33%",
GOBP_CALCIUM_ION_IMPORT_ACROSS_PLASMA_MEMBRANE,GOBP_CALCIUM_ION_IMPORT_ACROSS_PLASMA_MEMBRANE,,36,-0.3968615,-1.1199973,0.24365482,0.70456445,1.0,3471,"tags=31%, list=13%, signal=35%",
GOBP_HOST_MEDIATED_SUPPRESSION_OF_VIRAL_TRANSCRIPTION,GOBP_HOST_MEDIATED_SUPPRESSION_OF_VIRAL_TRANSCRIPTION,,13,-0.5023111,-1.1198603,0.3181818,0.70366824,1.0,6495,"tags=38%, list=23%, signal=50%",
GOBP_NEGATIVE_REGULATION_OF_DNA_BINDING,GOBP_NEGATIVE_REGULATION_OF_DNA_BINDING,,12,-0.517803,-1.1195073,0.3111639,0.7035169,1.0,604,"tags=17%, list=2%, signal=17%",
GOBP_RNA_LOCALIZATION,GOBP_RNA_LOCALIZATION,,200,-0.30293173,-1.1188667,0.13268608,0.7043373,1.0,5590,"tags=33%, list=20%, signal=41%",
GOBP_OTIC_VESICLE_DEVELOPMENT,GOBP_OTIC_VESICLE_DEVELOPMENT,,11,-0.525296,-1.118796,0.31322506,0.7032618,1.0,327,"tags=9%, list=1%, signal=9%",
GOBP_CRANIAL_NERVE_DEVELOPMENT,GOBP_CRANIAL_NERVE_DEVELOPMENT,,43,-0.39086375,-1.1187518,0.24303797,0.7020936,1.0,3571,"tags=21%, list=13%, signal=24%",
REACTOME_SRP_DEPENDENT_COTRANSLATIONAL_PROTEIN_TARGETING_TO_MEMBRANE,REACTOME_SRP_DEPENDENT_COTRANSLATIONAL_PROTEIN_TARGETING_TO_MEMBRANE,,112,-0.3307963,-1.1185987,0.20765027,0.70127344,1.0,7490,"tags=42%, list=27%, signal=57%",
GOBP_MUSCLE_ORGAN_DEVELOPMENT,GOBP_MUSCLE_ORGAN_DEVELOPMENT,,294,-0.29798102,-1.1185865,0.1308017,0.7000087,1.0,3468,"tags=17%, list=13%, signal=20%",
GOBP_EAR_MORPHOGENESIS,GOBP_EAR_MORPHOGENESIS,,98,-0.3332782,-1.1164004,0.1930295,0.7058056,1.0,3868,"tags=23%, list=14%, signal=27%",
GOBP_MRNA_CIS_SPLICING_VIA_SPLICEOSOME,GOBP_MRNA_CIS_SPLICING_VIA_SPLICEOSOME,,37,-0.38941684,-1.1143014,0.27027026,0.7113511,1.0,5440,"tags=24%, list=20%, signal=30%",
GOBP_POSITIVE_T_CELL_SELECTION,GOBP_POSITIVE_T_CELL_SELECTION,,48,-0.37448135,-1.113472,0.27182046,0.71274203,1.0,2782,"tags=31%, list=10%, signal=35%",
REACTOME_NCAM_SIGNALING_FOR_NEURITE_OUT_GROWTH,REACTOME_NCAM_SIGNALING_FOR_NEURITE_OUT_GROWTH,,56,-0.36287957,-1.1108785,0.24875621,0.7199209,1.0,5659,"tags=36%, list=20%, signal=45%",
GOBP_POSITIVE_REGULATION_OF_CHROMOSOME_SEGREGATION,GOBP_POSITIVE_REGULATION_OF_CHROMOSOME_SEGREGATION,,30,-0.41735017,-1.1108338,0.28403756,0.7187406,1.0,6821,"tags=43%, list=25%, signal=57%",
GOBP_NEGATIVE_REGULATION_OF_SMOOTHENED_SIGNALING_PATHWAY,GOBP_NEGATIVE_REGULATION_OF_SMOOTHENED_SIGNALING_PATHWAY,,34,-0.39903605,-1.1100041,0.2899263,0.72009397,1.0,5005,"tags=38%, list=18%, signal=47%",
REACTOME_CD28_DEPENDENT_PI3K_AKT_SIGNALING,REACTOME_CD28_DEPENDENT_PI3K_AKT_SIGNALING,,27,-0.4158996,-1.1094358,0.27149323,0.7205915,1.0,4429,"tags=37%, list=16%, signal=44%",
GOBP_CARTILAGE_DEVELOPMENT,GOBP_CARTILAGE_DEVELOPMENT,,167,-0.3076449,-1.1082453,0.16129032,0.7231455,1.0,2770,"tags=18%, list=10%, signal=20%",
REACTOME_NUCLEAR_RECEPTOR_TRANSCRIPTION_PATHWAY,REACTOME_NUCLEAR_RECEPTOR_TRANSCRIPTION_PATHWAY,,44,-0.38487202,-1.1079259,0.2609756,0.7228799,1.0,4014,"tags=34%, list=14%, signal=40%",
GOBP_DNA_MODIFICATION,GOBP_DNA_MODIFICATION,,28,-0.41652828,-1.1071088,0.2990654,0.7242723,1.0,4212,"tags=39%, list=15%, signal=46%",
GOBP_TERTIARY_ALCOHOL_METABOLIC_PROCESS,GOBP_TERTIARY_ALCOHOL_METABOLIC_PROCESS,,21,-0.44000334,-1.1070352,0.30804598,0.72318524,1.0,1675,"tags=14%, list=6%, signal=15%",
REACTOME_SLBP_DEPENDENT_PROCESSING_OF_REPLICATION_DEPENDENT_HISTONE_PRE_MRNAS,REACTOME_SLBP_DEPENDENT_PROCESSING_OF_REPLICATION_DEPENDENT_HISTONE_PRE_MRNAS,,11,-0.53007585,-1.107027,0.35903615,0.7218875,1.0,5427,"tags=45%, list=20%, signal=56%",
GOBP_POSITIVE_REGULATION_OF_EMBRYONIC_DEVELOPMENT,GOBP_POSITIVE_REGULATION_OF_EMBRYONIC_DEVELOPMENT,,20,-0.4562902,-1.1065472,0.34532374,0.722139,1.0,3463,"tags=30%, list=12%, signal=34%",
GOBP_NEGATIVE_REGULATION_OF_INTRACELLULAR_STEROID_HORMONE_RECEPTOR_SIGNALING_PATHWAY,GOBP_NEGATIVE_REGULATION_OF_INTRACELLULAR_STEROID_HORMONE_RECEPTOR_SIGNALING_PATHWAY,,38,-0.394105,-1.1050382,0.27763495,0.7257853,1.0,1578,"tags=13%, list=6%, signal=14%",
GOBP_APPENDAGE_DEVELOPMENT,GOBP_APPENDAGE_DEVELOPMENT,,149,-0.31316742,-1.1048988,0.22093023,0.72495073,1.0,3583,"tags=23%, list=13%, signal=26%",
GOBP_SIGNAL_TRANSDUCTION_INVOLVED_IN_REGULATION_OF_GENE_EXPRESSION,GOBP_SIGNAL_TRANSDUCTION_INVOLVED_IN_REGULATION_OF_GENE_EXPRESSION,,12,-0.51247525,-1.1040628,0.3438202,0.7264725,1.0,1821,"tags=17%, list=7%, signal=18%",
GOBP_MRNA_PROCESSING,GOBP_MRNA_PROCESSING,,495,-0.28088054,-1.1038666,0.10952381,0.7258117,1.0,4882,"tags=22%, list=18%, signal=27%",
GOBP_PROTEIN_ACYLATION,GOBP_PROTEIN_ACYLATION,,63,-0.3586181,-1.1038485,0.24213076,0.72455823,1.0,1929,"tags=21%, list=7%, signal=22%",
REACTOME_SIGNALING_BY_FGFR2_IN_DISEASE,REACTOME_SIGNALING_BY_FGFR2_IN_DISEASE,,34,-0.39905816,-1.1031555,0.2899263,0.72558,1.0,3078,"tags=21%, list=11%, signal=23%",
GOBP_CHROMOSOME_ORGANIZATION_INVOLVED_IN_MEIOTIC_CELL_CYCLE,GOBP_CHROMOSOME_ORGANIZATION_INVOLVED_IN_MEIOTIC_CELL_CYCLE,,57,-0.3562134,-1.1031336,0.2556962,0.72434604,1.0,3940,"tags=26%, list=14%, signal=31%",
GOBP_NUCLEOTIDE_EXCISION_REPAIR,GOBP_NUCLEOTIDE_EXCISION_REPAIR,,89,-0.3340857,-1.1031127,0.24117647,0.7231239,1.0,2776,"tags=15%, list=10%, signal=16%",
GOBP_MOLTING_CYCLE_PROCESS,GOBP_MOLTING_CYCLE_PROCESS,,75,-0.3456187,-1.102509,0.24074075,0.7237864,1.0,4319,"tags=21%, list=16%, signal=25%",
GOBP_DNA_SYNTHESIS_INVOLVED_IN_DNA_REPAIR,GOBP_DNA_SYNTHESIS_INVOLVED_IN_DNA_REPAIR,,14,-0.4755182,-1.1023519,0.33481154,0.72301537,1.0,5406,"tags=50%, list=19%, signal=62%",
REACTOME_RND2_GTPASE_CYCLE,REACTOME_RND2_GTPASE_CYCLE,,41,-0.38428852,-1.1021163,0.26835442,0.722456,1.0,1976,"tags=12%, list=7%, signal=13%",
GOBP_REGULATION_OF_PRESYNAPTIC_MEMBRANE_POTENTIAL,GOBP_REGULATION_OF_PRESYNAPTIC_MEMBRANE_POTENTIAL,,16,-0.4820831,-1.1003253,0.33093524,0.7270265,1.0,6755,"tags=31%, list=24%, signal=41%",
GOBP_ROOF_OF_MOUTH_DEVELOPMENT,GOBP_ROOF_OF_MOUTH_DEVELOPMENT,,71,-0.34267613,-1.1001416,0.23626374,0.7263414,1.0,2825,"tags=17%, list=10%, signal=19%",
GOBP_PEPTIDYL_LYSINE_ACETYLATION,GOBP_PEPTIDYL_LYSINE_ACETYLATION,,15,-0.48636922,-1.1001344,0.35172415,0.72507566,1.0,1628,"tags=20%, list=6%, signal=21%",
GOBP_POSITIVE_REGULATION_OF_DNA_METABOLIC_PROCESS,GOBP_POSITIVE_REGULATION_OF_DNA_METABOLIC_PROCESS,,271,-0.29122925,-1.0998087,0.16838488,0.72487396,1.0,4923,"tags=23%, list=18%, signal=28%",
GOBP_DEVELOPMENTAL_INDUCTION,GOBP_DEVELOPMENTAL_INDUCTION,,21,-0.44575402,-1.0994432,0.3156682,0.72473204,1.0,2770,"tags=24%, list=10%, signal=26%",
GOBP_WALKING_BEHAVIOR,GOBP_WALKING_BEHAVIOR,,27,-0.4194874,-1.0987178,0.292517,0.72583693,1.0,2697,"tags=22%, list=10%, signal=25%",
GOBP_REGULATION_OF_EMBRYONIC_DEVELOPMENT,GOBP_REGULATION_OF_EMBRYONIC_DEVELOPMENT,,89,-0.3339187,-1.0983465,0.25513196,0.72576076,1.0,3609,"tags=21%, list=13%, signal=24%",
REACTOME_SUMOYLATION,REACTOME_SUMOYLATION,,182,-0.30764765,-1.0981883,0.21311475,0.72499514,1.0,4283,"tags=29%, list=15%, signal=34%",
REACTOME_FANCONI_ANEMIA_PATHWAY,REACTOME_FANCONI_ANEMIA_PATHWAY,,39,-0.38672146,-1.0971072,0.30548304,0.7272649,1.0,3065,"tags=18%, list=11%, signal=20%",
GOBP_POSITIVE_REGULATION_OF_STRIATED_MUSCLE_CELL_APOPTOTIC_PROCESS,GOBP_POSITIVE_REGULATION_OF_STRIATED_MUSCLE_CELL_APOPTOTIC_PROCESS,,11,-0.5188032,-1.0966225,0.3569794,0.7275084,1.0,156,"tags=9%, list=1%, signal=9%",
GOBP_CHONDROCYTE_DIFFERENTIATION,GOBP_CHONDROCYTE_DIFFERENTIATION,,98,-0.3292404,-1.0946897,0.27192983,0.7326304,1.0,3814,"tags=22%, list=14%, signal=26%",
GOBP_NEGATIVE_REGULATION_OF_AXONOGENESIS,GOBP_NEGATIVE_REGULATION_OF_AXONOGENESIS,,45,-0.37302935,-1.0945965,0.30555555,0.7316238,1.0,4821,"tags=36%, list=17%, signal=43%",
GOBP_POSITIVE_REGULATION_OF_CHROMOSOME_ORGANIZATION,GOBP_POSITIVE_REGULATION_OF_CHROMOSOME_ORGANIZATION,,104,-0.32893023,-1.0942132,0.2283237,0.7316172,1.0,4923,"tags=27%, list=18%, signal=33%",
GOBP_PERICARDIUM_DEVELOPMENT,GOBP_PERICARDIUM_DEVELOPMENT,,10,-0.5348578,-1.0941666,0.39675173,0.7304957,1.0,2425,"tags=20%, list=9%, signal=22%",
GOBP_EYE_MORPHOGENESIS,GOBP_EYE_MORPHOGENESIS,,125,-0.31679767,-1.0941648,0.21142857,0.7292318,1.0,4193,"tags=22%, list=15%, signal=26%",
GOBP_MORPHOGENESIS_OF_AN_EPITHELIUM,GOBP_MORPHOGENESIS_OF_AN_EPITHELIUM,,413,-0.27619517,-1.0934461,0.11872146,0.7302201,1.0,3765,"tags=19%, list=14%, signal=22%",
GOBP_EMBRYONIC_SKELETAL_SYSTEM_MORPHOGENESIS,GOBP_EMBRYONIC_SKELETAL_SYSTEM_MORPHOGENESIS,,64,-0.36017275,-1.0933057,0.2693267,0.72946167,1.0,3571,"tags=20%, list=13%, signal=23%",
GOBP_SENSORY_PERCEPTION_OF_CHEMICAL_STIMULUS,GOBP_SENSORY_PERCEPTION_OF_CHEMICAL_STIMULUS,,103,-0.32613456,-1.0932028,0.24791086,0.72851795,1.0,3260,"tags=17%, list=12%, signal=20%",
GOBP_PHOTOTRANSDUCTION_VISIBLE_LIGHT,GOBP_PHOTOTRANSDUCTION_VISIBLE_LIGHT,,15,-0.48036468,-1.092874,0.33333334,0.7283081,1.0,1906,"tags=13%, list=7%, signal=14%",
GOBP_GENOMIC_IMPRINTING,GOBP_GENOMIC_IMPRINTING,,17,-0.45984787,-1.0926169,0.35240275,0.7279042,1.0,4377,"tags=29%, list=16%, signal=35%",
GOBP_ALTERNATIVE_MRNA_SPLICING_VIA_SPLICEOSOME,GOBP_ALTERNATIVE_MRNA_SPLICING_VIA_SPLICEOSOME,,84,-0.33249375,-1.0924044,0.23989218,0.72736377,1.0,5456,"tags=29%, list=20%, signal=35%",
GOBP_REGULATION_OF_TELOMERE_MAINTENANCE,GOBP_REGULATION_OF_TELOMERE_MAINTENANCE,,110,-0.3228361,-1.0916406,0.23768117,0.72855276,1.0,4923,"tags=26%, list=18%, signal=32%",
GOBP_REGULATION_OF_SHORT_TERM_NEURONAL_SYNAPTIC_PLASTICITY,GOBP_REGULATION_OF_SHORT_TERM_NEURONAL_SYNAPTIC_PLASTICITY,,12,-0.5167858,-1.0914843,0.35777777,0.72786653,1.0,2702,"tags=25%, list=10%, signal=28%",
GOBP_POSITIVE_REGULATION_OF_DOUBLE_STRAND_BREAK_REPAIR,GOBP_POSITIVE_REGULATION_OF_DOUBLE_STRAND_BREAK_REPAIR,,96,-0.32228196,-1.0911568,0.23353294,0.72766745,1.0,3925,"tags=19%, list=14%, signal=22%",
GOBP_POSITIVE_REGULATION_OF_MRNA_METABOLIC_PROCESS,GOBP_POSITIVE_REGULATION_OF_MRNA_METABOLIC_PROCESS,,146,-0.30889183,-1.0900929,0.21981424,0.72976583,1.0,3420,"tags=18%, list=12%, signal=20%",
GOBP_SYNAPTIC_VESICLE_DOCKING,GOBP_SYNAPTIC_VESICLE_DOCKING,,10,-0.5169986,-1.0900834,0.36188436,0.7285452,1.0,2936,"tags=40%, list=11%, signal=45%",
GOBP_REGULATION_OF_CHONDROCYTE_DIFFERENTIATION,GOBP_REGULATION_OF_CHONDROCYTE_DIFFERENTIATION,,39,-0.38121757,-1.0897934,0.28172588,0.72826874,1.0,3814,"tags=23%, list=14%, signal=27%",
GOBP_DENDRITIC_SPINE_MORPHOGENESIS,GOBP_DENDRITIC_SPINE_MORPHOGENESIS,,55,-0.3601612,-1.0893095,0.29,0.72864926,1.0,3253,"tags=22%, list=12%, signal=25%",
GOBP_RNA_SPLICING_VIA_TRANSESTERIFICATION_REACTIONS,GOBP_RNA_SPLICING_VIA_TRANSESTERIFICATION_REACTIONS,,337,-0.28251764,-1.088146,0.14285715,0.73113245,1.0,4882,"tags=22%, list=18%, signal=27%",
GOBP_MICROTUBULE_SEVERING,GOBP_MICROTUBULE_SEVERING,,11,-0.5209339,-1.0881193,0.36739132,0.7299721,1.0,2277,"tags=27%, list=8%, signal=30%",
GOBP_RECEPTOR_GUANYLYL_CYCLASE_SIGNALING_PATHWAY,GOBP_RECEPTOR_GUANYLYL_CYCLASE_SIGNALING_PATHWAY,,13,-0.49082124,-1.0880952,0.32467532,0.7288309,1.0,1804,"tags=15%, list=7%, signal=16%",
GOBP_MEIOTIC_CELL_CYCLE_PROCESS,GOBP_MEIOTIC_CELL_CYCLE_PROCESS,,201,-0.29828843,-1.0875039,0.19480519,0.72949195,1.0,3985,"tags=17%, list=14%, signal=20%",
REACTOME_MITOTIC_PROMETAPHASE,REACTOME_MITOTIC_PROMETAPHASE,,202,-0.29459336,-1.0873492,0.21830986,0.72874874,1.0,6168,"tags=33%, list=22%, signal=42%",
REACTOME_RECRUITMENT_OF_MITOTIC_CENTROSOME_PROTEINS_AND_COMPLEXES,REACTOME_RECRUITMENT_OF_MITOTIC_CENTROSOME_PROTEINS_AND_COMPLEXES,,81,-0.3360333,-1.0872754,0.2794872,0.7277568,1.0,4035,"tags=26%, list=15%, signal=30%",
GOBP_ERROR_PRONE_TRANSLESION_SYNTHESIS,GOBP_ERROR_PRONE_TRANSLESION_SYNTHESIS,,12,-0.5021472,-1.0865486,0.3696581,0.7288857,1.0,3282,"tags=25%, list=12%, signal=28%",
REACTOME_DEADENYLATION_DEPENDENT_MRNA_DECAY,REACTOME_DEADENYLATION_DEPENDENT_MRNA_DECAY,,56,-0.3566116,-1.0858027,0.3,0.73007345,1.0,2490,"tags=20%, list=9%, signal=22%",
REACTOME_INOSITOL_PHOSPHATE_METABOLISM,REACTOME_INOSITOL_PHOSPHATE_METABOLISM,,46,-0.36676374,-1.085251,0.29466358,0.73067003,1.0,2283,"tags=15%, list=8%, signal=17%",
GOBP_ACTIVIN_RECEPTOR_SIGNALING_PATHWAY,GOBP_ACTIVIN_RECEPTOR_SIGNALING_PATHWAY,,39,-0.38358897,-1.0850763,0.32535884,0.73001295,1.0,2825,"tags=21%, list=10%, signal=23%",
GOBP_SOMITOGENESIS,GOBP_SOMITOGENESIS,,49,-0.35827214,-1.08454,0.27202073,0.73052365,1.0,3659,"tags=22%, list=13%, signal=26%",
GOBP_MEMBRANOUS_SEPTUM_MORPHOGENESIS,GOBP_MEMBRANOUS_SEPTUM_MORPHOGENESIS,,10,-0.5209396,-1.0844543,0.36946902,0.72959113,1.0,2770,"tags=30%, list=10%, signal=33%",
GOBP_OSTEOBLAST_DEVELOPMENT,GOBP_OSTEOBLAST_DEVELOPMENT,,11,-0.5018759,-1.0844305,0.35874438,0.72845733,1.0,3570,"tags=45%, list=13%, signal=52%",
GOBP_UV_DAMAGE_EXCISION_REPAIR,GOBP_UV_DAMAGE_EXCISION_REPAIR,,13,-0.49151516,-1.0834703,0.3671171,0.7304299,1.0,7583,"tags=54%, list=27%, signal=74%",
GOBP_REGULATION_OF_DNA_BIOSYNTHETIC_PROCESS,GOBP_REGULATION_OF_DNA_BIOSYNTHETIC_PROCESS,,80,-0.33202305,-1.0826077,0.2650273,0.7320674,1.0,4706,"tags=29%, list=17%, signal=35%",
REACTOME_HDR_THROUGH_HOMOLOGOUS_RECOMBINATION_HRR,REACTOME_HDR_THROUGH_HOMOLOGOUS_RECOMBINATION_HRR,,70,-0.34284538,-1.0817206,0.2745592,0.7337651,1.0,4580,"tags=27%, list=17%, signal=32%",
REACTOME_ALK_MUTANTS_BIND_TKIS,REACTOME_ALK_MUTANTS_BIND_TKIS,,12,-0.49707517,-1.0815051,0.36547086,0.73325175,1.0,1108,"tags=17%, list=4%, signal=17%",
GOBP_POSITIVE_REGULATION_OF_RELEASE_OF_SEQUESTERED_CALCIUM_ION_INTO_CYTOSOL,GOBP_POSITIVE_REGULATION_OF_RELEASE_OF_SEQUESTERED_CALCIUM_ION_INTO_CYTOSOL,,26,-0.4195813,-1.0812879,0.33653846,0.7327136,1.0,270,"tags=12%, list=1%, signal=12%",
GOBP_ORGAN_INDUCTION,GOBP_ORGAN_INDUCTION,,13,-0.49414566,-1.0811057,0.34157303,0.73210526,1.0,2770,"tags=23%, list=10%, signal=26%",
GOBP_PURINE_CONTAINING_COMPOUND_TRANSMEMBRANE_TRANSPORT,GOBP_PURINE_CONTAINING_COMPOUND_TRANSMEMBRANE_TRANSPORT,,36,-0.3894818,-1.0806787,0.3265306,0.732254,1.0,3347,"tags=25%, list=12%, signal=28%",
GOBP_NUCLEOBASE_CONTAINING_COMPOUND_TRANSPORT,GOBP_NUCLEOBASE_CONTAINING_COMPOUND_TRANSPORT,,224,-0.29475373,-1.0799786,0.2038835,0.7333164,1.0,5458,"tags=30%, list=20%, signal=37%",
GOBP_REGULATION_OF_DNA_RECOMBINATION,GOBP_REGULATION_OF_DNA_RECOMBINATION,,133,-0.31104267,-1.0798919,0.26704547,0.7323966,1.0,5507,"tags=31%, list=20%, signal=38%",
GOBP_PRIMARY_MIRNA_PROCESSING,GOBP_PRIMARY_MIRNA_PROCESSING,,18,-0.4519767,-1.0796148,0.321513,0.7320896,1.0,2910,"tags=39%, list=10%, signal=43%",
REACTOME_RECOGNITION_OF_DNA_DAMAGE_BY_PCNA_CONTAINING_REPLICATION_COMPLEX,REACTOME_RECOGNITION_OF_DNA_DAMAGE_BY_PCNA_CONTAINING_REPLICATION_COMPLEX,,30,-0.3982218,-1.079448,0.33651552,0.73141855,1.0,4580,"tags=33%, list=17%, signal=40%",
GOBP_OUTER_DYNEIN_ARM_ASSEMBLY,GOBP_OUTER_DYNEIN_ARM_ASSEMBLY,,18,-0.44871145,-1.079293,0.35067874,0.7307227,1.0,3375,"tags=33%, list=12%, signal=38%",
GOBP_REGULATION_OF_CELL_PROJECTION_SIZE,GOBP_REGULATION_OF_CELL_PROJECTION_SIZE,,12,-0.495413,-1.079065,0.3858093,0.7302284,1.0,3081,"tags=33%, list=11%, signal=37%",
GOBP_REGULATION_OF_HAIR_FOLLICLE_DEVELOPMENT,GOBP_REGULATION_OF_HAIR_FOLLICLE_DEVELOPMENT,,15,-0.4725364,-1.0788282,0.3539823,0.7297754,1.0,439,"tags=13%, list=2%, signal=14%",
GOBP_NEGATIVE_REGULATION_OF_MONONUCLEAR_CELL_MIGRATION,GOBP_NEGATIVE_REGULATION_OF_MONONUCLEAR_CELL_MIGRATION,,29,-0.40230808,-1.0787041,0.32941177,0.72898114,1.0,1523,"tags=21%, list=5%, signal=22%",
GOBP_EMBRYONIC_EYE_MORPHOGENESIS,GOBP_EMBRYONIC_EYE_MORPHOGENESIS,,22,-0.42856243,-1.0784073,0.34345794,0.7287546,1.0,1806,"tags=14%, list=7%, signal=15%",
REACTOME_LGI_ADAM_INTERACTIONS,REACTOME_LGI_ADAM_INTERACTIONS,,10,-0.5294484,-1.077534,0.3803132,0.73052585,1.0,5522,"tags=50%, list=20%, signal=62%",
REACTOME_NUCLEAR_ENVELOPE_BREAKDOWN,REACTOME_NUCLEAR_ENVELOPE_BREAKDOWN,,53,-0.35609815,-1.0773469,0.32323232,0.72995704,1.0,3662,"tags=32%, list=13%, signal=37%",
GOBP_EMBRYONIC_HEART_TUBE_MORPHOGENESIS,GOBP_EMBRYONIC_HEART_TUBE_MORPHOGENESIS,,53,-0.356877,-1.0770917,0.30357143,0.7295943,1.0,3107,"tags=21%, list=11%, signal=23%",
GOBP_POSITIVE_REGULATION_OF_INTERLEUKIN_4_PRODUCTION,GOBP_POSITIVE_REGULATION_OF_INTERLEUKIN_4_PRODUCTION,,27,-0.41258094,-1.0764195,0.33882353,0.7306115,1.0,1546,"tags=26%, list=6%, signal=27%",
GOBP_TELOMERIC_LOOP_DISASSEMBLY,GOBP_TELOMERIC_LOOP_DISASSEMBLY,,11,-0.5060274,-1.076297,0.37527594,0.72981584,1.0,4923,"tags=36%, list=18%, signal=44%",
GOBP_POSITIVE_REGULATION_OF_EPIDERMIS_DEVELOPMENT,GOBP_POSITIVE_REGULATION_OF_EPIDERMIS_DEVELOPMENT,,28,-0.408892,-1.076263,0.328125,0.7287499,1.0,4470,"tags=46%, list=16%, signal=55%",
GOBP_POSITIVE_REGULATION_OF_DNA_TEMPLATED_DNA_REPLICATION,GOBP_POSITIVE_REGULATION_OF_DNA_TEMPLATED_DNA_REPLICATION,,14,-0.47035396,-1.0756733,0.36462882,0.7294437,1.0,3346,"tags=29%, list=12%, signal=32%",
GOBP_MICROTUBULE_NUCLEATION,GOBP_MICROTUBULE_NUCLEATION,,51,-0.35970584,-1.0749046,0.29974812,0.73072034,1.0,4035,"tags=25%, list=15%, signal=30%",
GOBP_RESPONSE_TO_ISOQUINOLINE_ALKALOID,GOBP_RESPONSE_TO_ISOQUINOLINE_ALKALOID,,14,-0.48393658,-1.074809,0.34743875,0.7298787,1.0,3309,"tags=29%, list=12%, signal=32%",
GOBP_RESPIRATORY_CHAIN_COMPLEX_IV_ASSEMBLY,GOBP_RESPIRATORY_CHAIN_COMPLEX_IV_ASSEMBLY,,33,-0.39017516,-1.0741072,0.32923833,0.73105097,1.0,4826,"tags=30%, list=17%, signal=37%",
GOBP_EMBRYONIC_CRANIAL_SKELETON_MORPHOGENESIS,GOBP_EMBRYONIC_CRANIAL_SKELETON_MORPHOGENESIS,,33,-0.38353842,-1.0728831,0.32678133,0.7337897,1.0,2770,"tags=18%, list=10%, signal=20%",
GOBP_CELL_FATE_DETERMINATION,GOBP_CELL_FATE_DETERMINATION,,30,-0.3980249,-1.0725416,0.3187067,0.7337086,1.0,4278,"tags=33%, list=15%, signal=39%",
GOBP_RESPONSE_TO_RADIATION,GOBP_RESPONSE_TO_RADIATION,,402,-0.27232993,-1.0723162,0.16602316,0.73324275,1.0,3108,"tags=16%, list=11%, signal=18%",
GOBP_CIRCADIAN_RHYTHM,GOBP_CIRCADIAN_RHYTHM,,181,-0.29355463,-1.0713582,0.23174603,0.7351941,1.0,3489,"tags=18%, list=13%, signal=20%",
REACTOME_METABOLISM_OF_AMINE_DERIVED_HORMONES,REACTOME_METABOLISM_OF_AMINE_DERIVED_HORMONES,,15,-0.4630554,-1.0710489,0.35497835,0.73500687,1.0,2763,"tags=20%, list=10%, signal=22%",
GOBP_GLYCOSYL_COMPOUND_BIOSYNTHETIC_PROCESS,GOBP_GLYCOSYL_COMPOUND_BIOSYNTHETIC_PROCESS,,25,-0.41426015,-1.0695926,0.32850242,0.73857653,1.0,2545,"tags=24%, list=9%, signal=26%",
REACTOME_SUMOYLATION_OF_CHROMATIN_ORGANIZATION_PROTEINS,REACTOME_SUMOYLATION_OF_CHROMATIN_ORGANIZATION_PROTEINS,,69,-0.33353263,-1.0693521,0.32330826,0.7381676,1.0,3662,"tags=32%, list=13%, signal=37%",
GOBP_CELL_DIFFERENTIATION_IN_SPINAL_CORD,GOBP_CELL_DIFFERENTIATION_IN_SPINAL_CORD,,29,-0.39902353,-1.0691814,0.3364486,0.7375495,1.0,4552,"tags=31%, list=16%, signal=37%",
GOBP_RNA_3_END_PROCESSING,GOBP_RNA_3_END_PROCESSING,,94,-0.31688717,-1.0689231,0.28219178,0.7372073,1.0,3566,"tags=19%, list=13%, signal=22%",
GOBP_CELLULAR_RESPONSE_TO_POTASSIUM_ION,GOBP_CELLULAR_RESPONSE_TO_POTASSIUM_ION,,11,-0.49825305,-1.0685543,0.3646789,0.7372229,1.0,6237,"tags=45%, list=22%, signal=59%",
GOBP_REGULATION_OF_CHROMOSOME_ORGANIZATION,GOBP_REGULATION_OF_CHROMOSOME_ORGANIZATION,,248,-0.2847439,-1.0674808,0.26199263,0.73948956,1.0,4923,"tags=24%, list=18%, signal=29%",
GOBP_TRNA_5_LEADER_REMOVAL,GOBP_TRNA_5_LEADER_REMOVAL,,13,-0.49150446,-1.0663501,0.3892473,0.74185604,1.0,6997,"tags=62%, list=25%, signal=82%",
REACTOME_SYNTHESIS_OF_GLYCOSYLPHOSPHATIDYLINOSITOL_GPI,REACTOME_SYNTHESIS_OF_GLYCOSYLPHOSPHATIDYLINOSITOL_GPI,,17,-0.45427668,-1.0659593,0.35849056,0.7419069,1.0,4315,"tags=24%, list=16%, signal=28%",
GOBP_HEART_VALVE_MORPHOGENESIS,GOBP_HEART_VALVE_MORPHOGENESIS,,50,-0.3500252,-1.0653982,0.31683168,0.7425613,1.0,2835,"tags=20%, list=10%, signal=22%",
GOBP_CENTRIOLE_ELONGATION,GOBP_CENTRIOLE_ELONGATION,,11,-0.50464034,-1.0653303,0.4049217,0.741635,1.0,3485,"tags=27%, list=13%, signal=31%",
GOBP_REGULATION_OF_DNA_REPAIR,GOBP_REGULATION_OF_DNA_REPAIR,,230,-0.29013515,-1.0646724,0.24342105,0.7426173,1.0,4013,"tags=21%, list=14%, signal=24%",
GOBP_REGULATION_OF_DENDRITIC_CELL_CHEMOTAXIS,GOBP_REGULATION_OF_DENDRITIC_CELL_CHEMOTAXIS,,10,-0.49993634,-1.0640422,0.38963965,0.7435327,1.0,417,"tags=30%, list=2%, signal=30%",
GOBP_DNA_BIOSYNTHETIC_PROCESS,GOBP_DNA_BIOSYNTHETIC_PROCESS,,151,-0.30633944,-1.0636058,0.2852761,0.7438469,1.0,4779,"tags=28%, list=17%, signal=34%",
GOBP_SODIUM_ION_TRANSMEMBRANE_TRANSPORT,GOBP_SODIUM_ION_TRANSMEMBRANE_TRANSPORT,,143,-0.3017707,-1.0626312,0.2857143,0.74591994,1.0,2990,"tags=20%, list=11%, signal=22%",
GOBP_MORPHOGENESIS_OF_A_POLARIZED_EPITHELIUM,GOBP_MORPHOGENESIS_OF_A_POLARIZED_EPITHELIUM,,48,-0.35858664,-1.0621475,0.34736842,0.74635017,1.0,3341,"tags=21%, list=12%, signal=24%",
GOBP_CARDIAC_ATRIUM_MORPHOGENESIS,GOBP_CARDIAC_ATRIUM_MORPHOGENESIS,,22,-0.42650032,-1.0619229,0.34451902,0.7458726,1.0,2407,"tags=14%, list=9%, signal=15%",
REACTOME_INFLUENZA_INFECTION,REACTOME_INFLUENZA_INFECTION,,157,-0.30016002,-1.0608623,0.2761905,0.7481929,1.0,6483,"tags=39%, list=23%, signal=51%",
GOBP_REGULATION_OF_RRNA_PROCESSING,GOBP_REGULATION_OF_RRNA_PROCESSING,,18,-0.44251263,-1.0594369,0.4085779,0.75172246,1.0,1797,"tags=28%, list=6%, signal=30%",
GOBP_VENTRICULAR_SEPTUM_MORPHOGENESIS,GOBP_VENTRICULAR_SEPTUM_MORPHOGENESIS,,39,-0.37922797,-1.0594339,0.36455697,0.75057626,1.0,5785,"tags=38%, list=21%, signal=49%",
GOBP_RIBONUCLEOSIDE_DIPHOSPHATE_BIOSYNTHETIC_PROCESS,GOBP_RIBONUCLEOSIDE_DIPHOSPHATE_BIOSYNTHETIC_PROCESS,,11,-0.49559784,-1.058848,0.39726028,0.75128585,1.0,4537,"tags=64%, list=16%, signal=76%",
REACTOME_NS1_MEDIATED_EFFECTS_ON_HOST_PATHWAYS,REACTOME_NS1_MEDIATED_EFFECTS_ON_HOST_PATHWAYS,,42,-0.36266822,-1.0587835,0.35323384,0.75031114,1.0,3662,"tags=38%, list=13%, signal=44%",
GOBP_WNT_SIGNALING_PATHWAY,GOBP_WNT_SIGNALING_PATHWAY,,418,-0.27117983,-1.0587785,0.18340611,0.74917907,1.0,3589,"tags=18%, list=13%, signal=21%",
GOBP_NEGATIVE_REGULATION_OF_LYMPHOCYTE_APOPTOTIC_PROCESS,GOBP_NEGATIVE_REGULATION_OF_LYMPHOCYTE_APOPTOTIC_PROCESS,,31,-0.38759977,-1.0586562,0.34741783,0.74843085,1.0,2770,"tags=29%, list=10%, signal=32%",
GOBP_POSITIVE_REGULATION_OF_ISOTYPE_SWITCHING_TO_IGG_ISOTYPES,GOBP_POSITIVE_REGULATION_OF_ISOTYPE_SWITCHING_TO_IGG_ISOTYPES,,10,-0.51927465,-1.0582225,0.39958593,0.74872524,1.0,5028,"tags=50%, list=18%, signal=61%",
GOBP_DORSAL_SPINAL_CORD_DEVELOPMENT,GOBP_DORSAL_SPINAL_CORD_DEVELOPMENT,,11,-0.50075084,-1.057909,0.3902439,0.7485932,1.0,1451,"tags=18%, list=5%, signal=19%",
REACTOME_G0_AND_EARLY_G1,REACTOME_G0_AND_EARLY_G1,,27,-0.40421295,-1.0575824,0.36214954,0.74848276,1.0,4180,"tags=30%, list=15%, signal=35%",
GOBP_NEGATIVE_REGULATION_OF_GENE_EXPRESSION_VIA_CHROMOSOMAL_CPG_ISLAND_METHYLATION,GOBP_NEGATIVE_REGULATION_OF_GENE_EXPRESSION_VIA_CHROMOSOMAL_CPG_ISLAND_METHYLATION,,15,-0.46515802,-1.0562452,0.35600907,0.75165915,1.0,4042,"tags=40%, list=15%, signal=47%",
GOBP_NUCLEAR_TRANSCRIBED_MRNA_POLY_A_TAIL_SHORTENING,GOBP_NUCLEAR_TRANSCRIBED_MRNA_POLY_A_TAIL_SHORTENING,,34,-0.38528982,-1.0560335,0.33966747,0.7512018,1.0,1808,"tags=15%, list=7%, signal=16%",
REACTOME_CLASS_I_PEROXISOMAL_MEMBRANE_PROTEIN_IMPORT,REACTOME_CLASS_I_PEROXISOMAL_MEMBRANE_PROTEIN_IMPORT,,20,-0.4212578,-1.0554606,0.36515513,0.7519772,1.0,3487,"tags=25%, list=13%, signal=29%",
GOBP_NEGATIVE_REGULATION_OF_MUSCLE_ADAPTATION,GOBP_NEGATIVE_REGULATION_OF_MUSCLE_ADAPTATION,,12,-0.48487505,-1.0550267,0.39816934,0.75224525,1.0,1311,"tags=25%, list=5%, signal=26%",
GOBP_ESTABLISHMENT_OR_MAINTENANCE_OF_BIPOLAR_CELL_POLARITY,GOBP_ESTABLISHMENT_OR_MAINTENANCE_OF_BIPOLAR_CELL_POLARITY,,49,-0.35214987,-1.0539277,0.32917705,0.75474244,1.0,3341,"tags=27%, list=12%, signal=30%",
GOBP_REGULATION_OF_ARP2_3_COMPLEX_MEDIATED_ACTIN_NUCLEATION,GOBP_REGULATION_OF_ARP2_3_COMPLEX_MEDIATED_ACTIN_NUCLEATION,,31,-0.3931166,-1.0536222,0.3627204,0.7545471,1.0,19,"tags=6%, list=0%, signal=6%",
GOBP_PROTEIN_HEXAMERIZATION,GOBP_PROTEIN_HEXAMERIZATION,,12,-0.49345058,-1.0529457,0.38828632,0.7555281,1.0,5379,"tags=42%, list=19%, signal=52%",
GOBP_HOST_MEDIATED_ACTIVATION_OF_VIRAL_TRANSCRIPTION,GOBP_HOST_MEDIATED_ACTIVATION_OF_VIRAL_TRANSCRIPTION,,18,-0.43092018,-1.0529314,0.37037036,0.7544254,1.0,3546,"tags=33%, list=13%, signal=38%",
GOBP_RESPONSE_TO_LIGHT_STIMULUS,GOBP_RESPONSE_TO_LIGHT_STIMULUS,,295,-0.2768866,-1.052701,0.20992367,0.7540195,1.0,2884,"tags=16%, list=10%, signal=18%",
GOBP_RADIAL_GLIAL_CELL_DIFFERENTIATION,GOBP_RADIAL_GLIAL_CELL_DIFFERENTIATION,,11,-0.49754414,-1.0526462,0.41203704,0.7530598,1.0,2113,"tags=36%, list=8%, signal=39%",
GOBP_TRANSLATIONAL_TERMINATION,GOBP_TRANSLATIONAL_TERMINATION,,18,-0.43746018,-1.0521632,0.37697518,0.75347626,1.0,2178,"tags=22%, list=8%, signal=24%",
GOBP_SKELETAL_MUSCLE_ACETYLCHOLINE_GATED_CHANNEL_CLUSTERING,GOBP_SKELETAL_MUSCLE_ACETYLCHOLINE_GATED_CHANNEL_CLUSTERING,,16,-0.45202085,-1.051686,0.36720553,0.7538339,1.0,350,"tags=13%, list=1%, signal=13%",
GOBP_SUBPALLIUM_DEVELOPMENT,GOBP_SUBPALLIUM_DEVELOPMENT,,21,-0.42911533,-1.0515878,0.3705463,0.75302875,1.0,548,"tags=14%, list=2%, signal=15%",
GOBP_NITROGEN_CYCLE_METABOLIC_PROCESS,GOBP_NITROGEN_CYCLE_METABOLIC_PROCESS,,13,-0.48141813,-1.0514491,0.4553377,0.7523788,1.0,720,"tags=23%, list=3%, signal=24%",
GOBP_MAMMARY_GLAND_EPITHELIAL_CELL_DIFFERENTIATION,GOBP_MAMMARY_GLAND_EPITHELIAL_CELL_DIFFERENTIATION,,15,-0.45959657,-1.0512812,0.38963965,0.7518148,1.0,68,"tags=7%, list=0%, signal=7%",
GOBP_SOMATIC_DIVERSIFICATION_OF_IMMUNE_RECEPTORS,GOBP_SOMATIC_DIVERSIFICATION_OF_IMMUNE_RECEPTORS,,80,-0.32533392,-1.0510476,0.32360741,0.75147015,1.0,1762,"tags=16%, list=6%, signal=17%",
REACTOME_ACYL_CHAIN_REMODELLING_OF_PS,REACTOME_ACYL_CHAIN_REMODELLING_OF_PS,,13,-0.47445953,-1.0501536,0.39583334,0.7532104,1.0,937,"tags=15%, list=3%, signal=16%",
GOBP_INTRACILIARY_RETROGRADE_TRANSPORT,GOBP_INTRACILIARY_RETROGRADE_TRANSPORT,,19,-0.4282186,-1.0497203,0.3776722,0.7534759,1.0,6928,"tags=58%, list=25%, signal=77%",
GOBP_POSITIVE_REGULATION_OF_ORGANELLE_ASSEMBLY,GOBP_POSITIVE_REGULATION_OF_ORGANELLE_ASSEMBLY,,87,-0.31847197,-1.0496668,0.31903484,0.7525448,1.0,2308,"tags=14%, list=8%, signal=15%",
GOBP_CANONICAL_WNT_SIGNALING_PATHWAY,GOBP_CANONICAL_WNT_SIGNALING_PATHWAY,,286,-0.27783602,-1.0478729,0.26206896,0.75729364,1.0,3589,"tags=20%, list=13%, signal=22%",
GOBP_REGULATION_OF_NEURON_DIFFERENTIATION,GOBP_REGULATION_OF_NEURON_DIFFERENTIATION,,134,-0.3015556,-1.0477849,0.32844576,0.7564615,1.0,3524,"tags=17%, list=13%, signal=20%",
GOBP_PREPULSE_INHIBITION,GOBP_PREPULSE_INHIBITION,,11,-0.49464175,-1.0475397,0.41484717,0.7561547,1.0,2840,"tags=27%, list=10%, signal=30%",
GOBP_EMBRYONIC_ORGAN_DEVELOPMENT,GOBP_EMBRYONIC_ORGAN_DEVELOPMENT,,358,-0.27076796,-1.0455358,0.2616034,0.76157266,1.0,3618,"tags=18%, list=13%, signal=21%",
GOBP_MIRNA_PROCESSING,GOBP_MIRNA_PROCESSING,,45,-0.35642868,-1.0446397,0.36915886,0.7634128,1.0,2910,"tags=29%, list=10%, signal=32%",
GOBP_CELL_CELL_ADHESION_MEDIATED_BY_CADHERIN,GOBP_CELL_CELL_ADHESION_MEDIATED_BY_CADHERIN,,46,-0.3587078,-1.0445036,0.38520408,0.7627476,1.0,2473,"tags=15%, list=9%, signal=17%",
REACTOME_MRNA_CAPPING,REACTOME_MRNA_CAPPING,,29,-0.37220302,-1.0420536,0.39130434,0.76962084,1.0,4853,"tags=31%, list=17%, signal=38%",
GOBP_TRANSPOSABLE_ELEMENT_SILENCING_BY_HETEROCHROMATIN_FORMATION,GOBP_TRANSPOSABLE_ELEMENT_SILENCING_BY_HETEROCHROMATIN_FORMATION,,21,-0.4215772,-1.041561,0.37694013,0.7701707,1.0,3567,"tags=29%, list=13%, signal=33%",
GOBP_NEGATIVE_REGULATION_OF_SMAD_PROTEIN_SIGNAL_TRANSDUCTION,GOBP_NEGATIVE_REGULATION_OF_SMAD_PROTEIN_SIGNAL_TRANSDUCTION,,25,-0.40924636,-1.0414891,0.41966426,0.7692777,1.0,2501,"tags=16%, list=9%, signal=18%",
REACTOME_RAS_ACTIVATION_UPON_CA2_INFLUX_THROUGH_NMDA_RECEPTOR,REACTOME_RAS_ACTIVATION_UPON_CA2_INFLUX_THROUGH_NMDA_RECEPTOR,,18,-0.4183404,-1.0412844,0.4009434,0.7688099,1.0,6416,"tags=39%, list=23%, signal=51%",
GOBP_MIRNA_TRANSCRIPTION,GOBP_MIRNA_TRANSCRIPTION,,69,-0.32924423,-1.0412813,0.3601108,0.7677055,1.0,3243,"tags=20%, list=12%, signal=23%",
GOBP_PYRAMIDAL_NEURON_DEVELOPMENT,GOBP_PYRAMIDAL_NEURON_DEVELOPMENT,,10,-0.49760678,-1.0406576,0.44351465,0.768606,1.0,77,"tags=10%, list=0%, signal=10%",
REACTOME_TP53_REGULATES_TRANSCRIPTION_OF_DNA_REPAIR_GENES,REACTOME_TP53_REGULATES_TRANSCRIPTION_OF_DNA_REPAIR_GENES,,61,-0.3351406,-1.03993,0.375,0.7697657,1.0,4853,"tags=28%, list=17%, signal=34%",
GOBP_MESENCHYME_DEVELOPMENT,GOBP_MESENCHYME_DEVELOPMENT,,251,-0.27903005,-1.0397123,0.3202847,0.7692968,1.0,3841,"tags=21%, list=14%, signal=24%",
GOBP_SPINAL_CORD_MOTOR_NEURON_DIFFERENTIATION,GOBP_SPINAL_CORD_MOTOR_NEURON_DIFFERENTIATION,,18,-0.42050254,-1.0390112,0.3888889,0.77053654,1.0,4364,"tags=33%, list=16%, signal=40%",
GOBP_MODULATION_OF_EXCITATORY_POSTSYNAPTIC_POTENTIAL,GOBP_MODULATION_OF_EXCITATORY_POSTSYNAPTIC_POTENTIAL,,44,-0.35722804,-1.0379958,0.36708862,0.7727543,1.0,2936,"tags=16%, list=11%, signal=18%",
GOBP_POSITIVE_REGULATION_OF_STEM_CELL_POPULATION_MAINTENANCE,GOBP_POSITIVE_REGULATION_OF_STEM_CELL_POPULATION_MAINTENANCE,,46,-0.35090095,-1.0377995,0.3661616,0.772282,1.0,2873,"tags=15%, list=10%, signal=17%",
GOBP_POSITIVE_REGULATION_OF_TELOMERE_MAINTENANCE,GOBP_POSITIVE_REGULATION_OF_TELOMERE_MAINTENANCE,,74,-0.32670817,-1.0368636,0.37595907,0.7741931,1.0,4923,"tags=27%, list=18%, signal=33%",
GOBP_NUCLEAR_PORE_ORGANIZATION,GOBP_NUCLEAR_PORE_ORGANIZATION,,15,-0.4504405,-1.036437,0.4168565,0.7745021,1.0,3397,"tags=40%, list=12%, signal=46%",
GOBP_NEGATIVE_REGULATION_OF_EPITHELIAL_TO_MESENCHYMAL_TRANSITION,GOBP_NEGATIVE_REGULATION_OF_EPITHELIAL_TO_MESENCHYMAL_TRANSITION,,36,-0.37337664,-1.0362525,0.3602015,0.77403796,1.0,2171,"tags=14%, list=8%, signal=15%",
GOBP_REGULATION_OF_MORPHOGENESIS_OF_AN_EPITHELIUM,GOBP_REGULATION_OF_MORPHOGENESIS_OF_AN_EPITHELIUM,,47,-0.35342202,-1.0359943,0.37871286,0.77378005,1.0,3226,"tags=19%, list=12%, signal=22%",
GOBP_STARTLE_RESPONSE,GOBP_STARTLE_RESPONSE,,23,-0.4067166,-1.0352706,0.38,0.77503806,1.0,2840,"tags=22%, list=10%, signal=24%",
GOBP_REGULATION_OF_ANIMAL_ORGAN_FORMATION,GOBP_REGULATION_OF_ANIMAL_ORGAN_FORMATION,,15,-0.4465744,-1.0345967,0.42791763,0.77608484,1.0,2770,"tags=20%, list=10%, signal=22%",
GOBP_PROTEIN_DEACYLATION,GOBP_PROTEIN_DEACYLATION,,36,-0.3660241,-1.0344331,0.38663486,0.7755447,1.0,3136,"tags=25%, list=11%, signal=28%",
GOBP_INORGANIC_ION_IMPORT_ACROSS_PLASMA_MEMBRANE,GOBP_INORGANIC_ION_IMPORT_ACROSS_PLASMA_MEMBRANE,,109,-0.3019559,-1.0339564,0.35014006,0.7760074,1.0,3471,"tags=23%, list=13%, signal=26%",
GOBP_REGULATION_OF_CYTOKINESIS,GOBP_REGULATION_OF_CYTOKINESIS,,86,-0.31280047,-1.0329006,0.36338028,0.77836454,1.0,1295,"tags=8%, list=5%, signal=9%",
REACTOME_MITOCHONDRIAL_TRANSLATION,REACTOME_MITOCHONDRIAL_TRANSLATION,,114,-0.30105484,-1.0328331,0.33433735,0.7774751,1.0,2428,"tags=11%, list=9%, signal=11%",
GOBP_EPIGENETIC_REGULATION_OF_GENE_EXPRESSION,GOBP_EPIGENETIC_REGULATION_OF_GENE_EXPRESSION,,315,-0.27237514,-1.0326724,0.33082706,0.77689236,1.0,4407,"tags=23%, list=16%, signal=28%",
GOBP_AXONEMAL_DYNEIN_COMPLEX_ASSEMBLY,GOBP_AXONEMAL_DYNEIN_COMPLEX_ASSEMBLY,,37,-0.36814567,-1.0322263,0.39423078,0.7772706,1.0,4289,"tags=27%, list=15%, signal=32%",
GOBP_REGULATION_OF_DNA_TEMPLATED_DNA_REPLICATION,GOBP_REGULATION_OF_DNA_TEMPLATED_DNA_REPLICATION,,49,-0.34213546,-1.0319523,0.3846154,0.7770975,1.0,4603,"tags=27%, list=17%, signal=32%",
GOBP_ESTABLISHMENT_OF_EPITHELIAL_CELL_POLARITY,GOBP_ESTABLISHMENT_OF_EPITHELIAL_CELL_POLARITY,,26,-0.3904248,-1.0317049,0.40503433,0.77680486,1.0,5224,"tags=35%, list=19%, signal=43%",
GOBP_REGULATION_OF_PROTEIN_LOCALIZATION_TO_NUCLEOLUS,GOBP_REGULATION_OF_PROTEIN_LOCALIZATION_TO_NUCLEOLUS,,11,-0.48399848,-1.0295357,0.43133047,0.78269863,1.0,3669,"tags=45%, list=13%, signal=52%",
GOBP_NEGATIVE_REGULATION_OF_MUSCLE_TISSUE_DEVELOPMENT,GOBP_NEGATIVE_REGULATION_OF_MUSCLE_TISSUE_DEVELOPMENT,,10,-0.49838004,-1.0291111,0.41806722,0.7829046,1.0,604,"tags=20%, list=2%, signal=20%",
REACTOME_GLYCOSPHINGOLIPID_BIOSYNTHESIS,REACTOME_GLYCOSPHINGOLIPID_BIOSYNTHESIS,,17,-0.43381494,-1.0288846,0.40774488,0.782512,1.0,2802,"tags=35%, list=10%, signal=39%",
GOBP_RNA_SPLICING,GOBP_RNA_SPLICING,,461,-0.26062492,-1.0280145,0.32272726,0.7842717,1.0,4882,"tags=22%, list=18%, signal=26%",
REACTOME_FERTILIZATION,REACTOME_FERTILIZATION,,14,-0.4565425,-1.0276542,0.39729118,0.78439486,1.0,3129,"tags=36%, list=11%, signal=40%",
GOBP_POSITIVE_REGULATION_OF_CELL_JUNCTION_ASSEMBLY,GOBP_POSITIVE_REGULATION_OF_CELL_JUNCTION_ASSEMBLY,,80,-0.3193826,-1.0273148,0.3856383,0.78438616,1.0,2806,"tags=15%, list=10%, signal=17%",
GOBP_MEMBRANELESS_ORGANELLE_ASSEMBLY,GOBP_MEMBRANELESS_ORGANELLE_ASSEMBLY,,433,-0.26350644,-1.0268444,0.3167421,0.78483737,1.0,4874,"tags=22%, list=18%, signal=26%",
REACTOME_NOTCH4_INTRACELLULAR_DOMAIN_REGULATES_TRANSCRIPTION,REACTOME_NOTCH4_INTRACELLULAR_DOMAIN_REGULATES_TRANSCRIPTION,,19,-0.4249564,-1.0266961,0.40089086,0.7842254,1.0,1573,"tags=16%, list=6%, signal=17%",
GOBP_REGULATION_OF_DOUBLE_STRAND_BREAK_REPAIR,GOBP_REGULATION_OF_DOUBLE_STRAND_BREAK_REPAIR,,142,-0.29640767,-1.0263175,0.36482084,0.7843225,1.0,3925,"tags=18%, list=14%, signal=21%",
REACTOME_S_PHASE,REACTOME_S_PHASE,,150,-0.2866634,-1.0258888,0.33536586,0.7846417,1.0,4946,"tags=27%, list=18%, signal=33%",
GOBP_DIENCEPHALON_DEVELOPMENT,GOBP_DIENCEPHALON_DEVELOPMENT,,49,-0.3448073,-1.0254911,0.36597937,0.7848114,1.0,2770,"tags=14%, list=10%, signal=16%",
REACTOME_DUAL_INCISION_IN_TC_NER,REACTOME_DUAL_INCISION_IN_TC_NER,,63,-0.33171543,-1.0254859,0.40053052,0.7837392,1.0,4853,"tags=27%, list=17%, signal=33%",
REACTOME_ROLE_OF_PHOSPHOLIPIDS_IN_PHAGOCYTOSIS,REACTOME_ROLE_OF_PHOSPHOLIPIDS_IN_PHAGOCYTOSIS,,82,-0.31327903,-1.0252031,0.37777779,0.783591,1.0,879,"tags=7%, list=3%, signal=8%",
GOBP_NEGATIVE_REGULATION_OF_WNT_SIGNALING_PATHWAY,GOBP_NEGATIVE_REGULATION_OF_WNT_SIGNALING_PATHWAY,,153,-0.29077244,-1.0248215,0.3616352,0.783707,1.0,3583,"tags=20%, list=13%, signal=22%",
GOBP_DNA_TEMPLATED_TRANSCRIPTION_INITIATION,GOBP_DNA_TEMPLATED_TRANSCRIPTION_INITIATION,,249,-0.27172926,-1.0247911,0.36298934,0.7827039,1.0,3986,"tags=19%, list=14%, signal=22%",
GOBP_SNO_S_RNA_METABOLIC_PROCESS,GOBP_SNO_S_RNA_METABOLIC_PROCESS,,15,-0.45387143,-1.0246544,0.42723006,0.7820378,1.0,2280,"tags=33%, list=8%, signal=36%",
REACTOME_SYNTHESIS_OF_IP3_AND_IP4_IN_THE_CYTOSOL,REACTOME_SYNTHESIS_OF_IP3_AND_IP4_IN_THE_CYTOSOL,,25,-0.39790583,-1.0242964,0.42923433,0.7821319,1.0,1779,"tags=20%, list=6%, signal=21%",
GOBP_AXIS_ELONGATION,GOBP_AXIS_ELONGATION,,19,-0.42338076,-1.0235237,0.43683085,0.7835831,1.0,4253,"tags=32%, list=15%, signal=37%",
GOBP_SEGMENTATION,GOBP_SEGMENTATION,,74,-0.3201885,-1.0232459,0.4,0.7834534,1.0,3659,"tags=23%, list=13%, signal=26%",
GOBP_NEGATIVE_REGULATION_OF_MACROPHAGE_MIGRATION,GOBP_NEGATIVE_REGULATION_OF_MACROPHAGE_MIGRATION,,10,-0.49900666,-1.0221514,0.43254817,0.78587455,1.0,2750,"tags=40%, list=10%, signal=44%",
GOBP_PHOSPHATIDYLINOSITOL_METABOLIC_PROCESS,GOBP_PHOSPHATIDYLINOSITOL_METABOLIC_PROCESS,,142,-0.29162088,-1.0212531,0.37536657,0.78778124,1.0,3103,"tags=17%, list=11%, signal=19%",
GOBP_NEGATIVE_REGULATION_OF_RNA_SPLICING,GOBP_NEGATIVE_REGULATION_OF_RNA_SPLICING,,39,-0.36177018,-1.0208906,0.41728395,0.78788,1.0,5514,"tags=38%, list=20%, signal=48%",
GOBP_PYRIMIDINE_NUCLEOSIDE_MONOPHOSPHATE_BIOSYNTHETIC_PROCESS,GOBP_PYRIMIDINE_NUCLEOSIDE_MONOPHOSPHATE_BIOSYNTHETIC_PROCESS,,16,-0.44306865,-1.0208626,0.4170507,0.7868981,1.0,4529,"tags=50%, list=16%, signal=60%",
GOBP_PROTEIN_METHYLATION,GOBP_PROTEIN_METHYLATION,,41,-0.35523796,-1.0206255,0.37317073,0.786622,1.0,5250,"tags=34%, list=19%, signal=42%",
REACTOME_DEADENYLATION_OF_MRNA,REACTOME_DEADENYLATION_OF_MRNA,,25,-0.39445156,-1.0205679,0.40452263,0.78573835,1.0,3816,"tags=28%, list=14%, signal=32%",
REACTOME_REGULATION_OF_BETA_CELL_DEVELOPMENT,REACTOME_REGULATION_OF_BETA_CELL_DEVELOPMENT,,24,-0.39425233,-1.0197624,0.43601894,0.7873211,1.0,1959,"tags=13%, list=7%, signal=13%",
GOBP_RHYTHMIC_PROCESS,GOBP_RHYTHMIC_PROCESS,,251,-0.26946157,-1.0195243,0.38127092,0.7870365,1.0,3489,"tags=18%, list=13%, signal=20%",
GOBP_GASTRULATION_WITH_MOUTH_FORMING_SECOND,GOBP_GASTRULATION_WITH_MOUTH_FORMING_SECOND,,22,-0.40674114,-1.0190588,0.40732265,0.7875286,1.0,3514,"tags=27%, list=13%, signal=31%",
GOBP_NEGATIVE_REGULATION_OF_LEUKOCYTE_MIGRATION,GOBP_NEGATIVE_REGULATION_OF_LEUKOCYTE_MIGRATION,,45,-0.3388444,-1.0189049,0.39,0.78695047,1.0,1531,"tags=20%, list=6%, signal=21%",
GOBP_CHROMOSOME_CONDENSATION,GOBP_CHROMOSOME_CONDENSATION,,42,-0.3520443,-1.0187974,0.4127764,0.7862315,1.0,3220,"tags=21%, list=12%, signal=24%",
GOBP_POSITIVE_REGULATION_OF_NEURON_DIFFERENTIATION,GOBP_POSITIVE_REGULATION_OF_NEURON_DIFFERENTIATION,,56,-0.33942878,-1.0186965,0.39637306,0.78549236,1.0,2770,"tags=16%, list=10%, signal=18%",
GOBP_MYELIN_ASSEMBLY,GOBP_MYELIN_ASSEMBLY,,21,-0.41246617,-1.0186014,0.4032258,0.7847273,1.0,2195,"tags=24%, list=8%, signal=26%",
GOBP_SPINDLE_ASSEMBLY_INVOLVED_IN_FEMALE_MEIOSIS,GOBP_SPINDLE_ASSEMBLY_INVOLVED_IN_FEMALE_MEIOSIS,,13,-0.45332932,-1.0184324,0.4330357,0.7841912,1.0,182,"tags=8%, list=1%, signal=8%",
REACTOME_REGULATION_OF_TP53_ACTIVITY,REACTOME_REGULATION_OF_TP53_ACTIVITY,,159,-0.29143816,-1.0180264,0.41379312,0.7844045,1.0,4707,"tags=25%, list=17%, signal=30%",
REACTOME_FGFR2_LIGAND_BINDING_AND_ACTIVATION,REACTOME_FGFR2_LIGAND_BINDING_AND_ACTIVATION,,11,-0.4759613,-1.0174816,0.4463895,0.7851442,1.0,4041,"tags=27%, list=15%, signal=32%",
GOBP_STEROID_HORMONE_RECEPTOR_SIGNALING_PATHWAY,GOBP_STEROID_HORMONE_RECEPTOR_SIGNALING_PATHWAY,,128,-0.2943986,-1.0170419,0.40229884,0.78552675,1.0,3243,"tags=17%, list=12%, signal=19%",
GOBP_PHOSPHOLIPID_DEPHOSPHORYLATION,GOBP_PHOSPHOLIPID_DEPHOSPHORYLATION,,38,-0.36200812,-1.0164624,0.43269232,0.78632003,1.0,2434,"tags=24%, list=9%, signal=26%",
GOBP_DNA_METHYLATION_DEPENDENT_CONSTITUTIVE_HETEROCHROMATIN_FORMATION,GOBP_DNA_METHYLATION_DEPENDENT_CONSTITUTIVE_HETEROCHROMATIN_FORMATION,,33,-0.36563426,-1.0159469,0.4509804,0.78692394,1.0,5406,"tags=42%, list=19%, signal=53%",
GOBP_ESTABLISHMENT_OF_RNA_LOCALIZATION,GOBP_ESTABLISHMENT_OF_RNA_LOCALIZATION,,158,-0.28391442,-1.0152708,0.41925466,0.78800464,1.0,4884,"tags=28%, list=18%, signal=34%",
GOBP_NUCLEAR_MRNA_SURVEILLANCE,GOBP_NUCLEAR_MRNA_SURVEILLANCE,,11,-0.46414652,-1.0152194,0.45701358,0.78711665,1.0,5244,"tags=64%, list=19%, signal=78%",
GOBP_SPERM_FLAGELLUM_ASSEMBLY,GOBP_SPERM_FLAGELLUM_ASSEMBLY,,53,-0.34190854,-1.0147301,0.42962962,0.7876776,1.0,3829,"tags=25%, list=14%, signal=28%",
GOBP_REGULATION_OF_CILIUM_DEPENDENT_CELL_MOTILITY,GOBP_REGULATION_OF_CILIUM_DEPENDENT_CELL_MOTILITY,,19,-0.41237444,-1.0139313,0.42431194,0.7891981,1.0,3375,"tags=21%, list=12%, signal=24%",
GOBP_REGULATION_OF_ACTOMYOSIN_STRUCTURE_ORGANIZATION,GOBP_REGULATION_OF_ACTOMYOSIN_STRUCTURE_ORGANIZATION,,92,-0.30776623,-1.0139145,0.42406878,0.78820217,1.0,2253,"tags=14%, list=8%, signal=15%",
GOBP_MITOTIC_RECOMBINATION,GOBP_MITOTIC_RECOMBINATION,,27,-0.38400763,-1.013749,0.40441176,0.7876879,1.0,4679,"tags=19%, list=17%, signal=22%",
REACTOME_CLASS_B_2_SECRETIN_FAMILY_RECEPTORS,REACTOME_CLASS_B_2_SECRETIN_FAMILY_RECEPTORS,,65,-0.32569966,-1.0130876,0.40509915,0.78880376,1.0,1650,"tags=12%, list=6%, signal=13%",
REACTOME_RNA_POLYMERASE_III_TRANSCRIPTION_INITIATION_FROM_TYPE_3_PROMOTER,REACTOME_RNA_POLYMERASE_III_TRANSCRIPTION_INITIATION_FROM_TYPE_3_PROMOTER,,28,-0.37869343,-1.0130546,0.4340045,0.7878591,1.0,4447,"tags=25%, list=16%, signal=30%",
GOBP_SEGMENT_SPECIFICATION,GOBP_SEGMENT_SPECIFICATION,,11,-0.4733248,-1.0126411,0.4627907,0.7881571,1.0,4169,"tags=45%, list=15%, signal=53%",
GOBP_B_CELL_ACTIVATION_INVOLVED_IN_IMMUNE_RESPONSE,GOBP_B_CELL_ACTIVATION_INVOLVED_IN_IMMUNE_RESPONSE,,88,-0.31083685,-1.0121667,0.41917807,0.7886484,1.0,2826,"tags=20%, list=10%, signal=23%",
REACTOME_GLUTAMATE_AND_GLUTAMINE_METABOLISM,REACTOME_GLUTAMATE_AND_GLUTAMINE_METABOLISM,,14,-0.45209628,-1.0120081,0.45777777,0.7881308,1.0,4069,"tags=43%, list=15%, signal=50%",
GOBP_TRNA_5_END_PROCESSING,GOBP_TRNA_5_END_PROCESSING,,16,-0.42375076,-1.0119269,0.4416476,0.7873585,1.0,6997,"tags=50%, list=25%, signal=67%",
GOBP_PEROXISOMAL_TRANSPORT,GOBP_PEROXISOMAL_TRANSPORT,,22,-0.39633164,-1.0116785,0.4549763,0.7871128,1.0,2359,"tags=14%, list=9%, signal=15%",
GOBP_HOMOPHILIC_CELL_CELL_ADHESION,GOBP_HOMOPHILIC_CELL_CELL_ADHESION,,110,-0.29859155,-1.0102445,0.37941176,0.79063004,1.0,3519,"tags=16%, list=13%, signal=19%",
GOBP_EMBRYONIC_CAMERA_TYPE_EYE_MORPHOGENESIS,GOBP_EMBRYONIC_CAMERA_TYPE_EYE_MORPHOGENESIS,,16,-0.4350385,-1.0102057,0.44,0.7897034,1.0,1122,"tags=13%, list=4%, signal=13%",
GOBP_REGULATORY_NCRNA_PROCESSING,GOBP_REGULATORY_NCRNA_PROCESSING,,66,-0.32142007,-1.0100327,0.43767312,0.78921974,1.0,3218,"tags=24%, list=12%, signal=27%",
GOBP_BASEMENT_MEMBRANE_ORGANIZATION,GOBP_BASEMENT_MEMBRANE_ORGANIZATION,,39,-0.3533561,-1.0096035,0.4019608,0.78954387,1.0,2461,"tags=15%, list=9%, signal=17%",
GOBP_RENAL_SYSTEM_DEVELOPMENT,GOBP_RENAL_SYSTEM_DEVELOPMENT,,265,-0.27367774,-1.0091414,0.40697673,0.78996855,1.0,3203,"tags=18%, list=12%, signal=20%",
GOBP_MEIOTIC_CHROMOSOME_SEGREGATION,GOBP_MEIOTIC_CHROMOSOME_SEGREGATION,,88,-0.30752397,-1.0090655,0.4310777,0.78918177,1.0,3985,"tags=20%, list=14%, signal=24%",
GOBP_NEUROFILAMENT_CYTOSKELETON_ORGANIZATION,GOBP_NEUROFILAMENT_CYTOSKELETON_ORGANIZATION,,10,-0.48968467,-1.0090038,0.46747968,0.788348,1.0,4518,"tags=30%, list=16%, signal=36%",
GOBP_LYMPH_VESSEL_DEVELOPMENT,GOBP_LYMPH_VESSEL_DEVELOPMENT,,24,-0.38636112,-1.00699,0.4025696,0.79388887,1.0,3867,"tags=25%, list=14%, signal=29%",
GOBP_REGULATION_OF_RNA_SPLICING,GOBP_REGULATION_OF_RNA_SPLICING,,189,-0.2776215,-1.00694,0.41776314,0.7930045,1.0,4706,"tags=23%, list=17%, signal=28%",
GOBP_SENSORY_PERCEPTION_OF_BITTER_TASTE,GOBP_SENSORY_PERCEPTION_OF_BITTER_TASTE,,22,-0.40428048,-1.0065618,0.45785877,0.7931858,1.0,2520,"tags=18%, list=9%, signal=20%",
GOBP_METALLO_SULFUR_CLUSTER_ASSEMBLY,GOBP_METALLO_SULFUR_CLUSTER_ASSEMBLY,,28,-0.37428343,-1.0064782,0.43809524,0.7923904,1.0,6984,"tags=32%, list=25%, signal=43%",
GOBP_REGULATION_OF_DENDRITE_DEVELOPMENT,GOBP_REGULATION_OF_DENDRITE_DEVELOPMENT,,88,-0.30486238,-1.0063105,0.39005235,0.791925,1.0,3020,"tags=15%, list=11%, signal=17%",
GOBP_ESTABLISHMENT_OF_PROTEIN_LOCALIZATION_TO_MITOCHONDRIAL_MEMBRANE,GOBP_ESTABLISHMENT_OF_PROTEIN_LOCALIZATION_TO_MITOCHONDRIAL_MEMBRANE,,33,-0.37388596,-1.0058099,0.44556963,0.79252636,1.0,5101,"tags=45%, list=18%, signal=56%",
GOBP_TELOMERE_MAINTENANCE_VIA_RECOMBINATION,GOBP_TELOMERE_MAINTENANCE_VIA_RECOMBINATION,,15,-0.42693073,-1.005246,0.42826086,0.7933429,1.0,409,"tags=7%, list=1%, signal=7%",
REACTOME_PHOSPHORYLATION_AND_NUCLEAR_TRANSLOCATION_OF_THE_CRY_PER_KINASE_COMPLEX,REACTOME_PHOSPHORYLATION_AND_NUCLEAR_TRANSLOCATION_OF_THE_CRY_PER_KINASE_COMPLEX,,14,-0.43686846,-1.005206,0.4362851,0.79245335,1.0,1366,"tags=21%, list=5%, signal=23%",
GOBP_NEGATIVE_REGULATION_OF_GLUCONEOGENESIS,GOBP_NEGATIVE_REGULATION_OF_GLUCONEOGENESIS,,15,-0.43195152,-1.0050653,0.45089287,0.7919081,1.0,1366,"tags=13%, list=5%, signal=14%",
GOBP_CYTOPLASMIC_MICROTUBULE_ORGANIZATION,GOBP_CYTOPLASMIC_MICROTUBULE_ORGANIZATION,,66,-0.3185415,-1.0046872,0.4305177,0.7920963,1.0,2196,"tags=18%, list=8%, signal=20%",
GOBP_PHOSPHATIDYLINOSITOL_BIOSYNTHETIC_PROCESS,GOBP_PHOSPHATIDYLINOSITOL_BIOSYNTHETIC_PROCESS,,116,-0.29200488,-1.0042949,0.4532578,0.79237336,1.0,1048,"tags=10%, list=4%, signal=11%",
GOBP_MEIOTIC_CELL_CYCLE_PHASE_TRANSITION,GOBP_MEIOTIC_CELL_CYCLE_PHASE_TRANSITION,,15,-0.4417842,-1.004266,0.4366516,0.79144603,1.0,172,"tags=7%, list=1%, signal=7%",
GOBP_SENSORY_ORGAN_DEVELOPMENT,GOBP_SENSORY_ORGAN_DEVELOPMENT,,485,-0.25573835,-1.0027963,0.4107143,0.79517996,1.0,3133,"tags=15%, list=11%, signal=17%",
GOBP_REGULATION_OF_PRESYNAPSE_ORGANIZATION,GOBP_REGULATION_OF_PRESYNAPSE_ORGANIZATION,,21,-0.40308464,-1.0027678,0.4241706,0.7942436,1.0,2321,"tags=19%, list=8%, signal=21%",
GOBP_PHOSPHATIDYLINOSITOL_3_PHOSPHATE_BIOSYNTHETIC_PROCESS,GOBP_PHOSPHATIDYLINOSITOL_3_PHOSPHATE_BIOSYNTHETIC_PROCESS,,23,-0.38218555,-1.0023761,0.4352078,0.7945443,1.0,4018,"tags=30%, list=14%, signal=36%",
GOBP_IMMATURE_B_CELL_DIFFERENTIATION,GOBP_IMMATURE_B_CELL_DIFFERENTIATION,,15,-0.44498956,-1.0021281,0.47191012,0.7942792,1.0,2400,"tags=27%, list=9%, signal=29%",
GOBP_DOUBLE_STRAND_BREAK_REPAIR_VIA_SYNTHESIS_DEPENDENT_STRAND_ANNEALING,GOBP_DOUBLE_STRAND_BREAK_REPAIR_VIA_SYNTHESIS_DEPENDENT_STRAND_ANNEALING,,11,-0.46631747,-1.0009874,0.48873875,0.79693335,1.0,3501,"tags=18%, list=13%, signal=21%",
GOBP_NEGATIVE_REGULATION_OF_GLIAL_CELL_DIFFERENTIATION,GOBP_NEGATIVE_REGULATION_OF_GLIAL_CELL_DIFFERENTIATION,,21,-0.40333208,-1.0007803,0.4738095,0.7965696,1.0,264,"tags=10%, list=1%, signal=10%",
GOBP_IMMUNOLOGICAL_SYNAPSE_FORMATION,GOBP_IMMUNOLOGICAL_SYNAPSE_FORMATION,,17,-0.42440274,-1.0005051,0.44820297,0.7964184,1.0,1602,"tags=18%, list=6%, signal=19%",
GOBP_VITAMIN_BIOSYNTHETIC_PROCESS,GOBP_VITAMIN_BIOSYNTHETIC_PROCESS,,20,-0.4106205,-1.0003649,0.4497717,0.79584163,1.0,3854,"tags=25%, list=14%, signal=29%",
GOBP_NEURONAL_ION_CHANNEL_CLUSTERING,GOBP_NEURONAL_ION_CHANNEL_CLUSTERING,,12,-0.46314916,-1.0003089,0.45333335,0.79501134,1.0,2237,"tags=33%, list=8%, signal=36%",
GOBP_SLEEP,GOBP_SLEEP,,19,-0.416621,-0.9988958,0.46563193,0.79859364,1.0,2819,"tags=26%, list=10%, signal=29%",
REACTOME_TRANSCRIPTIONAL_ACTIVATION_OF_MITOCHONDRIAL_BIOGENESIS,REACTOME_TRANSCRIPTIONAL_ACTIVATION_OF_MITOCHONDRIAL_BIOGENESIS,,52,-0.334822,-0.99884325,0.45255473,0.797746,1.0,1247,"tags=15%, list=4%, signal=16%",
GOBP_NEGATIVE_REGULATION_OF_DEVELOPMENTAL_GROWTH,GOBP_NEGATIVE_REGULATION_OF_DEVELOPMENTAL_GROWTH,,77,-0.3161823,-0.99850035,0.44871795,0.79786545,1.0,4195,"tags=29%, list=15%, signal=34%",
GOBP_AXIS_SPECIFICATION,GOBP_AXIS_SPECIFICATION,,69,-0.32095674,-0.9984006,0.43382353,0.79719806,1.0,3426,"tags=17%, list=12%, signal=20%",
GOBP_POSITIVE_REGULATION_OF_MRNA_PROCESSING,GOBP_POSITIVE_REGULATION_OF_MRNA_PROCESSING,,24,-0.3827018,-0.99790716,0.4217687,0.79779387,1.0,3170,"tags=29%, list=11%, signal=33%",
GOBP_REGULATION_OF_MEIOTIC_CELL_CYCLE_PHASE_TRANSITION,GOBP_REGULATION_OF_MEIOTIC_CELL_CYCLE_PHASE_TRANSITION,,12,-0.46286103,-0.9978643,0.46516854,0.7969254,1.0,172,"tags=8%, list=1%, signal=8%",
GOBP_ESTABLISHMENT_OF_CELL_POLARITY,GOBP_ESTABLISHMENT_OF_CELL_POLARITY,,149,-0.28214407,-0.99733883,0.44012946,0.79766375,1.0,3497,"tags=19%, list=13%, signal=22%",
GOBP_POSITIVE_REGULATION_OF_TRANSFORMING_GROWTH_FACTOR_BETA_PRODUCTION,GOBP_POSITIVE_REGULATION_OF_TRANSFORMING_GROWTH_FACTOR_BETA_PRODUCTION,,16,-0.42199355,-0.99698675,0.4684096,0.79777604,1.0,226,"tags=13%, list=1%, signal=13%",
GOBP_MICROTUBULE_ORGANIZING_CENTER_LOCALIZATION,GOBP_MICROTUBULE_ORGANIZING_CENTER_LOCALIZATION,,30,-0.3663309,-0.99606526,0.44494382,0.7998371,1.0,3458,"tags=23%, list=12%, signal=27%",
GOBP_GLOMERULAR_BASEMENT_MEMBRANE_DEVELOPMENT,GOBP_GLOMERULAR_BASEMENT_MEMBRANE_DEVELOPMENT,,10,-0.4875594,-0.9956763,0.495283,0.80008715,1.0,1344,"tags=20%, list=5%, signal=21%",
GOBP_CARDIAC_EPITHELIAL_TO_MESENCHYMAL_TRANSITION,GOBP_CARDIAC_EPITHELIAL_TO_MESENCHYMAL_TRANSITION,,29,-0.3737432,-0.9956642,0.44392523,0.79912686,1.0,1118,"tags=14%, list=4%, signal=14%",
GOBP_RESPONSE_TO_HYDROXYUREA,GOBP_RESPONSE_TO_HYDROXYUREA,,10,-0.4836141,-0.9956019,0.4520256,0.7983363,1.0,4968,"tags=50%, list=18%, signal=61%",
REACTOME_DOWNSTREAM_SIGNALING_OF_ACTIVATED_FGFR3,REACTOME_DOWNSTREAM_SIGNALING_OF_ACTIVATED_FGFR3,,20,-0.40414593,-0.9951908,0.44988346,0.79869556,1.0,2262,"tags=15%, list=8%, signal=16%",
GOBP_PYRIMIDINE_RIBONUCLEOSIDE_MONOPHOSPHATE_BIOSYNTHETIC_PROCESS,GOBP_PYRIMIDINE_RIBONUCLEOSIDE_MONOPHOSPHATE_BIOSYNTHETIC_PROCESS,,12,-0.4523399,-0.99437904,0.45199063,0.8003164,1.0,4529,"tags=58%, list=16%, signal=70%",
GOBP_NUCLEAR_TRANSCRIBED_MRNA_CATABOLIC_PROCESS,GOBP_NUCLEAR_TRANSCRIBED_MRNA_CATABOLIC_PROCESS,,145,-0.28299084,-0.994317,0.46831957,0.79950327,1.0,2490,"tags=16%, list=9%, signal=17%",
REACTOME_MECHANICAL_LOAD_ACTIVATES_SIGNALING_BY_PIEZO1_AND_INTEGRINS_IN_OSTEOCYTES,REACTOME_MECHANICAL_LOAD_ACTIVATES_SIGNALING_BY_PIEZO1_AND_INTEGRINS_IN_OSTEOCYTES,,14,-0.44194582,-0.99368614,0.4683258,0.80054283,1.0,4709,"tags=36%, list=17%, signal=43%",
GOBP_ACID_SECRETION,GOBP_ACID_SECRETION,,31,-0.364579,-0.9927202,0.46224257,0.8026317,1.0,628,"tags=10%, list=2%, signal=10%",
GOBP_POSITIVE_REGULATION_OF_EPITHELIAL_CELL_DIFFERENTIATION,GOBP_POSITIVE_REGULATION_OF_EPITHELIAL_CELL_DIFFERENTIATION,,51,-0.3326449,-0.9920765,0.47058824,0.80371124,1.0,4470,"tags=27%, list=16%, signal=33%",
REACTOME_MITOCHONDRIAL_TRANSLATION_ELONGATION,REACTOME_MITOCHONDRIAL_TRANSLATION_ELONGATION,,89,-0.29807207,-0.9916193,0.49147728,0.80413485,1.0,2428,"tags=11%, list=9%, signal=12%",
GOBP_NEGATIVE_REGULATION_OF_CANONICAL_WNT_SIGNALING_PATHWAY,GOBP_NEGATIVE_REGULATION_OF_CANONICAL_WNT_SIGNALING_PATHWAY,,124,-0.2827934,-0.99132854,0.48405796,0.80405104,1.0,2082,"tags=14%, list=8%, signal=15%",
REACTOME_INTRAFLAGELLAR_TRANSPORT,REACTOME_INTRAFLAGELLAR_TRANSPORT,,54,-0.32641733,-0.9907889,0.44810125,0.80475664,1.0,6571,"tags=37%, list=24%, signal=48%",
GOBP_GASTRIC_ACID_SECRETION,GOBP_GASTRIC_ACID_SECRETION,,12,-0.45669666,-0.99052536,0.4793578,0.8045529,1.0,2,"tags=8%, list=0%, signal=8%",
GOBP_SYMPATHETIC_NERVOUS_SYSTEM_DEVELOPMENT,GOBP_SYMPATHETIC_NERVOUS_SYSTEM_DEVELOPMENT,,11,-0.47084108,-0.9901681,0.49315068,0.804738,1.0,2749,"tags=18%, list=10%, signal=20%",
GOBP_TOLERANCE_INDUCTION_DEPENDENT_UPON_IMMUNE_RESPONSE,GOBP_TOLERANCE_INDUCTION_DEPENDENT_UPON_IMMUNE_RESPONSE,,10,-0.47462657,-0.9899251,0.48539326,0.8045102,1.0,3696,"tags=50%, list=13%, signal=58%",
GOBP_APICAL_PROTEIN_LOCALIZATION,GOBP_APICAL_PROTEIN_LOCALIZATION,,14,-0.43423665,-0.98962617,0.48590022,0.80448216,1.0,871,"tags=14%, list=3%, signal=15%",
GOBP_POSITIVE_REGULATION_OF_CHROMOSOME_SEPARATION,GOBP_POSITIVE_REGULATION_OF_CHROMOSOME_SEPARATION,,33,-0.35551798,-0.98938656,0.4504717,0.80424863,1.0,2589,"tags=15%, list=9%, signal=17%",
REACTOME_TNFS_BIND_THEIR_PHYSIOLOGICAL_RECEPTORS,REACTOME_TNFS_BIND_THEIR_PHYSIOLOGICAL_RECEPTORS,,26,-0.3781607,-0.9888249,0.4627907,0.80510825,1.0,1051,"tags=19%, list=4%, signal=20%",
GOBP_CENTROSOME_DUPLICATION,GOBP_CENTROSOME_DUPLICATION,,82,-0.30085003,-0.9884259,0.49162012,0.805398,1.0,4001,"tags=22%, list=14%, signal=26%",
GOBP_POLYAMINE_METABOLIC_PROCESS,GOBP_POLYAMINE_METABOLIC_PROCESS,,18,-0.40638545,-0.98828334,0.4624146,0.8048705,1.0,3093,"tags=33%, list=11%, signal=37%",
REACTOME_CRMPS_IN_SEMA3A_SIGNALING,REACTOME_CRMPS_IN_SEMA3A_SIGNALING,,15,-0.4218763,-0.9881724,0.47281325,0.80424434,1.0,502,"tags=13%, list=2%, signal=14%",
GOBP_INNER_EAR_MORPHOGENESIS,GOBP_INNER_EAR_MORPHOGENESIS,,84,-0.3042096,-0.98808175,0.46933332,0.80353934,1.0,3868,"tags=21%, list=14%, signal=25%",
REACTOME_VOLTAGE_GATED_POTASSIUM_CHANNELS,REACTOME_VOLTAGE_GATED_POTASSIUM_CHANNELS,,28,-0.37630764,-0.98802775,0.49004975,0.802729,1.0,954,"tags=18%, list=3%, signal=18%",
GOBP_MITOTIC_DNA_REPLICATION_CHECKPOINT_SIGNALING,GOBP_MITOTIC_DNA_REPLICATION_CHECKPOINT_SIGNALING,,13,-0.4524999,-0.9877289,0.49462366,0.8026791,1.0,8091,"tags=46%, list=29%, signal=65%",
GOBP_CORTISOL_METABOLIC_PROCESS,GOBP_CORTISOL_METABOLIC_PROCESS,,12,-0.45036742,-0.98727053,0.46846846,0.8031487,1.0,1675,"tags=17%, list=6%, signal=18%",
GOBP_NEGATIVE_REGULATION_OF_NEURON_PROJECTION_DEVELOPMENT,GOBP_NEGATIVE_REGULATION_OF_NEURON_PROJECTION_DEVELOPMENT,,117,-0.29128686,-0.98725355,0.47093022,0.8022289,1.0,3589,"tags=20%, list=13%, signal=22%",
GOBP_NEGATIVE_REGULATION_OF_DNA_REPLICATION,GOBP_NEGATIVE_REGULATION_OF_DNA_REPLICATION,,27,-0.3750124,-0.98689383,0.46728972,0.80240285,1.0,4739,"tags=33%, list=17%, signal=40%",
REACTOME_G1_S_SPECIFIC_TRANSCRIPTION,REACTOME_G1_S_SPECIFIC_TRANSCRIPTION,,29,-0.36806357,-0.98573035,0.46572104,0.80514884,1.0,5763,"tags=31%, list=21%, signal=39%",
GOBP_IMMUNOGLOBULIN_PRODUCTION_INVOLVED_IN_IMMUNOGLOBULIN_MEDIATED_IMMUNE_RESPONSE,GOBP_IMMUNOGLOBULIN_PRODUCTION_INVOLVED_IN_IMMUNOGLOBULIN_MEDIATED_IMMUNE_RESPONSE,,58,-0.3213646,-0.9856935,0.4836272,0.8042952,1.0,2826,"tags=21%, list=10%, signal=23%",
GOBP_REGULATION_OF_MRNA_METABOLIC_PROCESS,GOBP_REGULATION_OF_MRNA_METABOLIC_PROCESS,,331,-0.25877598,-0.98480594,0.50403225,0.8061408,1.0,3936,"tags=18%, list=14%, signal=21%",
GOBP_ANAPHASE_PROMOTING_COMPLEX_DEPENDENT_CATABOLIC_PROCESS,GOBP_ANAPHASE_PROMOTING_COMPLEX_DEPENDENT_CATABOLIC_PROCESS,,24,-0.37693775,-0.98468053,0.46778044,0.8055568,1.0,4446,"tags=29%, list=16%, signal=35%",
GOBP_MITOCHONDRIAL_RESPIRATORY_CHAIN_COMPLEX_ASSEMBLY,GOBP_MITOCHONDRIAL_RESPIRATORY_CHAIN_COMPLEX_ASSEMBLY,,99,-0.29385614,-0.98407984,0.48118278,0.80651677,1.0,4826,"tags=20%, list=17%, signal=24%",
GOBP_REGULATION_OF_RUFFLE_ASSEMBLY,GOBP_REGULATION_OF_RUFFLE_ASSEMBLY,,29,-0.3663632,-0.98330784,0.495283,0.8079686,1.0,413,"tags=14%, list=1%, signal=14%",
GOBP_TERMINATION_OF_RNA_POLYMERASE_I_TRANSCRIPTION,GOBP_TERMINATION_OF_RNA_POLYMERASE_I_TRANSCRIPTION,,16,-0.42125037,-0.9832304,0.4811321,0.8072662,1.0,5407,"tags=44%, list=19%, signal=54%",
GOBP_NEUROMUSCULAR_JUNCTION_DEVELOPMENT,GOBP_NEUROMUSCULAR_JUNCTION_DEVELOPMENT,,57,-0.3252183,-0.9829212,0.49739584,0.80727196,1.0,2891,"tags=18%, list=10%, signal=20%",
GOBP_CARTILAGE_CONDENSATION,GOBP_CARTILAGE_CONDENSATION,,13,-0.44203776,-0.9828757,0.4686775,0.8064667,1.0,2406,"tags=31%, list=9%, signal=34%",
GOBP_METANEPHROS_MORPHOGENESIS,GOBP_METANEPHROS_MORPHOGENESIS,,22,-0.394553,-0.9821848,0.47906977,0.8076724,1.0,3081,"tags=23%, list=11%, signal=26%",
GOBP_PURINE_NUCLEOTIDE_TRANSPORT,GOBP_PURINE_NUCLEOTIDE_TRANSPORT,,39,-0.35281646,-0.98151666,0.4888889,0.8088263,1.0,3087,"tags=21%, list=11%, signal=23%",
GOBP_REGULATION_OF_CARDIAC_EPITHELIAL_TO_MESENCHYMAL_TRANSITION,GOBP_REGULATION_OF_CARDIAC_EPITHELIAL_TO_MESENCHYMAL_TRANSITION,,10,-0.47682008,-0.981174,0.48654243,0.8089153,1.0,324,"tags=20%, list=1%, signal=20%",
GOBP_REGULATION_OF_FATTY_ACID_OXIDATION,GOBP_REGULATION_OF_FATTY_ACID_OXIDATION,,30,-0.36558434,-0.9810609,0.5011442,0.8083029,1.0,2359,"tags=20%, list=9%, signal=22%",
GOBP_REGULATION_OF_MIRNA_METABOLIC_PROCESS,GOBP_REGULATION_OF_MIRNA_METABOLIC_PROCESS,,80,-0.3023574,-0.98102593,0.46786633,0.80744374,1.0,3243,"tags=20%, list=12%, signal=23%",
REACTOME_SIGNALING_BY_FGFR4_IN_DISEASE,REACTOME_SIGNALING_BY_FGFR4_IN_DISEASE,,11,-0.46767148,-0.98017204,0.4935065,0.8092759,1.0,2074,"tags=18%, list=7%, signal=20%",
GOBP_POSITIVE_REGULATION_OF_PLASMA_MEMBRANE_BOUNDED_CELL_PROJECTION_ASSEMBLY,GOBP_POSITIVE_REGULATION_OF_PLASMA_MEMBRANE_BOUNDED_CELL_PROJECTION_ASSEMBLY,,109,-0.29114187,-0.97912544,0.49584487,0.8116891,1.0,2479,"tags=16%, list=9%, signal=17%",
GOBP_MUSCLE_HYPERTROPHY_IN_RESPONSE_TO_STRESS,GOBP_MUSCLE_HYPERTROPHY_IN_RESPONSE_TO_STRESS,,26,-0.36968762,-0.97910035,0.4750594,0.8108112,1.0,1311,"tags=12%, list=5%, signal=12%",
GOBP_NEGATIVE_REGULATION_OF_TRANSLATION,GOBP_NEGATIVE_REGULATION_OF_TRANSLATION,,140,-0.27956873,-0.9780952,0.54103345,0.81308836,1.0,2218,"tags=12%, list=8%, signal=13%",
GOBP_BRANCH_ELONGATION_OF_AN_EPITHELIUM,GOBP_BRANCH_ELONGATION_OF_AN_EPITHELIUM,,10,-0.47322845,-0.9780577,0.49676025,0.81224483,1.0,4253,"tags=40%, list=15%, signal=47%",
GOBP_SALIVARY_GLAND_DEVELOPMENT,GOBP_SALIVARY_GLAND_DEVELOPMENT,,31,-0.36267373,-0.9777082,0.4830918,0.8123793,1.0,1051,"tags=13%, list=4%, signal=13%",
GOBP_RESPONSE_TO_PAIN,GOBP_RESPONSE_TO_PAIN,,26,-0.37448016,-0.97751284,0.47281325,0.81204253,1.0,1994,"tags=23%, list=7%, signal=25%",
GOBP_REGULATION_OF_DENDRITE_MORPHOGENESIS,GOBP_REGULATION_OF_DENDRITE_MORPHOGENESIS,,58,-0.3224256,-0.9760103,0.4950495,0.8158282,1.0,5023,"tags=28%, list=18%, signal=34%",
GOBP_SEX_DETERMINATION,GOBP_SEX_DETERMINATION,,14,-0.42195588,-0.9749125,0.456621,0.81828755,1.0,3009,"tags=29%, list=11%, signal=32%",
GOBP_REGULATION_OF_EPITHELIAL_TO_MESENCHYMAL_TRANSITION,GOBP_REGULATION_OF_EPITHELIAL_TO_MESENCHYMAL_TRANSITION,,87,-0.29852742,-0.974361,0.50130546,0.8191126,1.0,1118,"tags=10%, list=4%, signal=11%",
GOBP_RNA_SURVEILLANCE,GOBP_RNA_SURVEILLANCE,,39,-0.3451908,-0.9743305,0.49514562,0.8182333,1.0,2250,"tags=18%, list=8%, signal=20%",
GOBP_LENS_DEVELOPMENT_IN_CAMERA_TYPE_EYE,GOBP_LENS_DEVELOPMENT_IN_CAMERA_TYPE_EYE,,72,-0.30385685,-0.97428805,0.501292,0.81740177,1.0,4664,"tags=22%, list=17%, signal=27%",
GOBP_DNA_TEMPLATED_TRANSCRIPTION_TERMINATION,GOBP_DNA_TEMPLATED_TRANSCRIPTION_TERMINATION,,48,-0.3319527,-0.9739874,0.49874055,0.8174011,1.0,2646,"tags=21%, list=10%, signal=23%",
GOBP_RECEPTOR_CLUSTERING,GOBP_RECEPTOR_CLUSTERING,,58,-0.3246788,-0.9730099,0.50735295,0.8194586,1.0,2951,"tags=19%, list=11%, signal=21%",
GOBP_REGULATION_OF_MONOCYTE_DIFFERENTIATION,GOBP_REGULATION_OF_MONOCYTE_DIFFERENTIATION,,18,-0.41066813,-0.9729153,0.50110376,0.81878716,1.0,691,"tags=17%, list=2%, signal=17%",
REACTOME_CITRIC_ACID_CYCLE_TCA_CYCLE,REACTOME_CITRIC_ACID_CYCLE_TCA_CYCLE,,34,-0.3441589,-0.972852,0.50119334,0.8180234,1.0,334,"tags=6%, list=1%, signal=6%",
GOBP_NEGATIVE_REGULATION_OF_BINDING,GOBP_NEGATIVE_REGULATION_OF_BINDING,,40,-0.3378371,-0.9726792,0.48920864,0.8176344,1.0,866,"tags=10%, list=3%, signal=10%",
GOBP_TELOMERE_ORGANIZATION,GOBP_TELOMERE_ORGANIZATION,,187,-0.26502758,-0.9726194,0.55921054,0.8168593,1.0,4923,"tags=25%, list=18%, signal=30%",
GOBP_POSITIVE_REGULATION_OF_CENTRIOLE_REPLICATION,GOBP_POSITIVE_REGULATION_OF_CENTRIOLE_REPLICATION,,11,-0.456327,-0.9717876,0.48723897,0.8185183,1.0,5032,"tags=27%, list=18%, signal=33%",
REACTOME_NOTCH2_INTRACELLULAR_DOMAIN_REGULATES_TRANSCRIPTION,REACTOME_NOTCH2_INTRACELLULAR_DOMAIN_REGULATES_TRANSCRIPTION,,11,-0.4495929,-0.97141165,0.5142232,0.8187845,1.0,192,"tags=9%, list=1%, signal=9%",
GOBP_REGULATION_OF_NUCLEAR_TRANSCRIBED_MRNA_POLY_A_TAIL_SHORTENING,GOBP_REGULATION_OF_NUCLEAR_TRANSCRIBED_MRNA_POLY_A_TAIL_SHORTENING,,15,-0.41565153,-0.97067237,0.48997772,0.82017154,1.0,935,"tags=13%, list=3%, signal=14%",
GOBP_REGULATION_OF_DIGESTIVE_SYSTEM_PROCESS,GOBP_REGULATION_OF_DIGESTIVE_SYSTEM_PROCESS,,32,-0.351788,-0.97017235,0.47142857,0.8207808,1.0,1078,"tags=6%, list=4%, signal=6%",
GOBP_POSITIVE_REGULATION_OF_B_CELL_PROLIFERATION,GOBP_POSITIVE_REGULATION_OF_B_CELL_PROLIFERATION,,43,-0.3302784,-0.9694786,0.4878049,0.8220182,1.0,1602,"tags=19%, list=6%, signal=20%",
REACTOME_FOXO_MEDIATED_TRANSCRIPTION_OF_CELL_CYCLE_GENES,REACTOME_FOXO_MEDIATED_TRANSCRIPTION_OF_CELL_CYCLE_GENES,,15,-0.42687562,-0.96921235,0.47816592,0.8219302,1.0,967,"tags=20%, list=3%, signal=21%",
GOBP_NEUTRAL_AMINO_ACID_TRANSPORT,GOBP_NEUTRAL_AMINO_ACID_TRANSPORT,,42,-0.3383506,-0.9691153,0.48418492,0.82127196,1.0,1447,"tags=14%, list=5%, signal=15%",
GOBP_BODY_MORPHOGENESIS,GOBP_BODY_MORPHOGENESIS,,44,-0.3296792,-0.96888584,0.50242716,0.821049,1.0,2643,"tags=20%, list=10%, signal=23%",
GOBP_NEGATIVE_REGULATION_OF_RNA_CATABOLIC_PROCESS,GOBP_NEGATIVE_REGULATION_OF_RNA_CATABOLIC_PROCESS,,89,-0.2952967,-0.9688843,0.5080645,0.8201032,1.0,1733,"tags=12%, list=6%, signal=13%",
GOBP_DETECTION_OF_ABIOTIC_STIMULUS,GOBP_DETECTION_OF_ABIOTIC_STIMULUS,,113,-0.2836821,-0.9687526,0.5406163,0.819546,1.0,3453,"tags=18%, list=12%, signal=20%",
GOBP_POSITIVE_REGULATION_OF_DNA_REPAIR,GOBP_POSITIVE_REGULATION_OF_DNA_REPAIR,,136,-0.2790046,-0.96822786,0.5029412,0.82026255,1.0,4013,"tags=18%, list=14%, signal=21%",
GOBP_NEGATIVE_REGULATION_OF_RAS_PROTEIN_SIGNAL_TRANSDUCTION,GOBP_NEGATIVE_REGULATION_OF_RAS_PROTEIN_SIGNAL_TRANSDUCTION,,24,-0.3850574,-0.9676247,0.4953917,0.8212159,1.0,4253,"tags=33%, list=15%, signal=39%",
GOBP_EMBRYONIC_DIGIT_MORPHOGENESIS,GOBP_EMBRYONIC_DIGIT_MORPHOGENESIS,,47,-0.3304435,-0.96727735,0.50797874,0.82139504,1.0,5416,"tags=34%, list=20%, signal=42%",
GOBP_MEIOTIC_CELL_CYCLE,GOBP_MEIOTIC_CELL_CYCLE,,276,-0.2564034,-0.96686476,0.56589144,0.8217434,1.0,3995,"tags=18%, list=14%, signal=21%",
GOBP_CELL_MIGRATION_INVOLVED_IN_GASTRULATION,GOBP_CELL_MIGRATION_INVOLVED_IN_GASTRULATION,,11,-0.46442756,-0.96591926,0.51403886,0.82372576,1.0,3514,"tags=36%, list=13%, signal=42%",
GOBP_SPLICEOSOMAL_TRI_SNRNP_COMPLEX_ASSEMBLY,GOBP_SPLICEOSOMAL_TRI_SNRNP_COMPLEX_ASSEMBLY,,41,-0.3403208,-0.9647384,0.5533981,0.8264917,1.0,4651,"tags=27%, list=17%, signal=32%",
GOBP_PROTEIN_LOCALIZATION_TO_CONDENSED_CHROMOSOME,GOBP_PROTEIN_LOCALIZATION_TO_CONDENSED_CHROMOSOME,,15,-0.40731713,-0.9640946,0.51641136,0.82757515,1.0,6168,"tags=53%, list=22%, signal=69%",
REACTOME_ELEVATION_OF_CYTOSOLIC_CA2_LEVELS,REACTOME_ELEVATION_OF_CYTOSOLIC_CA2_LEVELS,,13,-0.4456692,-0.96389127,0.5176471,0.8272471,1.0,302,"tags=15%, list=1%, signal=16%",
GOBP_PEPTIDYL_TYROSINE_AUTOPHOSPHORYLATION,GOBP_PEPTIDYL_TYROSINE_AUTOPHOSPHORYLATION,,11,-0.44538695,-0.9637607,0.5089686,0.8267166,1.0,483,"tags=18%, list=2%, signal=18%",
REACTOME_CARGO_TRAFFICKING_TO_THE_PERICILIARY_MEMBRANE,REACTOME_CARGO_TRAFFICKING_TO_THE_PERICILIARY_MEMBRANE,,69,-0.30497596,-0.96371025,0.536,0.8259377,1.0,3082,"tags=16%, list=11%, signal=18%",
REACTOME_AURKA_ACTIVATION_BY_TPX2,REACTOME_AURKA_ACTIVATION_BY_TPX2,,72,-0.30681592,-0.9634435,0.5308311,0.82585007,1.0,4001,"tags=22%, list=14%, signal=26%",
GOBP_REGULATION_OF_ACTIN_NUCLEATION,GOBP_REGULATION_OF_ACTIN_NUCLEATION,,38,-0.3405213,-0.9632735,0.5216285,0.8254466,1.0,19,"tags=5%, list=0%, signal=5%",
GOBP_METENCEPHALON_DEVELOPMENT,GOBP_METENCEPHALON_DEVELOPMENT,,105,-0.28711188,-0.96326286,0.5502793,0.8245428,1.0,3151,"tags=16%, list=11%, signal=18%",
GOBP_NEGATIVE_REGULATION_OF_MYOBLAST_DIFFERENTIATION,GOBP_NEGATIVE_REGULATION_OF_MYOBLAST_DIFFERENTIATION,,21,-0.39352334,-0.96317333,0.52549887,0.82386005,1.0,3468,"tags=38%, list=13%, signal=44%",
GOBP_SYNAPTIC_TRANSMISSION_GABAERGIC,GOBP_SYNAPTIC_TRANSMISSION_GABAERGIC,,34,-0.34099644,-0.96288604,0.5110565,0.8238297,1.0,3309,"tags=26%, list=12%, signal=30%",
GOBP_POSITIVE_REGULATION_OF_CALCIUM_MEDIATED_SIGNALING,GOBP_POSITIVE_REGULATION_OF_CALCIUM_MEDIATED_SIGNALING,,46,-0.32736686,-0.96239704,0.5081967,0.8244979,1.0,625,"tags=9%, list=2%, signal=9%",
GOBP_LYMPH_NODE_DEVELOPMENT,GOBP_LYMPH_NODE_DEVELOPMENT,,20,-0.39837885,-0.9613268,0.49414518,0.8269358,1.0,3042,"tags=35%, list=11%, signal=39%",
GOBP_NEGATIVE_REGULATION_OF_ACTIN_FILAMENT_BUNDLE_ASSEMBLY,GOBP_NEGATIVE_REGULATION_OF_ACTIN_FILAMENT_BUNDLE_ASSEMBLY,,27,-0.36298296,-0.9612987,0.5204545,0.826086,1.0,1473,"tags=19%, list=5%, signal=20%",
GOBP_MESODERM_MORPHOGENESIS,GOBP_MESODERM_MORPHOGENESIS,,59,-0.31373498,-0.9610249,0.52307695,0.82598263,1.0,2770,"tags=15%, list=10%, signal=17%",
GOBP_REGULATION_OF_MICROTUBULE_BASED_MOVEMENT,GOBP_REGULATION_OF_MICROTUBULE_BASED_MOVEMENT,,48,-0.32404393,-0.96064234,0.5309524,0.82623345,1.0,4480,"tags=21%, list=16%, signal=25%",
GOBP_REGULATION_OF_CYCLIN_DEPENDENT_PROTEIN_SERINE_THREONINE_KINASE_ACTIVITY,GOBP_REGULATION_OF_CYCLIN_DEPENDENT_PROTEIN_SERINE_THREONINE_KINASE_ACTIVITY,,31,-0.35364634,-0.95988214,0.51501155,0.82766443,1.0,816,"tags=10%, list=3%, signal=10%",
GOBP_HEAD_MORPHOGENESIS,GOBP_HEAD_MORPHOGENESIS,,36,-0.3442626,-0.9597174,0.50490195,0.8272322,1.0,2643,"tags=22%, list=10%, signal=25%",
GOBP_MOTOR_BEHAVIOR,GOBP_MOTOR_BEHAVIOR,,28,-0.35687548,-0.9592308,0.5116823,0.82786244,1.0,2416,"tags=14%, list=9%, signal=16%",
GOBP_HEMATOPOIETIC_STEM_CELL_HOMEOSTASIS,GOBP_HEMATOPOIETIC_STEM_CELL_HOMEOSTASIS,,26,-0.36264637,-0.95863783,0.5243902,0.82877344,1.0,1100,"tags=15%, list=4%, signal=16%",
GOBP_CELL_FATE_SPECIFICATION,GOBP_CELL_FATE_SPECIFICATION,,65,-0.30978784,-0.95835745,0.528,0.82871306,1.0,4438,"tags=22%, list=16%, signal=26%",
REACTOME_DOWNSTREAM_SIGNALING_OF_ACTIVATED_FGFR4,REACTOME_DOWNSTREAM_SIGNALING_OF_ACTIVATED_FGFR4,,21,-0.3876198,-0.95827425,0.5208845,0.8280363,1.0,2262,"tags=14%, list=8%, signal=16%",
GOBP_CYTOPLASMIC_TRANSLATIONAL_INITIATION,GOBP_CYTOPLASMIC_TRANSLATIONAL_INITIATION,,49,-0.3192333,-0.9577274,0.5186104,0.8287741,1.0,4791,"tags=20%, list=17%, signal=25%",
GOBP_REGULATION_OF_POSTSYNAPTIC_NEUROTRANSMITTER_RECEPTOR_INTERNALIZATION,GOBP_REGULATION_OF_POSTSYNAPTIC_NEUROTRANSMITTER_RECEPTOR_INTERNALIZATION,,27,-0.35680676,-0.95771456,0.5225653,0.82789516,1.0,5789,"tags=44%, list=21%, signal=56%",
GOBP_LIMBIC_SYSTEM_DEVELOPMENT,GOBP_LIMBIC_SYSTEM_DEVELOPMENT,,93,-0.28585473,-0.9576931,0.54805195,0.82703483,1.0,1195,"tags=10%, list=4%, signal=10%",
REACTOME_RNA_POLYMERASE_III_TRANSCRIPTION,REACTOME_RNA_POLYMERASE_III_TRANSCRIPTION,,41,-0.3307915,-0.9572796,0.4949495,0.8273951,1.0,6461,"tags=32%, list=23%, signal=41%",
GOBP_P_BODY_ASSEMBLY,GOBP_P_BODY_ASSEMBLY,,23,-0.37540326,-0.9568016,0.49879518,0.8278818,1.0,4462,"tags=22%, list=16%, signal=26%",
REACTOME_SLC_MEDIATED_TRANSPORT_OF_INORGANIC_ANIONS,REACTOME_SLC_MEDIATED_TRANSPORT_OF_INORGANIC_ANIONS,,32,-0.35189414,-0.95664555,0.52227724,0.8274359,1.0,3753,"tags=22%, list=14%, signal=25%",
GOBP_POSITIVE_REGULATION_OF_G1_S_TRANSITION_OF_MITOTIC_CELL_CYCLE,GOBP_POSITIVE_REGULATION_OF_G1_S_TRANSITION_OF_MITOTIC_CELL_CYCLE,,44,-0.33116317,-0.95634407,0.5418719,0.8274647,1.0,3786,"tags=20%, list=14%, signal=24%",
REACTOME_NOTCH1_INTRACELLULAR_DOMAIN_REGULATES_TRANSCRIPTION,REACTOME_NOTCH1_INTRACELLULAR_DOMAIN_REGULATES_TRANSCRIPTION,,47,-0.33131984,-0.9562903,0.50904393,0.82670933,1.0,1004,"tags=11%, list=4%, signal=11%",
REACTOME_REGULATION_OF_MITF_M_DEPENDENT_GENES_INVOLVED_IN_PIGMENTATION,REACTOME_REGULATION_OF_MITF_M_DEPENDENT_GENES_INVOLVED_IN_PIGMENTATION,,39,-0.33429056,-0.95579875,0.56330746,0.8273043,1.0,1546,"tags=13%, list=6%, signal=14%",
GOBP_PYRIMIDINE_CONTAINING_COMPOUND_METABOLIC_PROCESS,GOBP_PYRIMIDINE_CONTAINING_COMPOUND_METABOLIC_PROCESS,,75,-0.2971121,-0.95573145,0.5508685,0.8265911,1.0,4898,"tags=29%, list=18%, signal=36%",
GOBP_MYOTUBE_CELL_DEVELOPMENT,GOBP_MYOTUBE_CELL_DEVELOPMENT,,36,-0.3392321,-0.9556672,0.5147059,0.82586867,1.0,4757,"tags=33%, list=17%, signal=40%",
GOBP_PROTEIN_LOCALIZATION_TO_NUCLEOPLASM,GOBP_PROTEIN_LOCALIZATION_TO_NUCLEOPLASM,,14,-0.42386878,-0.9555819,0.5303738,0.82524425,1.0,5512,"tags=36%, list=20%, signal=45%",
GOBP_FACE_MORPHOGENESIS,GOBP_FACE_MORPHOGENESIS,,29,-0.3639655,-0.9553922,0.52870816,0.82490385,1.0,2643,"tags=24%, list=10%, signal=27%",
GOBP_PHARYNGEAL_SYSTEM_DEVELOPMENT,GOBP_PHARYNGEAL_SYSTEM_DEVELOPMENT,,19,-0.3844247,-0.95515645,0.55452436,0.8247023,1.0,4365,"tags=37%, list=16%, signal=44%",
GOBP_NEGATIVE_REGULATION_OF_IMMUNOGLOBULIN_PRODUCTION,GOBP_NEGATIVE_REGULATION_OF_IMMUNOGLOBULIN_PRODUCTION,,10,-0.46094275,-0.95465535,0.5131579,0.8253017,1.0,159,"tags=20%, list=1%, signal=20%",
GOBP_MULTI_CILIATED_EPITHELIAL_CELL_DIFFERENTIATION,GOBP_MULTI_CILIATED_EPITHELIAL_CELL_DIFFERENTIATION,,10,-0.45540026,-0.9545494,0.53747326,0.82472235,1.0,1433,"tags=20%, list=5%, signal=21%",
GOBP_NEGATIVE_REGULATION_OF_T_CELL_APOPTOTIC_PROCESS,GOBP_NEGATIVE_REGULATION_OF_T_CELL_APOPTOTIC_PROCESS,,20,-0.38689235,-0.9544429,0.49776787,0.82413405,1.0,2770,"tags=25%, list=10%, signal=28%",
GOBP_MICROAUTOPHAGY,GOBP_MICROAUTOPHAGY,,22,-0.38019454,-0.95434725,0.5415617,0.8235221,1.0,1726,"tags=18%, list=6%, signal=19%",
GOBP_PROTEIN_IMPORT_INTO_MITOCHONDRIAL_MATRIX,GOBP_PROTEIN_IMPORT_INTO_MITOCHONDRIAL_MATRIX,,24,-0.36874714,-0.9543435,0.5292842,0.82263094,1.0,5872,"tags=42%, list=21%, signal=53%",
GOBP_MIRNA_METABOLIC_PROCESS,GOBP_MIRNA_METABOLIC_PROCESS,,98,-0.2874119,-0.9537327,0.5555556,0.8236053,1.0,2910,"tags=18%, list=10%, signal=20%",
GOBP_LYMPHOCYTE_ANERGY,GOBP_LYMPHOCYTE_ANERGY,,10,-0.4556581,-0.9536787,0.49388754,0.8228606,1.0,370,"tags=20%, list=1%, signal=20%",
REACTOME_NUCLEOTIDE_LIKE_PURINERGIC_RECEPTORS,REACTOME_NUCLEOTIDE_LIKE_PURINERGIC_RECEPTORS,,15,-0.41161665,-0.9526153,0.5558036,0.825172,1.0,1769,"tags=27%, list=6%, signal=28%",
GOBP_DOUBLE_STRAND_BREAK_REPAIR_INVOLVED_IN_MEIOTIC_RECOMBINATION,GOBP_DOUBLE_STRAND_BREAK_REPAIR_INVOLVED_IN_MEIOTIC_RECOMBINATION,,10,-0.4486433,-0.95233476,0.5124717,0.8251221,1.0,3978,"tags=30%, list=14%, signal=35%",
REACTOME_AKT_PHOSPHORYLATES_TARGETS_IN_THE_NUCLEUS,REACTOME_AKT_PHOSPHORYLATES_TARGETS_IN_THE_NUCLEUS,,10,-0.44672352,-0.95219886,0.5285088,0.8246238,1.0,2935,"tags=40%, list=11%, signal=45%",
REACTOME_RNA_POLYMERASE_III_TRANSCRIPTION_TERMINATION,REACTOME_RNA_POLYMERASE_III_TRANSCRIPTION_TERMINATION,,23,-0.37611574,-0.95196223,0.5241379,0.8244236,1.0,4447,"tags=26%, list=16%, signal=31%",
GOBP_REGULATION_OF_SIGNAL_TRANSDUCTION_BY_P53_CLASS_MEDIATOR,GOBP_REGULATION_OF_SIGNAL_TRANSDUCTION_BY_P53_CLASS_MEDIATOR,,114,-0.279323,-0.95180184,0.5714286,0.82402235,1.0,5406,"tags=31%, list=19%, signal=38%",
REACTOME_SIGNALING_BY_ERBB2_ECD_MUTANTS,REACTOME_SIGNALING_BY_ERBB2_ECD_MUTANTS,,16,-0.40525305,-0.9509291,0.51918733,0.82569927,1.0,2891,"tags=19%, list=10%, signal=21%",
GOBP_MAMMARY_GLAND_DUCT_MORPHOGENESIS,GOBP_MAMMARY_GLAND_DUCT_MORPHOGENESIS,,26,-0.3633038,-0.950154,0.54196644,0.8271029,1.0,3917,"tags=31%, list=14%, signal=36%",
GOBP_REPLICATIVE_SENESCENCE,GOBP_REPLICATIVE_SENESCENCE,,15,-0.41421875,-0.95005226,0.5318182,0.8265117,1.0,4564,"tags=33%, list=16%, signal=40%",
GOBP_NEGATIVE_REGULATION_OF_EPITHELIAL_CELL_PROLIFERATION,GOBP_NEGATIVE_REGULATION_OF_EPITHELIAL_CELL_PROLIFERATION,,108,-0.28118342,-0.9492772,0.5548961,0.8279171,1.0,2770,"tags=17%, list=10%, signal=18%",
GOBP_VENTRICULAR_SEPTUM_DEVELOPMENT,GOBP_VENTRICULAR_SEPTUM_DEVELOPMENT,,63,-0.3048523,-0.9491392,0.5307692,0.8274674,1.0,5881,"tags=29%, list=21%, signal=36%",
GOBP_ANOIKIS,GOBP_ANOIKIS,,32,-0.35393947,-0.94835824,0.5183374,0.8289164,1.0,995,"tags=13%, list=4%, signal=13%",
GOBP_CELLULAR_RESPONSE_TO_LIGHT_STIMULUS,GOBP_CELLULAR_RESPONSE_TO_LIGHT_STIMULUS,,106,-0.28330258,-0.9483525,0.576,0.82803804,1.0,3681,"tags=22%, list=13%, signal=25%",
GOBP_HEART_VALVE_FORMATION,GOBP_HEART_VALVE_FORMATION,,10,-0.46383506,-0.9479576,0.54211664,0.8283597,1.0,2407,"tags=30%, list=9%, signal=33%",
GOBP_RETINAL_ROD_CELL_DIFFERENTIATION,GOBP_RETINAL_ROD_CELL_DIFFERENTIATION,,12,-0.43955138,-0.9476062,0.54176074,0.82848895,1.0,4193,"tags=25%, list=15%, signal=29%",
GOBP_REGULATION_OF_HYDROGEN_PEROXIDE_MEDIATED_PROGRAMMED_CELL_DEATH,GOBP_REGULATION_OF_HYDROGEN_PEROXIDE_MEDIATED_PROGRAMMED_CELL_DEATH,,13,-0.42876634,-0.9463862,0.5460674,0.8312183,1.0,1217,"tags=23%, list=4%, signal=24%",
GOBP_REGULATION_OF_EPIDERMIS_DEVELOPMENT,GOBP_REGULATION_OF_EPIDERMIS_DEVELOPMENT,,55,-0.3155482,-0.94637996,0.57622737,0.830339,1.0,4158,"tags=31%, list=15%, signal=36%",
GOBP_MRNA_CATABOLIC_PROCESS,GOBP_MRNA_CATABOLIC_PROCESS,,280,-0.2556317,-0.946327,0.677193,0.8295975,1.0,2544,"tags=14%, list=9%, signal=15%",
GOBP_ASTRAL_MICROTUBULE_ORGANIZATION,GOBP_ASTRAL_MICROTUBULE_ORGANIZATION,,14,-0.41263172,-0.94553375,0.5222222,0.8311427,1.0,2196,"tags=36%, list=8%, signal=39%",
GOBP_EMBRYONIC_APPENDAGE_MORPHOGENESIS,GOBP_EMBRYONIC_APPENDAGE_MORPHOGENESIS,,92,-0.2851781,-0.94547415,0.5878962,0.83042955,1.0,5416,"tags=33%, list=20%, signal=40%",
GOBP_REGULATION_OF_DENDRITIC_SPINE_MORPHOGENESIS,GOBP_REGULATION_OF_DENDRITIC_SPINE_MORPHOGENESIS,,40,-0.3264866,-0.94544816,0.56028366,0.8295992,1.0,3253,"tags=20%, list=12%, signal=23%",
GOBP_MORPHOGENESIS_OF_A_BRANCHING_STRUCTURE,GOBP_MORPHOGENESIS_OF_A_BRANCHING_STRUCTURE,,156,-0.26838347,-0.9454387,0.60912055,0.82873243,1.0,1807,"tags=12%, list=7%, signal=12%",
REACTOME_REGULATION_OF_TP53_ACTIVITY_THROUGH_METHYLATION,REACTOME_REGULATION_OF_TP53_ACTIVITY_THROUGH_METHYLATION,,19,-0.3952966,-0.9451619,0.53421634,0.82866186,1.0,4339,"tags=37%, list=16%, signal=44%",
GOBP_CIRCADIAN_SLEEP_WAKE_CYCLE_SLEEP,GOBP_CIRCADIAN_SLEEP_WAKE_CYCLE_SLEEP,,14,-0.43092892,-0.9450936,0.5494506,0.8279752,1.0,2819,"tags=29%, list=10%, signal=32%",
GOBP_MITOTIC_DNA_REPLICATION,GOBP_MITOTIC_DNA_REPLICATION,,17,-0.39431274,-0.9433832,0.5471264,0.8323119,1.0,1032,"tags=12%, list=4%, signal=12%",
GOBP_RESPONSE_TO_AUDITORY_STIMULUS,GOBP_RESPONSE_TO_AUDITORY_STIMULUS,,24,-0.37227187,-0.94307834,0.5436409,0.8323816,1.0,3924,"tags=21%, list=14%, signal=24%",
GOBP_RNA_EXPORT_FROM_NUCLEUS,GOBP_RNA_EXPORT_FROM_NUCLEUS,,91,-0.28617963,-0.9427992,0.5588235,0.83233035,1.0,5456,"tags=32%, list=20%, signal=40%",
GOBP_REGULATION_OF_RESPIRATORY_GASEOUS_EXCHANGE,GOBP_REGULATION_OF_RESPIRATORY_GASEOUS_EXCHANGE,,17,-0.39651385,-0.9424246,0.55058825,0.8325575,1.0,2542,"tags=29%, list=9%, signal=32%",
GOBP_LONG_TERM_MEMORY,GOBP_LONG_TERM_MEMORY,,30,-0.35095286,-0.94239366,0.529976,0.831759,1.0,3257,"tags=20%, list=12%, signal=23%",
GOBP_NEGATIVE_REGULATION_OF_KERATINOCYTE_PROLIFERATION,GOBP_NEGATIVE_REGULATION_OF_KERATINOCYTE_PROLIFERATION,,12,-0.43059075,-0.94232166,0.53913045,0.8310884,1.0,769,"tags=17%, list=3%, signal=17%",
REACTOME_CARNITINE_SHUTTLE,REACTOME_CARNITINE_SHUTTLE,,12,-0.43219376,-0.9419418,0.55333334,0.83136165,1.0,1462,"tags=17%, list=5%, signal=18%",
REACTOME_MICRORNA_MIRNA_BIOGENESIS,REACTOME_MICRORNA_MIRNA_BIOGENESIS,,25,-0.36315778,-0.9413077,0.5511628,0.8323865,1.0,3078,"tags=24%, list=11%, signal=27%",
GOBP_REGULATION_OF_INTESTINAL_ABSORPTION,GOBP_REGULATION_OF_INTESTINAL_ABSORPTION,,12,-0.44262904,-0.94124955,0.5363248,0.8316669,1.0,2589,"tags=17%, list=9%, signal=18%",
GOBP_NEGATIVE_REGULATION_OF_NUCLEAR_TRANSCRIBED_MRNA_CATABOLIC_PROCESS_DEADENYLATION_DEPENDENT_DECAY,GOBP_NEGATIVE_REGULATION_OF_NUCLEAR_TRANSCRIBED_MRNA_CATABOLIC_PROCESS_DEADENYLATION_DEPENDENT_DECAY,,11,-0.44606036,-0.9410777,0.5361702,0.83130765,1.0,624,"tags=9%, list=2%, signal=9%",
GOBP_PEPTIDYL_LYSINE_METHYLATION,GOBP_PEPTIDYL_LYSINE_METHYLATION,,17,-0.40120015,-0.9404614,0.55733943,0.83226526,1.0,5250,"tags=35%, list=19%, signal=44%",
GOBP_REGULATION_OF_MEIOTIC_CELL_CYCLE,GOBP_REGULATION_OF_MEIOTIC_CELL_CYCLE,,59,-0.30740887,-0.94033796,0.5539568,0.831747,1.0,4667,"tags=22%, list=17%, signal=26%",
GOBP_SPINDLE_ORGANIZATION,GOBP_SPINDLE_ORGANIZATION,,210,-0.25616798,-0.93998647,0.6700337,0.8319295,1.0,5863,"tags=25%, list=21%, signal=32%",
GOBP_COCHLEA_DEVELOPMENT,GOBP_COCHLEA_DEVELOPMENT,,41,-0.3294426,-0.9398771,0.5524297,0.8313948,1.0,3711,"tags=24%, list=13%, signal=28%",
GOBP_REGULATION_OF_GLIAL_CELL_DIFFERENTIATION,GOBP_REGULATION_OF_GLIAL_CELL_DIFFERENTIATION,,59,-0.3025792,-0.9392058,0.5569948,0.83251816,1.0,925,"tags=8%, list=3%, signal=9%",
GOBP_REGULATION_OF_MICROTUBULE_BASED_PROCESS,GOBP_REGULATION_OF_MICROTUBULE_BASED_PROCESS,,258,-0.2510941,-0.939046,0.70307165,0.8321419,1.0,4195,"tags=17%, list=15%, signal=19%",
GOBP_CARDIAC_ATRIUM_DEVELOPMENT,GOBP_CARDIAC_ATRIUM_DEVELOPMENT,,27,-0.35843942,-0.9389098,0.548926,0.83164793,1.0,2407,"tags=11%, list=9%, signal=12%",
REACTOME_NETRIN_1_SIGNALING,REACTOME_NETRIN_1_SIGNALING,,39,-0.3263679,-0.93766934,0.56153846,0.83432615,1.0,3391,"tags=26%, list=12%, signal=29%",
GOBP_LUNG_ALVEOLUS_DEVELOPMENT,GOBP_LUNG_ALVEOLUS_DEVELOPMENT,,43,-0.32530448,-0.93741643,0.59,0.83417916,1.0,4947,"tags=26%, list=18%, signal=31%",
REACTOME_PROTEIN_HYDROXYLATION,REACTOME_PROTEIN_HYDROXYLATION,,19,-0.37535056,-0.9365964,0.5448431,0.8356962,1.0,5283,"tags=53%, list=19%, signal=65%",
GOBP_SECONDARY_METABOLIC_PROCESS,GOBP_SECONDARY_METABOLIC_PROCESS,,47,-0.3153231,-0.93582135,0.56883115,0.8370819,1.0,3309,"tags=21%, list=12%, signal=24%",
GOBP_APPENDAGE_MORPHOGENESIS,GOBP_APPENDAGE_MORPHOGENESIS,,114,-0.27723116,-0.93561506,0.6180758,0.83680326,1.0,3570,"tags=21%, list=13%, signal=24%",
GOBP_NEGATIVE_REGULATION_OF_REPRODUCTIVE_PROCESS,GOBP_NEGATIVE_REGULATION_OF_REPRODUCTIVE_PROCESS,,50,-0.3135419,-0.9348108,0.59102243,0.8382021,1.0,4920,"tags=32%, list=18%, signal=39%",
GOBP_PYRIMIDINE_RIBONUCLEOTIDE_METABOLIC_PROCESS,GOBP_PYRIMIDINE_RIBONUCLEOTIDE_METABOLIC_PROCESS,,31,-0.34753463,-0.9347477,0.5452381,0.8375208,1.0,4898,"tags=35%, list=18%, signal=43%",
REACTOME_TGFBR3_EXPRESSION,REACTOME_TGFBR3_EXPRESSION,,23,-0.36811307,-0.9340581,0.56594723,0.8387108,1.0,1983,"tags=17%, list=7%, signal=19%",
GOBP_MITOTIC_G1_S_TRANSITION_CHECKPOINT_SIGNALING,GOBP_MITOTIC_G1_S_TRANSITION_CHECKPOINT_SIGNALING,,16,-0.40162817,-0.9333221,0.5368171,0.84004414,1.0,4202,"tags=31%, list=15%, signal=37%",
REACTOME_HOMOLOGOUS_DNA_PAIRING_AND_STRAND_EXCHANGE,REACTOME_HOMOLOGOUS_DNA_PAIRING_AND_STRAND_EXCHANGE,,43,-0.32519853,-0.9321423,0.58669835,0.8426808,1.0,4580,"tags=28%, list=17%, signal=33%",
GOBP_POSITIVE_REGULATION_OF_CARTILAGE_DEVELOPMENT,GOBP_POSITIVE_REGULATION_OF_CARTILAGE_DEVELOPMENT,,26,-0.35241878,-0.92989767,0.57399106,0.8483756,1.0,4393,"tags=31%, list=16%, signal=37%",
GOBP_KERATINOCYTE_PROLIFERATION,GOBP_KERATINOCYTE_PROLIFERATION,,43,-0.32314187,-0.9298661,0.5642202,0.8475963,1.0,4143,"tags=30%, list=15%, signal=35%",
REACTOME_TRANSCRIPTION_OF_E2F_TARGETS_UNDER_NEGATIVE_CONTROL_BY_DREAM_COMPLEX,REACTOME_TRANSCRIPTION_OF_E2F_TARGETS_UNDER_NEGATIVE_CONTROL_BY_DREAM_COMPLEX,,19,-0.38025105,-0.9296846,0.54272515,0.8472311,1.0,1850,"tags=21%, list=7%, signal=23%",
GOBP_NEGATIVE_REGULATION_OF_OSSIFICATION,GOBP_NEGATIVE_REGULATION_OF_OSSIFICATION,,33,-0.3417454,-0.9291676,0.55764705,0.8479043,1.0,2825,"tags=21%, list=10%, signal=24%",
GOBP_POSITIVE_REGULATION_OF_MRNA_SPLICING_VIA_SPLICEOSOME,GOBP_POSITIVE_REGULATION_OF_MRNA_SPLICING_VIA_SPLICEOSOME,,20,-0.37792924,-0.9287222,0.53978497,0.8483262,1.0,3170,"tags=30%, list=11%, signal=34%",
GOBP_T_HELPER_2_CELL_CYTOKINE_PRODUCTION,GOBP_T_HELPER_2_CELL_CYTOKINE_PRODUCTION,,11,-0.43200505,-0.9286954,0.53636366,0.84752375,1.0,4442,"tags=36%, list=16%, signal=43%",
GOBP_POSITIVE_REGULATION_OF_ACTIN_FILAMENT_BUNDLE_ASSEMBLY,GOBP_POSITIVE_REGULATION_OF_ACTIN_FILAMENT_BUNDLE_ASSEMBLY,,58,-0.30332872,-0.9286651,0.5984456,0.8467351,1.0,2596,"tags=17%, list=9%, signal=19%",
GOBP_RESPONSE_TO_LIGHT_INTENSITY,GOBP_RESPONSE_TO_LIGHT_INTENSITY,,17,-0.39891818,-0.9284252,0.56823266,0.8465428,1.0,2686,"tags=18%, list=10%, signal=20%",
REACTOME_DEFECTS_IN_VITAMIN_AND_COFACTOR_METABOLISM,REACTOME_DEFECTS_IN_VITAMIN_AND_COFACTOR_METABOLISM,,22,-0.36256236,-0.9283463,0.5612009,0.8458992,1.0,3873,"tags=27%, list=14%, signal=32%",
REACTOME_DISEASES_OF_BRANCHED_CHAIN_AMINO_ACID_CATABOLISM,REACTOME_DISEASES_OF_BRANCHED_CHAIN_AMINO_ACID_CATABOLISM,,13,-0.42423996,-0.92834496,0.5631692,0.8450328,1.0,3873,"tags=31%, list=14%, signal=36%",
REACTOME_SLC_TRANSPORTER_DISORDERS,REACTOME_SLC_TRANSPORTER_DISORDERS,,85,-0.28547955,-0.9283021,0.6386555,0.8442723,1.0,4431,"tags=27%, list=16%, signal=32%",
GOBP_BRANCHING_INVOLVED_IN_SALIVARY_GLAND_MORPHOGENESIS,GOBP_BRANCHING_INVOLVED_IN_SALIVARY_GLAND_MORPHOGENESIS,,17,-0.3916417,-0.9280323,0.5645161,0.8442071,1.0,502,"tags=12%, list=2%, signal=12%",
GOBP_HOMOLOGOUS_RECOMBINATION,GOBP_HOMOLOGOUS_RECOMBINATION,,68,-0.29401842,-0.92764467,0.5934066,0.844443,1.0,3978,"tags=19%, list=14%, signal=22%",
GOBP_NEGATIVE_REGULATION_OF_MRNA_METABOLIC_PROCESS,GOBP_NEGATIVE_REGULATION_OF_MRNA_METABOLIC_PROCESS,,109,-0.2724657,-0.92756265,0.63583815,0.84379,1.0,3927,"tags=19%, list=14%, signal=22%",
GOBP_NEGATIVE_REGULATION_OF_PROTEIN_SERINE_THREONINE_KINASE_ACTIVITY,GOBP_NEGATIVE_REGULATION_OF_PROTEIN_SERINE_THREONINE_KINASE_ACTIVITY,,30,-0.3408058,-0.9272332,0.60183066,0.8438792,1.0,1314,"tags=17%, list=5%, signal=17%",
REACTOME_REGULATION_OF_CDH1_MRNA_TRANSLATION_BY_MICRORNAS,REACTOME_REGULATION_OF_CDH1_MRNA_TRANSLATION_BY_MICRORNAS,,11,-0.4479154,-0.9272117,0.56570154,0.843067,1.0,4462,"tags=36%, list=16%, signal=43%",
GOBP_CHEMICAL_SYNAPTIC_TRANSMISSION_POSTSYNAPTIC,GOBP_CHEMICAL_SYNAPTIC_TRANSMISSION_POSTSYNAPTIC,,97,-0.27882186,-0.9270849,0.6246499,0.842561,1.0,1899,"tags=10%, list=7%, signal=11%",
GOBP_MRNA_TRANSPORT,GOBP_MRNA_TRANSPORT,,129,-0.2671289,-0.92694044,0.67528737,0.8421352,1.0,4884,"tags=27%, list=18%, signal=33%",
GOBP_HINDBRAIN_DEVELOPMENT,GOBP_HINDBRAIN_DEVELOPMENT,,139,-0.26639405,-0.92671233,0.6595092,0.8419426,1.0,3151,"tags=15%, list=11%, signal=17%",
GOBP_REGULATION_OF_HAIR_CYCLE,GOBP_REGULATION_OF_HAIR_CYCLE,,23,-0.36413065,-0.9266578,0.5714286,0.84126776,1.0,439,"tags=9%, list=2%, signal=9%",
GOBP_REGULATION_OF_MRNA_CATABOLIC_PROCESS,GOBP_REGULATION_OF_MRNA_CATABOLIC_PROCESS,,210,-0.25082856,-0.9259857,0.7056962,0.8423213,1.0,2140,"tags=11%, list=8%, signal=12%",
GOBP_NUCLEOSIDE_BIOSYNTHETIC_PROCESS,GOBP_NUCLEOSIDE_BIOSYNTHETIC_PROCESS,,19,-0.36928046,-0.92579734,0.5506329,0.84201664,1.0,4920,"tags=37%, list=18%, signal=45%",
REACTOME_TRANSCRIPTIONAL_REGULATION_OF_BROWN_AND_BEIGE_ADIPOCYTE_DIFFERENTIATION,REACTOME_TRANSCRIPTIONAL_REGULATION_OF_BROWN_AND_BEIGE_ADIPOCYTE_DIFFERENTIATION,,24,-0.3596087,-0.92537624,0.5603645,0.8424203,1.0,4191,"tags=33%, list=15%, signal=39%",
GOBP_NUCLEOLAR_LARGE_RRNA_TRANSCRIPTION_BY_RNA_POLYMERASE_I,GOBP_NUCLEOLAR_LARGE_RRNA_TRANSCRIPTION_BY_RNA_POLYMERASE_I,,33,-0.33528978,-0.9249625,0.5490654,0.84272826,1.0,4819,"tags=42%, list=17%, signal=51%",
REACTOME_PROCESSING_OF_CAPPED_INTRON_CONTAINING_PRE_MRNA,REACTOME_PROCESSING_OF_CAPPED_INTRON_CONTAINING_PRE_MRNA,,291,-0.24254724,-0.9248501,0.76870745,0.84219205,1.0,3773,"tags=18%, list=14%, signal=20%",
GOBP_HOMOLOGOUS_CHROMOSOME_PAIRING_AT_MEIOSIS,GOBP_HOMOLOGOUS_CHROMOSOME_PAIRING_AT_MEIOSIS,,45,-0.31846023,-0.92468107,0.59042555,0.8418231,1.0,3940,"tags=27%, list=14%, signal=31%",
GOBP_PHOSPHATIDYLINOSITOL_PHOSPHATE_BIOSYNTHETIC_PROCESS,GOBP_PHOSPHATIDYLINOSITOL_PHOSPHATE_BIOSYNTHETIC_PROCESS,,55,-0.30248207,-0.9238719,0.6215539,0.84324545,1.0,4018,"tags=18%, list=14%, signal=21%",
REACTOME_DEFECTS_IN_COBALAMIN_B12_METABOLISM,REACTOME_DEFECTS_IN_COBALAMIN_B12_METABOLISM,,14,-0.4030274,-0.9229332,0.54405284,0.8450783,1.0,3352,"tags=36%, list=12%, signal=41%",
GOBP_EPITHELIAL_TUBE_BRANCHING_INVOLVED_IN_LUNG_MORPHOGENESIS,GOBP_EPITHELIAL_TUBE_BRANCHING_INVOLVED_IN_LUNG_MORPHOGENESIS,,20,-0.38049898,-0.9226926,0.5744186,0.8448681,1.0,1118,"tags=10%, list=4%, signal=10%",
GOBP_GLUTAMINE_FAMILY_AMINO_ACID_METABOLIC_PROCESS,GOBP_GLUTAMINE_FAMILY_AMINO_ACID_METABOLIC_PROCESS,,56,-0.30034405,-0.92259395,0.58524173,0.8443138,1.0,3649,"tags=25%, list=13%, signal=29%",
GOBP_REGULATION_OF_POSTSYNAPTIC_MEMBRANE_POTENTIAL,GOBP_REGULATION_OF_POSTSYNAPTIC_MEMBRANE_POTENTIAL,,109,-0.27142486,-0.9222558,0.6570605,0.8444232,1.0,2936,"tags=13%, list=11%, signal=14%",
REACTOME_SENSORY_PERCEPTION_OF_TASTE,REACTOME_SENSORY_PERCEPTION_OF_TASTE,,31,-0.33951324,-0.9221429,0.57373273,0.8438881,1.0,2976,"tags=19%, list=11%, signal=22%",
GOBP_NEGATIVE_REGULATION_OF_CELL_CYCLE_G1_S_PHASE_TRANSITION,GOBP_NEGATIVE_REGULATION_OF_CELL_CYCLE_G1_S_PHASE_TRANSITION,,59,-0.304935,-0.92190915,0.6219512,0.84373206,1.0,4241,"tags=22%, list=15%, signal=26%",
GOBP_LYMPH_VESSEL_MORPHOGENESIS,GOBP_LYMPH_VESSEL_MORPHOGENESIS,,17,-0.3863605,-0.92157733,0.56542057,0.84382576,1.0,2825,"tags=18%, list=10%, signal=20%",
GOBP_MAMMARY_GLAND_ALVEOLUS_DEVELOPMENT,GOBP_MAMMARY_GLAND_ALVEOLUS_DEVELOPMENT,,18,-0.3882572,-0.9214946,0.5435294,0.84321105,1.0,6907,"tags=33%, list=25%, signal=44%",
GOBP_REGULATION_OF_POSTSYNAPTIC_SPECIALIZATION_ASSEMBLY,GOBP_REGULATION_OF_POSTSYNAPTIC_SPECIALIZATION_ASSEMBLY,,17,-0.38741145,-0.9202447,0.575406,0.8458909,1.0,2523,"tags=18%, list=9%, signal=19%",
REACTOME_DIFFERENTIATION_OF_NAIVE_CD_T_CELLS_TO_T_HELPER_1_CELLS_TH1_CELLS,REACTOME_DIFFERENTIATION_OF_NAIVE_CD_T_CELLS_TO_T_HELPER_1_CELLS_TH1_CELLS,,13,-0.41696486,-0.92021984,0.5638298,0.84512174,1.0,4438,"tags=46%, list=16%, signal=55%",
REACTOME_ADRENALINE_NORADRENALINE_INHIBITS_INSULIN_SECRETION,REACTOME_ADRENALINE_NORADRENALINE_INHIBITS_INSULIN_SECRETION,,24,-0.3520156,-0.92003596,0.5809524,0.84477586,1.0,1127,"tags=13%, list=4%, signal=13%",
REACTOME_DEVELOPMENTAL_LINEAGE_OF_MAMMARY_STEM_CELLS,REACTOME_DEVELOPMENTAL_LINEAGE_OF_MAMMARY_STEM_CELLS,,12,-0.4325787,-0.9196708,0.5800866,0.8449394,1.0,4707,"tags=42%, list=17%, signal=50%",
GOBP_POSITIVE_REGULATION_OF_MORPHOGENESIS_OF_AN_EPITHELIUM,GOBP_POSITIVE_REGULATION_OF_MORPHOGENESIS_OF_AN_EPITHELIUM,,30,-0.3415622,-0.9194893,0.5768322,0.8446006,1.0,1615,"tags=13%, list=6%, signal=14%",
GOBP_GLYCOSAMINOGLYCAN_BIOSYNTHETIC_PROCESS,GOBP_GLYCOSAMINOGLYCAN_BIOSYNTHETIC_PROCESS,,29,-0.34311846,-0.9185769,0.5490654,0.84629023,1.0,3762,"tags=31%, list=14%, signal=36%",
REACTOME_SMAD2_SMAD3_SMAD4_HETEROTRIMER_REGULATES_TRANSCRIPTION,REACTOME_SMAD2_SMAD3_SMAD4_HETEROTRIMER_REGULATES_TRANSCRIPTION,,36,-0.32919827,-0.9182533,0.55690074,0.8463348,1.0,2171,"tags=19%, list=8%, signal=21%",
GOBP_REGULATION_OF_TRANSCRIPTION_BY_RNA_POLYMERASE_I,GOBP_REGULATION_OF_TRANSCRIPTION_BY_RNA_POLYMERASE_I,,46,-0.31276762,-0.9182502,0.58524173,0.8455062,1.0,5144,"tags=35%, list=19%, signal=43%",
GOBP_REGULATION_OF_WNT_SIGNALING_PATHWAY_PLANAR_CELL_POLARITY_PATHWAY,GOBP_REGULATION_OF_WNT_SIGNALING_PATHWAY_PLANAR_CELL_POLARITY_PATHWAY,,12,-0.41465104,-0.9181263,0.5488372,0.8450225,1.0,8729,"tags=67%, list=31%, signal=97%",
GOBP_LATERAL_VENTRICLE_DEVELOPMENT,GOBP_LATERAL_VENTRICLE_DEVELOPMENT,,13,-0.40659267,-0.91795677,0.5714286,0.84467816,1.0,2425,"tags=23%, list=9%, signal=25%",
GOBP_POSITIVE_REGULATION_OF_RAC_PROTEIN_SIGNAL_TRANSDUCTION,GOBP_POSITIVE_REGULATION_OF_RAC_PROTEIN_SIGNAL_TRANSDUCTION,,24,-0.36204413,-0.9179345,0.58932716,0.8439011,1.0,2048,"tags=21%, list=7%, signal=22%",
GOBP_DIGESTIVE_TRACT_MORPHOGENESIS,GOBP_DIGESTIVE_TRACT_MORPHOGENESIS,,34,-0.32978752,-0.91721267,0.5974684,0.8450565,1.0,2825,"tags=15%, list=10%, signal=16%",
GOBP_REGULATION_OF_MICROTUBULE_NUCLEATION,GOBP_REGULATION_OF_MICROTUBULE_NUCLEATION,,19,-0.3754529,-0.9169887,0.5922551,0.8448627,1.0,3899,"tags=26%, list=14%, signal=31%",
GOBP_DNA_DAMAGE_TOLERANCE,GOBP_DNA_DAMAGE_TOLERANCE,,37,-0.32465836,-0.9168202,0.5761905,0.844512,1.0,3282,"tags=22%, list=12%, signal=24%",
GOBP_INTERLEUKIN_17_MEDIATED_SIGNALING_PATHWAY,GOBP_INTERLEUKIN_17_MEDIATED_SIGNALING_PATHWAY,,13,-0.4144314,-0.9165121,0.56696427,0.8445061,1.0,1733,"tags=31%, list=6%, signal=33%",
REACTOME_PROSTACYCLIN_SIGNALLING_THROUGH_PROSTACYCLIN_RECEPTOR,REACTOME_PROSTACYCLIN_SIGNALLING_THROUGH_PROSTACYCLIN_RECEPTOR,,16,-0.38300252,-0.916477,0.571116,0.8437696,1.0,591,"tags=13%, list=2%, signal=13%",
GOBP_REGULATION_OF_EXCITATORY_SYNAPSE_ASSEMBLY,GOBP_REGULATION_OF_EXCITATORY_SYNAPSE_ASSEMBLY,,19,-0.37413177,-0.9164353,0.5807175,0.8430444,1.0,2523,"tags=21%, list=9%, signal=23%",
GOBP_POSITIVE_REGULATION_OF_CELL_CYCLE_PROCESS,GOBP_POSITIVE_REGULATION_OF_CELL_CYCLE_PROCESS,,238,-0.24815387,-0.9152615,0.7773973,0.84548914,1.0,3984,"tags=18%, list=14%, signal=21%",
GOBP_CD4_POSITIVE_CD25_POSITIVE_ALPHA_BETA_REGULATORY_T_CELL_DIFFERENTIATION,GOBP_CD4_POSITIVE_CD25_POSITIVE_ALPHA_BETA_REGULATORY_T_CELL_DIFFERENTIATION,,10,-0.44127977,-0.9151813,0.600432,0.844871,1.0,2517,"tags=30%, list=9%, signal=33%",
GOBP_REGULATION_OF_CELL_PROLIFERATION_INVOLVED_IN_KIDNEY_DEVELOPMENT,GOBP_REGULATION_OF_CELL_PROLIFERATION_INVOLVED_IN_KIDNEY_DEVELOPMENT,,13,-0.40500966,-0.915094,0.56026787,0.8442756,1.0,1048,"tags=23%, list=4%, signal=24%",
REACTOME_PRESYNAPTIC_FUNCTION_OF_KAINATE_RECEPTORS,REACTOME_PRESYNAPTIC_FUNCTION_OF_KAINATE_RECEPTORS,,18,-0.38137197,-0.91503507,0.5816092,0.8436105,1.0,591,"tags=11%, list=2%, signal=11%",
GOBP_7_METHYLGUANOSINE_CAP_HYPERMETHYLATION,GOBP_7_METHYLGUANOSINE_CAP_HYPERMETHYLATION,,10,-0.43141836,-0.9148675,0.5633803,0.84325653,1.0,6050,"tags=40%, list=22%, signal=51%",
GOBP_NEURAL_CREST_FORMATION,GOBP_NEURAL_CREST_FORMATION,,12,-0.42093375,-0.9146896,0.5804348,0.8429338,1.0,3500,"tags=33%, list=13%, signal=38%",
GOBP_HOMOLOGOUS_CHROMOSOME_SEGREGATION,GOBP_HOMOLOGOUS_CHROMOSOME_SEGREGATION,,59,-0.29525572,-0.9143572,0.6377551,0.8430102,1.0,3985,"tags=24%, list=14%, signal=28%",
REACTOME_MOLECULES_ASSOCIATED_WITH_ELASTIC_FIBRES,REACTOME_MOLECULES_ASSOCIATED_WITH_ELASTIC_FIBRES,,31,-0.33505479,-0.91428965,0.6075,0.84235984,1.0,1649,"tags=13%, list=6%, signal=14%",
GOBP_MEIOSIS_I_CELL_CYCLE_PROCESS,GOBP_MEIOSIS_I_CELL_CYCLE_PROCESS,,128,-0.2647079,-0.91146344,0.7243402,0.84922147,1.0,3985,"tags=16%, list=14%, signal=19%",
REACTOME_KSRP_KHSRP_BINDS_AND_DESTABILIZES_MRNA,REACTOME_KSRP_KHSRP_BINDS_AND_DESTABILIZES_MRNA,,17,-0.37865275,-0.91130435,0.57078654,0.8488217,1.0,949,"tags=18%, list=3%, signal=18%",
GOBP_EPITHELIAL_STRUCTURE_MAINTENANCE,GOBP_EPITHELIAL_STRUCTURE_MAINTENANCE,,33,-0.33102185,-0.91120887,0.6014151,0.8482408,1.0,1342,"tags=12%, list=5%, signal=13%",
REACTOME_KINESINS,REACTOME_KINESINS,,57,-0.2985242,-0.9109672,0.6572238,0.84809345,1.0,142,"tags=4%, list=1%, signal=4%",
GOBP_HAIR_FOLLICLE_MATURATION,GOBP_HAIR_FOLLICLE_MATURATION,,11,-0.42272443,-0.9100035,0.5708061,0.84991574,1.0,1063,"tags=18%, list=4%, signal=19%",
REACTOME_RND3_GTPASE_CYCLE,REACTOME_RND3_GTPASE_CYCLE,,38,-0.32298747,-0.90811586,0.6229117,0.8541659,1.0,1976,"tags=13%, list=7%, signal=14%",
GOBP_PEPTIDYL_LYSINE_MODIFICATION,GOBP_PEPTIDYL_LYSINE_MODIFICATION,,123,-0.26581445,-0.90715736,0.7262248,0.85582954,1.0,5258,"tags=28%, list=19%, signal=35%",
GOBP_HOST_MEDIATED_SUPPRESSION_OF_VIRAL_PROCES,GOBP_HOST_MEDIATED_SUPPRESSION_OF_VIRAL_PROCES,,15,-0.39040646,-0.9070597,0.5848214,0.85525775,1.0,113,"tags=7%, list=0%, signal=7%",
GOBP_MAINTENANCE_OF_ORGANELLE_LOCATION,GOBP_MAINTENANCE_OF_ORGANELLE_LOCATION,,11,-0.43343782,-0.906877,0.5785877,0.85492575,1.0,5406,"tags=36%, list=19%, signal=45%",
GOBP_REGULATION_OF_TELOMERASE_RNA_LOCALIZATION_TO_CAJAL_BODY,GOBP_REGULATION_OF_TELOMERASE_RNA_LOCALIZATION_TO_CAJAL_BODY,,12,-0.43017596,-0.90682936,0.5954825,0.85422575,1.0,1269,"tags=17%, list=5%, signal=17%",
GOBP_POSITIVE_REGULATION_OF_CELL_MORPHOGENESIS,GOBP_POSITIVE_REGULATION_OF_CELL_MORPHOGENESIS,,34,-0.3186013,-0.9066949,0.5778302,0.8537696,1.0,5023,"tags=26%, list=18%, signal=32%",
GOBP_REGULATION_OF_AXON_EXTENSION,GOBP_REGULATION_OF_AXON_EXTENSION,,71,-0.2823489,-0.905852,0.6587927,0.8552002,1.0,4821,"tags=28%, list=17%, signal=34%",
REACTOME_ACTIVATION_OF_KAINATE_RECEPTORS_UPON_GLUTAMATE_BINDING,REACTOME_ACTIVATION_OF_KAINATE_RECEPTORS_UPON_GLUTAMATE_BINDING,,26,-0.343948,-0.905654,0.60181,0.8549028,1.0,1385,"tags=12%, list=5%, signal=12%",
GOBP_MICROTUBULE_ANCHORING,GOBP_MICROTUBULE_ANCHORING,,25,-0.35383806,-0.9055122,0.5986239,0.8544512,1.0,4137,"tags=20%, list=15%, signal=23%",
GOBP_REGULATION_OF_RAS_PROTEIN_SIGNAL_TRANSDUCTION,GOBP_REGULATION_OF_RAS_PROTEIN_SIGNAL_TRANSDUCTION,,51,-0.303152,-0.90476686,0.6268657,0.8556237,1.0,3634,"tags=24%, list=13%, signal=27%",
GOBP_MICROVILLUS_ASSEMBLY,GOBP_MICROVILLUS_ASSEMBLY,,15,-0.3961364,-0.9047546,0.5567452,0.8548393,1.0,6002,"tags=27%, list=22%, signal=34%",
GOBP_NEGATIVE_REGULATION_OF_INTRACELLULAR_ESTROGEN_RECEPTOR_SIGNALING_PATHWAY,GOBP_NEGATIVE_REGULATION_OF_INTRACELLULAR_ESTROGEN_RECEPTOR_SIGNALING_PATHWAY,,14,-0.4025523,-0.90430975,0.5714286,0.85522616,1.0,1578,"tags=14%, list=6%, signal=15%",
REACTOME_DOWNREGULATION_OF_TGF_BETA_RECEPTOR_SIGNALING,REACTOME_DOWNREGULATION_OF_TGF_BETA_RECEPTOR_SIGNALING,,26,-0.35202944,-0.9041889,0.60958904,0.8547396,1.0,2171,"tags=15%, list=8%, signal=17%",
GOBP_CYCLIC_NUCLEOTIDE_METABOLIC_PROCESS,GOBP_CYCLIC_NUCLEOTIDE_METABOLIC_PROCESS,,32,-0.33170012,-0.90375143,0.6175772,0.85510695,1.0,4002,"tags=22%, list=14%, signal=26%",
GOBP_NEGATIVE_REGULATION_OF_CELL_DIVISION,GOBP_NEGATIVE_REGULATION_OF_CELL_DIVISION,,14,-0.4041106,-0.9035533,0.6008584,0.85482836,1.0,4241,"tags=29%, list=15%, signal=34%",
REACTOME_COBALAMIN_CBL_VITAMIN_B12_TRANSPORT_AND_METABOLISM,REACTOME_COBALAMIN_CBL_VITAMIN_B12_TRANSPORT_AND_METABOLISM,,20,-0.37062943,-0.90307,0.6088993,0.8553002,1.0,468,"tags=15%, list=2%, signal=15%",
GOBP_REGULATION_OF_NON_CANONICAL_WNT_SIGNALING_PATHWAY,GOBP_REGULATION_OF_NON_CANONICAL_WNT_SIGNALING_PATHWAY,,22,-0.35871294,-0.90273607,0.6152074,0.8553504,1.0,4169,"tags=27%, list=15%, signal=32%",
GOBP_VITAMIN_D_METABOLIC_PROCESS,GOBP_VITAMIN_D_METABOLIC_PROCESS,,16,-0.39187378,-0.9027359,0.5856481,0.85453206,1.0,3854,"tags=31%, list=14%, signal=36%",
REACTOME_RND1_GTPASE_CYCLE,REACTOME_RND1_GTPASE_CYCLE,,40,-0.32006457,-0.9021119,0.620603,0.8554128,1.0,1976,"tags=13%, list=7%, signal=13%",
GOBP_NON_MOTILE_CILIUM_ASSEMBLY,GOBP_NON_MOTILE_CILIUM_ASSEMBLY,,65,-0.29173198,-0.9018741,0.67302454,0.85522616,1.0,3583,"tags=18%, list=13%, signal=21%",
GOBP_T_CELL_TOLERANCE_INDUCTION,GOBP_T_CELL_TOLERANCE_INDUCTION,,19,-0.3737346,-0.9016945,0.59952605,0.85489565,1.0,1069,"tags=21%, list=4%, signal=22%",
GOBP_METANEPHRIC_NEPHRON_DEVELOPMENT,GOBP_METANEPHRIC_NEPHRON_DEVELOPMENT,,26,-0.34908134,-0.9014199,0.60238093,0.8548256,1.0,1048,"tags=12%, list=4%, signal=12%",
REACTOME_TRANSCRIPTION_OF_E2F_TARGETS_UNDER_NEGATIVE_CONTROL_BY_P107_RBL1_AND_P130_RBL2_IN_COMPLEX_WITH_HDAC1,REACTOME_TRANSCRIPTION_OF_E2F_TARGETS_UNDER_NEGATIVE_CONTROL_BY_P107_RBL1_AND_P130_RBL2_IN_COMPLEX_WITH_HDAC1,,16,-0.3875771,-0.9009598,0.5948827,0.8551819,1.0,4180,"tags=31%, list=15%, signal=37%",
GOBP_SPINDLE_ASSEMBLY,GOBP_SPINDLE_ASSEMBLY,,141,-0.25686294,-0.90035146,0.75706214,0.85595804,1.0,5129,"tags=22%, list=18%, signal=27%",
GOBP_LENS_FIBER_CELL_DEVELOPMENT,GOBP_LENS_FIBER_CELL_DEVELOPMENT,,15,-0.3905819,-0.9000784,0.5886525,0.8558564,1.0,3867,"tags=27%, list=14%, signal=31%",
GOBP_TELOMERE_MAINTENANCE_VIA_TELOMERE_LENGTHENING,GOBP_TELOMERE_MAINTENANCE_VIA_TELOMERE_LENGTHENING,,70,-0.28280383,-0.89947265,0.688946,0.8566143,1.0,5828,"tags=34%, list=21%, signal=43%",
GOBP_ATRIAL_CARDIAC_MUSCLE_TISSUE_DEVELOPMENT,GOBP_ATRIAL_CARDIAC_MUSCLE_TISSUE_DEVELOPMENT,,13,-0.40362138,-0.8988232,0.6261261,0.8574753,1.0,4278,"tags=23%, list=15%, signal=27%",
GOBP_N_TERMINAL_PROTEIN_AMINO_ACID_MODIFICATION,GOBP_N_TERMINAL_PROTEIN_AMINO_ACID_MODIFICATION,,15,-0.39640498,-0.89874125,0.60560346,0.85687435,1.0,1929,"tags=20%, list=7%, signal=21%",
GOBP_FOREBRAIN_GENERATION_OF_NEURONS,GOBP_FOREBRAIN_GENERATION_OF_NEURONS,,58,-0.2937755,-0.89870095,0.66490763,0.85617965,1.0,604,"tags=9%, list=2%, signal=9%",
GOBP_TRNA_TRANSCRIPTION,GOBP_TRNA_TRANSCRIPTION,,12,-0.41382515,-0.89868015,0.61573035,0.855418,1.0,6224,"tags=42%, list=22%, signal=54%",
REACTOME_M_DECAY_DEGRADATION_OF_MATERNAL_MRNAS_BY_MATERNALLY_STORED_FACTORS,REACTOME_M_DECAY_DEGRADATION_OF_MATERNAL_MRNAS_BY_MATERNALLY_STORED_FACTORS,,30,-0.33629358,-0.8986133,0.6244019,0.8547887,1.0,3888,"tags=23%, list=14%, signal=27%",
GOBP_REGULATION_OF_NEURONAL_SYNAPTIC_PLASTICITY,GOBP_REGULATION_OF_NEURONAL_SYNAPTIC_PLASTICITY,,55,-0.3004332,-0.89831686,0.6617647,0.8547763,1.0,3320,"tags=18%, list=12%, signal=21%",
GOBP_POSITIVE_REGULATION_OF_MEIOTIC_CELL_CYCLE,GOBP_POSITIVE_REGULATION_OF_MEIOTIC_CELL_CYCLE,,19,-0.3693722,-0.8981436,0.60900474,0.8544276,1.0,3594,"tags=21%, list=13%, signal=24%",
GOBP_DORSAL_VENTRAL_NEURAL_TUBE_PATTERNING,GOBP_DORSAL_VENTRAL_NEURAL_TUBE_PATTERNING,,10,-0.43316826,-0.8978701,0.5912088,0.8543275,1.0,3917,"tags=50%, list=14%, signal=58%",
GOBP_PURINE_NUCLEOSIDE_MONOPHOSPHATE_METABOLIC_PROCESS,GOBP_PURINE_NUCLEOSIDE_MONOPHOSPHATE_METABOLIC_PROCESS,,44,-0.31563225,-0.8978617,0.6386768,0.85354525,1.0,3417,"tags=20%, list=12%, signal=23%",
REACTOME_HDR_THROUGH_MMEJ_ALT_NHEJ,REACTOME_HDR_THROUGH_MMEJ_ALT_NHEJ,,12,-0.40229905,-0.8973048,0.5853132,0.854214,1.0,4492,"tags=42%, list=16%, signal=50%",
GOBP_HOST_MEDIATED_PERTURBATION_OF_VIRAL_TRANSCRIPTION,GOBP_HOST_MEDIATED_PERTURBATION_OF_VIRAL_TRANSCRIPTION,,29,-0.33938342,-0.8966927,0.5942029,0.8549976,1.0,3546,"tags=21%, list=13%, signal=24%",
GOBP_ESTROGEN_METABOLIC_PROCESS,GOBP_ESTROGEN_METABOLIC_PROCESS,,26,-0.33585012,-0.8960653,0.6161369,0.8558538,1.0,2717,"tags=23%, list=10%, signal=26%",
GOBP_REGULATION_OF_MESENCHYMAL_STEM_CELL_DIFFERENTIATION,GOBP_REGULATION_OF_MESENCHYMAL_STEM_CELL_DIFFERENTIATION,,10,-0.42676124,-0.8959592,0.59219086,0.8553291,1.0,23,"tags=10%, list=0%, signal=10%",
GOBP_MACROMOLECULE_DEACYLATION,GOBP_MACROMOLECULE_DEACYLATION,,46,-0.3020162,-0.895691,0.657767,0.8552208,1.0,3136,"tags=22%, list=11%, signal=24%",
REACTOME_FGFR2_MUTANT_RECEPTOR_ACTIVATION,REACTOME_FGFR2_MUTANT_RECEPTOR_ACTIVATION,,24,-0.35549748,-0.89538676,0.6328502,0.85518044,1.0,3078,"tags=21%, list=11%, signal=23%",
GOBP_RRNA_TRANSCRIPTION,GOBP_RRNA_TRANSCRIPTION,,47,-0.30033913,-0.89531827,0.65217394,0.85456246,1.0,6224,"tags=45%, list=22%, signal=58%",
REACTOME_LAMININ_INTERACTIONS,REACTOME_LAMININ_INTERACTIONS,,29,-0.33336148,-0.8951344,0.6094118,0.8542293,1.0,1422,"tags=14%, list=5%, signal=15%",
GOBP_EXPLORATION_BEHAVIOR,GOBP_EXPLORATION_BEHAVIOR,,30,-0.33848402,-0.8950555,0.5721519,0.8536247,1.0,4064,"tags=37%, list=15%, signal=43%",
GOBP_PHENOL_CONTAINING_COMPOUND_BIOSYNTHETIC_PROCESS,GOBP_PHENOL_CONTAINING_COMPOUND_BIOSYNTHETIC_PROCESS,,40,-0.31085488,-0.8948644,0.66334164,0.85331035,1.0,4454,"tags=23%, list=16%, signal=27%",
GOBP_CHEMOSENSORY_BEHAVIOR,GOBP_CHEMOSENSORY_BEHAVIOR,,14,-0.38839528,-0.8945918,0.5824176,0.8531878,1.0,7535,"tags=43%, list=27%, signal=59%",
REACTOME_SIGNALING_BY_NTRK3_TRKC,REACTOME_SIGNALING_BY_NTRK3_TRKC,,16,-0.38438377,-0.89454335,0.6079295,0.8525265,1.0,2523,"tags=19%, list=9%, signal=21%",
GOBP_POSITIVE_REGULATION_OF_STEM_CELL_DIFFERENTIATION,GOBP_POSITIVE_REGULATION_OF_STEM_CELL_DIFFERENTIATION,,16,-0.37928185,-0.89430875,0.61136365,0.8523481,1.0,23,"tags=6%, list=0%, signal=6%",
GOBP_NEGATIVE_REGULATION_OF_BONE_MINERALIZATION,GOBP_NEGATIVE_REGULATION_OF_BONE_MINERALIZATION,,12,-0.42052153,-0.89368284,0.590604,0.85312724,1.0,23,"tags=8%, list=0%, signal=8%",
GOBP_CHONDROCYTE_DEVELOPMENT,GOBP_CHONDROCYTE_DEVELOPMENT,,28,-0.33990023,-0.89324087,0.62903225,0.8534467,1.0,4265,"tags=32%, list=15%, signal=38%",
GOBP_MAINTENANCE_OF_POSTSYNAPTIC_SPECIALIZATION_STRUCTURE,GOBP_MAINTENANCE_OF_POSTSYNAPTIC_SPECIALIZATION_STRUCTURE,,10,-0.4302147,-0.8931573,0.6318083,0.8528771,1.0,1952,"tags=20%, list=7%, signal=22%",
GOBP_RESPONSE_TO_MAGNESIUM_ION,GOBP_RESPONSE_TO_MAGNESIUM_ION,,14,-0.39074552,-0.89211375,0.6207675,0.85472995,1.0,5804,"tags=43%, list=21%, signal=54%",
GOBP_GMP_METABOLIC_PROCESS,GOBP_GMP_METABOLIC_PROCESS,,27,-0.34355912,-0.89192253,0.64285713,0.8544196,1.0,2024,"tags=19%, list=7%, signal=20%",
GOBP_PROGRAMMED_CELL_DEATH_IN_RESPONSE_TO_REACTIVE_OXYGEN_SPECIES,GOBP_PROGRAMMED_CELL_DEATH_IN_RESPONSE_TO_REACTIVE_OXYGEN_SPECIES,,17,-0.37826204,-0.89119107,0.6157205,0.8554887,1.0,2202,"tags=24%, list=8%, signal=26%",
GOBP_TRANSCRIPTION_COUPLED_NUCLEOTIDE_EXCISION_REPAIR,GOBP_TRANSCRIPTION_COUPLED_NUCLEOTIDE_EXCISION_REPAIR,,12,-0.4196433,-0.89109516,0.5863636,0.85493433,1.0,4679,"tags=25%, list=17%, signal=30%",
GOBP_NEGATIVE_REGULATION_OF_CARDIAC_MUSCLE_TISSUE_GROWTH,GOBP_NEGATIVE_REGULATION_OF_CARDIAC_MUSCLE_TISSUE_GROWTH,,18,-0.36736518,-0.88905877,0.6084071,0.85921246,1.0,1311,"tags=17%, list=5%, signal=17%",
GOBP_EMBRYONIC_SKELETAL_JOINT_DEVELOPMENT,GOBP_EMBRYONIC_SKELETAL_JOINT_DEVELOPMENT,,10,-0.43056872,-0.888625,0.6038544,0.8594947,1.0,2770,"tags=20%, list=10%, signal=22%",
REACTOME_FORMATION_OF_DEFINITIVE_ENDODERM,REACTOME_FORMATION_OF_DEFINITIVE_ENDODERM,,11,-0.40880838,-0.8880936,0.606264,0.8600267,1.0,5637,"tags=36%, list=20%, signal=46%",
REACTOME_CELLULAR_RESPONSE_TO_HEAT_STRESS,REACTOME_CELLULAR_RESPONSE_TO_HEAT_STRESS,,96,-0.26694933,-0.88674724,0.7479675,0.86251056,1.0,5841,"tags=36%, list=21%, signal=46%",
GOBP_DETECTION_OF_LIGHT_STIMULUS,GOBP_DETECTION_OF_LIGHT_STIMULUS,,52,-0.29018748,-0.88655627,0.68592966,0.8621884,1.0,2884,"tags=15%, list=10%, signal=17%",
GOBP_VENTRAL_SPINAL_CORD_DEVELOPMENT,GOBP_VENTRAL_SPINAL_CORD_DEVELOPMENT,,28,-0.33735698,-0.8864707,0.6441441,0.8616001,1.0,4472,"tags=25%, list=16%, signal=30%",
GOBP_NUCLEAR_TRANSCRIBED_MRNA_CATABOLIC_PROCESS_DEADENYLATION_DEPENDENT_DECAY,GOBP_NUCLEAR_TRANSCRIBED_MRNA_CATABOLIC_PROCESS_DEADENYLATION_DEPENDENT_DECAY,,68,-0.28486043,-0.8864631,0.70028013,0.8608179,1.0,2490,"tags=13%, list=9%, signal=15%",
REACTOME_CO_STIMULATION_BY_ICOS,REACTOME_CO_STIMULATION_BY_ICOS,,11,-0.4189216,-0.88623816,0.6408602,0.86060053,1.0,1069,"tags=18%, list=4%, signal=19%",
REACTOME_SYNTHESIS_OF_DNA,REACTOME_SYNTHESIS_OF_DNA,,108,-0.2627833,-0.88598144,0.7630058,0.8604654,1.0,4946,"tags=27%, list=18%, signal=33%",
GOBP_BONE_MARROW_DEVELOPMENT,GOBP_BONE_MARROW_DEVELOPMENT,,10,-0.43301407,-0.8856582,0.6189474,0.8604798,1.0,3514,"tags=40%, list=13%, signal=46%",
GOBP_NEGATIVE_REGULATION_OF_MICROTUBULE_POLYMERIZATION,GOBP_NEGATIVE_REGULATION_OF_MICROTUBULE_POLYMERIZATION,,14,-0.3894854,-0.8856097,0.60402685,0.8598232,1.0,4195,"tags=29%, list=15%, signal=34%",
GOBP_POSITIVE_REGULATION_OF_BLOOD_VESSEL_ENDOTHELIAL_CELL_PROLIFERATION_INVOLVED_IN_SPROUTING_ANGIOGENESIS,GOBP_POSITIVE_REGULATION_OF_BLOOD_VESSEL_ENDOTHELIAL_CELL_PROLIFERATION_INVOLVED_IN_SPROUTING_ANGIOGENESIS,,10,-0.42887923,-0.88518786,0.6216814,0.8600783,1.0,395,"tags=10%, list=1%, signal=10%",
GOBP_U2_TYPE_PRESPLICEOSOME_ASSEMBLY,GOBP_U2_TYPE_PRESPLICEOSOME_ASSEMBLY,,25,-0.33824578,-0.88298345,0.6397229,0.8648212,1.0,2463,"tags=12%, list=9%, signal=13%",
REACTOME_HDR_THROUGH_SINGLE_STRAND_ANNEALING_SSA,REACTOME_HDR_THROUGH_SINGLE_STRAND_ANNEALING_SSA,,37,-0.31369874,-0.8820264,0.7044335,0.86633104,1.0,4580,"tags=32%, list=17%, signal=39%",
GOBP_MESENCHYMAL_STEM_CELL_DIFFERENTIATION,GOBP_MESENCHYMAL_STEM_CELL_DIFFERENTIATION,,12,-0.39452878,-0.88089734,0.65502185,0.8682683,1.0,23,"tags=8%, list=0%, signal=8%",
GOBP_REGULATION_OF_MEIOTIC_NUCLEAR_DIVISION,GOBP_REGULATION_OF_MEIOTIC_NUCLEAR_DIVISION,,26,-0.33285367,-0.87945646,0.6495098,0.8709642,1.0,3281,"tags=19%, list=12%, signal=22%",
GOBP_NUCLEOTIDE_TRANSPORT,GOBP_NUCLEOTIDE_TRANSPORT,,47,-0.29763162,-0.8794031,0.7058824,0.87028533,1.0,5458,"tags=32%, list=20%, signal=40%",
GOBP_PERIPHERAL_NERVOUS_SYSTEM_NEURON_DIFFERENTIATION,GOBP_PERIPHERAL_NERVOUS_SYSTEM_NEURON_DIFFERENTIATION,,10,-0.42523506,-0.87859863,0.6450216,0.871386,1.0,963,"tags=10%, list=3%, signal=10%",
GOBP_POSITIVE_REGULATION_OF_RNA_SPLICING,GOBP_POSITIVE_REGULATION_OF_RNA_SPLICING,,34,-0.3143864,-0.87855244,0.685,0.8707126,1.0,3170,"tags=24%, list=11%, signal=27%",
GOBP_NEGATIVE_REGULATION_OF_CAMP_PKA_SIGNAL_TRANSDUCTION,GOBP_NEGATIVE_REGULATION_OF_CAMP_PKA_SIGNAL_TRANSDUCTION,,26,-0.3340346,-0.8785165,0.65384614,0.8700131,1.0,1906,"tags=19%, list=7%, signal=21%",
GOBP_POSITIVE_REGULATION_OF_MUSCLE_CELL_APOPTOTIC_PROCESS,GOBP_POSITIVE_REGULATION_OF_MUSCLE_CELL_APOPTOTIC_PROCESS,,25,-0.33595946,-0.87757015,0.6524823,0.87149423,1.0,707,"tags=8%, list=3%, signal=8%",
GOBP_PROTEINOGENIC_AMINO_ACID_BIOSYNTHETIC_PROCESS,GOBP_PROTEINOGENIC_AMINO_ACID_BIOSYNTHETIC_PROCESS,,40,-0.3089927,-0.87737614,0.67733335,0.8712042,1.0,3949,"tags=28%, list=14%, signal=32%",
REACTOME_TP53_REGULATES_TRANSCRIPTION_OF_CELL_CYCLE_GENES,REACTOME_TP53_REGULATES_TRANSCRIPTION_OF_CELL_CYCLE_GENES,,49,-0.2982151,-0.8771794,0.68613136,0.87087554,1.0,4180,"tags=27%, list=15%, signal=31%",
GOBP_REGULATION_OF_SKELETAL_MUSCLE_TISSUE_DEVELOPMENT,GOBP_REGULATION_OF_SKELETAL_MUSCLE_TISSUE_DEVELOPMENT,,15,-0.38184097,-0.8767917,0.6371882,0.87100434,1.0,3107,"tags=27%, list=11%, signal=30%",
REACTOME_ION_TRANSPORT_BY_P_TYPE_ATPASES,REACTOME_ION_TRANSPORT_BY_P_TYPE_ATPASES,,45,-0.29399282,-0.87633455,0.725,0.8712784,1.0,2197,"tags=13%, list=8%, signal=14%",
GOBP_MINERALOCORTICOID_BIOSYNTHETIC_PROCESS,GOBP_MINERALOCORTICOID_BIOSYNTHETIC_PROCESS,,10,-0.42127812,-0.875789,0.66210043,0.8718008,1.0,1675,"tags=20%, list=6%, signal=21%",
GOBP_POSITIVE_REGULATION_OF_VIRAL_GENOME_REPLICATION,GOBP_POSITIVE_REGULATION_OF_VIRAL_GENOME_REPLICATION,,31,-0.32567063,-0.8755407,0.67574257,0.87158144,1.0,1848,"tags=16%, list=7%, signal=17%",
GOBP_REGULATION_OF_STEM_CELL_PROLIFERATION,GOBP_REGULATION_OF_STEM_CELL_PROLIFERATION,,35,-0.31198138,-0.8754168,0.6827411,0.8710907,1.0,1053,"tags=9%, list=4%, signal=9%",
REACTOME_GLUCAGON_TYPE_LIGAND_RECEPTORS,REACTOME_GLUCAGON_TYPE_LIGAND_RECEPTORS,,20,-0.35863373,-0.87502724,0.6332623,0.87125444,1.0,1650,"tags=15%, list=6%, signal=16%",
GOBP_NEGATIVE_REGULATION_OF_DNA_TEMPLATED_TRANSCRIPTION_INITIATION,GOBP_NEGATIVE_REGULATION_OF_DNA_TEMPLATED_TRANSCRIPTION_INITIATION,,10,-0.42138374,-0.8748842,0.6315789,0.8708073,1.0,2406,"tags=20%, list=9%, signal=22%",
REACTOME_G_PROTEIN_ACTIVATION,REACTOME_G_PROTEIN_ACTIVATION,,20,-0.3503243,-0.8743294,0.6441441,0.8713523,1.0,591,"tags=10%, list=2%, signal=10%",
GOBP_NEGATIVE_REGULATION_OF_STRESS_ACTIVATED_PROTEIN_KINASE_SIGNALING_CASCADE,GOBP_NEGATIVE_REGULATION_OF_STRESS_ACTIVATED_PROTEIN_KINASE_SIGNALING_CASCADE,,10,-0.41921833,-0.87415177,0.6212766,0.8709772,1.0,707,"tags=20%, list=3%, signal=21%",
GOBP_NEGATIVE_REGULATION_OF_ANDROGEN_RECEPTOR_SIGNALING_PATHWAY,GOBP_NEGATIVE_REGULATION_OF_ANDROGEN_RECEPTOR_SIGNALING_PATHWAY,,15,-0.38360855,-0.87408006,0.6573427,0.8703542,1.0,548,"tags=7%, list=2%, signal=7%",
GOBP_ATRIAL_SEPTUM_MORPHOGENESIS,GOBP_ATRIAL_SEPTUM_MORPHOGENESIS,,10,-0.42511314,-0.87338597,0.6486486,0.87123835,1.0,5233,"tags=30%, list=19%, signal=37%",
GOBP_ONE_CARBON_METABOLIC_PROCESS,GOBP_ONE_CARBON_METABOLIC_PROCESS,,23,-0.34337437,-0.8731241,0.63716817,0.871055,1.0,1599,"tags=13%, list=6%, signal=14%",
GOBP_POSITIVE_REGULATION_OF_FATTY_ACID_OXIDATION,GOBP_POSITIVE_REGULATION_OF_FATTY_ACID_OXIDATION,,14,-0.38695058,-0.8716933,0.63265306,0.8736042,1.0,3243,"tags=29%, list=12%, signal=32%",
REACTOME_TRANSCRIPTIONAL_REGULATION_BY_VENTX,REACTOME_TRANSCRIPTIONAL_REGULATION_BY_VENTX,,39,-0.30731046,-0.871408,0.7075,0.87349343,1.0,4462,"tags=28%, list=16%, signal=34%",
GOBP_ISOTYPE_SWITCHING_TO_IGG_ISOTYPES,GOBP_ISOTYPE_SWITCHING_TO_IGG_ISOTYPES,,15,-0.3807979,-0.87140006,0.6212471,0.8727297,1.0,5028,"tags=40%, list=18%, signal=49%",
GOBP_PROTEIN_SUMOYLATION,GOBP_PROTEIN_SUMOYLATION,,63,-0.2783101,-0.8707731,0.72727275,0.8734006,1.0,4291,"tags=22%, list=15%, signal=26%",
GOBP_POSITIVE_REGULATION_OF_ISOTYPE_SWITCHING,GOBP_POSITIVE_REGULATION_OF_ISOTYPE_SWITCHING,,28,-0.33438942,-0.8706114,0.6779279,0.8729804,1.0,5117,"tags=36%, list=18%, signal=44%",
GOBP_NEGATIVE_REGULATION_OF_MULTICELLULAR_ORGANISM_GROWTH,GOBP_NEGATIVE_REGULATION_OF_MULTICELLULAR_ORGANISM_GROWTH,,11,-0.40975663,-0.8704433,0.6280087,0.8725927,1.0,4059,"tags=45%, list=15%, signal=53%",
GOBP_HEMATOPOIETIC_STEM_CELL_PROLIFERATION,GOBP_HEMATOPOIETIC_STEM_CELL_PROLIFERATION,,25,-0.33950424,-0.87012404,0.69086653,0.8725401,1.0,2174,"tags=20%, list=8%, signal=22%",
GOBP_MESENCHYMAL_CELL_PROLIFERATION,GOBP_MESENCHYMAL_CELL_PROLIFERATION,,29,-0.3260703,-0.86964154,0.6545012,0.8728518,1.0,3514,"tags=21%, list=13%, signal=24%",
GOBP_GLUCOCORTICOID_BIOSYNTHETIC_PROCESS,GOBP_GLUCOCORTICOID_BIOSYNTHETIC_PROCESS,,16,-0.3711736,-0.86931306,0.6457399,0.87283915,1.0,1675,"tags=13%, list=6%, signal=13%",
GOBP_REGULATION_OF_SECONDARY_METABOLIC_PROCESS,GOBP_REGULATION_OF_SECONDARY_METABOLIC_PROCESS,,16,-0.37673888,-0.86893946,0.65876776,0.8728966,1.0,4076,"tags=25%, list=15%, signal=29%",
GOBP_RNA_TEMPLATED_DNA_BIOSYNTHETIC_PROCESS,GOBP_RNA_TEMPLATED_DNA_BIOSYNTHETIC_PROCESS,,60,-0.28012487,-0.8672497,0.73170733,0.87599254,1.0,5828,"tags=37%, list=21%, signal=46%",
GOBP_POSITIVE_REGULATION_OF_CHONDROCYTE_DIFFERENTIATION,GOBP_POSITIVE_REGULATION_OF_CHONDROCYTE_DIFFERENTIATION,,16,-0.37515956,-0.86586183,0.6556604,0.8784248,1.0,4393,"tags=31%, list=16%, signal=37%",
GOBP_POSITIVE_REGULATION_OF_CELL_CYCLE_G1_S_PHASE_TRANSITION,GOBP_POSITIVE_REGULATION_OF_CELL_CYCLE_G1_S_PHASE_TRANSITION,,55,-0.28356022,-0.86524594,0.72704715,0.87904567,1.0,5973,"tags=29%, list=22%, signal=37%",
REACTOME_DIFFERENTIATION_OF_KERATINOCYTES_IN_INTERFOLLICULAR_EPIDERMIS_IN_MAMMALIAN_SKIN,REACTOME_DIFFERENTIATION_OF_KERATINOCYTES_IN_INTERFOLLICULAR_EPIDERMIS_IN_MAMMALIAN_SKIN,,25,-0.3323378,-0.8651558,0.67321867,0.8784748,1.0,3107,"tags=16%, list=11%, signal=18%",
REACTOME_EARLY_PHASE_OF_HIV_LIFE_CYCLE,REACTOME_EARLY_PHASE_OF_HIV_LIFE_CYCLE,,14,-0.3831692,-0.86459106,0.6431818,0.8789689,1.0,4913,"tags=36%, list=18%, signal=43%",
GOBP_LYMPHOCYTE_MIGRATION_INTO_LYMPHOID_ORGANS,GOBP_LYMPHOCYTE_MIGRATION_INTO_LYMPHOID_ORGANS,,11,-0.40689784,-0.8644552,0.62227076,0.8785173,1.0,743,"tags=18%, list=3%, signal=19%",
REACTOME_SEMA3A_PLEXIN_REPULSION_SIGNALING_BY_INHIBITING_INTEGRIN_ADHESION,REACTOME_SEMA3A_PLEXIN_REPULSION_SIGNALING_BY_INHIBITING_INTEGRIN_ADHESION,,14,-0.3750635,-0.8638783,0.6445396,0.8789986,1.0,502,"tags=14%, list=2%, signal=15%",
GOBP_POSITIVE_REGULATION_OF_VASCULAR_PERMEABILITY,GOBP_POSITIVE_REGULATION_OF_VASCULAR_PERMEABILITY,,17,-0.36883986,-0.8637094,0.6436782,0.8786034,1.0,1029,"tags=12%, list=4%, signal=12%",
GOBP_REGULATION_OF_MICROVILLUS_ORGANIZATION,GOBP_REGULATION_OF_MICROVILLUS_ORGANIZATION,,15,-0.37728086,-0.86281693,0.6622222,0.87988424,1.0,3020,"tags=20%, list=11%, signal=22%",
GOBP_EMBRYONIC_HEART_TUBE_DEVELOPMENT,GOBP_EMBRYONIC_HEART_TUBE_DEVELOPMENT,,65,-0.2722408,-0.8608954,0.76960784,0.8834259,1.0,3107,"tags=17%, list=11%, signal=19%",
GOBP_UTP_METABOLIC_PROCESS,GOBP_UTP_METABOLIC_PROCESS,,11,-0.4069534,-0.86057436,0.64818764,0.8833816,1.0,4537,"tags=18%, list=16%, signal=22%",
REACTOME_FRS_MEDIATED_FGFR2_SIGNALING,REACTOME_FRS_MEDIATED_FGFR2_SIGNALING,,16,-0.3726808,-0.8592466,0.6241458,0.8855833,1.0,2262,"tags=19%, list=8%, signal=20%",
REACTOME_SIGNALING_BY_LTK,REACTOME_SIGNALING_BY_LTK,,11,-0.40909493,-0.85780656,0.6379691,0.88802314,1.0,156,"tags=9%, list=1%, signal=9%",
REACTOME_Z_DECAY_DEGRADATION_OF_MATERNAL_MRNAS_BY_ZYGOTICALLY_EXPRESSED_FACTORS,REACTOME_Z_DECAY_DEGRADATION_OF_MATERNAL_MRNAS_BY_ZYGOTICALLY_EXPRESSED_FACTORS,,12,-0.3993203,-0.85762495,0.66464645,0.8876478,1.0,3372,"tags=33%, list=12%, signal=38%",
REACTOME_FGFR2_ALTERNATIVE_SPLICING,REACTOME_FGFR2_ALTERNATIVE_SPLICING,,26,-0.3327781,-0.85756475,0.69544363,0.88700426,1.0,5276,"tags=27%, list=19%, signal=33%",
GOBP_EYE_PHOTORECEPTOR_CELL_DIFFERENTIATION,GOBP_EYE_PHOTORECEPTOR_CELL_DIFFERENTIATION,,37,-0.30865487,-0.8572136,0.7205128,0.8870149,1.0,4193,"tags=24%, list=15%, signal=29%",
GOBP_MICROTUBULE_POLYMERIZATION_OR_DEPOLYMERIZATION,GOBP_MICROTUBULE_POLYMERIZATION_OR_DEPOLYMERIZATION,,142,-0.24491279,-0.8571169,0.8729282,0.88645965,1.0,4195,"tags=16%, list=15%, signal=19%",
GOBP_AORTIC_VALVE_MORPHOGENESIS,GOBP_AORTIC_VALVE_MORPHOGENESIS,,29,-0.32071233,-0.8562177,0.7047619,0.8876751,1.0,3649,"tags=21%, list=13%, signal=24%",
GOBP_CARDIAC_SEPTUM_MORPHOGENESIS,GOBP_CARDIAC_SEPTUM_MORPHOGENESIS,,58,-0.28539753,-0.8560566,0.75063616,0.887262,1.0,5785,"tags=31%, list=21%, signal=39%",
GOBP_RESPONSE_TO_NITRIC_OXIDE,GOBP_RESPONSE_TO_NITRIC_OXIDE,,19,-0.347567,-0.8550616,0.68325794,0.8886071,1.0,1170,"tags=16%, list=4%, signal=16%",
REACTOME_NGF_STIMULATED_TRANSCRIPTION,REACTOME_NGF_STIMULATED_TRANSCRIPTION,,34,-0.30938944,-0.85377705,0.69849247,0.89060706,1.0,635,"tags=6%, list=2%, signal=6%",
GOBP_DNA_TEMPLATED_TRANSCRIPTION_ELONGATION,GOBP_DNA_TEMPLATED_TRANSCRIPTION_ELONGATION,,161,-0.2401841,-0.8522422,0.8947368,0.89322007,1.0,3989,"tags=19%, list=14%, signal=22%",
REACTOME_THROMBOXANE_SIGNALLING_THROUGH_TP_RECEPTOR,REACTOME_THROMBOXANE_SIGNALLING_THROUGH_TP_RECEPTOR,,21,-0.34031665,-0.85221094,0.69491524,0.8924952,1.0,591,"tags=10%, list=2%, signal=10%",
GOBP_POSITIVE_REGULATION_OF_OSTEOCLAST_DIFFERENTIATION,GOBP_POSITIVE_REGULATION_OF_OSTEOCLAST_DIFFERENTIATION,,28,-0.32229933,-0.8517472,0.69647056,0.89273417,1.0,4670,"tags=29%, list=17%, signal=34%",
GOBP_ADHERENS_JUNCTION_ORGANIZATION,GOBP_ADHERENS_JUNCTION_ORGANIZATION,,48,-0.29022598,-0.85145235,0.7453271,0.892584,1.0,2171,"tags=15%, list=8%, signal=16%",
GOBP_CARDIAC_SEPTUM_DEVELOPMENT,GOBP_CARDIAC_SEPTUM_DEVELOPMENT,,90,-0.2539928,-0.8506693,0.8426966,0.89342344,1.0,3006,"tags=14%, list=11%, signal=16%",
REACTOME_DISEASES_ASSOCIATED_WITH_GLYCOSYLATION_PRECURSOR_BIOSYNTHESIS,REACTOME_DISEASES_ASSOCIATED_WITH_GLYCOSYLATION_PRECURSOR_BIOSYNTHESIS,,16,-0.37125078,-0.8504701,0.6748879,0.8930753,1.0,2402,"tags=19%, list=9%, signal=21%",
GOBP_POSITIVE_REGULATION_OF_GLUCONEOGENESIS,GOBP_POSITIVE_REGULATION_OF_GLUCONEOGENESIS,,21,-0.33610624,-0.84983885,0.6800895,0.8936485,1.0,3243,"tags=24%, list=12%, signal=27%",
GOBP_UTERUS_DEVELOPMENT,GOBP_UTERUS_DEVELOPMENT,,21,-0.348107,-0.84927166,0.6754967,0.894088,1.0,2658,"tags=19%, list=10%, signal=21%",
REACTOME_PLATELET_CALCIUM_HOMEOSTASIS,REACTOME_PLATELET_CALCIUM_HOMEOSTASIS,,25,-0.3334961,-0.8484957,0.7146283,0.8949518,1.0,302,"tags=8%, list=1%, signal=8%",
GOBP_INTERLEUKIN_5_PRODUCTION,GOBP_INTERLEUKIN_5_PRODUCTION,,21,-0.3423301,-0.84842557,0.7256236,0.8943312,1.0,5118,"tags=38%, list=18%, signal=47%",
GOBP_POSITIVE_REGULATION_OF_LYASE_ACTIVITY,GOBP_POSITIVE_REGULATION_OF_LYASE_ACTIVITY,,14,-0.37154707,-0.84840465,0.6894273,0.8935965,1.0,1769,"tags=21%, list=6%, signal=23%",
GOBP_RNA_CAPPING,GOBP_RNA_CAPPING,,18,-0.35063133,-0.84836286,0.6608315,0.89291435,1.0,2397,"tags=22%, list=9%, signal=24%",
GOBP_POST_EMBRYONIC_DEVELOPMENT,GOBP_POST_EMBRYONIC_DEVELOPMENT,,86,-0.25732774,-0.8475242,0.8243243,0.89385915,1.0,4679,"tags=24%, list=17%, signal=29%",
GOBP_MICROTUBULE_POLYMERIZATION,GOBP_MICROTUBULE_POLYMERIZATION,,102,-0.25291958,-0.8468304,0.84816754,0.89456487,1.0,4195,"tags=20%, list=15%, signal=23%",
REACTOME_TRANSCRIPTIONAL_REGULATION_OF_PLURIPOTENT_STEM_CELLS,REACTOME_TRANSCRIPTIONAL_REGULATION_OF_PLURIPOTENT_STEM_CELLS,,21,-0.33473042,-0.84547675,0.6868009,0.89661586,1.0,548,"tags=10%, list=2%, signal=10%",
GOBP_PEPTIDE_ANTIGEN_ASSEMBLY_WITH_MHC_CLASS_II_PROTEIN_COMPLEX,GOBP_PEPTIDE_ANTIGEN_ASSEMBLY_WITH_MHC_CLASS_II_PROTEIN_COMPLEX,,14,-0.3745713,-0.84542346,0.66739607,0.89594907,1.0,455,"tags=7%, list=2%, signal=7%",
REACTOME_RUNX3_REGULATES_NOTCH_SIGNALING,REACTOME_RUNX3_REGULATES_NOTCH_SIGNALING,,14,-0.38111582,-0.84529334,0.6888889,0.8954394,1.0,963,"tags=14%, list=3%, signal=15%",
GOBP_HEART_TRABECULA_MORPHOGENESIS,GOBP_HEART_TRABECULA_MORPHOGENESIS,,28,-0.31680343,-0.8450897,0.76283616,0.89509445,1.0,264,"tags=7%, list=1%, signal=7%",
GOBP_POSITIVE_REGULATION_OF_GLUCOSE_METABOLIC_PROCESS,GOBP_POSITIVE_REGULATION_OF_GLUCOSE_METABOLIC_PROCESS,,44,-0.2911333,-0.8449093,0.7445652,0.8946863,1.0,1366,"tags=11%, list=5%, signal=12%",
GOBP_SECONDARY_METABOLITE_BIOSYNTHETIC_PROCESS,GOBP_SECONDARY_METABOLITE_BIOSYNTHETIC_PROCESS,,22,-0.33798817,-0.84488845,0.70387244,0.89396316,1.0,4454,"tags=23%, list=16%, signal=27%",
GOBP_EXOCRINE_SYSTEM_DEVELOPMENT,GOBP_EXOCRINE_SYSTEM_DEVELOPMENT,,41,-0.29436204,-0.8448581,0.7512077,0.89326173,1.0,1051,"tags=10%, list=4%, signal=10%",
GOBP_RESPONSE_TO_ATP,GOBP_RESPONSE_TO_ATP,,29,-0.31469136,-0.84429455,0.75321335,0.8936626,1.0,1769,"tags=14%, list=6%, signal=15%",
REACTOME_FRS_MEDIATED_FGFR1_SIGNALING,REACTOME_FRS_MEDIATED_FGFR1_SIGNALING,,16,-0.36424804,-0.8438913,0.6948775,0.8937371,1.0,2262,"tags=19%, list=8%, signal=20%",
REACTOME_REGULATION_OF_GENE_EXPRESSION_IN_LATE_STAGE_BRANCHING_MORPHOGENESIS_PANCREATIC_BUD_PRECURSOR_CELLS,REACTOME_REGULATION_OF_GENE_EXPRESSION_IN_LATE_STAGE_BRANCHING_MORPHOGENESIS_PANCREATIC_BUD_PRECURSOR_CELLS,,13,-0.38155878,-0.8436078,0.68161434,0.89352775,1.0,97,"tags=8%, list=0%, signal=8%",
REACTOME_CARDIOGENESIS,REACTOME_CARDIOGENESIS,,17,-0.35829282,-0.8431005,0.6651376,0.89379215,1.0,604,"tags=12%, list=2%, signal=12%",
GOBP_POSITIVE_REGULATION_OF_RUFFLE_ASSEMBLY,GOBP_POSITIVE_REGULATION_OF_RUFFLE_ASSEMBLY,,14,-0.37415075,-0.84296227,0.6712329,0.8933135,1.0,4429,"tags=36%, list=16%, signal=42%",
REACTOME_DNA_DAMAGE_RECOGNITION_IN_GG_NER,REACTOME_DNA_DAMAGE_RECOGNITION_IN_GG_NER,,38,-0.29676524,-0.8429449,0.7464115,0.89258397,1.0,4212,"tags=21%, list=15%, signal=25%",
GOBP_METANEPHRIC_NEPHRON_MORPHOGENESIS,GOBP_METANEPHRIC_NEPHRON_MORPHOGENESIS,,17,-0.35654876,-0.84231746,0.69617224,0.8930938,1.0,5224,"tags=29%, list=19%, signal=36%",
GOBP_N_GLYCAN_PROCESSING,GOBP_N_GLYCAN_PROCESSING,,23,-0.33344758,-0.841958,0.7247475,0.8930818,1.0,3125,"tags=26%, list=11%, signal=29%",
REACTOME_REGULATION_OF_HSF1_MEDIATED_HEAT_SHOCK_RESPONSE,REACTOME_REGULATION_OF_HSF1_MEDIATED_HEAT_SHOCK_RESPONSE,,80,-0.26489988,-0.84191763,0.8119658,0.8924061,1.0,5590,"tags=36%, list=20%, signal=45%",
GOBP_ESTABLISHMENT_OF_SISTER_CHROMATID_COHESION,GOBP_ESTABLISHMENT_OF_SISTER_CHROMATID_COHESION,,13,-0.38366637,-0.8417508,0.68372095,0.8919704,1.0,6151,"tags=31%, list=22%, signal=40%",
GOBP_POSITIVE_REGULATION_OF_INTRACELLULAR_STEROID_HORMONE_RECEPTOR_SIGNALING_PATHWAY,GOBP_POSITIVE_REGULATION_OF_INTRACELLULAR_STEROID_HORMONE_RECEPTOR_SIGNALING_PATHWAY,,13,-0.3719567,-0.8416937,0.7112526,0.8913349,1.0,3520,"tags=31%, list=13%, signal=35%",
GOBP_REGULATION_OF_ODONTOGENESIS,GOBP_REGULATION_OF_ODONTOGENESIS,,13,-0.36802444,-0.84076506,0.65562916,0.8924631,1.0,5116,"tags=31%, list=18%, signal=38%",
GOBP_PURINE_NUCLEOSIDE_MONOPHOSPHATE_CATABOLIC_PROCESS,GOBP_PURINE_NUCLEOSIDE_MONOPHOSPHATE_CATABOLIC_PROCESS,,11,-0.39812872,-0.83810943,0.65675056,0.89694303,1.0,274,"tags=9%, list=1%, signal=9%",
REACTOME_PROCESSING_OF_CAPPED_INTRONLESS_PRE_MRNA,REACTOME_PROCESSING_OF_CAPPED_INTRONLESS_PRE_MRNA,,29,-0.3151239,-0.83802235,0.7470449,0.896365,1.0,6329,"tags=31%, list=23%, signal=40%",
GOBP_PROTEIN_LOCALIZATION_TO_CELL_CELL_JUNCTION,GOBP_PROTEIN_LOCALIZATION_TO_CELL_CELL_JUNCTION,,24,-0.31790906,-0.83612686,0.71493214,0.89940256,1.0,1473,"tags=17%, list=5%, signal=18%",
GOBP_CELL_AGGREGATION,GOBP_CELL_AGGREGATION,,16,-0.35904226,-0.83561236,0.70068026,0.89966804,1.0,2406,"tags=25%, list=9%, signal=27%",
GOBP_FOREBRAIN_NEURON_DEVELOPMENT,GOBP_FOREBRAIN_NEURON_DEVELOPMENT,,24,-0.32451555,-0.83388203,0.7287736,0.9023183,1.0,502,"tags=8%, list=2%, signal=8%",
GOBP_VITAMIN_METABOLIC_PROCESS,GOBP_VITAMIN_METABOLIC_PROCESS,,35,-0.30160415,-0.8333815,0.7641509,0.9025431,1.0,3854,"tags=20%, list=14%, signal=23%",
GOBP_RNA_POLYMERASE_II_PREINITIATION_COMPLEX_ASSEMBLY,GOBP_RNA_POLYMERASE_II_PREINITIATION_COMPLEX_ASSEMBLY,,60,-0.26869866,-0.8330513,0.8291457,0.9024492,1.0,3900,"tags=20%, list=14%, signal=23%",
GOBP_REGULATION_OF_TELOMERE_MAINTENANCE_VIA_TELOMERE_LENGTHENING,GOBP_REGULATION_OF_TELOMERE_MAINTENANCE_VIA_TELOMERE_LENGTHENING,,53,-0.27815253,-0.83231735,0.7949367,0.90315366,1.0,5512,"tags=30%, list=20%, signal=38%",
GOBP_MEIOTIC_CHROMOSOME_SEPARATION,GOBP_MEIOTIC_CHROMOSOME_SEPARATION,,10,-0.41147768,-0.83226025,0.6958525,0.9025075,1.0,740,"tags=10%, list=3%, signal=10%",
REACTOME_IL_6_TYPE_CYTOKINE_RECEPTOR_LIGAND_INTERACTIONS,REACTOME_IL_6_TYPE_CYTOKINE_RECEPTOR_LIGAND_INTERACTIONS,,15,-0.36917043,-0.8312168,0.69711536,0.90378386,1.0,925,"tags=13%, list=3%, signal=14%",
GOBP_REGULATION_OF_METAPHASE_PLATE_CONGRESSION,GOBP_REGULATION_OF_METAPHASE_PLATE_CONGRESSION,,15,-0.36125556,-0.83019465,0.6995614,0.9049623,1.0,281,"tags=7%, list=1%, signal=7%",
GOBP_VITAMIN_D_BIOSYNTHETIC_PROCESS,GOBP_VITAMIN_D_BIOSYNTHETIC_PROCESS,,10,-0.39041743,-0.82977337,0.6995516,0.90502465,1.0,3854,"tags=40%, list=14%, signal=46%",
GOBP_SNRNA_TRANSCRIPTION_BY_RNA_POLYMERASE_III,GOBP_SNRNA_TRANSCRIPTION_BY_RNA_POLYMERASE_III,,10,-0.39356434,-0.8286305,0.69162995,0.9064385,1.0,7416,"tags=50%, list=27%, signal=68%",
GOBP_CGMP_METABOLIC_PROCESS,GOBP_CGMP_METABOLIC_PROCESS,,12,-0.38337305,-0.8284971,0.6755647,0.90593743,1.0,3858,"tags=25%, list=14%, signal=29%",
REACTOME_POLO_LIKE_KINASE_MEDIATED_EVENTS,REACTOME_POLO_LIKE_KINASE_MEDIATED_EVENTS,,16,-0.35283238,-0.8279096,0.72209567,0.906275,1.0,6990,"tags=38%, list=25%, signal=50%",
GOBP_PROTEIN_HYDROXYLATION,GOBP_PROTEIN_HYDROXYLATION,,15,-0.36531225,-0.8263014,0.72925764,0.9084948,1.0,5249,"tags=40%, list=19%, signal=49%",
GOBP_EMBRYONIC_PATTERN_SPECIFICATION,GOBP_EMBRYONIC_PATTERN_SPECIFICATION,,54,-0.27818087,-0.8249865,0.8014888,0.91015506,1.0,3917,"tags=17%, list=14%, signal=19%",
GOBP_APOPTOTIC_DNA_FRAGMENTATION,GOBP_APOPTOTIC_DNA_FRAGMENTATION,,15,-0.36135897,-0.82290244,0.7152778,0.9132159,1.0,2533,"tags=27%, list=9%, signal=29%",
REACTOME_MRNA_SPLICING_MINOR_PATHWAY,REACTOME_MRNA_SPLICING_MINOR_PATHWAY,,50,-0.2745273,-0.8213694,0.8414634,0.91520447,1.0,3773,"tags=20%, list=14%, signal=23%",
GOBP_TELOMERE_MAINTENANCE_IN_RESPONSE_TO_DNA_DAMAGE,GOBP_TELOMERE_MAINTENANCE_IN_RESPONSE_TO_DNA_DAMAGE,,33,-0.2996268,-0.82097906,0.79136693,0.91516757,1.0,4923,"tags=24%, list=18%, signal=29%",
GOBP_CEREBELLAR_CORTEX_FORMATION,GOBP_CEREBELLAR_CORTEX_FORMATION,,24,-0.31215975,-0.820601,0.75829387,0.9150785,1.0,3858,"tags=25%, list=14%, signal=29%",
REACTOME_VEGFR2_MEDIATED_CELL_PROLIFERATION,REACTOME_VEGFR2_MEDIATED_CELL_PROLIFERATION,,18,-0.3451596,-0.81945777,0.7545872,0.91639316,1.0,3480,"tags=28%, list=13%, signal=32%",
GOBP_METHIONINE_METABOLIC_PROCESS,GOBP_METHIONINE_METABOLIC_PROCESS,,13,-0.36724168,-0.81725484,0.73953485,0.91957194,1.0,6385,"tags=38%, list=23%, signal=50%",
GOBP_DETECTION_OF_VISIBLE_LIGHT,GOBP_DETECTION_OF_VISIBLE_LIGHT,,21,-0.32528976,-0.8167683,0.73580784,0.91967225,1.0,4076,"tags=14%, list=15%, signal=17%",
GOBP_NUCLEOSIDE_MONOPHOSPHATE_PHOSPHORYLATION,GOBP_NUCLEOSIDE_MONOPHOSPHATE_PHOSPHORYLATION,,10,-0.39353964,-0.8165872,0.7149425,0.9192303,1.0,4496,"tags=40%, list=16%, signal=48%",
GOBP_REGULATION_OF_PROTEIN_LOCALIZATION_TO_CENTROSOME,GOBP_REGULATION_OF_PROTEIN_LOCALIZATION_TO_CENTROSOME,,12,-0.3745012,-0.8157292,0.6988506,0.9200207,1.0,1327,"tags=25%, list=5%, signal=26%",
GOBP_REGULATION_OF_NUCLEAR_TRANSCRIBED_MRNA_CATABOLIC_PROCESS_DEADENYLATION_DEPENDENT_DECAY,GOBP_REGULATION_OF_NUCLEAR_TRANSCRIBED_MRNA_CATABOLIC_PROCESS_DEADENYLATION_DEPENDENT_DECAY,,23,-0.3201473,-0.81373006,0.7517564,0.9228738,1.0,935,"tags=9%, list=3%, signal=9%",
GOBP_DOLICHOL_LINKED_OLIGOSACCHARIDE_BIOSYNTHETIC_PROCESS,GOBP_DOLICHOL_LINKED_OLIGOSACCHARIDE_BIOSYNTHETIC_PROCESS,,20,-0.3291101,-0.8135483,0.7517241,0.92242795,1.0,8462,"tags=55%, list=31%, signal=79%",
GOBP_PURINE_NUCLEOSIDE_BIOSYNTHETIC_PROCESS,GOBP_PURINE_NUCLEOSIDE_BIOSYNTHETIC_PROCESS,,11,-0.38364205,-0.81341517,0.739819,0.9218861,1.0,4920,"tags=36%, list=18%, signal=44%",
GOBP_NEGATIVE_REGULATION_OF_GTPASE_ACTIVITY,GOBP_NEGATIVE_REGULATION_OF_GTPASE_ACTIVITY,,15,-0.3454468,-0.81135267,0.73903,0.92472816,1.0,2535,"tags=27%, list=9%, signal=29%",
GOBP_POSITIVE_REGULATION_OF_MITOTIC_CELL_CYCLE_PHASE_TRANSITION,GOBP_POSITIVE_REGULATION_OF_MITOTIC_CELL_CYCLE_PHASE_TRANSITION,,89,-0.2472109,-0.81079406,0.88082904,0.92494583,1.0,3984,"tags=19%, list=14%, signal=22%",
GOBP_POSITIVE_REGULATION_OF_BONE_RESORPTION,GOBP_POSITIVE_REGULATION_OF_BONE_RESORPTION,,14,-0.36392835,-0.8097343,0.7454128,0.9260534,1.0,23,"tags=7%, list=0%, signal=7%",
GOBP_SISTER_CHROMATID_COHESION,GOBP_SISTER_CHROMATID_COHESION,,61,-0.26523137,-0.80953187,0.8666667,0.9256238,1.0,1697,"tags=8%, list=6%, signal=9%",
GOBP_REGULATION_OF_MICROTUBULE_POLYMERIZATION_OR_DEPOLYMERIZATION,GOBP_REGULATION_OF_MICROTUBULE_POLYMERIZATION_OR_DEPOLYMERIZATION,,98,-0.24076396,-0.8093529,0.9189944,0.9251592,1.0,1216,"tags=6%, list=4%, signal=6%",
GOBP_FEEDING_BEHAVIOR,GOBP_FEEDING_BEHAVIOR,,67,-0.2527501,-0.80906445,0.88739944,0.92488307,1.0,4749,"tags=21%, list=17%, signal=25%",
GOBP_NEGATIVE_REGULATION_OF_B_CELL_APOPTOTIC_PROCESS,GOBP_NEGATIVE_REGULATION_OF_B_CELL_APOPTOTIC_PROCESS,,12,-0.36858773,-0.8086202,0.71153843,0.92488813,1.0,2745,"tags=33%, list=10%, signal=37%",
REACTOME_SHC_MEDIATED_CASCADE_FGFR1,REACTOME_SHC_MEDIATED_CASCADE_FGFR1,,14,-0.35966164,-0.8085801,0.73672056,0.9241961,1.0,2262,"tags=21%, list=8%, signal=23%",
GOBP_ASPARTATE_FAMILY_AMINO_ACID_BIOSYNTHETIC_PROCESS,GOBP_ASPARTATE_FAMILY_AMINO_ACID_BIOSYNTHETIC_PROCESS,,16,-0.34471577,-0.80785596,0.7301205,0.92467844,1.0,3949,"tags=38%, list=14%, signal=44%",
GOBP_DNA_SYNTHESIS_INVOLVED_IN_DNA_REPLICATION,GOBP_DNA_SYNTHESIS_INVOLVED_IN_DNA_REPLICATION,,27,-0.30550772,-0.8076028,0.77882355,0.92433536,1.0,5774,"tags=30%, list=21%, signal=37%",
REACTOME_PHASE_0_RAPID_DEPOLARISATION,REACTOME_PHASE_0_RAPID_DEPOLARISATION,,26,-0.3039668,-0.8074202,0.7930232,0.92387515,1.0,1852,"tags=15%, list=7%, signal=16%",
GOBP_EYE_PHOTORECEPTOR_CELL_DEVELOPMENT,GOBP_EYE_PHOTORECEPTOR_CELL_DEVELOPMENT,,26,-0.3111612,-0.80517495,0.7844037,0.92690957,1.0,4193,"tags=27%, list=15%, signal=32%",
GOBP_REGULATION_OF_TELOMERE_MAINTENANCE_VIA_TELOMERASE,GOBP_REGULATION_OF_TELOMERE_MAINTENANCE_VIA_TELOMERASE,,44,-0.27821288,-0.8046679,0.8515815,0.92698866,1.0,5512,"tags=32%, list=20%, signal=40%",
GOBP_PHOSPHOLIPASE_C_PROTEIN_KINASE_C_SIGNAL_TRANSDUCTION,GOBP_PHOSPHOLIPASE_C_PROTEIN_KINASE_C_SIGNAL_TRANSDUCTION,,11,-0.3801818,-0.8032144,0.7452229,0.9286995,1.0,1680,"tags=18%, list=6%, signal=19%",
GOBP_EPOXYGENASE_P450_PATHWAY,GOBP_EPOXYGENASE_P450_PATHWAY,,10,-0.38614953,-0.80266005,0.74,0.92883825,1.0,3856,"tags=30%, list=14%, signal=35%",
GOBP_REGULATION_OF_TRANSCRIPTION_REGULATORY_REGION_DNA_BINDING,GOBP_REGULATION_OF_TRANSCRIPTION_REGULATORY_REGION_DNA_BINDING,,14,-0.35393864,-0.80208635,0.7549669,0.92904335,1.0,1754,"tags=21%, list=6%, signal=23%",
GOBP_KIDNEY_MESENCHYME_DEVELOPMENT,GOBP_KIDNEY_MESENCHYME_DEVELOPMENT,,10,-0.38704967,-0.8018533,0.7218543,0.92864203,1.0,1388,"tags=20%, list=5%, signal=21%",
GOBP_MAINTENANCE_OF_PROTEIN_LOCATION_IN_NUCLEUS,GOBP_MAINTENANCE_OF_PROTEIN_LOCATION_IN_NUCLEUS,,23,-0.3102724,-0.7993405,0.77578473,0.93195176,1.0,3458,"tags=22%, list=12%, signal=25%",
GOBP_NEGATIVE_REGULATION_OF_CYTOSOLIC_CALCIUM_ION_CONCENTRATION,GOBP_NEGATIVE_REGULATION_OF_CYTOSOLIC_CALCIUM_ION_CONCENTRATION,,11,-0.37788615,-0.797821,0.7410714,0.9336443,1.0,2782,"tags=27%, list=10%, signal=30%",
GOBP_NEGATIVE_REGULATION_OF_TELOMERE_MAINTENANCE_VIA_TELOMERE_LENGTHENING,GOBP_NEGATIVE_REGULATION_OF_TELOMERE_MAINTENANCE_VIA_TELOMERE_LENGTHENING,,29,-0.3017833,-0.7973735,0.7882353,0.933607,1.0,2350,"tags=17%, list=8%, signal=19%",
GOBP_BEHAVIORAL_RESPONSE_TO_PAIN,GOBP_BEHAVIORAL_RESPONSE_TO_PAIN,,15,-0.34735656,-0.7973089,0.7764977,0.9329506,1.0,1994,"tags=20%, list=7%, signal=22%",
GOBP_NEUROMUSCULAR_SYNAPTIC_TRANSMISSION,GOBP_NEUROMUSCULAR_SYNAPTIC_TRANSMISSION,,28,-0.29915974,-0.7961083,0.80941176,0.9341233,1.0,426,"tags=7%, list=2%, signal=7%",
GOBP_REGULATION_OF_MICROTUBULE_POLYMERIZATION,GOBP_REGULATION_OF_MICROTUBULE_POLYMERIZATION,,63,-0.25472936,-0.79599804,0.891358,0.9335435,1.0,4195,"tags=17%, list=15%, signal=21%",
GOBP_PROTEIN_K63_LINKED_DEUBIQUITINATION,GOBP_PROTEIN_K63_LINKED_DEUBIQUITINATION,,27,-0.3013973,-0.79539555,0.79512197,0.9337282,1.0,3560,"tags=22%, list=13%, signal=25%",
GOBP_CORPUS_CALLOSUM_DEVELOPMENT,GOBP_CORPUS_CALLOSUM_DEVELOPMENT,,27,-0.30541608,-0.7951209,0.78985506,0.9334023,1.0,3589,"tags=30%, list=13%, signal=34%",
GOBP_ESTABLISHMENT_OF_MITOCHONDRION_LOCALIZATION,GOBP_ESTABLISHMENT_OF_MITOCHONDRION_LOCALIZATION,,38,-0.27901337,-0.7942191,0.84782606,0.9340346,1.0,3318,"tags=18%, list=12%, signal=21%",
GOBP_NUCLEOBASE_TRANSPORT,GOBP_NUCLEOBASE_TRANSPORT,,12,-0.36734426,-0.79369974,0.73522973,0.9341081,1.0,2829,"tags=25%, list=10%, signal=28%",
GOBP_NUCLEAR_PORE_COMPLEX_ASSEMBLY,GOBP_NUCLEAR_PORE_COMPLEX_ASSEMBLY,,11,-0.3712643,-0.792274,0.75501114,0.93556386,1.0,2713,"tags=27%, list=10%, signal=30%",
REACTOME_GLUCURONIDATION,REACTOME_GLUCURONIDATION,,10,-0.37991288,-0.79192764,0.7368421,0.93531775,1.0,1393,"tags=20%, list=5%, signal=21%",
REACTOME_INHIBITION_OF_THE_PROTEOLYTIC_ACTIVITY_OF_APC_C_REQUIRED_FOR_THE_ONSET_OF_ANAPHASE_BY_MITOTIC_SPINDLE_CHECKPOINT_COMPONENTS,REACTOME_INHIBITION_OF_THE_PROTEOLYTIC_ACTIVITY_OF_APC_C_REQUIRED_FOR_THE_ONSET_OF_ANAPHASE_BY_MITOTIC_SPINDLE_CHECKPOINT_COMPONENTS,,21,-0.31980458,-0.7904662,0.79333335,0.9368433,1.0,4446,"tags=29%, list=16%, signal=34%",
GOBP_NUCLEOTIDE_SUGAR_METABOLIC_PROCESS,GOBP_NUCLEOTIDE_SUGAR_METABOLIC_PROCESS,,41,-0.27583593,-0.7897416,0.8442822,0.9371937,1.0,5108,"tags=32%, list=18%, signal=39%",
REACTOME_CONSTITUTIVE_SIGNALING_BY_EGFRVIII,REACTOME_CONSTITUTIVE_SIGNALING_BY_EGFRVIII,,15,-0.3524369,-0.78918177,0.75330395,0.93723553,1.0,2074,"tags=13%, list=7%, signal=14%",
GOBP_POSITIVE_REGULATION_OF_NUCLEAR_DIVISION,GOBP_POSITIVE_REGULATION_OF_NUCLEAR_DIVISION,,50,-0.26054826,-0.78582716,0.8948864,0.9414948,1.0,3984,"tags=20%, list=14%, signal=23%",
GOBP_GTP_BIOSYNTHETIC_PROCESS,GOBP_GTP_BIOSYNTHETIC_PROCESS,,10,-0.37929374,-0.7850669,0.76072234,0.94186085,1.0,648,"tags=10%, list=2%, signal=10%",
GOBP_CELLULAR_RESPONSE_TO_ETHANOL,GOBP_CELLULAR_RESPONSE_TO_ETHANOL,,11,-0.36426815,-0.78502005,0.7780127,0.94117385,1.0,3309,"tags=27%, list=12%, signal=31%",
REACTOME_E2F_MEDIATED_REGULATION_OF_DNA_REPLICATION,REACTOME_E2F_MEDIATED_REGULATION_OF_DNA_REPLICATION,,22,-0.31388476,-0.7846872,0.8206897,0.9408941,1.0,5956,"tags=36%, list=21%, signal=46%",
REACTOME_MITOCHONDRIAL_PROTEIN_IMPORT,REACTOME_MITOCHONDRIAL_PROTEIN_IMPORT,,63,-0.25003955,-0.78465945,0.9182058,0.9401851,1.0,3199,"tags=19%, list=12%, signal=21%",
GOBP_LENS_FIBER_CELL_DIFFERENTIATION,GOBP_LENS_FIBER_CELL_DIFFERENTIATION,,36,-0.28368768,-0.78407794,0.8436019,0.9403117,1.0,4377,"tags=22%, list=16%, signal=26%",
REACTOME_PROCESSING_AND_ACTIVATION_OF_SUMO,REACTOME_PROCESSING_AND_ACTIVATION_OF_SUMO,,10,-0.38071954,-0.78399086,0.75268817,0.9396986,1.0,6331,"tags=40%, list=23%, signal=52%",
GOBP_IMIDAZOLE_CONTAINING_COMPOUND_METABOLIC_PROCESS,GOBP_IMIDAZOLE_CONTAINING_COMPOUND_METABOLIC_PROCESS,,11,-0.3751984,-0.783836,0.7652582,0.9391608,1.0,171,"tags=9%, list=1%, signal=9%",
GOBP_CATECHOL_CONTAINING_COMPOUND_BIOSYNTHETIC_PROCESS,GOBP_CATECHOL_CONTAINING_COMPOUND_BIOSYNTHETIC_PROCESS,,18,-0.32145178,-0.7832579,0.79317695,0.93925816,1.0,2154,"tags=17%, list=8%, signal=18%",
REACTOME_TERMINATION_OF_TRANSLESION_DNA_SYNTHESIS,REACTOME_TERMINATION_OF_TRANSLESION_DNA_SYNTHESIS,,32,-0.2953174,-0.78277445,0.8381201,0.939207,1.0,4580,"tags=34%, list=17%, signal=41%",
REACTOME_SUMOYLATION_OF_TRANSCRIPTION_FACTORS,REACTOME_SUMOYLATION_OF_TRANSCRIPTION_FACTORS,,17,-0.32882476,-0.78007203,0.782516,0.9423454,1.0,2350,"tags=18%, list=8%, signal=19%",
GOBP_REGULATION_OF_INTRACELLULAR_LIPID_TRANSPORT,GOBP_REGULATION_OF_INTRACELLULAR_LIPID_TRANSPORT,,10,-0.37259153,-0.7795838,0.77916664,0.9423154,1.0,40,"tags=10%, list=0%, signal=10%",
GOBP_POSITIVE_REGULATION_OF_NOTCH_SIGNALING_PATHWAY,GOBP_POSITIVE_REGULATION_OF_NOTCH_SIGNALING_PATHWAY,,39,-0.2713903,-0.7794938,0.8657407,0.9416923,1.0,3649,"tags=26%, list=13%, signal=29%",
REACTOME_DISEASES_OF_MITOTIC_CELL_CYCLE,REACTOME_DISEASES_OF_MITOTIC_CELL_CYCLE,,38,-0.27495492,-0.77893674,0.8692494,0.941721,1.0,4805,"tags=32%, list=17%, signal=38%",
GOBP_KINETOCHORE_ORGANIZATION,GOBP_KINETOCHORE_ORGANIZATION,,36,-0.27858377,-0.777243,0.85427135,0.9433696,1.0,6566,"tags=28%, list=24%, signal=36%",
GOBP_NEGATIVE_REGULATION_OF_ANOIKIS,GOBP_NEGATIVE_REGULATION_OF_ANOIKIS,,16,-0.33434257,-0.77615416,0.7982456,0.9441429,1.0,3377,"tags=25%, list=12%, signal=28%",
GOBP_NEGATIVE_REGULATION_OF_FIBROBLAST_GROWTH_FACTOR_RECEPTOR_SIGNALING_PATHWAY,GOBP_NEGATIVE_REGULATION_OF_FIBROBLAST_GROWTH_FACTOR_RECEPTOR_SIGNALING_PATHWAY,,15,-0.33284062,-0.7758174,0.78636366,0.9438582,1.0,5608,"tags=40%, list=20%, signal=50%",
GOBP_EMBRYONIC_AXIS_SPECIFICATION,GOBP_EMBRYONIC_AXIS_SPECIFICATION,,32,-0.28558514,-0.77452207,0.82382137,0.9449182,1.0,3917,"tags=19%, list=14%, signal=22%",
GOBP_SPINDLE_MIDZONE_ASSEMBLY,GOBP_SPINDLE_MIDZONE_ASSEMBLY,,14,-0.3469292,-0.772585,0.78292686,0.946836,1.0,4803,"tags=21%, list=17%, signal=26%",
REACTOME_SYNTHESIS_OF_PE,REACTOME_SYNTHESIS_OF_PE,,12,-0.36376882,-0.7712837,0.777042,0.94781184,1.0,3522,"tags=33%, list=13%, signal=38%",
GOBP_FOREBRAIN_MORPHOGENESIS,GOBP_FOREBRAIN_MORPHOGENESIS,,10,-0.36883685,-0.77049303,0.75288683,0.94813967,1.0,320,"tags=10%, list=1%, signal=10%",
GOBP_PROTEIN_TRANSMEMBRANE_IMPORT_INTO_INTRACELLULAR_ORGANELLE,GOBP_PROTEIN_TRANSMEMBRANE_IMPORT_INTO_INTRACELLULAR_ORGANELLE,,15,-0.33786297,-0.76951116,0.79680365,0.9486917,1.0,6662,"tags=27%, list=24%, signal=35%",
GOBP_FOREBRAIN_REGIONALIZATION,GOBP_FOREBRAIN_REGIONALIZATION,,15,-0.3279519,-0.76947737,0.8207547,0.9479908,1.0,6479,"tags=47%, list=23%, signal=61%",
GOBP_PROTEIN_DNA_COVALENT_CROSS_LINKING_REPAIR,GOBP_PROTEIN_DNA_COVALENT_CROSS_LINKING_REPAIR,,10,-0.36765692,-0.7684364,0.7804878,0.9486313,1.0,2172,"tags=20%, list=8%, signal=22%",
GOBP_NEURONAL_STEM_CELL_POPULATION_MAINTENANCE,GOBP_NEURONAL_STEM_CELL_POPULATION_MAINTENANCE,,19,-0.3163088,-0.76832956,0.8151448,0.94803965,1.0,3107,"tags=26%, list=11%, signal=30%",
GOBP_REGULATION_OF_NUCLEOBASE_CONTAINING_COMPOUND_TRANSPORT,GOBP_REGULATION_OF_NUCLEOBASE_CONTAINING_COMPOUND_TRANSPORT,,18,-0.3245653,-0.76677966,0.80465114,0.9493393,1.0,4811,"tags=28%, list=17%, signal=34%",
GOBP_CALCIUM_ION_TRANSMEMBRANE_TRANSPORT_VIA_HIGH_VOLTAGE_GATED_CALCIUM_CHANNEL,GOBP_CALCIUM_ION_TRANSMEMBRANE_TRANSPORT_VIA_HIGH_VOLTAGE_GATED_CALCIUM_CHANNEL,,16,-0.32084972,-0.76639897,0.78833693,0.9490916,1.0,6456,"tags=44%, list=23%, signal=57%",
GOBP_SEROTONIN_RECEPTOR_SIGNALING_PATHWAY,GOBP_SEROTONIN_RECEPTOR_SIGNALING_PATHWAY,,10,-0.36427185,-0.7658294,0.7852349,0.9490818,1.0,3074,"tags=20%, list=11%, signal=22%",
GOBP_MUCOSA_ASSOCIATED_LYMPHOID_TISSUE_DEVELOPMENT,GOBP_MUCOSA_ASSOCIATED_LYMPHOID_TISSUE_DEVELOPMENT,,10,-0.36996877,-0.7651897,0.7911111,0.9491468,1.0,4920,"tags=50%, list=18%, signal=61%",
GOBP_POSITIVE_REGULATION_OF_TRANSLATIONAL_INITIATION,GOBP_POSITIVE_REGULATION_OF_TRANSLATIONAL_INITIATION,,30,-0.2864703,-0.763567,0.8627907,0.9504822,1.0,2897,"tags=13%, list=10%, signal=15%",
GOBP_NEGATIVE_REGULATION_OF_CYTOPLASMIC_TRANSLATION,GOBP_NEGATIVE_REGULATION_OF_CYTOPLASMIC_TRANSLATION,,10,-0.36251417,-0.76264155,0.76759064,0.9509083,1.0,240,"tags=10%, list=1%, signal=10%",
GOBP_NEPHRON_TUBULE_EPITHELIAL_CELL_DIFFERENTIATION,GOBP_NEPHRON_TUBULE_EPITHELIAL_CELL_DIFFERENTIATION,,12,-0.35023984,-0.76127964,0.78205127,0.9519113,1.0,2134,"tags=17%, list=8%, signal=18%",
GOBP_REGULATION_OF_INTRACELLULAR_ESTROGEN_RECEPTOR_SIGNALING_PATHWAY,GOBP_REGULATION_OF_INTRACELLULAR_ESTROGEN_RECEPTOR_SIGNALING_PATHWAY,,34,-0.28260228,-0.7602368,0.8498789,0.95246977,1.0,1821,"tags=12%, list=7%, signal=13%",
GOBP_POSITIVE_REGULATION_OF_LONG_TERM_SYNAPTIC_POTENTIATION,GOBP_POSITIVE_REGULATION_OF_LONG_TERM_SYNAPTIC_POTENTIATION,,20,-0.31109032,-0.7598256,0.8235294,0.95222884,1.0,1575,"tags=15%, list=6%, signal=16%",
GOBP_REGULATION_OF_CARDIAC_MUSCLE_CELL_DIFFERENTIATION,GOBP_REGULATION_OF_CARDIAC_MUSCLE_CELL_DIFFERENTIATION,,14,-0.33764225,-0.759778,0.80607474,0.9515454,1.0,3107,"tags=21%, list=11%, signal=24%",
GOBP_POSITIVE_REGULATION_OF_CIRCADIAN_RHYTHM,GOBP_POSITIVE_REGULATION_OF_CIRCADIAN_RHYTHM,,11,-0.35895967,-0.75872666,0.7741935,0.9520924,1.0,3858,"tags=36%, list=14%, signal=42%",
GOBP_PHOTOTRANSDUCTION,GOBP_PHOTOTRANSDUCTION,,34,-0.27843305,-0.7577924,0.8785047,0.95248514,1.0,2884,"tags=12%, list=10%, signal=13%",
GOBP_NEGATIVE_REGULATION_OF_COLLATERAL_SPROUTING,GOBP_NEGATIVE_REGULATION_OF_COLLATERAL_SPROUTING,,10,-0.36816072,-0.7563439,0.7951002,0.9535635,1.0,28,"tags=10%, list=0%, signal=10%",
REACTOME_RA_BIOSYNTHESIS_PATHWAY,REACTOME_RA_BIOSYNTHESIS_PATHWAY,,17,-0.31945032,-0.7551631,0.82663846,0.9542386,1.0,4029,"tags=29%, list=15%, signal=34%",
GOBP_MEIOTIC_SPINDLE_ASSEMBLY,GOBP_MEIOTIC_SPINDLE_ASSEMBLY,,17,-0.32374662,-0.75512946,0.8235294,0.95353425,1.0,182,"tags=6%, list=1%, signal=6%",
GOBP_POSITIVE_REGULATION_OF_JUN_KINASE_ACTIVITY,GOBP_POSITIVE_REGULATION_OF_JUN_KINASE_ACTIVITY,,12,-0.34083855,-0.7547235,0.77803206,0.95328134,1.0,1924,"tags=25%, list=7%, signal=27%",
GOBP_POSITIVE_REGULATION_OF_INTERLEUKIN_5_PRODUCTION,GOBP_POSITIVE_REGULATION_OF_INTERLEUKIN_5_PRODUCTION,,12,-0.35581213,-0.7521487,0.787037,0.9556651,1.0,1733,"tags=17%, list=6%, signal=18%",
GOBP_NEURON_FATE_COMMITMENT,GOBP_NEURON_FATE_COMMITMENT,,30,-0.27671513,-0.7489626,0.9013158,0.95857275,1.0,3533,"tags=20%, list=13%, signal=23%",
GOBP_NEGATIVE_REGULATION_OF_TELOMERE_MAINTENANCE_VIA_TELOMERASE,GOBP_NEGATIVE_REGULATION_OF_TELOMERE_MAINTENANCE_VIA_TELOMERASE,,21,-0.30584922,-0.7486219,0.82300884,0.9582166,1.0,2350,"tags=19%, list=8%, signal=21%",
REACTOME_MRNA_POLYADENYLATION,REACTOME_MRNA_POLYADENYLATION,,127,-0.21607082,-0.74732304,0.9856322,0.95896,1.0,3989,"tags=16%, list=14%, signal=18%",
GOBP_GLANDULAR_EPITHELIAL_CELL_DIFFERENTIATION,GOBP_GLANDULAR_EPITHELIAL_CELL_DIFFERENTIATION,,15,-0.3235201,-0.74618536,0.83035713,0.9595342,1.0,2685,"tags=20%, list=10%, signal=22%",
GOBP_EPIGENETIC_PROGRAMMING_IN_THE_ZYGOTIC_PRONUCLEI,GOBP_EPIGENETIC_PROGRAMMING_IN_THE_ZYGOTIC_PRONUCLEI,,14,-0.3275445,-0.7457655,0.8574514,0.95927817,1.0,4350,"tags=21%, list=16%, signal=25%",
GOBP_DOPAMINE_SECRETION,GOBP_DOPAMINE_SECRETION,,19,-0.31125295,-0.7445471,0.8494382,0.95992416,1.0,43,"tags=5%, list=0%, signal=5%",
GOBP_MICROTUBULE_ANCHORING_AT_MICROTUBULE_ORGANIZING_CENTER,GOBP_MICROTUBULE_ANCHORING_AT_MICROTUBULE_ORGANIZING_CENTER,,14,-0.33026746,-0.7442973,0.83928573,0.9594571,1.0,112,"tags=7%, list=0%, signal=7%",
REACTOME_PIWI_INTERACTING_RNA_PIRNA_BIOGENESIS,REACTOME_PIWI_INTERACTING_RNA_PIRNA_BIOGENESIS,,26,-0.28477693,-0.7439396,0.8594104,0.9591141,1.0,3218,"tags=19%, list=12%, signal=22%",
GOBP_REGULATION_OF_FIBROBLAST_GROWTH_FACTOR_RECEPTOR_SIGNALING_PATHWAY,GOBP_REGULATION_OF_FIBROBLAST_GROWTH_FACTOR_RECEPTOR_SIGNALING_PATHWAY,,28,-0.2812685,-0.74366564,0.87684727,0.9586892,1.0,1118,"tags=11%, list=4%, signal=11%",
GOBP_NEGATIVE_REGULATION_OF_RESPONSE_TO_NUTRIENT_LEVELS,GOBP_NEGATIVE_REGULATION_OF_RESPONSE_TO_NUTRIENT_LEVELS,,10,-0.35881898,-0.743405,0.84175825,0.95822954,1.0,3243,"tags=20%, list=12%, signal=23%",
GOBP_DNA_DOUBLE_STRAND_BREAK_PROCESSING,GOBP_DNA_DOUBLE_STRAND_BREAK_PROCESSING,,20,-0.30311328,-0.74299276,0.8310502,0.95793945,1.0,3747,"tags=20%, list=14%, signal=23%",
GOBP_NEGATIVE_REGULATION_OF_CARDIOCYTE_DIFFERENTIATION,GOBP_NEGATIVE_REGULATION_OF_CARDIOCYTE_DIFFERENTIATION,,11,-0.34459263,-0.74287176,0.79910713,0.95732814,1.0,3107,"tags=18%, list=11%, signal=20%",
GOBP_DEMETHYLATION,GOBP_DEMETHYLATION,,11,-0.3437785,-0.74258053,0.786036,0.95691353,1.0,3310,"tags=27%, list=12%, signal=31%",
GOBP_NEGATIVE_REGULATION_OF_DNA_TEMPLATED_TRANSCRIPTION_ELONGATION,GOBP_NEGATIVE_REGULATION_OF_DNA_TEMPLATED_TRANSCRIPTION_ELONGATION,,25,-0.28711888,-0.74226975,0.8648019,0.9565158,1.0,2680,"tags=20%, list=10%, signal=22%",
GOBP_SNRNA_TRANSCRIPTION,GOBP_SNRNA_TRANSCRIPTION,,18,-0.3052858,-0.7419425,0.83766234,0.9561428,1.0,7416,"tags=44%, list=27%, signal=61%",
GOBP_POSITIVE_REGULATION_OF_MITOTIC_CYTOKINESIS,GOBP_POSITIVE_REGULATION_OF_MITOTIC_CYTOKINESIS,,12,-0.33808917,-0.7410092,0.821192,0.95640576,1.0,438,"tags=8%, list=2%, signal=8%",
GOBP_PURINE_NUCLEOSIDE_METABOLIC_PROCESS,GOBP_PURINE_NUCLEOSIDE_METABOLIC_PROCESS,,26,-0.28655005,-0.73978627,0.8629808,0.9569608,1.0,2953,"tags=19%, list=11%, signal=22%",
GOBP_POSITIVE_REGULATION_OF_MESENCHYMAL_CELL_PROLIFERATION,GOBP_POSITIVE_REGULATION_OF_MESENCHYMAL_CELL_PROLIFERATION,,18,-0.30733657,-0.7375303,0.8351893,0.9586093,1.0,3514,"tags=22%, list=13%, signal=25%",
GOBP_POSITIVE_REGULATION_OF_MITOTIC_NUCLEAR_DIVISION,GOBP_POSITIVE_REGULATION_OF_MITOTIC_NUCLEAR_DIVISION,,40,-0.26022694,-0.73746985,0.9164557,0.9579375,1.0,3984,"tags=20%, list=14%, signal=23%",
REACTOME_BICARBONATE_TRANSPORTERS,REACTOME_BICARBONATE_TRANSPORTERS,,10,-0.35356247,-0.73688406,0.7886364,0.9578206,1.0,7746,"tags=50%, list=28%, signal=69%",
GOBP_REGULATION_OF_THYMOCYTE_APOPTOTIC_PROCESS,GOBP_REGULATION_OF_THYMOCYTE_APOPTOTIC_PROCESS,,12,-0.33712652,-0.7354894,0.8564593,0.9585359,1.0,2770,"tags=33%, list=10%, signal=37%",
GOBP_REGULATION_OF_MESENCHYMAL_CELL_PROLIFERATION,GOBP_REGULATION_OF_MESENCHYMAL_CELL_PROLIFERATION,,25,-0.28441593,-0.73519534,0.8726852,0.9581357,1.0,3514,"tags=20%, list=13%, signal=23%",
GOBP_RESPONSE_TO_L_GLUTAMATE,GOBP_RESPONSE_TO_L_GLUTAMATE,,16,-0.31353164,-0.7349522,0.84096384,0.95765996,1.0,138,"tags=6%, list=0%, signal=6%",
REACTOME_MITOTIC_SPINDLE_CHECKPOINT,REACTOME_MITOTIC_SPINDLE_CHECKPOINT,,110,-0.21416564,-0.7343521,0.9877301,0.95752305,1.0,6168,"tags=29%, list=22%, signal=37%",
GOBP_SYNAPTIC_TRANSMISSION_CHOLINERGIC,GOBP_SYNAPTIC_TRANSMISSION_CHOLINERGIC,,27,-0.2780398,-0.7331548,0.89908254,0.9579814,1.0,1575,"tags=7%, list=6%, signal=8%",
REACTOME_RNA_POLYMERASE_II_TRANSCRIPTION_TERMINATION,REACTOME_RNA_POLYMERASE_II_TRANSCRIPTION_TERMINATION,,66,-0.2331927,-0.7318196,0.96891195,0.9585902,1.0,5456,"tags=26%, list=20%, signal=32%",
GOBP_DOUBLE_STRAND_BREAK_REPAIR_VIA_CLASSICAL_NONHOMOLOGOUS_END_JOINING,GOBP_DOUBLE_STRAND_BREAK_REPAIR_VIA_CLASSICAL_NONHOMOLOGOUS_END_JOINING,,10,-0.35130134,-0.7300332,0.8351893,0.9596023,1.0,7379,"tags=30%, list=27%, signal=41%",
REACTOME_FORMATION_OF_THE_EARLY_ELONGATION_COMPLEX,REACTOME_FORMATION_OF_THE_EARLY_ELONGATION_COMPLEX,,33,-0.26987058,-0.72962695,0.8899522,0.95926166,1.0,4853,"tags=27%, list=17%, signal=33%",
GOBP_POSITIVE_REGULATION_OF_RECEPTOR_CLUSTERING,GOBP_POSITIVE_REGULATION_OF_RECEPTOR_CLUSTERING,,12,-0.32999733,-0.7271307,0.8454746,0.96095634,1.0,1602,"tags=17%, list=6%, signal=18%",
GOBP_NEGATIVE_REGULATION_OF_DOUBLE_STRAND_BREAK_REPAIR_VIA_HOMOLOGOUS_RECOMBINATION,GOBP_NEGATIVE_REGULATION_OF_DOUBLE_STRAND_BREAK_REPAIR_VIA_HOMOLOGOUS_RECOMBINATION,,26,-0.282873,-0.72596055,0.8983834,0.9613768,1.0,5507,"tags=31%, list=20%, signal=38%",
GOBP_SNRNA_TRANSCRIPTION_BY_RNA_POLYMERASE_II,GOBP_SNRNA_TRANSCRIPTION_BY_RNA_POLYMERASE_II,,15,-0.31442526,-0.7257089,0.8561947,0.9608677,1.0,4378,"tags=27%, list=16%, signal=32%",
GOBP_SYNAPTIC_ASSEMBLY_AT_NEUROMUSCULAR_JUNCTION,GOBP_SYNAPTIC_ASSEMBLY_AT_NEUROMUSCULAR_JUNCTION,,13,-0.32189387,-0.72348744,0.84565216,0.9621928,1.0,350,"tags=8%, list=1%, signal=8%",
REACTOME_MITOCHONDRIAL_RNA_DEGRADATION,REACTOME_MITOCHONDRIAL_RNA_DEGRADATION,,12,-0.3322732,-0.7230237,0.8512586,0.9618892,1.0,1442,"tags=17%, list=5%, signal=18%",
GOBP_NEGATIVE_REGULATION_OF_MEIOTIC_CELL_CYCLE,GOBP_NEGATIVE_REGULATION_OF_MEIOTIC_CELL_CYCLE,,17,-0.31088814,-0.7222246,0.86374134,0.96189845,1.0,3281,"tags=24%, list=12%, signal=27%",
GOBP_POLY_A_PLUS_MRNA_EXPORT_FROM_NUCLEUS,GOBP_POLY_A_PLUS_MRNA_EXPORT_FROM_NUCLEUS,,21,-0.28551432,-0.72187257,0.8909513,0.9614806,1.0,5264,"tags=29%, list=19%, signal=35%",
GOBP_ADENOSINE_METABOLIC_PROCESS,GOBP_ADENOSINE_METABOLIC_PROCESS,,10,-0.3402937,-0.7215392,0.7914798,0.96106213,1.0,2545,"tags=20%, list=9%, signal=22%",
GOBP_VITAMIN_CATABOLIC_PROCESS,GOBP_VITAMIN_CATABOLIC_PROCESS,,13,-0.32592863,-0.71937215,0.85064936,0.9623447,1.0,5578,"tags=38%, list=20%, signal=48%",
GOBP_NEGATIVE_REGULATION_OF_LONG_TERM_SYNAPTIC_POTENTIATION,GOBP_NEGATIVE_REGULATION_OF_LONG_TERM_SYNAPTIC_POTENTIATION,,11,-0.33281708,-0.71528417,0.82660335,0.9653413,1.0,1531,"tags=18%, list=6%, signal=19%",
REACTOME_MATURATION_OF_TCA_ENZYMES_AND_REGULATION_OF_TCA_CYCLE,REACTOME_MATURATION_OF_TCA_ENZYMES_AND_REGULATION_OF_TCA_CYCLE,,20,-0.29262736,-0.7118019,0.8840909,0.9676155,1.0,334,"tags=5%, list=1%, signal=5%",
GOBP_NEGATIVE_REGULATION_OF_CELLULAR_SENESCENCE,GOBP_NEGATIVE_REGULATION_OF_CELLULAR_SENESCENCE,,21,-0.28805423,-0.7113041,0.89285713,0.9673004,1.0,5406,"tags=43%, list=19%, signal=53%",
REACTOME_METABOLISM_OF_FOLATE_AND_PTERINES,REACTOME_METABOLISM_OF_FOLATE_AND_PTERINES,,17,-0.29733756,-0.7110339,0.8727273,0.96680063,1.0,1599,"tags=12%, list=6%, signal=12%",
GOBP_AXONAL_TRANSPORT_OF_MITOCHONDRION,GOBP_AXONAL_TRANSPORT_OF_MITOCHONDRION,,19,-0.29684302,-0.7099433,0.8904429,0.96702886,1.0,4518,"tags=26%, list=16%, signal=31%",
GOBP_MIRNA_CATABOLIC_PROCESS,GOBP_MIRNA_CATABOLIC_PROCESS,,15,-0.30228043,-0.70921,0.87004405,0.96689224,1.0,1023,"tags=13%, list=4%, signal=14%",
GOBP_MEIOTIC_SPINDLE_ORGANIZATION,GOBP_MEIOTIC_SPINDLE_ORGANIZATION,,24,-0.27363744,-0.7081008,0.9203747,0.9670744,1.0,182,"tags=4%, list=1%, signal=4%",
GOBP_NEGATIVE_REGULATION_OF_PROTEASOMAL_UBIQUITIN_DEPENDENT_PROTEIN_CATABOLIC_PROCESS,GOBP_NEGATIVE_REGULATION_OF_PROTEASOMAL_UBIQUITIN_DEPENDENT_PROTEIN_CATABOLIC_PROCESS,,43,-0.24470338,-0.70748115,0.9596977,0.96685505,1.0,1868,"tags=9%, list=7%, signal=10%",
GOBP_CHROMATIN_LOOPING,GOBP_CHROMATIN_LOOPING,,18,-0.2865726,-0.70380086,0.8896396,0.9691277,1.0,4676,"tags=22%, list=17%, signal=27%",
GOBP_POSITIVE_REGULATION_OF_SIGNAL_TRANSDUCTION_BY_P53_CLASS_MEDIATOR,GOBP_POSITIVE_REGULATION_OF_SIGNAL_TRANSDUCTION_BY_P53_CLASS_MEDIATOR,,33,-0.2568143,-0.70202136,0.93658537,0.9698482,1.0,2594,"tags=15%, list=9%, signal=17%",
GOBP_CELLULAR_RESPONSE_TO_ATP,GOBP_CELLULAR_RESPONSE_TO_ATP,,17,-0.29959363,-0.7010374,0.9102564,0.969905,1.0,2913,"tags=18%, list=10%, signal=20%",
GOBP_REGULATION_OF_IMMATURE_T_CELL_PROLIFERATION,GOBP_REGULATION_OF_IMMATURE_T_CELL_PROLIFERATION,,10,-0.33713487,-0.69683766,0.84815615,0.9724198,1.0,3413,"tags=40%, list=12%, signal=46%",
GOBP_DETECTION_OF_CHEMICAL_STIMULUS_INVOLVED_IN_SENSORY_PERCEPTION_OF_TASTE,GOBP_DETECTION_OF_CHEMICAL_STIMULUS_INVOLVED_IN_SENSORY_PERCEPTION_OF_TASTE,,24,-0.2698161,-0.695809,0.9162996,0.97245395,1.0,4314,"tags=21%, list=16%, signal=25%",
GOBP_ATTACHMENT_OF_MITOTIC_SPINDLE_MICROTUBULES_TO_KINETOCHORE,GOBP_ATTACHMENT_OF_MITOTIC_SPINDLE_MICROTUBULES_TO_KINETOCHORE,,26,-0.26437438,-0.69523275,0.9234339,0.97215414,1.0,6037,"tags=31%, list=22%, signal=39%",
GOBP_CAMP_METABOLIC_PROCESS,GOBP_CAMP_METABOLIC_PROCESS,,19,-0.2858236,-0.69448394,0.90205014,0.97199374,1.0,5118,"tags=26%, list=18%, signal=32%",
GOBP_INNER_DYNEIN_ARM_ASSEMBLY,GOBP_INNER_DYNEIN_ARM_ASSEMBLY,,17,-0.29029033,-0.69411063,0.9130435,0.9715172,1.0,1962,"tags=12%, list=7%, signal=13%",
REACTOME_CYCLIN_A_B1_B2_ASSOCIATED_EVENTS_DURING_G2_M_TRANSITION,REACTOME_CYCLIN_A_B1_B2_ASSOCIATED_EVENTS_DURING_G2_M_TRANSITION,,32,-0.2534218,-0.6926965,0.93990386,0.9718398,1.0,1421,"tags=6%, list=5%, signal=7%",
GOBP_NEURON_FATE_SPECIFICATION,GOBP_NEURON_FATE_SPECIFICATION,,11,-0.3256539,-0.6901779,0.88865095,0.9729106,1.0,3107,"tags=18%, list=11%, signal=20%",
GOBP_HEPATOCYTE_DIFFERENTIATION,GOBP_HEPATOCYTE_DIFFERENTIATION,,12,-0.31606695,-0.6887443,0.8794926,0.9731724,1.0,3867,"tags=17%, list=14%, signal=19%",
GOBP_PULMONARY_VALVE_MORPHOGENESIS,GOBP_PULMONARY_VALVE_MORPHOGENESIS,,15,-0.29189366,-0.6798102,0.92677826,0.978532,1.0,4988,"tags=33%, list=18%, signal=41%",
GOBP_GUANINE_NUCLEOTIDE_TRANSPORT,GOBP_GUANINE_NUCLEOTIDE_TRANSPORT,,10,-0.3282731,-0.67963004,0.90107524,0.97791964,1.0,238,"tags=10%, list=1%, signal=10%",
GOBP_EYELID_DEVELOPMENT_IN_CAMERA_TYPE_EYE,GOBP_EYELID_DEVELOPMENT_IN_CAMERA_TYPE_EYE,,10,-0.33150366,-0.6784972,0.87608695,0.97791874,1.0,5324,"tags=20%, list=19%, signal=25%",
GOBP_CENP_A_CONTAINING_CHROMATIN_ASSEMBLY,GOBP_CENP_A_CONTAINING_CHROMATIN_ASSEMBLY,,11,-0.3213277,-0.67778444,0.88209605,0.97765535,1.0,5596,"tags=18%, list=20%, signal=23%",
GOBP_EATING_BEHAVIOR,GOBP_EATING_BEHAVIOR,,28,-0.2560791,-0.6773317,0.9225,0.9772192,1.0,4421,"tags=25%, list=16%, signal=30%",
GOBP_ESTABLISHMENT_OF_EPITHELIAL_CELL_APICAL_BASAL_POLARITY,GOBP_ESTABLISHMENT_OF_EPITHELIAL_CELL_APICAL_BASAL_POLARITY,,14,-0.2994244,-0.676372,0.8903509,0.97711736,1.0,4499,"tags=29%, list=16%, signal=34%",
REACTOME_FORMATION_OF_THE_NEPHRIC_DUCT,REACTOME_FORMATION_OF_THE_NEPHRIC_DUCT,,12,-0.31466144,-0.67388093,0.8701031,0.9779275,1.0,2770,"tags=17%, list=10%, signal=19%",
GOBP_PRIMARY_ALCOHOL_BIOSYNTHETIC_PROCESS,GOBP_PRIMARY_ALCOHOL_BIOSYNTHETIC_PROCESS,,14,-0.2936444,-0.67340386,0.8935698,0.9775085,1.0,1675,"tags=14%, list=6%, signal=15%",
REACTOME_TRANSCRIPTIONAL_REGULATION_BY_THE_AP_2_TFAP2_FAMILY_OF_TRANSCRIPTION_FACTORS,REACTOME_TRANSCRIPTIONAL_REGULATION_BY_THE_AP_2_TFAP2_FAMILY_OF_TRANSCRIPTION_FACTORS,,29,-0.24995975,-0.6731887,0.9626168,0.97691387,1.0,4159,"tags=21%, list=15%, signal=24%",
GOBP_TETRAHYDROFOLATE_INTERCONVERSION,GOBP_TETRAHYDROFOLATE_INTERCONVERSION,,10,-0.32538083,-0.6696556,0.89171976,0.97829515,1.0,943,"tags=10%, list=3%, signal=10%",
REACTOME_SUMOYLATION_OF_TRANSCRIPTION_COFACTORS,REACTOME_SUMOYLATION_OF_TRANSCRIPTION_COFACTORS,,44,-0.23597841,-0.6656585,0.97361475,0.9798939,1.0,4185,"tags=18%, list=15%, signal=21%",
GOBP_PROGRAMMED_CELL_DEATH_INVOLVED_IN_CELL_DEVELOPMENT,GOBP_PROGRAMMED_CELL_DEATH_INVOLVED_IN_CELL_DEVELOPMENT,,10,-0.3178915,-0.66528386,0.9045346,0.9793729,1.0,3076,"tags=30%, list=11%, signal=34%",
GOBP_RNA_SPLICING_VIA_ENDONUCLEOLYTIC_CLEAVAGE_AND_LIGATION,GOBP_RNA_SPLICING_VIA_ENDONUCLEOLYTIC_CLEAVAGE_AND_LIGATION,,15,-0.28772107,-0.6647211,0.9211712,0.97897476,1.0,5919,"tags=33%, list=21%, signal=42%",
GOBP_POSITIVE_REGULATION_OF_EXCITATORY_POSTSYNAPTIC_POTENTIAL,GOBP_POSITIVE_REGULATION_OF_EXCITATORY_POSTSYNAPTIC_POTENTIAL,,29,-0.2454202,-0.66305983,0.9815242,0.9791892,1.0,2936,"tags=14%, list=11%, signal=15%",
GOBP_SULFUR_AMINO_ACID_BIOSYNTHETIC_PROCESS,GOBP_SULFUR_AMINO_ACID_BIOSYNTHETIC_PROCESS,,15,-0.28887013,-0.66237557,0.91764706,0.978867,1.0,6385,"tags=40%, list=23%, signal=52%",
GOBP_OUTER_MITOCHONDRIAL_MEMBRANE_ORGANIZATION,GOBP_OUTER_MITOCHONDRIAL_MEMBRANE_ORGANIZATION,,13,-0.2965572,-0.6622746,0.9072848,0.9781946,1.0,6355,"tags=54%, list=23%, signal=70%",
GOBP_ATRIAL_SEPTUM_DEVELOPMENT,GOBP_ATRIAL_SEPTUM_DEVELOPMENT,,15,-0.28575072,-0.6606894,0.9146608,0.9783716,1.0,8426,"tags=40%, list=30%, signal=57%",
GOBP_REGULATION_OF_UBIQUITIN_PROTEIN_LIGASE_ACTIVITY,GOBP_REGULATION_OF_UBIQUITIN_PROTEIN_LIGASE_ACTIVITY,,10,-0.31616315,-0.6604457,0.9033708,0.97778493,1.0,4303,"tags=30%, list=16%, signal=35%",
REACTOME_TELOMERE_C_STRAND_SYNTHESIS_INITIATION,REACTOME_TELOMERE_C_STRAND_SYNTHESIS_INITIATION,,13,-0.29771006,-0.65681434,0.90831554,0.9789644,1.0,4946,"tags=31%, list=18%, signal=37%",
REACTOME_ABERRANT_REGULATION_OF_MITOTIC_EXIT_IN_CANCER_DUE_TO_RB1_DEFECTS,REACTOME_ABERRANT_REGULATION_OF_MITOTIC_EXIT_IN_CANCER_DUE_TO_RB1_DEFECTS,,20,-0.26558825,-0.6535413,0.94239634,0.9799165,1.0,4446,"tags=25%, list=16%, signal=30%",
GOBP_CEREBROSPINAL_FLUID_CIRCULATION,GOBP_CEREBROSPINAL_FLUID_CIRCULATION,,12,-0.29567105,-0.6439431,0.9493671,0.9838971,1.0,3674,"tags=17%, list=13%, signal=19%",
REACTOME_CONVERSION_FROM_APC_C_CDC20_TO_APC_C_CDH1_IN_LATE_ANAPHASE,REACTOME_CONVERSION_FROM_APC_C_CDC20_TO_APC_C_CDH1_IN_LATE_ANAPHASE,,20,-0.2686603,-0.6434369,0.9504505,0.9833877,1.0,4446,"tags=25%, list=16%, signal=30%",
GOBP_G_PROTEIN_COUPLED_RECEPTOR_SIGNALING_PATHWAY_COUPLED_TO_CYCLIC_NUCLEOTIDE_SECOND_MESSENGER,GOBP_G_PROTEIN_COUPLED_RECEPTOR_SIGNALING_PATHWAY_COUPLED_TO_CYCLIC_NUCLEOTIDE_SECOND_MESSENGER,,32,-0.2304714,-0.6383641,0.9852941,0.98495024,1.0,4513,"tags=19%, list=16%, signal=22%",
REACTOME_PI_3K_CASCADE_FGFR2,REACTOME_PI_3K_CASCADE_FGFR2,,14,-0.2782505,-0.63386804,0.9205298,0.98613375,1.0,2262,"tags=14%, list=8%, signal=16%",
GOBP_NEGATIVE_REGULATION_OF_SMOOTH_MUSCLE_CELL_APOPTOTIC_PROCESS,GOBP_NEGATIVE_REGULATION_OF_SMOOTH_MUSCLE_CELL_APOPTOTIC_PROCESS,,13,-0.28859848,-0.6318857,0.9161148,0.98621035,1.0,5729,"tags=23%, list=21%, signal=29%",
REACTOME_ACETYLCHOLINE_NEUROTRANSMITTER_RELEASE_CYCLE,REACTOME_ACETYLCHOLINE_NEUROTRANSMITTER_RELEASE_CYCLE,,12,-0.28952116,-0.6308408,0.92325056,0.98590314,1.0,2441,"tags=17%, list=9%, signal=18%",
GOBP_POSITIVE_REGULATION_OF_NON_CANONICAL_WNT_SIGNALING_PATHWAY,GOBP_POSITIVE_REGULATION_OF_NON_CANONICAL_WNT_SIGNALING_PATHWAY,,12,-0.28893185,-0.62814564,0.9234339,0.98630095,1.0,931,"tags=8%, list=3%, signal=9%",
GOBP_POSITIVE_REGULATION_OF_MEIOTIC_NUCLEAR_DIVISION,GOBP_POSITIVE_REGULATION_OF_MEIOTIC_NUCLEAR_DIVISION,,10,-0.3010854,-0.6211654,0.938914,0.98817784,1.0,2897,"tags=20%, list=10%, signal=22%",
GOBP_POSITIVE_REGULATION_OF_CAMP_PKA_SIGNAL_TRANSDUCTION,GOBP_POSITIVE_REGULATION_OF_CAMP_PKA_SIGNAL_TRANSDUCTION,,11,-0.2968474,-0.62024075,0.9175705,0.987759,1.0,5285,"tags=27%, list=19%, signal=34%",
GOBP_UV_PROTECTION,GOBP_UV_PROTECTION,,11,-0.29482123,-0.616965,0.93271464,0.9882053,1.0,6986,"tags=55%, list=25%, signal=73%",
GOBP_RESPONSE_TO_CAFFEINE,GOBP_RESPONSE_TO_CAFFEINE,,15,-0.2685695,-0.61647946,0.93533486,0.9876461,1.0,1575,"tags=13%, list=6%, signal=14%",
GOBP_POSITIVE_REGULATION_OF_DNA_DAMAGE_RESPONSE_SIGNAL_TRANSDUCTION_BY_P53_CLASS_MEDIATOR,GOBP_POSITIVE_REGULATION_OF_DNA_DAMAGE_RESPONSE_SIGNAL_TRANSDUCTION_BY_P53_CLASS_MEDIATOR,,14,-0.2738127,-0.6155264,0.9407745,0.9872482,1.0,4564,"tags=29%, list=16%, signal=34%",
GOBP_PROTEIN_BRANCHED_POLYUBIQUITINATION,GOBP_PROTEIN_BRANCHED_POLYUBIQUITINATION,,19,-0.24781409,-0.6108976,0.969697,0.98811156,1.0,4446,"tags=21%, list=16%, signal=25%",
REACTOME_ZINC_INFLUX_INTO_CELLS_BY_THE_SLC39_GENE_FAMILY,REACTOME_ZINC_INFLUX_INTO_CELLS_BY_THE_SLC39_GENE_FAMILY,,10,-0.28829736,-0.60674584,0.9392523,0.98873067,1.0,7293,"tags=50%, list=26%, signal=68%",
GOBP_TELOMERE_LOCALIZATION,GOBP_TELOMERE_LOCALIZATION,,11,-0.2933422,-0.6066959,0.9528689,0.9880261,1.0,4596,"tags=27%, list=17%, signal=33%",
REACTOME_RHOBTB2_GTPASE_CYCLE,REACTOME_RHOBTB2_GTPASE_CYCLE,,23,-0.23975515,-0.60506356,0.97927463,0.98781586,1.0,3096,"tags=13%, list=11%, signal=15%",
GOBP_CO_TRANSCRIPTIONAL_RNA_3_END_PROCESSING_CLEAVAGE_AND_POLYADENYLATION_PATHWAY,GOBP_CO_TRANSCRIPTIONAL_RNA_3_END_PROCESSING_CLEAVAGE_AND_POLYADENYLATION_PATHWAY,,11,-0.2872215,-0.6050251,0.9329004,0.9871116,1.0,4345,"tags=18%, list=16%, signal=22%",
GOBP_LEFT_RIGHT_AXIS_SPECIFICATION,GOBP_LEFT_RIGHT_AXIS_SPECIFICATION,,12,-0.28573117,-0.6045496,0.9526749,0.98653764,1.0,3107,"tags=17%, list=11%, signal=19%",
REACTOME_GLUTAMATE_NEUROTRANSMITTER_RELEASE_CYCLE,REACTOME_GLUTAMATE_NEUROTRANSMITTER_RELEASE_CYCLE,,21,-0.24341945,-0.595584,0.98568016,0.9883788,1.0,2441,"tags=14%, list=9%, signal=16%",
GOBP_ZINC_ION_IMPORT_ACROSS_PLASMA_MEMBRANE,GOBP_ZINC_ION_IMPORT_ACROSS_PLASMA_MEMBRANE,,10,-0.28443205,-0.5840473,0.9451754,0.9906184,1.0,6839,"tags=50%, list=25%, signal=66%",
GOBP_REGULATION_OF_GLUCOCORTICOID_METABOLIC_PROCESS,GOBP_REGULATION_OF_GLUCOCORTICOID_METABOLIC_PROCESS,,11,-0.26813507,-0.58367103,0.95454544,0.98999137,1.0,4296,"tags=18%, list=15%, signal=22%",
REACTOME_NEGATIVE_REGULATION_OF_NMDA_RECEPTOR_MEDIATED_NEURONAL_TRANSMISSION,REACTOME_NEGATIVE_REGULATION_OF_NMDA_RECEPTOR_MEDIATED_NEURONAL_TRANSMISSION,,19,-0.24122414,-0.5797588,0.97598255,0.9902177,1.0,6416,"tags=26%, list=23%, signal=34%",
REACTOME_PHOSPHORYLATION_OF_THE_APC_C,REACTOME_PHOSPHORYLATION_OF_THE_APC_C,,20,-0.233754,-0.57828397,0.98206276,0.9898471,1.0,4446,"tags=20%, list=16%, signal=24%",
GOBP_NUCLEAR_HISTONE_MRNA_CATABOLIC_PROCESS,GOBP_NUCLEAR_HISTONE_MRNA_CATABOLIC_PROCESS,,12,-0.26512972,-0.57548976,0.9655172,0.9897723,1.0,2397,"tags=17%, list=9%, signal=18%",
GOBP_FORMATION_OF_CYTOPLASMIC_TRANSLATION_INITIATION_COMPLEX,GOBP_FORMATION_OF_CYTOPLASMIC_TRANSLATION_INITIATION_COMPLEX,,15,-0.24552798,-0.5740729,0.9533333,0.98936695,1.0,20936,"tags=100%, list=75%, signal=407%",
GOBP_METANEPHRIC_GLOMERULUS_DEVELOPMENT,GOBP_METANEPHRIC_GLOMERULUS_DEVELOPMENT,,12,-0.26325017,-0.5628786,0.9574468,0.99092543,1.0,1048,"tags=8%, list=4%, signal=9%",
REACTOME_ZINC_TRANSPORTERS,REACTOME_ZINC_TRANSPORTERS,,13,-0.24848305,-0.5545916,0.9770642,0.99173343,1.0,7293,"tags=46%, list=26%, signal=63%",
GOBP_REGULATION_OF_SKELETAL_MUSCLE_CELL_DIFFERENTIATION,GOBP_REGULATION_OF_SKELETAL_MUSCLE_CELL_DIFFERENTIATION,,18,-0.22254303,-0.53958213,0.98858446,0.99339944,1.0,8734,"tags=44%, list=31%, signal=65%",
GOBP_DNA_ALKYLATION_REPAIR,GOBP_DNA_ALKYLATION_REPAIR,,11,-0.25226703,-0.5371762,0.9695652,0.9930292,1.0,3527,"tags=18%, list=13%, signal=21%",
GOBP_POSITIVE_REGULATION_OF_METAPHASE_ANAPHASE_TRANSITION_OF_CELL_CYCLE,GOBP_POSITIVE_REGULATION_OF_METAPHASE_ANAPHASE_TRANSITION_OF_CELL_CYCLE,,19,-0.2111035,-0.50369483,0.99769056,0.99629647,1.0,3984,"tags=16%, list=14%, signal=18%",
GOBP_POSITIVE_REGULATION_OF_MITOTIC_SISTER_CHROMATID_SEPARATION,GOBP_POSITIVE_REGULATION_OF_MITOTIC_SISTER_CHROMATID_SEPARATION,,22,-0.19830628,-0.5016609,0.99557525,0.99576735,1.0,6880,"tags=27%, list=25%, signal=36%",
GOBP_ESTABLISHMENT_OF_PROTEIN_LOCALIZATION_TO_PEROXISOME,GOBP_ESTABLISHMENT_OF_PROTEIN_LOCALIZATION_TO_PEROXISOME,,20,-0.19337933,-0.4706687,1.0,0.99747235,1.0,6662,"tags=25%, list=24%, signal=33%",
GOBP_NEGATIVE_REGULATION_OF_DIGESTIVE_SYSTEM_PROCESS,GOBP_NEGATIVE_REGULATION_OF_DIGESTIVE_SYSTEM_PROCESS,,11,-0.22676207,-0.4661075,0.99122804,0.9970299,1.0,6869,"tags=36%, list=25%, signal=48%",