NAME,GS<br> follow link to MSigDB,GS DETAILS,SIZE,ES,NES,NOM p-val,FDR q-val,FWER p-val,RANK AT MAX,LEADING EDGE,
REACTOME_NEUTROPHIL_DEGRANULATION,REACTOME_NEUTROPHIL_DEGRANULATION,Details ...,466,0.7769173,2.816975,0.0,0.0,0.0,3374,"tags=61%, list=12%, signal=68%",
REACTOME_ANTIGEN_PROCESSING_CROSS_PRESENTATION,REACTOME_ANTIGEN_PROCESSING_CROSS_PRESENTATION,Details ...,95,0.79849327,2.4679542,0.0,0.0,0.0,3616,"tags=64%, list=13%, signal=74%",
GOBP_POSITIVE_REGULATION_OF_TUMOR_NECROSIS_FACTOR_SUPERFAMILY_CYTOKINE_PRODUCTION,GOBP_POSITIVE_REGULATION_OF_TUMOR_NECROSIS_FACTOR_SUPERFAMILY_CYTOKINE_PRODUCTION,Details ...,121,0.7560996,2.4492416,0.0,0.0,0.0,3469,"tags=57%, list=13%, signal=65%",
GOBP_DEFENSE_RESPONSE_TO_BACTERIUM,GOBP_DEFENSE_RESPONSE_TO_BACTERIUM,Details ...,258,0.6723085,2.3573658,0.0,0.0,0.0,3495,"tags=45%, list=13%, signal=51%",
GOBP_PHAGOCYTOSIS,GOBP_PHAGOCYTOSIS,Details ...,229,0.68314284,2.3449373,0.0,0.0,0.0,3520,"tags=50%, list=13%, signal=57%",
GOBP_TUMOR_NECROSIS_FACTOR_SUPERFAMILY_CYTOKINE_PRODUCTION,GOBP_TUMOR_NECROSIS_FACTOR_SUPERFAMILY_CYTOKINE_PRODUCTION,Details ...,183,0.6950534,2.3445327,0.0,0.0,0.0,3469,"tags=52%, list=13%, signal=59%",
GOBP_POSITIVE_REGULATION_OF_INFLAMMATORY_RESPONSE,GOBP_POSITIVE_REGULATION_OF_INFLAMMATORY_RESPONSE,Details ...,148,0.71228975,2.323078,0.0,0.0,0.0,3733,"tags=52%, list=13%, signal=60%",
GOBP_RESPONSE_TO_TYPE_II_INTERFERON,GOBP_RESPONSE_TO_TYPE_II_INTERFERON,Details ...,134,0.7084036,2.3116753,0.0,0.0,0.0,3308,"tags=55%, list=12%, signal=62%",
GOBP_REGULATION_OF_PHAGOCYTOSIS,GOBP_REGULATION_OF_PHAGOCYTOSIS,Details ...,97,0.73971236,2.3091547,0.0,0.0,0.0,3614,"tags=56%, list=13%, signal=64%",
GOBP_CELL_KILLING,GOBP_CELL_KILLING,Details ...,217,0.66380227,2.284577,0.0,0.0,0.0,3417,"tags=44%, list=12%, signal=50%",
REACTOME_INTERFERON_GAMMA_SIGNALING,REACTOME_INTERFERON_GAMMA_SIGNALING,Details ...,93,0.73618406,2.2767842,0.0,0.0,0.0,3096,"tags=52%, list=11%, signal=58%",
GOBP_INTERLEUKIN_1_PRODUCTION,GOBP_INTERLEUKIN_1_PRODUCTION,Details ...,108,0.71635544,2.256919,0.0,0.0,0.0,3421,"tags=51%, list=12%, signal=58%",
GOBP_RESPONSE_TO_FUNGUS,GOBP_RESPONSE_TO_FUNGUS,Details ...,56,0.7852325,2.2509859,0.0,0.0,0.0,3614,"tags=66%, list=13%, signal=76%",
GOBP_LEUKOCYTE_DEGRANULATION,GOBP_LEUKOCYTE_DEGRANULATION,Details ...,78,0.74065506,2.2481453,0.0,0.0,0.0,4208,"tags=56%, list=15%, signal=66%",
GOBP_MYELOID_LEUKOCYTE_ACTIVATION,GOBP_MYELOID_LEUKOCYTE_ACTIVATION,Details ...,239,0.6474826,2.228877,0.0,0.0,0.0,3737,"tags=49%, list=13%, signal=56%",
GOBP_GRANULOCYTE_ACTIVATION,GOBP_GRANULOCYTE_ACTIVATION,Details ...,55,0.7842764,2.2253292,0.0,0.0,0.0,2553,"tags=55%, list=9%, signal=60%",
GOBP_POSITIVE_REGULATION_OF_INTERLEUKIN_6_PRODUCTION,GOBP_POSITIVE_REGULATION_OF_INTERLEUKIN_6_PRODUCTION,Details ...,89,0.7232837,2.2143898,0.0,0.0,0.0,3624,"tags=49%, list=13%, signal=57%",
REACTOME_TOLL_LIKE_RECEPTOR_CASCADES,REACTOME_TOLL_LIKE_RECEPTOR_CASCADES,Details ...,163,0.662627,2.2061522,0.0,0.0,0.0,4032,"tags=47%, list=15%, signal=55%",
GOBP_REGULATION_OF_INNATE_IMMUNE_RESPONSE,GOBP_REGULATION_OF_INNATE_IMMUNE_RESPONSE,Details ...,461,0.60845155,2.2038877,0.0,0.0,0.0,4417,"tags=46%, list=16%, signal=54%",
GOBP_MYELOID_CELL_ACTIVATION_INVOLVED_IN_IMMUNE_RESPONSE,GOBP_MYELOID_CELL_ACTIVATION_INVOLVED_IN_IMMUNE_RESPONSE,Details ...,96,0.70739824,2.2021525,0.0,0.0,0.0,4197,"tags=55%, list=15%, signal=65%",
REACTOME_CELLULAR_RESPONSE_TO_CHEMICAL_STRESS,REACTOME_CELLULAR_RESPONSE_TO_CHEMICAL_STRESS,,185,0.64340395,2.19058,0.0,0.0,0.0,4681,"tags=47%, list=17%, signal=56%",
GOBP_GLIAL_CELL_ACTIVATION,GOBP_GLIAL_CELL_ACTIVATION,,51,0.770133,2.1870856,0.0,0.0,0.0,2248,"tags=55%, list=8%, signal=60%",
GOBP_DEFENSE_RESPONSE_TO_GRAM_POSITIVE_BACTERIUM,GOBP_DEFENSE_RESPONSE_TO_GRAM_POSITIVE_BACTERIUM,,92,0.7077777,2.1825838,0.0,0.0,0.0,3421,"tags=53%, list=12%, signal=61%",
GOBP_PROTEIN_LOCALIZATION_TO_VACUOLE,GOBP_PROTEIN_LOCALIZATION_TO_VACUOLE,,80,0.71422154,2.1825001,0.0,0.0,0.0,4118,"tags=46%, list=15%, signal=54%",
REACTOME_INTERFERON_ALPHA_BETA_SIGNALING,REACTOME_INTERFERON_ALPHA_BETA_SIGNALING,,64,0.75283146,2.1820142,0.0,0.0,0.0,3727,"tags=58%, list=13%, signal=67%",
REACTOME_AMPK_INDUCED_ERAD_AND_LYSOSOME_MEDIATED_DEGRADATION_OF_PD_L1_CD274,REACTOME_AMPK_INDUCED_ERAD_AND_LYSOSOME_MEDIATED_DEGRADATION_OF_PD_L1_CD274,,54,0.7546513,2.1768842,0.0,0.0,0.0,5323,"tags=65%, list=19%, signal=80%",
GOBP_ENDOSOME_ORGANIZATION,GOBP_ENDOSOME_ORGANIZATION,,105,0.68874776,2.174154,0.0,0.0,0.0,4573,"tags=56%, list=16%, signal=67%",
GOBP_VESICLE_ORGANIZATION,GOBP_VESICLE_ORGANIZATION,,385,0.6066737,2.1729436,0.0,0.0,0.0,4834,"tags=47%, list=17%, signal=56%",
GOBP_CELLULAR_RESPONSE_TO_TYPE_II_INTERFERON,GOBP_CELLULAR_RESPONSE_TO_TYPE_II_INTERFERON,,95,0.7007702,2.1705658,0.0,0.0,0.0,3308,"tags=53%, list=12%, signal=60%",
REACTOME_INTERLEUKIN_1_SIGNALING,REACTOME_INTERLEUKIN_1_SIGNALING,,99,0.69671124,2.1702914,0.0,0.0,0.0,5323,"tags=61%, list=19%, signal=75%",
GOBP_GRANULOCYTE_MIGRATION,GOBP_GRANULOCYTE_MIGRATION,,127,0.674457,2.1607323,0.0,0.0,0.0,3361,"tags=46%, list=12%, signal=52%",
GOBP_INTERLEUKIN_8_PRODUCTION,GOBP_INTERLEUKIN_8_PRODUCTION,,79,0.7107147,2.1593633,0.0,0.0,0.0,4077,"tags=57%, list=15%, signal=67%",
GOBP_REGULATION_OF_LEUKOCYTE_DEGRANULATION,GOBP_REGULATION_OF_LEUKOCYTE_DEGRANULATION,,43,0.79210174,2.1557076,0.0,0.0,0.0,4208,"tags=65%, list=15%, signal=77%",
GOBP_POSITIVE_REGULATION_OF_PATTERN_RECOGNITION_RECEPTOR_SIGNALING_PATHWAY,GOBP_POSITIVE_REGULATION_OF_PATTERN_RECOGNITION_RECEPTOR_SIGNALING_PATHWAY,,79,0.70435506,2.1496623,0.0,0.0,0.0,4165,"tags=52%, list=15%, signal=61%",
GOBP_PYROPTOTIC_INFLAMMATORY_RESPONSE,GOBP_PYROPTOTIC_INFLAMMATORY_RESPONSE,,39,0.79478484,2.1460118,0.0,0.0,0.0,2827,"tags=54%, list=10%, signal=60%",
GOBP_POSITIVE_REGULATION_OF_PHAGOCYTOSIS,GOBP_POSITIVE_REGULATION_OF_PHAGOCYTOSIS,,70,0.7251823,2.1444912,0.0,0.0,0.0,3614,"tags=56%, list=13%, signal=64%",
REACTOME_AMYLOID_FIBER_FORMATION,REACTOME_AMYLOID_FIBER_FORMATION,,87,0.691105,2.1444507,0.0,0.0,0.0,5490,"tags=63%, list=20%, signal=79%",
GOBP_POSITIVE_REGULATION_OF_INTERLEUKIN_8_PRODUCTION,GOBP_POSITIVE_REGULATION_OF_INTERLEUKIN_8_PRODUCTION,,58,0.7490923,2.144067,0.0,0.0,0.0,3525,"tags=57%, list=13%, signal=65%",
GOBP_MYELOID_LEUKOCYTE_MEDIATED_IMMUNITY,GOBP_MYELOID_LEUKOCYTE_MEDIATED_IMMUNITY,,115,0.6745927,2.1413713,0.0,0.0,0.0,4324,"tags=50%, list=16%, signal=59%",
GOBP_NEUTROPHIL_MIGRATION,GOBP_NEUTROPHIL_MIGRATION,,95,0.6940022,2.1407366,0.0,0.0,0.0,3850,"tags=54%, list=14%, signal=62%",
GOBP_POSITIVE_REGULATION_OF_RESPONSE_TO_BIOTIC_STIMULUS,GOBP_POSITIVE_REGULATION_OF_RESPONSE_TO_BIOTIC_STIMULUS,,405,0.5957155,2.1394906,0.0,0.0,0.0,4417,"tags=44%, list=16%, signal=52%",
REACTOME_RUNX1_REGULATES_TRANSCRIPTION_OF_GENES_INVOLVED_IN_DIFFERENTIATION_OF_HSCS,REACTOME_RUNX1_REGULATES_TRANSCRIPTION_OF_GENES_INVOLVED_IN_DIFFERENTIATION_OF_HSCS,,101,0.6768196,2.1391628,0.0,0.0,0.0,5490,"tags=57%, list=20%, signal=71%",
GOBP_LYTIC_VACUOLE_ORGANIZATION,GOBP_LYTIC_VACUOLE_ORGANIZATION,,120,0.6593504,2.1380744,0.0,0.0,0.0,4479,"tags=58%, list=16%, signal=69%",
GOBP_REGULATION_OF_REACTIVE_OXYGEN_SPECIES_METABOLIC_PROCESS,GOBP_REGULATION_OF_REACTIVE_OXYGEN_SPECIES_METABOLIC_PROCESS,,133,0.65567416,2.137262,0.0,0.0,0.0,2858,"tags=40%, list=10%, signal=44%",
GOBP_LEUKOCYTE_MEDIATED_CYTOTOXICITY,GOBP_LEUKOCYTE_MEDIATED_CYTOTOXICITY,,148,0.6474439,2.1354887,0.0,0.0,0.0,3417,"tags=45%, list=12%, signal=51%",
GOBP_REGULATION_OF_INFLAMMATORY_RESPONSE,GOBP_REGULATION_OF_INFLAMMATORY_RESPONSE,,393,0.5949819,2.1338637,0.0,0.0,0.0,3776,"tags=40%, list=14%, signal=45%",
GOBP_ANTIGEN_PROCESSING_AND_PRESENTATION_OF_PEPTIDE_ANTIGEN_VIA_MHC_CLASS_I,GOBP_ANTIGEN_PROCESSING_AND_PRESENTATION_OF_PEPTIDE_ANTIGEN_VIA_MHC_CLASS_I,,34,0.82339495,2.1286473,0.0,0.0,0.0,2181,"tags=53%, list=8%, signal=57%",
REACTOME_EPH_EPHRIN_SIGNALING,REACTOME_EPH_EPHRIN_SIGNALING,,84,0.6899242,2.1272535,0.0,0.0,0.0,3610,"tags=48%, list=13%, signal=55%",
GOBP_ANTIGEN_PROCESSING_AND_PRESENTATION,GOBP_ANTIGEN_PROCESSING_AND_PRESENTATION,,112,0.6661084,2.1264682,0.0,0.0,0.0,3849,"tags=46%, list=14%, signal=54%",
REACTOME_CROSS_PRESENTATION_OF_SOLUBLE_EXOGENOUS_ANTIGENS_ENDOSOMES,REACTOME_CROSS_PRESENTATION_OF_SOLUBLE_EXOGENOUS_ANTIGENS_ENDOSOMES,,42,0.78502196,2.1247077,0.0,0.0,0.0,4890,"tags=69%, list=18%, signal=84%",
GOBP_POSITIVE_REGULATION_OF_REACTIVE_OXYGEN_SPECIES_METABOLIC_PROCESS,GOBP_POSITIVE_REGULATION_OF_REACTIVE_OXYGEN_SPECIES_METABOLIC_PROCESS,,62,0.7318244,2.1224766,0.0,0.0,0.0,3469,"tags=55%, list=13%, signal=63%",
REACTOME_INTERLEUKIN_1_FAMILY_SIGNALING,REACTOME_INTERLEUKIN_1_FAMILY_SIGNALING,,128,0.65719575,2.11995,0.0,0.0,0.0,5323,"tags=57%, list=19%, signal=70%",
REACTOME_NUCLEAR_EVENTS_MEDIATED_BY_NFE2L2,REACTOME_NUCLEAR_EVENTS_MEDIATED_BY_NFE2L2,,84,0.6884316,2.117629,0.0,0.0,0.0,4934,"tags=57%, list=18%, signal=69%",
GOBP_INTERLEUKIN_6_PRODUCTION,GOBP_INTERLEUKIN_6_PRODUCTION,,140,0.6451731,2.112264,0.0,0.0,0.0,4077,"tags=51%, list=15%, signal=59%",
GOBP_ACTIVATION_OF_INNATE_IMMUNE_RESPONSE,GOBP_ACTIVATION_OF_INNATE_IMMUNE_RESPONSE,,314,0.5930712,2.111628,0.0,0.0,0.0,4397,"tags=44%, list=16%, signal=52%",
GOBP_POSITIVE_REGULATION_OF_INTERLEUKIN_1_PRODUCTION,GOBP_POSITIVE_REGULATION_OF_INTERLEUKIN_1_PRODUCTION,,65,0.7229482,2.1102424,0.0,0.0,0.0,3421,"tags=54%, list=12%, signal=61%",
REACTOME_REGULATION_OF_PD_L1_CD274_POST_TRANSLATIONAL_MODIFICATION,REACTOME_REGULATION_OF_PD_L1_CD274_POST_TRANSLATIONAL_MODIFICATION,,85,0.6816553,2.1101239,0.0,0.0,0.0,5323,"tags=52%, list=19%, signal=64%",
GOBP_DETECTION_OF_BIOTIC_STIMULUS,GOBP_DETECTION_OF_BIOTIC_STIMULUS,,38,0.7737194,2.1061335,0.0,0.0,0.0,3356,"tags=58%, list=12%, signal=66%",
REACTOME_NEGATIVE_REGULATION_OF_NOTCH4_SIGNALING,REACTOME_NEGATIVE_REGULATION_OF_NOTCH4_SIGNALING,,44,0.75580335,2.1028848,0.0,0.0,0.0,5323,"tags=61%, list=19%, signal=76%",
REACTOME_ANTIGEN_PRESENTATION_FOLDING_ASSEMBLY_AND_PEPTIDE_LOADING_OF_CLASS_I_MHC,REACTOME_ANTIGEN_PRESENTATION_FOLDING_ASSEMBLY_AND_PEPTIDE_LOADING_OF_CLASS_I_MHC,,29,0.81178063,2.0939906,0.0,0.0,0.0,2823,"tags=52%, list=10%, signal=58%",
GOBP_NEGATIVE_REGULATION_OF_INTERLEUKIN_1_PRODUCTION,GOBP_NEGATIVE_REGULATION_OF_INTERLEUKIN_1_PRODUCTION,,39,0.7800007,2.087012,0.0,0.0,0.0,3356,"tags=49%, list=12%, signal=55%",
GOBP_REGULATION_OF_LYSOSOMAL_LUMEN_PH,GOBP_REGULATION_OF_LYSOSOMAL_LUMEN_PH,,34,0.79443157,2.0846553,0.0,0.0,0.0,2335,"tags=56%, list=8%, signal=61%",
GOBP_REACTIVE_OXYGEN_SPECIES_METABOLIC_PROCESS,GOBP_REACTIVE_OXYGEN_SPECIES_METABOLIC_PROCESS,,216,0.6113206,2.0842557,0.0,0.0,0.0,3051,"tags=35%, list=11%, signal=39%",
GOBP_POSITIVE_REGULATION_OF_EXOCYTOSIS,GOBP_POSITIVE_REGULATION_OF_EXOCYTOSIS,,76,0.6873682,2.0841143,0.0,0.0,0.0,4768,"tags=47%, list=17%, signal=57%",
REACTOME_RESPONSE_TO_ELEVATED_PLATELET_CYTOSOLIC_CA2,REACTOME_RESPONSE_TO_ELEVATED_PLATELET_CYTOSOLIC_CA2,,118,0.648446,2.0810406,0.0,0.0,0.0,3386,"tags=41%, list=12%, signal=46%",
REACTOME_VIF_MEDIATED_DEGRADATION_OF_APOBEC3G,REACTOME_VIF_MEDIATED_DEGRADATION_OF_APOBEC3G,,41,0.7569811,2.080572,0.0,0.0,0.0,5323,"tags=66%, list=19%, signal=81%",
REACTOME_RHO_GTPASES_ACTIVATE_WASPS_AND_WAVES,REACTOME_RHO_GTPASES_ACTIVATE_WASPS_AND_WAVES,,36,0.77787215,2.0788128,0.0,0.0,0.0,4270,"tags=69%, list=15%, signal=82%",
REACTOME_GSK3B_MEDIATED_PROTEASOMAL_DEGRADATION_OF_PD_L1_CD274,REACTOME_GSK3B_MEDIATED_PROTEASOMAL_DEGRADATION_OF_PD_L1_CD274,,44,0.74589556,2.0751157,0.0,0.0,0.0,5323,"tags=64%, list=19%, signal=79%",
GOBP_SUPEROXIDE_METABOLIC_PROCESS,GOBP_SUPEROXIDE_METABOLIC_PROCESS,,67,0.7025876,2.0736687,0.0,0.0,0.0,3359,"tags=46%, list=12%, signal=53%",
REACTOME_PROTEASOME_ASSEMBLY,REACTOME_PROTEASOME_ASSEMBLY,,52,0.73397243,2.0716376,0.0,0.0,0.0,4890,"tags=60%, list=18%, signal=72%",
GOBP_ANTIGEN_PROCESSING_AND_PRESENTATION_OF_PEPTIDE_ANTIGEN,GOBP_ANTIGEN_PROCESSING_AND_PRESENTATION_OF_PEPTIDE_ANTIGEN,,66,0.6966624,2.0701005,0.0,0.0,0.0,3624,"tags=44%, list=13%, signal=50%",
REACTOME_SPOP_MEDIATED_PROTEASOMAL_DEGRADATION_OF_PD_L1_CD274,REACTOME_SPOP_MEDIATED_PROTEASOMAL_DEGRADATION_OF_PD_L1_CD274,,46,0.7305135,2.0698574,0.0,0.0,0.0,5323,"tags=61%, list=19%, signal=75%",
GOBP_VACUOLE_ORGANIZATION,GOBP_VACUOLE_ORGANIZATION,,248,0.59621793,2.0693092,0.0,0.0,0.0,4655,"tags=49%, list=17%, signal=58%",
GOBP_MYELOID_LEUKOCYTE_MIGRATION,GOBP_MYELOID_LEUKOCYTE_MIGRATION,,195,0.6061856,2.0686212,0.0,0.0,0.0,3411,"tags=44%, list=12%, signal=49%",
GOBP_RESPIRATORY_BURST,GOBP_RESPIRATORY_BURST,,40,0.7641371,2.0677211,0.0,0.0,0.0,4347,"tags=63%, list=16%, signal=74%",
GOBP_POSITIVE_REGULATION_OF_ENDOCYTOSIS,GOBP_POSITIVE_REGULATION_OF_ENDOCYTOSIS,,145,0.6307147,2.0674741,0.0,0.0,0.0,4385,"tags=48%, list=16%, signal=57%",
GOBP_RESPONSE_TO_TYPE_I_INTERFERON,GOBP_RESPONSE_TO_TYPE_I_INTERFERON,,106,0.6621584,2.0673726,0.0,0.0,0.0,4890,"tags=58%, list=18%, signal=71%",
REACTOME_REGULATION_OF_PD_L1_CD274_EXPRESSION,REACTOME_REGULATION_OF_PD_L1_CD274_EXPRESSION,,177,0.62362593,2.0670216,0.0,0.0,0.0,5035,"tags=47%, list=18%, signal=58%",
REACTOME_SIGNALING_BY_INTERLEUKINS,REACTOME_SIGNALING_BY_INTERLEUKINS,,417,0.5757613,2.06516,0.0,0.0,0.0,3438,"tags=39%, list=12%, signal=43%",
GOBP_NEGATIVE_REGULATION_OF_IMMUNE_RESPONSE,GOBP_NEGATIVE_REGULATION_OF_IMMUNE_RESPONSE,,202,0.6112554,2.0627286,0.0,0.0,0.0,3438,"tags=46%, list=12%, signal=52%",
GOBP_PLATELET_AGGREGATION,GOBP_PLATELET_AGGREGATION,,72,0.67784005,2.0604546,0.0,0.0,0.0,4736,"tags=56%, list=17%, signal=67%",
GOBP_REGULATION_OF_REGULATED_SECRETORY_PATHWAY,GOBP_REGULATION_OF_REGULATED_SECRETORY_PATHWAY,,114,0.64784735,2.0600498,0.0,0.0,0.0,4834,"tags=47%, list=17%, signal=57%",
REACTOME_ASSEMBLY_OF_THE_ORC_COMPLEX_AT_THE_ORIGIN_OF_REPLICATION,REACTOME_ASSEMBLY_OF_THE_ORC_COMPLEX_AT_THE_ORIGIN_OF_REPLICATION,,55,0.72653544,2.0599523,0.0,0.0,0.0,4971,"tags=53%, list=18%, signal=64%",
GOBP_POSITIVE_REGULATION_OF_CYTOKINE_PRODUCTION,GOBP_POSITIVE_REGULATION_OF_CYTOKINE_PRODUCTION,,475,0.56984,2.0592132,0.0,0.0,0.0,3624,"tags=40%, list=13%, signal=45%",
GOBP_GRANULOCYTE_CHEMOTAXIS,GOBP_GRANULOCYTE_CHEMOTAXIS,,105,0.65470773,2.0580723,0.0,0.0,0.0,3361,"tags=43%, list=12%, signal=49%",
REACTOME_REGULATION_OF_ORNITHINE_DECARBOXYLASE_ODC,REACTOME_REGULATION_OF_ORNITHINE_DECARBOXYLASE_ODC,,38,0.7588847,2.0547981,0.0,0.0,0.0,5323,"tags=63%, list=19%, signal=78%",
REACTOME_TOLL_LIKE_RECEPTOR_TLR1_TLR2_CASCADE,REACTOME_TOLL_LIKE_RECEPTOR_TLR1_TLR2_CASCADE,,109,0.65255934,2.0529003,0.0,0.0,0.0,4032,"tags=43%, list=15%, signal=50%",
REACTOME_KEAP1_NFE2L2_PATHWAY,REACTOME_KEAP1_NFE2L2_PATHWAY,,110,0.6471611,2.0516348,0.0,0.0,0.0,4934,"tags=55%, list=18%, signal=66%",
GOBP_ANTIMICROBIAL_HUMORAL_RESPONSE,GOBP_ANTIMICROBIAL_HUMORAL_RESPONSE,,125,0.6326898,2.0502167,0.0,0.0,0.0,4514,"tags=39%, list=16%, signal=47%",
GOBP_HOMOTYPIC_CELL_CELL_ADHESION,GOBP_HOMOTYPIC_CELL_CELL_ADHESION,,94,0.6578856,2.048886,0.0,0.0,0.0,4736,"tags=48%, list=17%, signal=58%",
REACTOME_IRON_UPTAKE_AND_TRANSPORT,REACTOME_IRON_UPTAKE_AND_TRANSPORT,,53,0.713308,2.04882,0.0,0.0,0.0,2442,"tags=47%, list=9%, signal=52%",
GOBP_DISRUPTION_OF_ANATOMICAL_STRUCTURE_IN_ANOTHER_ORGANISM,GOBP_DISRUPTION_OF_ANATOMICAL_STRUCTURE_IN_ANOTHER_ORGANISM,,79,0.68446064,2.0472052,0.0,0.0,0.0,4392,"tags=47%, list=16%, signal=55%",
GOBP_ANTIMICROBIAL_HUMORAL_IMMUNE_RESPONSE_MEDIATED_BY_ANTIMICROBIAL_PEPTIDE,GOBP_ANTIMICROBIAL_HUMORAL_IMMUNE_RESPONSE_MEDIATED_BY_ANTIMICROBIAL_PEPTIDE,,89,0.6657792,2.046009,0.0,0.0,0.0,2755,"tags=33%, list=10%, signal=36%",
GOBP_PRODUCTION_OF_MOLECULAR_MEDIATOR_INVOLVED_IN_INFLAMMATORY_RESPONSE,GOBP_PRODUCTION_OF_MOLECULAR_MEDIATOR_INVOLVED_IN_INFLAMMATORY_RESPONSE,,97,0.65613323,2.0442805,0.0,1.36656645E-05,0.001,3776,"tags=47%, list=14%, signal=55%",
GOBP_AMYLOID_BETA_CLEARANCE,GOBP_AMYLOID_BETA_CLEARANCE,,38,0.76458985,2.0427158,0.0,1.3521815E-05,0.001,5374,"tags=74%, list=19%, signal=91%",
GOBP_ESTABLISHMENT_OF_PROTEIN_LOCALIZATION_TO_VACUOLE,GOBP_ESTABLISHMENT_OF_PROTEIN_LOCALIZATION_TO_VACUOLE,,60,0.711274,2.042525,0.0,1.3380963E-05,0.001,4118,"tags=43%, list=15%, signal=51%",
REACTOME_REGULATION_OF_APOPTOSIS,REACTOME_REGULATION_OF_APOPTOSIS,,40,0.7580798,2.040102,0.0,1.3243014E-05,0.001,5323,"tags=65%, list=19%, signal=80%",
REACTOME_FBXL7_DOWN_REGULATES_AURKA_DURING_MITOTIC_ENTRY_AND_IN_EARLY_MITOSIS,REACTOME_FBXL7_DOWN_REGULATES_AURKA_DURING_MITOTIC_ENTRY_AND_IN_EARLY_MITOSIS,,41,0.7471135,2.0398111,0.0,1.3107882E-05,0.001,5323,"tags=61%, list=19%, signal=75%",
GOBP_NEGATIVE_REGULATION_OF_INTERLEUKIN_1_BETA_PRODUCTION,GOBP_NEGATIVE_REGULATION_OF_INTERLEUKIN_1_BETA_PRODUCTION,,34,0.7812434,2.0382607,0.0,2.6143944E-05,0.002,2455,"tags=41%, list=9%, signal=45%",
REACTOME_REGULATION_OF_CDH1_FUNCTION,REACTOME_REGULATION_OF_CDH1_FUNCTION,,59,0.705039,2.037831,0.0,2.5882504E-05,0.002,5323,"tags=63%, list=19%, signal=77%",
GOBP_LYSOSOMAL_LUMEN_ACIDIFICATION,GOBP_LYSOSOMAL_LUMEN_ACIDIFICATION,,25,0.82731515,2.0360634,0.0,2.5626241E-05,0.002,2335,"tags=64%, list=8%, signal=70%",
GOBP_VACUOLAR_ACIDIFICATION,GOBP_VACUOLAR_ACIDIFICATION,,36,0.7678508,2.0337164,0.0,2.5375002E-05,0.002,3182,"tags=64%, list=11%, signal=72%",
GOBP_RESPONSE_TO_HYDROPEROXIDE,GOBP_RESPONSE_TO_HYDROPEROXIDE,,17,0.89496267,2.0334654,0.0,2.5128644E-05,0.002,1234,"tags=41%, list=4%, signal=43%",
REACTOME_ER_TO_GOLGI_ANTEROGRADE_TRANSPORT,REACTOME_ER_TO_GOLGI_ANTEROGRADE_TRANSPORT,,151,0.6147487,2.0317602,0.0,2.4887022E-05,0.002,5213,"tags=46%, list=19%, signal=57%",
REACTOME_SIGNALING_BY_CSF3_G_CSF,REACTOME_SIGNALING_BY_CSF3_G_CSF,,30,0.79633874,2.031612,0.0,3.7113165E-05,0.003,3539,"tags=63%, list=13%, signal=73%",
REACTOME_UBIQUITIN_DEPENDENT_DEGRADATION_OF_CYCLIN_D,REACTOME_UBIQUITIN_DEPENDENT_DEGRADATION_OF_CYCLIN_D,,39,0.7430974,2.03035,0.0,3.676304E-05,0.003,5323,"tags=67%, list=19%, signal=82%",
GOBP_CELLULAR_RESPONSE_TO_MOLECULE_OF_BACTERIAL_ORIGIN,GOBP_CELLULAR_RESPONSE_TO_MOLECULE_OF_BACTERIAL_ORIGIN,,210,0.5926825,2.0297246,0.0,3.641946E-05,0.003,3469,"tags=43%, list=13%, signal=49%",
GOBP_REGULATED_EXOCYTOSIS,GOBP_REGULATED_EXOCYTOSIS,,205,0.59878284,2.0290222,0.0,3.6082245E-05,0.003,4834,"tags=42%, list=17%, signal=50%",
REACTOME_DISEASES_OF_IMMUNE_SYSTEM,REACTOME_DISEASES_OF_IMMUNE_SYSTEM,,29,0.7948386,2.0285523,0.0,3.5751214E-05,0.003,4021,"tags=66%, list=14%, signal=77%",
GOBP_NEUTROPHIL_CHEMOTAXIS,GOBP_NEUTROPHIL_CHEMOTAXIS,,76,0.6765559,2.0274363,0.0,3.5426205E-05,0.003,2665,"tags=45%, list=10%, signal=49%",
GOBP_NEGATIVE_REGULATION_OF_ENDOCYTOSIS,GOBP_NEGATIVE_REGULATION_OF_ENDOCYTOSIS,,63,0.6988512,2.027222,0.0,3.510705E-05,0.003,4104,"tags=57%, list=15%, signal=67%",
GOBP_REGULATION_OF_PH,GOBP_REGULATION_OF_PH,,99,0.64189214,2.0262222,0.0,3.4793593E-05,0.003,3577,"tags=40%, list=13%, signal=46%",
REACTOME_INACTIVATION_OF_CSF3_G_CSF_SIGNALING,REACTOME_INACTIVATION_OF_CSF3_G_CSF_SIGNALING,,25,0.8048779,2.0253038,0.0,3.4485685E-05,0.003,3539,"tags=68%, list=13%, signal=78%",
REACTOME_RHO_GTPASES_ACTIVATE_NADPH_OXIDASES,REACTOME_RHO_GTPASES_ACTIVATE_NADPH_OXIDASES,,23,0.8380358,2.0252326,0.0,3.4183176E-05,0.003,2665,"tags=65%, list=10%, signal=72%",
GOBP_DETECTION_OF_EXTERNAL_BIOTIC_STIMULUS,GOBP_DETECTION_OF_EXTERNAL_BIOTIC_STIMULUS,,24,0.82438874,2.0251725,0.0,3.388593E-05,0.003,2257,"tags=63%, list=8%, signal=68%",
GOBP_REGULATION_OF_ENDOCYTOSIS,GOBP_REGULATION_OF_ENDOCYTOSIS,,283,0.5800499,2.0251172,0.0,3.3593813E-05,0.003,4385,"tags=46%, list=16%, signal=54%",
REACTOME_PARASITE_INFECTION,REACTOME_PARASITE_INFECTION,,115,0.6317103,2.025005,0.0,3.3306686E-05,0.003,4270,"tags=32%, list=15%, signal=38%",
GOBP_CARBOHYDRATE_DERIVATIVE_CATABOLIC_PROCESS,GOBP_CARBOHYDRATE_DERIVATIVE_CATABOLIC_PROCESS,,243,0.58222854,2.0237072,0.0,3.3024426E-05,0.003,3693,"tags=37%, list=13%, signal=43%",
GOBP_REGULATION_OF_IMMUNE_EFFECTOR_PROCESS,GOBP_REGULATION_OF_IMMUNE_EFFECTOR_PROCESS,,371,0.56880945,2.0236719,0.0,3.274691E-05,0.003,3641,"tags=39%, list=13%, signal=44%",
REACTOME_AUF1_HNRNP_D0_BINDS_AND_DESTABILIZES_MRNA,REACTOME_AUF1_HNRNP_D0_BINDS_AND_DESTABILIZES_MRNA,,42,0.75264525,2.021552,0.0,3.247402E-05,0.003,5323,"tags=62%, list=19%, signal=76%",
GOBP_CARBOHYDRATE_CATABOLIC_PROCESS,GOBP_CARBOHYDRATE_CATABOLIC_PROCESS,,168,0.6017966,2.020889,0.0,3.220564E-05,0.003,5192,"tags=48%, list=19%, signal=58%",
GOBP_REGULATION_OF_SUPEROXIDE_METABOLIC_PROCESS,GOBP_REGULATION_OF_SUPEROXIDE_METABOLIC_PROCESS,,28,0.802034,2.0187645,0.0,4.2538704E-05,0.004,2257,"tags=57%, list=8%, signal=62%",
GOBP_MACROAUTOPHAGY,GOBP_MACROAUTOPHAGY,,381,0.5622937,2.0186079,0.0,4.2192863E-05,0.004,4766,"tags=43%, list=17%, signal=52%",
GOBP_ANTIGEN_PROCESSING_AND_PRESENTATION_OF_ENDOGENOUS_ANTIGEN,GOBP_ANTIGEN_PROCESSING_AND_PRESENTATION_OF_ENDOGENOUS_ANTIGEN,,27,0.8028471,2.0174565,0.0,5.2332118E-05,0.005,3046,"tags=48%, list=11%, signal=54%",
GOBP_MEMBRANE_FUSION,GOBP_MEMBRANE_FUSION,,175,0.6066615,2.0164475,0.0,5.191346E-05,0.005,3904,"tags=41%, list=14%, signal=48%",
GOBP_REGULATION_OF_EXOCYTOSIS,GOBP_REGULATION_OF_EXOCYTOSIS,,170,0.60482466,2.015445,0.0,5.1501447E-05,0.005,4834,"tags=45%, list=17%, signal=54%",
REACTOME_TOLL_LIKE_RECEPTOR_9_TLR9_CASCADE,REACTOME_TOLL_LIKE_RECEPTOR_9_TLR9_CASCADE,,108,0.6366403,2.0135014,0.0,5.1095925E-05,0.005,5283,"tags=49%, list=19%, signal=60%",
REACTOME_REPLACEMENT_OF_PROTAMINES_BY_NUCLEOSOMES_IN_THE_MALE_PRONUCLEUS,REACTOME_REPLACEMENT_OF_PROTAMINES_BY_NUCLEOSOMES_IN_THE_MALE_PRONUCLEUS,,33,0.7735533,2.012239,0.0,5.0696737E-05,0.005,3834,"tags=55%, list=14%, signal=63%",
GOBP_POSITIVE_REGULATION_OF_CHEMOKINE_PRODUCTION,GOBP_POSITIVE_REGULATION_OF_CHEMOKINE_PRODUCTION,,59,0.70102274,2.012175,0.0,5.0303745E-05,0.005,5129,"tags=58%, list=18%, signal=71%",
GOBP_CERAMIDE_CATABOLIC_PROCESS,GOBP_CERAMIDE_CATABOLIC_PROCESS,,21,0.83395135,2.011271,0.0,5.9961374E-05,0.006,1516,"tags=48%, list=5%, signal=50%",
REACTOME_PROGRAMMED_CELL_DEATH,REACTOME_PROGRAMMED_CELL_DEATH,,194,0.59712,2.0112658,0.0,5.9503654E-05,0.006,4894,"tags=51%, list=18%, signal=61%",
GOBP_CYTOPLASMIC_PATTERN_RECOGNITION_RECEPTOR_SIGNALING_PATHWAY,GOBP_CYTOPLASMIC_PATTERN_RECOGNITION_RECEPTOR_SIGNALING_PATHWAY,,188,0.59157467,2.0106952,0.0,5.905287E-05,0.006,4230,"tags=43%, list=15%, signal=50%",
GOBP_PROTEIN_LOCALIZATION_TO_LYSOSOME,GOBP_PROTEIN_LOCALIZATION_TO_LYSOSOME,,52,0.7009603,2.0099227,0.0,5.860886E-05,0.006,3908,"tags=44%, list=14%, signal=51%",
REACTOME_DNA_METHYLATION,REACTOME_DNA_METHYLATION,,50,0.7135481,2.009329,0.0,5.817148E-05,0.006,4971,"tags=54%, list=18%, signal=66%",
GOBP_POSITIVE_REGULATION_OF_RESPONSE_TO_CYTOKINE_STIMULUS,GOBP_POSITIVE_REGULATION_OF_RESPONSE_TO_CYTOKINE_STIMULUS,,69,0.67179966,2.008763,0.0,5.774058E-05,0.006,4417,"tags=54%, list=16%, signal=64%",
GOBP_NEUROINFLAMMATORY_RESPONSE,GOBP_NEUROINFLAMMATORY_RESPONSE,,81,0.66744757,2.0047235,0.0,5.7316018E-05,0.006,2527,"tags=44%, list=9%, signal=49%",
GOBP_INNATE_IMMUNE_RESPONSE_IN_MUCOSA,GOBP_INNATE_IMMUNE_RESPONSE_IN_MUCOSA,,26,0.80179906,2.004547,0.0,5.6897654E-05,0.006,4392,"tags=69%, list=16%, signal=82%",
GOBP_CELL_SURFACE_PATTERN_RECOGNITION_RECEPTOR_SIGNALING_PATHWAY,GOBP_CELL_SURFACE_PATTERN_RECOGNITION_RECEPTOR_SIGNALING_PATHWAY,,74,0.663025,2.0016909,0.0,5.648535E-05,0.006,3443,"tags=46%, list=12%, signal=52%",
GOBP_EXOCYTOSIS,GOBP_EXOCYTOSIS,,333,0.5609346,2.001518,0.0,5.6078985E-05,0.006,5000,"tags=41%, list=18%, signal=50%",
GOBP_REGULATION_OF_CELL_KILLING,GOBP_REGULATION_OF_CELL_KILLING,,109,0.62765115,2.0006192,0.0,5.5678418E-05,0.006,3178,"tags=42%, list=11%, signal=47%",
REACTOME_DECTIN_1_MEDIATED_NONCANONICAL_NF_KB_SIGNALING,REACTOME_DECTIN_1_MEDIATED_NONCANONICAL_NF_KB_SIGNALING,,49,0.71399677,2.0005014,0.0,5.5283537E-05,0.006,5323,"tags=61%, list=19%, signal=76%",
GOBP_ANTIGEN_PROCESSING_AND_PRESENTATION_OF_EXOGENOUS_ANTIGEN,GOBP_ANTIGEN_PROCESSING_AND_PRESENTATION_OF_EXOGENOUS_ANTIGEN,,52,0.7002798,1.9991723,0.0,6.4028114E-05,0.007,2738,"tags=40%, list=10%, signal=45%",
REACTOME_INHIBITION_OF_DNA_RECOMBINATION_AT_TELOMERE,REACTOME_INHIBITION_OF_DNA_RECOMBINATION_AT_TELOMERE,,57,0.691108,1.9989715,0.0,6.3580366E-05,0.007,4116,"tags=40%, list=15%, signal=47%",
GOBP_NEGATIVE_REGULATION_OF_TRANSPORT,GOBP_NEGATIVE_REGULATION_OF_TRANSPORT,,351,0.56376386,1.9932305,0.0,7.2226554E-05,0.008,4500,"tags=38%, list=16%, signal=45%",
GOBP_NEUTROPHIL_MEDIATED_IMMUNITY,GOBP_NEUTROPHIL_MEDIATED_IMMUNITY,,40,0.73478025,1.9928452,0.0,7.172844E-05,0.008,3901,"tags=63%, list=14%, signal=73%",
GOBP_ORGANELLE_MEMBRANE_FUSION,GOBP_ORGANELLE_MEMBRANE_FUSION,,130,0.6187694,1.992728,0.0,7.1237155E-05,0.008,4476,"tags=47%, list=16%, signal=56%",
GOBP_NEGATIVE_REGULATION_OF_DEFENSE_RESPONSE,GOBP_NEGATIVE_REGULATION_OF_DEFENSE_RESPONSE,,264,0.5685066,1.992052,0.0,7.075255E-05,0.008,3438,"tags=39%, list=12%, signal=45%",
REACTOME_TRANSCRIPTIONAL_REGULATION_OF_GRANULOPOIESIS,REACTOME_TRANSCRIPTIONAL_REGULATION_OF_GRANULOPOIESIS,,76,0.65980184,1.9920475,0.0,7.027449E-05,0.008,3413,"tags=46%, list=12%, signal=52%",
GOBP_VACUOLAR_TRANSPORT,GOBP_VACUOLAR_TRANSPORT,,170,0.5994574,1.9913454,0.0,6.9802845E-05,0.008,4573,"tags=46%, list=16%, signal=55%",
REACTOME_ACTIVATED_PKN1_STIMULATES_TRANSCRIPTION_OF_AR_ANDROGEN_RECEPTOR_REGULATED_GENES_KLK2_AND_KLK3,REACTOME_ACTIVATED_PKN1_STIMULATES_TRANSCRIPTION_OF_AR_ANDROGEN_RECEPTOR_REGULATED_GENES_KLK2_AND_KLK3,,52,0.7009442,1.9913241,0.0,6.93375E-05,0.008,4971,"tags=52%, list=18%, signal=63%",
GOBP_MEMBRANE_INVAGINATION,GOBP_MEMBRANE_INVAGINATION,,62,0.67252946,1.9886699,0.0,7.7613506E-05,0.009,4029,"tags=52%, list=15%, signal=60%",
GOBP_PROTEIN_TARGETING_TO_VACUOLE,GOBP_PROTEIN_TARGETING_TO_VACUOLE,,48,0.70452815,1.9882448,0.0,9.4015886E-05,0.011,4759,"tags=44%, list=17%, signal=53%",
GOBP_MEMBRANE_LIPID_CATABOLIC_PROCESS,GOBP_MEMBRANE_LIPID_CATABOLIC_PROCESS,,48,0.7058037,1.9868422,0.0,9.340141E-05,0.011,1863,"tags=40%, list=7%, signal=42%",
GOBP_NEGATIVE_REGULATION_OF_PHAGOCYTOSIS,GOBP_NEGATIVE_REGULATION_OF_PHAGOCYTOSIS,,20,0.83926374,1.9867101,0.0,9.27949E-05,0.011,1560,"tags=55%, list=6%, signal=58%",
GOBP_SUPEROXIDE_ANION_GENERATION,GOBP_SUPEROXIDE_ANION_GENERATION,,39,0.7361555,1.9863843,0.0,9.219623E-05,0.011,2665,"tags=56%, list=10%, signal=62%",
REACTOME_ANTIMICROBIAL_PEPTIDES,REACTOME_ANTIMICROBIAL_PEPTIDES,,38,0.74238396,1.984329,0.0,9.160523E-05,0.011,4452,"tags=68%, list=16%, signal=81%",
GOBP_DETECTION_OF_BACTERIUM,GOBP_DETECTION_OF_BACTERIUM,,15,0.88617426,1.9840673,0.0,9.102175E-05,0.011,1418,"tags=67%, list=5%, signal=70%",
GOBP_ANTIGEN_PROCESSING_AND_PRESENTATION_OF_ENDOGENOUS_PEPTIDE_ANTIGEN,GOBP_ANTIGEN_PROCESSING_AND_PRESENTATION_OF_ENDOGENOUS_PEPTIDE_ANTIGEN,,20,0.84259385,1.9831195,0.0,9.044567E-05,0.011,3046,"tags=60%, list=11%, signal=67%",
GOBP_RESPONSE_TO_VIRUS,GOBP_RESPONSE_TO_VIRUS,,393,0.55194885,1.9830421,0.0,8.987683E-05,0.011,4185,"tags=37%, list=15%, signal=43%",
REACTOME_RHO_GTPASES_ACTIVATE_PKNS,REACTOME_RHO_GTPASES_ACTIVATE_PKNS,,78,0.66135234,1.9814025,0.0,9.746308E-05,0.012,4971,"tags=53%, list=18%, signal=64%",
GOBP_POSITIVE_REGULATION_OF_REGULATED_SECRETORY_PATHWAY,GOBP_POSITIVE_REGULATION_OF_REGULATED_SECRETORY_PATHWAY,,44,0.7227694,1.9801315,0.0,9.6857715E-05,0.012,4208,"tags=45%, list=15%, signal=53%",
GOBP_MACROPHAGE_ACTIVATION,GOBP_MACROPHAGE_ACTIVATION,,105,0.63531035,1.9800428,0.0,9.6259835E-05,0.012,3469,"tags=48%, list=13%, signal=54%",
REACTOME_STABILIZATION_OF_P53,REACTOME_STABILIZATION_OF_P53,,44,0.70017374,1.9794465,0.0,9.5669275E-05,0.012,5323,"tags=59%, list=19%, signal=73%",
REACTOME_CHROMATIN_MODIFICATIONS_DURING_THE_MATERNAL_TO_ZYGOTIC_TRANSITION_MZT,REACTOME_CHROMATIN_MODIFICATIONS_DURING_THE_MATERNAL_TO_ZYGOTIC_TRANSITION_MZT,,57,0.69163036,1.9773592,0.0,1.03035185E-04,0.013,4971,"tags=51%, list=18%, signal=62%",
REACTOME_SENESCENCE_ASSOCIATED_SECRETORY_PHENOTYPE_SASP,REACTOME_SENESCENCE_ASSOCIATED_SECRETORY_PHENOTYPE_SASP,,97,0.631796,1.9770969,0.0,1.0241073E-04,0.013,4116,"tags=41%, list=15%, signal=48%",
GOBP_INNATE_IMMUNE_RESPONSE_ACTIVATING_CELL_SURFACE_RECEPTOR_SIGNALING_PATHWAY,GOBP_INNATE_IMMUNE_RESPONSE_ACTIVATING_CELL_SURFACE_RECEPTOR_SIGNALING_PATHWAY,,92,0.64049405,1.9765447,0.0,1.017938E-04,0.013,4397,"tags=47%, list=16%, signal=55%",
GOBP_ENDOSOMAL_TRANSPORT,GOBP_ENDOSOMAL_TRANSPORT,,308,0.55866563,1.9760896,0.0,1.0890098E-04,0.014,4599,"tags=42%, list=17%, signal=49%",
REACTOME_EPIGENETIC_REGULATION_OF_GENE_EXPRESSION_BY_MLL3_AND_MLL4_COMPLEXES,REACTOME_EPIGENETIC_REGULATION_OF_GENE_EXPRESSION_BY_MLL3_AND_MLL4_COMPLEXES,,118,0.6202735,1.9755359,0.0,1.0825276E-04,0.014,4971,"tags=39%, list=18%, signal=47%",
GOBP_REGULATION_OF_MYELOID_LEUKOCYTE_MEDIATED_IMMUNITY,GOBP_REGULATION_OF_MYELOID_LEUKOCYTE_MEDIATED_IMMUNITY,,55,0.69138175,1.9747958,0.0,1.0761221E-04,0.014,4197,"tags=53%, list=15%, signal=62%",
REACTOME_CELLULAR_RESPONSE_TO_HYPOXIA,REACTOME_CELLULAR_RESPONSE_TO_HYPOXIA,,60,0.67848283,1.9746503,0.0,1.0697919E-04,0.014,5323,"tags=55%, list=19%, signal=68%",
GOBP_NEGATIVE_REGULATION_OF_INNATE_IMMUNE_RESPONSE,GOBP_NEGATIVE_REGULATION_OF_INNATE_IMMUNE_RESPONSE,,89,0.6424712,1.9746484,0.0,1.0635359E-04,0.014,3725,"tags=53%, list=13%, signal=61%",
GOBP_REGULATION_OF_COAGULATION,GOBP_REGULATION_OF_COAGULATION,,64,0.67426944,1.9716291,0.0,1.13329144E-04,0.015,3699,"tags=39%, list=13%, signal=45%",
GOBP_GLYCOLIPID_CATABOLIC_PROCESS,GOBP_GLYCOLIPID_CATABOLIC_PROCESS,,20,0.84857124,1.9709967,0.0,1.1267407E-04,0.015,1516,"tags=50%, list=5%, signal=53%",
GOBP_DETECTION_OF_OTHER_ORGANISM,GOBP_DETECTION_OF_OTHER_ORGANISM,,18,0.8663832,1.9704643,0.0,1.12026515E-04,0.015,2257,"tags=72%, list=8%, signal=79%",
REACTOME_THE_ROLE_OF_GTSE1_IN_G2_M_PROGRESSION_AFTER_G2_CHECKPOINT,REACTOME_THE_ROLE_OF_GTSE1_IN_G2_M_PROGRESSION_AFTER_G2_CHECKPOINT,,65,0.6730876,1.9702953,0.0,1.1138636E-04,0.015,5323,"tags=49%, list=19%, signal=61%",
GOBP_NEGATIVE_REGULATION_OF_EXTRINSIC_APOPTOTIC_SIGNALING_PATHWAY,GOBP_NEGATIVE_REGULATION_OF_EXTRINSIC_APOPTOTIC_SIGNALING_PATHWAY,,84,0.6391262,1.9690963,0.0,1.1075349E-04,0.015,5436,"tags=49%, list=20%, signal=61%",
GOBP_BIOLOGICAL_PROCESS_INVOLVED_IN_SYMBIOTIC_INTERACTION,GOBP_BIOLOGICAL_PROCESS_INVOLVED_IN_SYMBIOTIC_INTERACTION,,192,0.58445543,1.9685279,0.0,1.1012776E-04,0.015,4638,"tags=46%, list=17%, signal=55%",
GOBP_MAST_CELL_ACTIVATION_INVOLVED_IN_IMMUNE_RESPONSE,GOBP_MAST_CELL_ACTIVATION_INVOLVED_IN_IMMUNE_RESPONSE,,56,0.68583834,1.9677455,0.0,1.0950907E-04,0.015,4197,"tags=46%, list=15%, signal=55%",
REACTOME_TRANSCRIPTIONAL_REGULATION_BY_SMALL_RNAS,REACTOME_TRANSCRIPTIONAL_REGULATION_BY_SMALL_RNAS,,63,0.6729607,1.9670355,0.0,1.08897286E-04,0.015,5490,"tags=51%, list=20%, signal=63%",
GOBP_POSITIVE_REGULATION_OF_LEUKOCYTE_DEGRANULATION,GOBP_POSITIVE_REGULATION_OF_LEUKOCYTE_DEGRANULATION,,24,0.8007712,1.9670266,0.0,1.08292305E-04,0.015,1959,"tags=46%, list=7%, signal=49%",
REACTOME_RECOGNITION_AND_ASSOCIATION_OF_DNA_GLYCOSYLASE_WITH_SITE_CONTAINING_AN_AFFECTED_PURINE,REACTOME_RECOGNITION_AND_ASSOCIATION_OF_DNA_GLYCOSYLASE_WITH_SITE_CONTAINING_AN_AFFECTED_PURINE,,45,0.7141197,1.9660378,0.0,1.07693995E-04,0.015,4116,"tags=42%, list=15%, signal=49%",
GOBP_POSITIVE_REGULATION_OF_IMMUNE_EFFECTOR_PROCESS,GOBP_POSITIVE_REGULATION_OF_IMMUNE_EFFECTOR_PROCESS,,245,0.5692546,1.9651122,0.0,1.0710228E-04,0.015,3616,"tags=36%, list=13%, signal=41%",
GOBP_INTRACELLULAR_PH_REDUCTION,GOBP_INTRACELLULAR_PH_REDUCTION,,55,0.69566953,1.9646925,0.0,1.06517015E-04,0.015,2335,"tags=45%, list=8%, signal=50%",
GOBP_NEGATIVE_REGULATION_OF_RESPONSE_TO_BIOTIC_STIMULUS,GOBP_NEGATIVE_REGULATION_OF_RESPONSE_TO_BIOTIC_STIMULUS,,124,0.61000264,1.9627328,0.0,1.0593812E-04,0.015,3725,"tags=48%, list=13%, signal=56%",
GOBP_ORGANELLE_FUSION,GOBP_ORGANELLE_FUSION,,173,0.59146047,1.9625448,0.0,1.0536548E-04,0.015,4709,"tags=45%, list=17%, signal=53%",
GOBP_POLYSACCHARIDE_CATABOLIC_PROCESS,GOBP_POLYSACCHARIDE_CATABOLIC_PROCESS,,32,0.7540796,1.9607006,0.0,1.04799E-04,0.015,4756,"tags=53%, list=17%, signal=64%",
REACTOME_DEGRADATION_OF_DVL,REACTOME_DEGRADATION_OF_DVL,,44,0.70235336,1.9603016,0.0,1.04238585E-04,0.015,5323,"tags=66%, list=19%, signal=81%",
GOBP_CELLULAR_RESPONSE_TO_BIOTIC_STIMULUS,GOBP_CELLULAR_RESPONSE_TO_BIOTIC_STIMULUS,,236,0.5708045,1.9599016,0.0,1.0368411E-04,0.015,3840,"tags=43%, list=14%, signal=49%",
GOBP_POSITIVE_REGULATION_OF_CANONICAL_NF_KAPPAB_SIGNAL_TRANSDUCTION,GOBP_POSITIVE_REGULATION_OF_CANONICAL_NF_KAPPAB_SIGNAL_TRANSDUCTION,,214,0.57113445,1.9598368,0.0,1.0313553E-04,0.015,3507,"tags=36%, list=13%, signal=41%",
REACTOME_LEISHMANIA_INFECTION,REACTOME_LEISHMANIA_INFECTION,,208,0.57509744,1.9598293,0.0,1.02592705E-04,0.015,3857,"tags=35%, list=14%, signal=40%",
GOBP_RESPONSE_TO_MOLECULE_OF_BACTERIAL_ORIGIN,GOBP_RESPONSE_TO_MOLECULE_OF_BACTERIAL_ORIGIN,,318,0.55562407,1.9587785,0.0,1.0205557E-04,0.015,3840,"tags=40%, list=14%, signal=45%",
GOBP_REGULATION_OF_BIOLOGICAL_PROCESS_INVOLVED_IN_SYMBIOTIC_INTERACTION,GOBP_REGULATION_OF_BIOLOGICAL_PROCESS_INVOLVED_IN_SYMBIOTIC_INTERACTION,,32,0.7588317,1.9576372,0.0,1.1508957E-04,0.017,4638,"tags=53%, list=17%, signal=64%",
GOBP_ZYMOGEN_ACTIVATION,GOBP_ZYMOGEN_ACTIVATION,,49,0.686547,1.9569901,0.0,1.14493254E-04,0.017,4430,"tags=53%, list=16%, signal=63%",
REACTOME_INTERFERON_SIGNALING,REACTOME_INTERFERON_SIGNALING,,268,0.5643703,1.9562877,0.0,1.1390308E-04,0.017,3561,"tags=36%, list=13%, signal=41%",
GOBP_INTERFERON_MEDIATED_SIGNALING_PATHWAY,GOBP_INTERFERON_MEDIATED_SIGNALING_PATHWAY,,90,0.626917,1.9532931,0.0,1.3325401E-04,0.02,2979,"tags=48%, list=11%, signal=53%",
GOBP_REGULATION_OF_PROTEOLYSIS,GOBP_REGULATION_OF_PROTEOLYSIS,,388,0.5397804,1.9520429,0.0,1.4583397E-04,0.022,4515,"tags=39%, list=16%, signal=46%",
GOBP_CYTOKINE_MEDIATED_SIGNALING_PATHWAY,GOBP_CYTOKINE_MEDIATED_SIGNALING_PATHWAY,,474,0.5386374,1.951902,0.0,1.4509368E-04,0.022,3542,"tags=36%, list=13%, signal=41%",
GOBP_DEFENSE_RESPONSE_TO_GRAM_NEGATIVE_BACTERIUM,GOBP_DEFENSE_RESPONSE_TO_GRAM_NEGATIVE_BACTERIUM,,68,0.65678024,1.95132,0.0,1.508023E-04,0.023,4557,"tags=54%, list=16%, signal=65%",
REACTOME_DNA_DAMAGE_TELOMERE_STRESS_INDUCED_SENESCENCE,REACTOME_DNA_DAMAGE_TELOMERE_STRESS_INDUCED_SENESCENCE,,68,0.6469853,1.9511124,0.0,1.5004449E-04,0.023,4116,"tags=37%, list=15%, signal=43%",
GOBP_NEGATIVE_REGULATION_OF_CELL_ACTIVATION,GOBP_NEGATIVE_REGULATION_OF_CELL_ACTIVATION,,213,0.5705164,1.949795,0.0,1.688837E-04,0.026,3357,"tags=38%, list=12%, signal=43%",
GOBP_CELL_SURFACE_TOLL_LIKE_RECEPTOR_SIGNALING_PATHWAY,GOBP_CELL_SURFACE_TOLL_LIKE_RECEPTOR_SIGNALING_PATHWAY,,67,0.65654415,1.9494768,0.0,1.6804347E-04,0.026,3443,"tags=45%, list=12%, signal=51%",
REACTOME_DEGRADATION_OF_GLI1_BY_THE_PROTEASOME,REACTOME_DEGRADATION_OF_GLI1_BY_THE_PROTEASOME,,46,0.70593834,1.948892,0.0,1.6721158E-04,0.026,5323,"tags=61%, list=19%, signal=75%",
REACTOME_PLATELET_ACTIVATION_SIGNALING_AND_AGGREGATION,REACTOME_PLATELET_ACTIVATION_SIGNALING_AND_AGGREGATION,,237,0.5614563,1.9486651,0.0,1.6638786E-04,0.026,4419,"tags=43%, list=16%, signal=50%",
GOBP_NEUTROPHIL_ACTIVATION_INVOLVED_IN_IMMUNE_RESPONSE,GOBP_NEUTROPHIL_ACTIVATION_INVOLVED_IN_IMMUNE_RESPONSE,,20,0.8300612,1.9486158,0.0,1.6557224E-04,0.026,1887,"tags=65%, list=7%, signal=70%",
REACTOME_DDX58_IFIH1_MEDIATED_INDUCTION_OF_INTERFERON_ALPHA_BETA,REACTOME_DDX58_IFIH1_MEDIATED_INDUCTION_OF_INTERFERON_ALPHA_BETA,,67,0.651144,1.947287,0.0,1.6476457E-04,0.026,5221,"tags=54%, list=19%, signal=66%",
GOBP_NEGATIVE_REGULATION_OF_CELL_KILLING,GOBP_NEGATIVE_REGULATION_OF_CELL_KILLING,,35,0.732623,1.9462075,0.0,1.703346E-04,0.027,3417,"tags=57%, list=12%, signal=65%",
GOBP_PROTEIN_LOCALIZATION_TO_ENDOPLASMIC_RETICULUM,GOBP_PROTEIN_LOCALIZATION_TO_ENDOPLASMIC_RETICULUM,,31,0.75199986,1.9443221,0.0,1.7571246E-04,0.028,4357,"tags=52%, list=16%, signal=61%",
GOBP_REGULATION_OF_VESICLE_SIZE,GOBP_REGULATION_OF_VESICLE_SIZE,,17,0.8434304,1.9442503,0.0,1.7486767E-04,0.028,2999,"tags=65%, list=11%, signal=73%",
GOBP_DEFENSE_RESPONSE_TO_VIRUS,GOBP_DEFENSE_RESPONSE_TO_VIRUS,,301,0.551586,1.9401183,0.0,2.0512697E-04,0.032,4417,"tags=40%, list=16%, signal=47%",
GOBP_PROTEASOMAL_UBIQUITIN_INDEPENDENT_PROTEIN_CATABOLIC_PROCESS,GOBP_PROTEASOMAL_UBIQUITIN_INDEPENDENT_PROTEIN_CATABOLIC_PROCESS,,19,0.81796646,1.9396448,0.0,2.0415017E-04,0.032,4396,"tags=79%, list=16%, signal=94%",
REACTOME_AUTOPHAGY,REACTOME_AUTOPHAGY,,154,0.5794517,1.9390811,0.0,2.0318263E-04,0.032,5221,"tags=45%, list=19%, signal=55%",
GOBP_NEGATIVE_REGULATION_OF_REGULATED_SECRETORY_PATHWAY,GOBP_NEGATIVE_REGULATION_OF_REGULATED_SECRETORY_PATHWAY,,23,0.7808186,1.9379569,0.0,2.1463729E-04,0.033,4426,"tags=61%, list=16%, signal=72%",
GOBP_TOLL_LIKE_RECEPTOR_SIGNALING_PATHWAY,GOBP_TOLL_LIKE_RECEPTOR_SIGNALING_PATHWAY,,79,0.6344919,1.9372436,0.0,2.1362961E-04,0.034,3624,"tags=46%, list=13%, signal=52%",
REACTOME_DISEASES_OF_PROGRAMMED_CELL_DEATH,REACTOME_DISEASES_OF_PROGRAMMED_CELL_DEATH,,90,0.62818515,1.9361616,0.0,2.2476946E-04,0.036,5490,"tags=52%, list=20%, signal=65%",
REACTOME_REGULATION_OF_TLR_BY_ENDOGENOUS_LIGAND,REACTOME_REGULATION_OF_TLR_BY_ENDOGENOUS_LIGAND,,16,0.8686473,1.9357063,0.0,2.297942E-04,0.037,2334,"tags=63%, list=8%, signal=68%",
GOBP_REGULATION_OF_RESPONSE_TO_CYTOKINE_STIMULUS,GOBP_REGULATION_OF_RESPONSE_TO_CYTOKINE_STIMULUS,,182,0.57222474,1.935514,0.0,2.2873034E-04,0.037,3542,"tags=38%, list=13%, signal=44%",
GOBP_IMMUNE_RESPONSE_INHIBITING_SIGNAL_TRANSDUCTION,GOBP_IMMUNE_RESPONSE_INHIBITING_SIGNAL_TRANSDUCTION,,29,0.76993376,1.9348599,0.0,2.2767628E-04,0.037,4056,"tags=55%, list=15%, signal=65%",
GOBP_CHEMOKINE_PRODUCTION,GOBP_CHEMOKINE_PRODUCTION,,85,0.63169634,1.9348037,0.0,2.2663189E-04,0.037,5281,"tags=51%, list=19%, signal=62%",
GOBP_REGULATION_OF_PEPTIDASE_ACTIVITY,GOBP_REGULATION_OF_PEPTIDASE_ACTIVITY,,19,0.8293992,1.9324899,0.0,2.4338398E-04,0.04,2860,"tags=68%, list=10%, signal=76%",
REACTOME_DEFECTIVE_PYROPTOSIS,REACTOME_DEFECTIVE_PYROPTOSIS,,59,0.6616035,1.932188,0.0,2.422777E-04,0.04,4971,"tags=46%, list=18%, signal=56%",
REACTOME_COPI_MEDIATED_ANTEROGRADE_TRANSPORT,REACTOME_COPI_MEDIATED_ANTEROGRADE_TRANSPORT,,99,0.6239135,1.9314142,0.0,2.47055E-04,0.041,5213,"tags=49%, list=19%, signal=61%",
GOBP_CELLULAR_RESPONSE_TO_EXTERNAL_STIMULUS,GOBP_CELLULAR_RESPONSE_TO_EXTERNAL_STIMULUS,,73,0.64470685,1.9311097,0.0,2.518019E-04,0.042,4480,"tags=49%, list=16%, signal=59%",
REACTOME_CLASS_I_MHC_MEDIATED_ANTIGEN_PROCESSING_PRESENTATION,REACTOME_CLASS_I_MHC_MEDIATED_ANTIGEN_PROCESSING_PRESENTATION,,356,0.53778857,1.9303457,0.0,2.564842E-04,0.043,4431,"tags=38%, list=16%, signal=45%",
REACTOME_OXIDATIVE_STRESS_INDUCED_SENESCENCE,REACTOME_OXIDATIVE_STRESS_INDUCED_SENESCENCE,,109,0.6058551,1.9288357,0.0,2.668695E-04,0.045,4971,"tags=48%, list=18%, signal=58%",
GOBP_HEMOSTASIS,GOBP_HEMOSTASIS,,225,0.56019706,1.9286946,0.0,2.656834E-04,0.045,4736,"tags=43%, list=17%, signal=52%",
REACTOME_UBIQUITIN_MEDIATED_DEGRADATION_OF_PHOSPHORYLATED_CDC25A,REACTOME_UBIQUITIN_MEDIATED_DEGRADATION_OF_PHOSPHORYLATED_CDC25A,,51,0.6765484,1.9286176,0.0,2.645078E-04,0.045,5323,"tags=55%, list=19%, signal=68%",
REACTOME_HH_MUTANTS_ABROGATE_LIGAND_SECRETION,REACTOME_HH_MUTANTS_ABROGATE_LIGAND_SECRETION,,45,0.6908353,1.9277353,0.0,2.747364E-04,0.047,5323,"tags=62%, list=19%, signal=77%",
REACTOME_MEIOTIC_RECOMBINATION,REACTOME_MEIOTIC_RECOMBINATION,,72,0.6444853,1.9241565,0.0,3.3059053E-04,0.055,4971,"tags=42%, list=18%, signal=51%",
GOBP_ANTIBACTERIAL_HUMORAL_RESPONSE,GOBP_ANTIBACTERIAL_HUMORAL_RESPONSE,,61,0.6595073,1.9237967,0.0,3.3484446E-04,0.056,4452,"tags=49%, list=16%, signal=58%",
GOBP_VACUOLAR_LOCALIZATION,GOBP_VACUOLAR_LOCALIZATION,,86,0.6230879,1.9228764,0.0,3.3905066E-04,0.057,4197,"tags=44%, list=15%, signal=52%",
REACTOME_CARGO_CONCENTRATION_IN_THE_ER,REACTOME_CARGO_CONCENTRATION_IN_THE_ER,,32,0.74045295,1.9227659,0.0,3.3758293E-04,0.057,4716,"tags=53%, list=17%, signal=64%",
GOBP_RETROGRADE_VESICLE_MEDIATED_TRANSPORT_GOLGI_TO_ENDOPLASMIC_RETICULUM,GOBP_RETROGRADE_VESICLE_MEDIATED_TRANSPORT_GOLGI_TO_ENDOPLASMIC_RETICULUM,,55,0.66861594,1.9225612,0.0,3.3612782E-04,0.057,5534,"tags=53%, list=20%, signal=66%",
REACTOME_REGULATION_OF_PTEN_STABILITY_AND_ACTIVITY,REACTOME_REGULATION_OF_PTEN_STABILITY_AND_ACTIVITY,,55,0.663995,1.9200727,0.0,3.5682364E-04,0.061,5323,"tags=58%, list=19%, signal=72%",
REACTOME_REGULATION_OF_RUNX3_EXPRESSION_AND_ACTIVITY,REACTOME_REGULATION_OF_RUNX3_EXPRESSION_AND_ACTIVITY,,45,0.6952388,1.9196364,0.0,3.5529875E-04,0.061,5323,"tags=60%, list=19%, signal=74%",
REACTOME_ANTIGEN_PROCESSING_UB_ATP_INDEPENDENT_PROTEASOMAL_DEGRADATION,REACTOME_ANTIGEN_PROCESSING_UB_ATP_INDEPENDENT_PROTEASOMAL_DEGRADATION,,19,0.82512534,1.9195136,0.0017361111,3.5378683E-04,0.061,4396,"tags=89%, list=16%, signal=106%",
GOBP_CELLULAR_RESPONSE_TO_GROWTH_HORMONE_STIMULUS,GOBP_CELLULAR_RESPONSE_TO_GROWTH_HORMONE_STIMULUS,,24,0.7812828,1.9194056,0.0,3.578524E-04,0.062,4291,"tags=63%, list=15%, signal=74%",
GOBP_T_HELPER_1_CELL_DIFFERENTIATION,GOBP_T_HELPER_1_CELL_DIFFERENTIATION,,40,0.7032143,1.9189997,0.0,3.563425E-04,0.062,4396,"tags=68%, list=16%, signal=80%",
REACTOME_TRANSFERRIN_ENDOCYTOSIS_AND_RECYCLING,REACTOME_TRANSFERRIN_ENDOCYTOSIS_AND_RECYCLING,,27,0.7650753,1.9184629,0.0,3.5484525E-04,0.062,2442,"tags=63%, list=9%, signal=69%",
GOBP_CYTOKINE_PRODUCTION_INVOLVED_IN_IMMUNE_RESPONSE,GOBP_CYTOKINE_PRODUCTION_INVOLVED_IN_IMMUNE_RESPONSE,,102,0.60735,1.9173285,0.0,3.6968125E-04,0.065,3614,"tags=44%, list=13%, signal=51%",
GOBP_NEGATIVE_REGULATION_OF_EXOCYTOSIS,GOBP_NEGATIVE_REGULATION_OF_EXOCYTOSIS,,34,0.7336943,1.917265,0.0,3.6814093E-04,0.065,4426,"tags=56%, list=16%, signal=66%",
GOBP_MACROPHAGE_ACTIVATION_INVOLVED_IN_IMMUNE_RESPONSE,GOBP_MACROPHAGE_ACTIVATION_INVOLVED_IN_IMMUNE_RESPONSE,,20,0.81014305,1.91531,0.0,3.937276E-04,0.069,3733,"tags=65%, list=13%, signal=75%",
REACTOME_ROS_AND_RNS_PRODUCTION_IN_PHAGOCYTES,REACTOME_ROS_AND_RNS_PRODUCTION_IN_PHAGOCYTES,,31,0.7341173,1.9150628,0.0,3.9748335E-04,0.07,2665,"tags=65%, list=10%, signal=71%",
GOBP_REGULATION_OF_SUBSTRATE_ADHESION_DEPENDENT_CELL_SPREADING,GOBP_REGULATION_OF_SUBSTRATE_ADHESION_DEPENDENT_CELL_SPREADING,,52,0.6752069,1.9119065,0.0,4.22573E-04,0.075,4430,"tags=42%, list=16%, signal=50%",
REACTOME_REGULATION_OF_INSULIN_LIKE_GROWTH_FACTOR_IGF_TRANSPORT_AND_UPTAKE_BY_INSULIN_LIKE_GROWTH_FACTOR_BINDING_PROTEINS_IGFBPS,REACTOME_REGULATION_OF_INSULIN_LIKE_GROWTH_FACTOR_IGF_TRANSPORT_AND_UPTAKE_BY_INSULIN_LIKE_GROWTH_FACTOR_BINDING_PROTEINS_IGFBPS,,101,0.60835725,1.9113673,0.0,4.3682609E-04,0.078,2703,"tags=29%, list=10%, signal=32%",
REACTOME_MEIOTIC_SYNAPSIS,REACTOME_MEIOTIC_SYNAPSIS,,65,0.6552082,1.911132,0.0,4.3504313E-04,0.078,4116,"tags=37%, list=15%, signal=43%",
GOBP_REGULATION_OF_D_GLUCOSE_TRANSMEMBRANE_TRANSPORT,GOBP_REGULATION_OF_D_GLUCOSE_TRANSMEMBRANE_TRANSPORT,,65,0.63775164,1.9104958,0.0,4.3327466E-04,0.078,3021,"tags=26%, list=11%, signal=29%",
REACTOME_SCF_BETA_TRCP_MEDIATED_DEGRADATION_OF_EMI1,REACTOME_SCF_BETA_TRCP_MEDIATED_DEGRADATION_OF_EMI1,,42,0.7049029,1.910059,0.0,4.3152052E-04,0.078,5323,"tags=60%, list=19%, signal=74%",
GOBP_ANTIGEN_PROCESSING_AND_PRESENTATION_OF_EXOGENOUS_PEPTIDE_ANTIGEN,GOBP_ANTIGEN_PROCESSING_AND_PRESENTATION_OF_EXOGENOUS_PEPTIDE_ANTIGEN,,43,0.6887481,1.9084096,0.0,4.297805E-04,0.078,2738,"tags=40%, list=10%, signal=44%",
GOBP_MYD88_DEPENDENT_TOLL_LIKE_RECEPTOR_SIGNALING_PATHWAY,GOBP_MYD88_DEPENDENT_TOLL_LIKE_RECEPTOR_SIGNALING_PATHWAY,,20,0.8105189,1.9071901,0.0,4.4891628E-04,0.081,879,"tags=45%, list=3%, signal=46%",
GOBP_LYSOSOMAL_TRANSPORT,GOBP_LYSOSOMAL_TRANSPORT,,127,0.59284717,1.9071478,0.0,4.471206E-04,0.081,4476,"tags=47%, list=16%, signal=56%",
REACTOME_CONDENSATION_OF_PROPHASE_CHROMOSOMES,REACTOME_CONDENSATION_OF_PROPHASE_CHROMOSOMES,,60,0.6594736,1.9062626,0.0,4.6097147E-04,0.084,4971,"tags=45%, list=18%, signal=55%",
REACTOME_SIRT1_NEGATIVELY_REGULATES_RRNA_EXPRESSION,REACTOME_SIRT1_NEGATIVELY_REGULATES_RRNA_EXPRESSION,,54,0.66758335,1.9059876,0.0,4.642946E-04,0.085,4971,"tags=50%, list=18%, signal=61%",
GOBP_TYPE_II_INTERFERON_PRODUCTION,GOBP_TYPE_II_INTERFERON_PRODUCTION,,126,0.5877699,1.9051056,0.0,4.6763476E-04,0.086,3421,"tags=44%, list=12%, signal=50%",
GOBP_ICOSANOID_BIOSYNTHETIC_PROCESS,GOBP_ICOSANOID_BIOSYNTHETIC_PROCESS,,54,0.6563449,1.9033449,0.0,4.760827E-04,0.088,3503,"tags=33%, list=13%, signal=38%",
GOBP_REGULATION_OF_PROTEIN_MATURATION,GOBP_REGULATION_OF_PROTEIN_MATURATION,,56,0.6553218,1.9029223,0.0,4.7938555E-04,0.089,4430,"tags=45%, list=16%, signal=53%",
GOBP_PHAGOCYTOSIS_ENGULFMENT,GOBP_PHAGOCYTOSIS_ENGULFMENT,,45,0.6860498,1.9016725,0.0,5.0787267E-04,0.095,3520,"tags=51%, list=13%, signal=58%",
GOBP_ANTIFUNGAL_INNATE_IMMUNE_RESPONSE,GOBP_ANTIFUNGAL_INNATE_IMMUNE_RESPONSE,,15,0.84679717,1.9012092,0.0,5.2591006E-04,0.099,3469,"tags=67%, list=13%, signal=76%",
GOBP_CD8_POSITIVE_ALPHA_BETA_T_CELL_ACTIVATION,GOBP_CD8_POSITIVE_ALPHA_BETA_T_CELL_ACTIVATION,,40,0.7076696,1.9010255,0.0,5.2890973E-04,0.1,3285,"tags=55%, list=12%, signal=62%",
GOBP_REGULATION_OF_MAST_CELL_DEGRANULATION,GOBP_REGULATION_OF_MAST_CELL_DEGRANULATION,,26,0.76629376,1.9002929,0.0,5.268676E-04,0.1,4197,"tags=58%, list=15%, signal=68%",
REACTOME_ADHERENS_JUNCTIONS_INTERACTIONS,REACTOME_ADHERENS_JUNCTIONS_INTERACTIONS,,210,0.55290043,1.8997554,0.0,5.298003E-04,0.101,4971,"tags=40%, list=18%, signal=48%",
GOBP_OLIGOSACCHARIDE_CATABOLIC_PROCESS,GOBP_OLIGOSACCHARIDE_CATABOLIC_PROCESS,,12,0.8946528,1.8996996,0.0,5.2777043E-04,0.101,899,"tags=58%, list=3%, signal=60%",
GOBP_CELLULAR_RESPONSE_TO_PEPTIDE_HORMONE_STIMULUS,GOBP_CELLULAR_RESPONSE_TO_PEPTIDE_HORMONE_STIMULUS,,297,0.5417321,1.8995804,0.0,5.2575604E-04,0.101,4291,"tags=34%, list=15%, signal=39%",
REACTOME_REGULATED_NECROSIS,REACTOME_REGULATED_NECROSIS,,58,0.65745914,1.8991017,0.0,5.2866613E-04,0.102,2532,"tags=45%, list=9%, signal=49%",
GOBP_MYELOID_CELL_DIFFERENTIATION,GOBP_MYELOID_CELL_DIFFERENTIATION,,448,0.521321,1.8990535,0.0,5.266636E-04,0.102,3783,"tags=36%, list=14%, signal=41%",
GOBP_GOLGI_VESICLE_TRANSPORT,GOBP_GOLGI_VESICLE_TRANSPORT,,314,0.5386328,1.8983378,0.0,5.3946825E-04,0.105,4483,"tags=36%, list=16%, signal=42%",
GOBP_NEGATIVE_REGULATION_OF_LYMPHOCYTE_ACTIVATION,GOBP_NEGATIVE_REGULATION_OF_LYMPHOCYTE_ACTIVATION,,168,0.5668115,1.897396,0.0,5.5221055E-04,0.107,3357,"tags=39%, list=12%, signal=44%",
GOBP_REGULATION_OF_LEUKOCYTE_MEDIATED_IMMUNITY,GOBP_REGULATION_OF_LEUKOCYTE_MEDIATED_IMMUNITY,,251,0.5446013,1.8973345,0.0,5.501423E-04,0.107,3616,"tags=38%, list=13%, signal=43%",
GOBP_REGULATION_OF_ADAPTIVE_IMMUNE_RESPONSE,GOBP_REGULATION_OF_ADAPTIVE_IMMUNE_RESPONSE,,210,0.55806625,1.8969547,0.0,5.4808956E-04,0.107,3421,"tags=38%, list=12%, signal=43%",
GOBP_T_CELL_MEDIATED_CYTOTOXICITY,GOBP_T_CELL_MEDIATED_CYTOTOXICITY,,55,0.6655278,1.8968357,0.0,5.4605206E-04,0.107,3171,"tags=44%, list=11%, signal=49%",
GOBP_PROTEIN_TARGETING_TO_LYSOSOME,GOBP_PROTEIN_TARGETING_TO_LYSOSOME,,32,0.7340519,1.8960621,0.0,5.537135E-04,0.109,3908,"tags=44%, list=14%, signal=51%",
REACTOME_GBP_MEDIATED_HOST_DEFENSE,REACTOME_GBP_MEDIATED_HOST_DEFENSE,,14,0.86350846,1.8957955,0.0,5.5167027E-04,0.109,3561,"tags=86%, list=13%, signal=98%",
GOBP_APOPTOTIC_CELL_CLEARANCE,GOBP_APOPTOTIC_CELL_CLEARANCE,,40,0.6963281,1.895315,0.0,5.49642E-04,0.109,3520,"tags=55%, list=13%, signal=63%",
GOBP_POSITIVE_REGULATION_OF_TYPE_I_INTERFERON_PRODUCTION,GOBP_POSITIVE_REGULATION_OF_TYPE_I_INTERFERON_PRODUCTION,,77,0.6264622,1.8952284,0.0,5.5237324E-04,0.11,4077,"tags=36%, list=15%, signal=43%",
GOBP_REGULATION_OF_T_CELL_MEDIATED_CYTOTOXICITY,GOBP_REGULATION_OF_T_CELL_MEDIATED_CYTOTOXICITY,,44,0.6889196,1.8946958,0.0,5.5983727E-04,0.112,2248,"tags=43%, list=8%, signal=47%",
REACTOME_INTERLEUKIN_10_SIGNALING,REACTOME_INTERLEUKIN_10_SIGNALING,,43,0.6896434,1.89293,0.0,5.817294E-04,0.116,3411,"tags=42%, list=12%, signal=48%",
GOBP_MODULATION_BY_SYMBIONT_OF_ENTRY_INTO_HOST,GOBP_MODULATION_BY_SYMBIONT_OF_ENTRY_INTO_HOST,,22,0.7809744,1.8925946,0.0,5.7962164E-04,0.116,4638,"tags=59%, list=17%, signal=71%",
GOBP_AMYLOID_PRECURSOR_PROTEIN_CATABOLIC_PROCESS,GOBP_AMYLOID_PRECURSOR_PROTEIN_CATABOLIC_PROCESS,,58,0.65768236,1.8922664,0.0,5.821815E-04,0.116,4360,"tags=45%, list=16%, signal=53%",
GOBP_RESPONSE_TO_INTERLEUKIN_6,GOBP_RESPONSE_TO_INTERLEUKIN_6,,34,0.72864294,1.8920441,0.0,5.8008736E-04,0.116,2506,"tags=44%, list=9%, signal=48%",
REACTOME_REGULATION_OF_RUNX2_EXPRESSION_AND_ACTIVITY,REACTOME_REGULATION_OF_RUNX2_EXPRESSION_AND_ACTIVITY,,54,0.6663429,1.8919628,0.0,5.780081E-04,0.116,5323,"tags=52%, list=19%, signal=64%",
REACTOME_RESPIRATORY_SYNCYTIAL_VIRUS_INFECTION_PATHWAY,REACTOME_RESPIRATORY_SYNCYTIAL_VIRUS_INFECTION_PATHWAY,,105,0.60012513,1.8914555,0.0,5.85261E-04,0.118,5221,"tags=38%, list=19%, signal=47%",
GOBP_REGULATION_OF_EXTRINSIC_APOPTOTIC_SIGNALING_PATHWAY,GOBP_REGULATION_OF_EXTRINSIC_APOPTOTIC_SIGNALING_PATHWAY,,144,0.5767573,1.8912317,0.0,5.924158E-04,0.12,5436,"tags=48%, list=20%, signal=59%",
GOBP_EXOCYTIC_PROCESS,GOBP_EXOCYTIC_PROCESS,,82,0.61468166,1.8908925,0.0015527951,5.949771E-04,0.121,5515,"tags=49%, list=20%, signal=61%",
REACTOME_DENGUE_VIRUS_INFECTION,REACTOME_DENGUE_VIRUS_INFECTION,,376,0.5255659,1.8895688,0.0,6.203021E-04,0.126,5738,"tags=39%, list=21%, signal=48%",
REACTOME_BACTERIAL_INFECTION_PATHWAYS,REACTOME_BACTERIAL_INFECTION_PATHWAYS,,102,0.59888214,1.8892998,0.0,6.318276E-04,0.128,4559,"tags=49%, list=16%, signal=58%",
GOBP_PYRIDINE_CONTAINING_COMPOUND_METABOLIC_PROCESS,GOBP_PYRIDINE_CONTAINING_COMPOUND_METABOLIC_PROCESS,,170,0.57232994,1.8888206,0.0,6.387092E-04,0.13,3693,"tags=36%, list=13%, signal=41%",
GOBP_CYTOSOLIC_TRANSPORT,GOBP_CYTOSOLIC_TRANSPORT,,144,0.57633626,1.888323,0.0,6.5455836E-04,0.134,5714,"tags=44%, list=21%, signal=56%",
GOBP_REGULATION_OF_PATTERN_RECOGNITION_RECEPTOR_SIGNALING_PATHWAY,GOBP_REGULATION_OF_PATTERN_RECOGNITION_RECEPTOR_SIGNALING_PATHWAY,,182,0.55869734,1.8883091,0.0,6.5227767E-04,0.134,4230,"tags=43%, list=15%, signal=51%",
REACTOME_HEDGEHOG_ON_STATE,REACTOME_HEDGEHOG_ON_STATE,,70,0.63408184,1.8881229,0.0,6.545715E-04,0.134,5380,"tags=53%, list=19%, signal=65%",
REACTOME_EPHB_MEDIATED_FORWARD_SIGNALING,REACTOME_EPHB_MEDIATED_FORWARD_SIGNALING,,41,0.68461806,1.8854215,0.0,7.2856894E-04,0.149,4230,"tags=49%, list=15%, signal=57%",
GOBP_REGULATION_OF_MACROAUTOPHAGY,GOBP_REGULATION_OF_MACROAUTOPHAGY,,192,0.5580533,1.8846083,0.0,7.304673E-04,0.15,5192,"tags=43%, list=19%, signal=53%",
GOBP_POSITIVE_REGULATION_OF_PLATELET_ACTIVATION,GOBP_POSITIVE_REGULATION_OF_PLATELET_ACTIVATION,,12,0.88986355,1.8837508,0.0,7.370643E-04,0.152,1395,"tags=58%, list=5%, signal=61%",
GOBP_NEGATIVE_REGULATION_OF_IMMUNE_EFFECTOR_PROCESS,GOBP_NEGATIVE_REGULATION_OF_IMMUNE_EFFECTOR_PROCESS,,118,0.59250194,1.8835186,0.0,7.345401E-04,0.152,3417,"tags=46%, list=12%, signal=52%",
GOBP_SYNAPTIC_VESICLE_MATURATION,GOBP_SYNAPTIC_VESICLE_MATURATION,,24,0.7673128,1.8834985,0.0,7.3203316E-04,0.152,3795,"tags=63%, list=14%, signal=72%",
GOBP_NEGATIVE_REGULATION_OF_PROTEIN_LOCALIZATION_TO_MEMBRANE,GOBP_NEGATIVE_REGULATION_OF_PROTEIN_LOCALIZATION_TO_MEMBRANE,,31,0.73392075,1.8828503,0.0,7.383727E-04,0.153,4716,"tags=58%, list=17%, signal=70%",
REACTOME_REGULATION_OF_ENDOGENOUS_RETROELEMENTS_BY_THE_HUMAN_SILENCING_HUB_HUSH_COMPLEX,REACTOME_REGULATION_OF_ENDOGENOUS_RETROELEMENTS_BY_THE_HUMAN_SILENCING_HUB_HUSH_COMPLEX,,57,0.6550743,1.8827561,0.0,7.3586975E-04,0.153,4971,"tags=49%, list=18%, signal=60%",
GOBP_NEGATIVE_REGULATION_OF_ALPHA_BETA_T_CELL_ACTIVATION,GOBP_NEGATIVE_REGULATION_OF_ALPHA_BETA_T_CELL_ACTIVATION,,43,0.68889195,1.8824842,0.0,7.333837E-04,0.153,3357,"tags=47%, list=12%, signal=53%",
GOBP_RESPONSE_TO_ENDOPLASMIC_RETICULUM_STRESS,GOBP_RESPONSE_TO_ENDOPLASMIC_RETICULUM_STRESS,,274,0.540653,1.8822843,0.0,7.309144E-04,0.153,5218,"tags=41%, list=19%, signal=49%",
GOBP_NEGATIVE_REGULATION_OF_TRANSMEMBRANE_TRANSPORT,GOBP_NEGATIVE_REGULATION_OF_TRANSMEMBRANE_TRANSPORT,,87,0.6092328,1.8808836,0.0,7.546184E-04,0.159,4760,"tags=44%, list=17%, signal=53%",
REACTOME_ASPARAGINE_N_LINKED_GLYCOSYLATION,REACTOME_ASPARAGINE_N_LINKED_GLYCOSYLATION,,298,0.5299669,1.8798352,0.0,7.737308E-04,0.163,5221,"tags=39%, list=19%, signal=48%",
REACTOME_SCF_SKP2_MEDIATED_DEGRADATION_OF_P27_P21,REACTOME_SCF_SKP2_MEDIATED_DEGRADATION_OF_P27_P21,,50,0.6654533,1.8797514,0.0017271157,7.754985E-04,0.164,5323,"tags=52%, list=19%, signal=64%",
REACTOME_MYD88_INDEPENDENT_TLR4_CASCADE,REACTOME_MYD88_INDEPENDENT_TLR4_CASCADE,,108,0.5926966,1.8794292,0.0,7.85926E-04,0.167,3776,"tags=38%, list=14%, signal=44%",
GOBP_POSITIVE_REGULATION_OF_COAGULATION,GOBP_POSITIVE_REGULATION_OF_COAGULATION,,28,0.7423744,1.8790425,0.0,7.9193915E-04,0.169,3133,"tags=39%, list=11%, signal=44%",
GOBP_RECEPTOR_MEDIATED_ENDOCYTOSIS,GOBP_RECEPTOR_MEDIATED_ENDOCYTOSIS,,250,0.5461766,1.8785208,0.0,8.021047E-04,0.172,4385,"tags=44%, list=16%, signal=52%",
REACTOME_REGULATION_OF_HOMOTYPIC_CELL_CELL_ADHESION,REACTOME_REGULATION_OF_HOMOTYPIC_CELL_CELL_ADHESION,,195,0.55934745,1.8781688,0.0,8.0378377E-04,0.173,4971,"tags=42%, list=18%, signal=50%",
GOBP_NEGATIVE_REGULATION_OF_CELL_ADHESION,GOBP_NEGATIVE_REGULATION_OF_CELL_ADHESION,,280,0.536428,1.8779655,0.0,8.011485E-04,0.173,4519,"tags=40%, list=16%, signal=47%",
REACTOME_FCGAMMA_RECEPTOR_FCGR_DEPENDENT_PHAGOCYTOSIS,REACTOME_FCGAMMA_RECEPTOR_FCGR_DEPENDENT_PHAGOCYTOSIS,,142,0.57104194,1.8778496,0.0,7.9853035E-04,0.173,3614,"tags=32%, list=13%, signal=36%",
GOBP_REGULATION_OF_PLATELET_ACTIVATION,GOBP_REGULATION_OF_PLATELET_ACTIVATION,,52,0.660207,1.8756398,0.0,8.2959986E-04,0.179,3011,"tags=40%, list=11%, signal=45%",
REACTOME_NONHOMOLOGOUS_END_JOINING_NHEJ,REACTOME_NONHOMOLOGOUS_END_JOINING_NHEJ,,62,0.64282334,1.8745875,0.0,8.438697E-04,0.182,3834,"tags=35%, list=14%, signal=41%",
GOBP_LEUKOCYTE_MEDIATED_IMMUNITY,GOBP_LEUKOCYTE_MEDIATED_IMMUNITY,,452,0.5182994,1.8735777,0.0,8.5806445E-04,0.185,3356,"tags=33%, list=12%, signal=37%",
GOBP_MAST_CELL_ACTIVATION,GOBP_MAST_CELL_ACTIVATION,,69,0.6320902,1.873571,0.0,8.552965E-04,0.185,4197,"tags=45%, list=15%, signal=53%",
REACTOME_TRANSPORT_TO_THE_GOLGI_AND_SUBSEQUENT_MODIFICATION,REACTOME_TRANSPORT_TO_THE_GOLGI_AND_SUBSEQUENT_MODIFICATION,,178,0.56075656,1.8727409,0.0,8.7355386E-04,0.19,5213,"tags=44%, list=19%, signal=54%",
GOBP_RESPONSE_TO_AMYLOID_BETA,GOBP_RESPONSE_TO_AMYLOID_BETA,,48,0.6694262,1.8725768,0.0,8.8337774E-04,0.192,2256,"tags=38%, list=8%, signal=41%",
REACTOME_REGULATION_OF_IFNG_SIGNALING,REACTOME_REGULATION_OF_IFNG_SIGNALING,,14,0.86547124,1.8725486,0.0,8.8055537E-04,0.192,2975,"tags=71%, list=11%, signal=80%",
REACTOME_CELL_CELL_COMMUNICATION,REACTOME_CELL_CELL_COMMUNICATION,,291,0.53192383,1.8724744,0.0,8.7775104E-04,0.192,4971,"tags=37%, list=18%, signal=45%",
GOBP_POSITIVE_REGULATION_OF_LEUKOCYTE_MIGRATION,GOBP_POSITIVE_REGULATION_OF_LEUKOCYTE_MIGRATION,,130,0.5849713,1.8722808,0.0,8.749646E-04,0.192,3411,"tags=39%, list=12%, signal=45%",
GOBP_REGULATION_OF_TUMOR_NECROSIS_FACTOR_MEDIATED_SIGNALING_PATHWAY,GOBP_REGULATION_OF_TUMOR_NECROSIS_FACTOR_MEDIATED_SIGNALING_PATHWAY,,66,0.6398287,1.8715984,0.0,8.885765E-04,0.195,5493,"tags=56%, list=20%, signal=70%",
GOBP_MEMBRANE_FISSION,GOBP_MEMBRANE_FISSION,,45,0.67901,1.8712803,0.0,8.898704E-04,0.196,4573,"tags=60%, list=16%, signal=72%",
REACTOME_REGULATION_OF_PD_L1_CD274_TRANSCRIPTION,REACTOME_REGULATION_OF_PD_L1_CD274_TRANSCRIPTION,,85,0.6179609,1.8711262,0.0,8.8707206E-04,0.196,4971,"tags=48%, list=18%, signal=59%",
GOBP_AMIDE_METABOLIC_PROCESS,GOBP_AMIDE_METABOLIC_PROCESS,,436,0.51626676,1.8697284,0.0,9.004185E-04,0.199,3356,"tags=29%, list=12%, signal=33%",
REACTOME_INFECTION_WITH_MYCOBACTERIUM_TUBERCULOSIS,REACTOME_INFECTION_WITH_MYCOBACTERIUM_TUBERCULOSIS,,27,0.74996006,1.8696674,0.0,9.05658E-04,0.201,3741,"tags=74%, list=13%, signal=86%",
GOBP_POSITIVE_REGULATION_OF_SECRETION,GOBP_POSITIVE_REGULATION_OF_SECRETION,,265,0.5375237,1.869243,0.0,9.2314935E-04,0.206,4829,"tags=37%, list=17%, signal=44%",
GOBP_ACUTE_INFLAMMATORY_RESPONSE,GOBP_ACUTE_INFLAMMATORY_RESPONSE,,92,0.6098146,1.8684385,0.0,9.364531E-04,0.21,3404,"tags=41%, list=12%, signal=47%",
REACTOME_NUCLEOTIDE_BINDING_DOMAIN_LEUCINE_RICH_REPEAT_CONTAINING_RECEPTOR_NLR_SIGNALING_PATHWAYS,REACTOME_NUCLEOTIDE_BINDING_DOMAIN_LEUCINE_RICH_REPEAT_CONTAINING_RECEPTOR_NLR_SIGNALING_PATHWAYS,,56,0.6483623,1.8682078,0.0,9.3752134E-04,0.211,5221,"tags=52%, list=19%, signal=64%",
GOBP_TYPE_I_INTERFERON_MEDIATED_SIGNALING_PATHWAY,GOBP_TYPE_I_INTERFERON_MEDIATED_SIGNALING_PATHWAY,,65,0.6368445,1.8675188,0.0,9.744699E-04,0.219,4766,"tags=58%, list=17%, signal=70%",
GOBP_T_CELL_HOMEOSTASIS,GOBP_T_CELL_HOMEOSTASIS,,58,0.6396356,1.8671699,0.0,9.7544736E-04,0.22,3285,"tags=47%, list=12%, signal=53%",
GOBP_LEUKOCYTE_MIGRATION,GOBP_LEUKOCYTE_MIGRATION,,355,0.5201541,1.8670958,0.0,9.764673E-04,0.22,3417,"tags=37%, list=12%, signal=42%",
GOBP_POSITIVE_REGULATION_OF_SUBSTRATE_ADHESION_DEPENDENT_CELL_SPREADING,GOBP_POSITIVE_REGULATION_OF_SUBSTRATE_ADHESION_DEPENDENT_CELL_SPREADING,,37,0.6953085,1.866611,0.0,9.775718E-04,0.221,4430,"tags=49%, list=16%, signal=58%",
GOBP_NEGATIVE_REGULATION_OF_VIRAL_GENOME_REPLICATION,GOBP_NEGATIVE_REGULATION_OF_VIRAL_GENOME_REPLICATION,,48,0.66751254,1.8665682,0.0,9.745914E-04,0.221,3924,"tags=44%, list=14%, signal=51%",
GOBP_RESPONSE_TO_GROWTH_HORMONE,GOBP_RESPONSE_TO_GROWTH_HORMONE,,37,0.6921669,1.866338,0.0,9.7554835E-04,0.222,4291,"tags=46%, list=15%, signal=54%",
GOBP_POSITIVE_REGULATION_OF_HOMOTYPIC_CELL_CELL_ADHESION,GOBP_POSITIVE_REGULATION_OF_HOMOTYPIC_CELL_CELL_ADHESION,,19,0.79069114,1.8646715,0.0,0.0010118713,0.229,4483,"tags=63%, list=16%, signal=75%",
GOBP_EXTRINSIC_APOPTOTIC_SIGNALING_PATHWAY,GOBP_EXTRINSIC_APOPTOTIC_SIGNALING_PATHWAY,,218,0.5470624,1.8641281,0.0,0.0010363768,0.233,4355,"tags=39%, list=16%, signal=46%",
GOBP_REGULATION_OF_PROTEIN_EXPORT_FROM_NUCLEUS,GOBP_REGULATION_OF_PROTEIN_EXPORT_FROM_NUCLEUS,,35,0.7048852,1.8641185,0.0,0.0010332551,0.233,4628,"tags=51%, list=17%, signal=62%",
REACTOME_HEDGEHOG_LIGAND_BIOGENESIS,REACTOME_HEDGEHOG_LIGAND_BIOGENESIS,,51,0.6575002,1.8637588,0.0,0.0010418687,0.235,5323,"tags=59%, list=19%, signal=73%",
REACTOME_BINDING_AND_UPTAKE_OF_LIGANDS_BY_SCAVENGER_RECEPTORS,REACTOME_BINDING_AND_UPTAKE_OF_LIGANDS_BY_SCAVENGER_RECEPTORS,,99,0.60433674,1.8623524,0.0,0.0010740014,0.241,4586,"tags=20%, list=17%, signal=24%",
GOBP_NEGATIVE_REGULATION_OF_RESPONSE_TO_EXTERNAL_STIMULUS,GOBP_NEGATIVE_REGULATION_OF_RESPONSE_TO_EXTERNAL_STIMULUS,,372,0.51896584,1.8621919,0.0,0.0010707953,0.241,3828,"tags=37%, list=14%, signal=42%",
REACTOME_NON_CANONICAL_INFLAMMASOME_ACTIVATION,REACTOME_NON_CANONICAL_INFLAMMASOME_ACTIVATION,,14,0.8758951,1.8619084,0.0,0.0010715063,0.242,1629,"tags=71%, list=6%, signal=76%",
GOBP_REGULATION_OF_SUPEROXIDE_ANION_GENERATION,GOBP_REGULATION_OF_SUPEROXIDE_ANION_GENERATION,,19,0.8032997,1.8606366,0.0,0.0011224943,0.252,2257,"tags=63%, list=8%, signal=69%",
GOBP_WOUND_HEALING,GOBP_WOUND_HEALING,,390,0.51478827,1.8598112,0.0,0.001130685,0.254,4745,"tags=41%, list=17%, signal=49%",
GOBP_NATURAL_KILLER_CELL_MEDIATED_IMMUNITY,GOBP_NATURAL_KILLER_CELL_MEDIATED_IMMUNITY,,89,0.6083248,1.8597238,0.0,0.0011273496,0.254,3417,"tags=43%, list=12%, signal=49%",
GOBP_ANTIGEN_PROCESSING_AND_PRESENTATION_VIA_MHC_CLASS_IB,GOBP_ANTIGEN_PROCESSING_AND_PRESENTATION_VIA_MHC_CLASS_IB,,20,0.7755039,1.858672,0.0,0.0011392639,0.257,3046,"tags=55%, list=11%, signal=62%",
GOBP_CELL_ACTIVATION_INVOLVED_IN_IMMUNE_RESPONSE,GOBP_CELL_ACTIVATION_INVOLVED_IN_IMMUNE_RESPONSE,,309,0.53041416,1.8577178,0.0,0.0011777695,0.265,3737,"tags=40%, list=13%, signal=46%",
GOBP_POSITIVE_REGULATION_OF_REACTIVE_OXYGEN_SPECIES_BIOSYNTHETIC_PROCESS,GOBP_POSITIVE_REGULATION_OF_REACTIVE_OXYGEN_SPECIES_BIOSYNTHETIC_PROCESS,,17,0.8099888,1.8577107,0.0,0.0011743257,0.265,3469,"tags=59%, list=13%, signal=67%",
GOBP_NEGATIVE_REGULATION_OF_HEMOPOIESIS,GOBP_NEGATIVE_REGULATION_OF_HEMOPOIESIS,,117,0.5859129,1.8575628,0.0,0.001170902,0.265,3491,"tags=41%, list=13%, signal=47%",
REACTOME_IRAK4_DEFICIENCY_TLR2_4,REACTOME_IRAK4_DEFICIENCY_TLR2_4,,15,0.85403925,1.8560764,0.0018903592,0.0011902299,0.27,3614,"tags=80%, list=13%, signal=92%",
REACTOME_CELL_JUNCTION_ORGANIZATION,REACTOME_CELL_JUNCTION_ORGANIZATION,,260,0.5333835,1.855698,0.0,0.001194284,0.27,5833,"tags=43%, list=21%, signal=55%",
GOBP_RESPONSE_TO_OXIDATIVE_STRESS,GOBP_RESPONSE_TO_OXIDATIVE_STRESS,,393,0.51501936,1.8541207,0.0,0.0012245838,0.277,4681,"tags=35%, list=17%, signal=41%",
GOBP_CELLULAR_RESPONSE_TO_LIPOPROTEIN_PARTICLE_STIMULUS,GOBP_CELLULAR_RESPONSE_TO_LIPOPROTEIN_PARTICLE_STIMULUS,,39,0.68486506,1.8529541,0.0,0.0012587315,0.286,4360,"tags=44%, list=16%, signal=52%",
GOBP_BIOLOGICAL_PROCESS_INVOLVED_IN_INTERACTION_WITH_SYMBIONT,GOBP_BIOLOGICAL_PROCESS_INVOLVED_IN_INTERACTION_WITH_SYMBIONT,,30,0.7199914,1.8528676,0.0,0.0012551142,0.286,4558,"tags=63%, list=16%, signal=76%",
REACTOME_REGULATION_OF_MRNA_STABILITY_BY_PROTEINS_THAT_BIND_AU_RICH_ELEMENTS,REACTOME_REGULATION_OF_MRNA_STABILITY_BY_PROTEINS_THAT_BIND_AU_RICH_ELEMENTS,,74,0.6142811,1.8523997,0.0,0.0012851099,0.293,5323,"tags=53%, list=19%, signal=65%",
GOBP_PROTEIN_PROCESSING,GOBP_PROTEIN_PROCESSING,,223,0.53954095,1.8513045,0.0,0.0013037317,0.298,4796,"tags=41%, list=17%, signal=49%",
GOBP_POSITIVE_REGULATION_OF_INFLAMMASOME_MEDIATED_SIGNALING_PATHWAY,GOBP_POSITIVE_REGULATION_OF_INFLAMMASOME_MEDIATED_SIGNALING_PATHWAY,,31,0.7137484,1.850882,0.0017667845,0.0013110416,0.3,3953,"tags=52%, list=14%, signal=60%",
REACTOME_GLYCOGEN_BREAKDOWN_GLYCOGENOLYSIS,REACTOME_GLYCOGEN_BREAKDOWN_GLYCOGENOLYSIS,,14,0.8334222,1.850288,0.0019011407,0.0013331445,0.302,2825,"tags=50%, list=10%, signal=56%",
GOBP_RESPONSE_TO_PEPTIDE_HORMONE,GOBP_RESPONSE_TO_PEPTIDE_HORMONE,,398,0.51235527,1.8496237,0.0,0.0013736946,0.31,4291,"tags=31%, list=15%, signal=36%",
REACTOME_INTERLEUKIN_15_SIGNALING,REACTOME_INTERLEUKIN_15_SIGNALING,,14,0.856104,1.8488588,0.0,0.0014065686,0.317,2200,"tags=71%, list=8%, signal=78%",
REACTOME_CYTOPROTECTION_BY_HMOX1,REACTOME_CYTOPROTECTION_BY_HMOX1,,55,0.650948,1.8488,0.0,0.0014062212,0.317,6822,"tags=55%, list=25%, signal=72%",
REACTOME_C_TYPE_LECTIN_RECEPTORS_CLRS,REACTOME_C_TYPE_LECTIN_RECEPTORS_CLRS,,120,0.5773308,1.8475481,0.0,0.0014242163,0.321,5323,"tags=52%, list=19%, signal=64%",
REACTOME_DEGRADATION_OF_AXIN,REACTOME_DEGRADATION_OF_AXIN,,42,0.67458487,1.8468359,0.0017006802,0.001478459,0.332,5323,"tags=62%, list=19%, signal=76%",
GOBP_REGULATION_OF_T_CELL_MEDIATED_IMMUNITY,GOBP_REGULATION_OF_T_CELL_MEDIATED_IMMUNITY,,103,0.5899962,1.8466723,0.0,0.00148152,0.333,2248,"tags=36%, list=8%, signal=39%",
GOBP_VESICLE_BUDDING_FROM_MEMBRANE,GOBP_VESICLE_BUDDING_FROM_MEMBRANE,,88,0.6029243,1.845601,0.0,0.0015210012,0.343,5096,"tags=51%, list=18%, signal=62%",
REACTOME_PCP_CE_PATHWAY,REACTOME_PCP_CE_PATHWAY,,78,0.61322683,1.8454114,0.0,0.0015203618,0.344,5323,"tags=53%, list=19%, signal=65%",
GOBP_TEMPERATURE_HOMEOSTASIS,GOBP_TEMPERATURE_HOMEOSTASIS,,162,0.56019986,1.8449143,0.0,0.0015233785,0.346,4770,"tags=44%, list=17%, signal=53%",
GOBP_REGULATION_OF_VASOCONSTRICTION,GOBP_REGULATION_OF_VASOCONSTRICTION,,46,0.65818167,1.8446586,0.0,0.001522785,0.346,2280,"tags=26%, list=8%, signal=28%",
GOBP_REGULATION_OF_AUTOPHAGY,GOBP_REGULATION_OF_AUTOPHAGY,,363,0.51567006,1.8443991,0.0,0.0015258781,0.347,5192,"tags=38%, list=19%, signal=46%",
REACTOME_GAP_JUNCTION_TRAFFICKING_AND_REGULATION,REACTOME_GAP_JUNCTION_TRAFFICKING_AND_REGULATION,,38,0.67879033,1.8442843,0.0,0.0015253266,0.348,5213,"tags=47%, list=19%, signal=58%",
REACTOME_HDACS_DEACETYLATE_HISTONES,REACTOME_HDACS_DEACETYLATE_HISTONES,,76,0.6091469,1.8440703,0.0,0.0015317786,0.349,4971,"tags=50%, list=18%, signal=61%",
GOBP_NEGATIVE_REGULATION_OF_EXTRINSIC_APOPTOTIC_SIGNALING_PATHWAY_VIA_DEATH_DOMAIN_RECEPTORS,GOBP_NEGATIVE_REGULATION_OF_EXTRINSIC_APOPTOTIC_SIGNALING_PATHWAY_VIA_DEATH_DOMAIN_RECEPTORS,,26,0.73943055,1.8437294,0.0,0.0015311419,0.35,3359,"tags=54%, list=12%, signal=61%",
GOBP_CD8_POSITIVE_ALPHA_BETA_T_CELL_HOMEOSTASIS,GOBP_CD8_POSITIVE_ALPHA_BETA_T_CELL_HOMEOSTASIS,,15,0.8306033,1.8434426,0.0,0.0015376513,0.352,4396,"tags=87%, list=16%, signal=103%",
REACTOME_RUNX1_REGULATES_GENES_INVOLVED_IN_MEGAKARYOCYTE_DIFFERENTIATION_AND_PLATELET_FUNCTION,REACTOME_RUNX1_REGULATES_GENES_INVOLVED_IN_MEGAKARYOCYTE_DIFFERENTIATION_AND_PLATELET_FUNCTION,,82,0.6033921,1.8420519,0.0,0.0015828088,0.364,4971,"tags=44%, list=18%, signal=53%",
REACTOME_PRE_NOTCH_EXPRESSION_AND_PROCESSING,REACTOME_PRE_NOTCH_EXPRESSION_AND_PROCESSING,,100,0.58929074,1.8420225,0.0,0.0015820562,0.365,4761,"tags=45%, list=17%, signal=54%",
GOBP_INTEGRIN_MEDIATED_SIGNALING_PATHWAY,GOBP_INTEGRIN_MEDIATED_SIGNALING_PATHWAY,,111,0.58301204,1.8417506,0.0,0.001581319,0.365,2770,"tags=36%, list=10%, signal=40%",
GOBP_RESPONSE_TO_LIPOPROTEIN_PARTICLE,GOBP_RESPONSE_TO_LIPOPROTEIN_PARTICLE,,33,0.6920987,1.8413657,0.0,0.0015805126,0.366,4360,"tags=45%, list=16%, signal=54%",
GOBP_COMPLEMENT_ACTIVATION,GOBP_COMPLEMENT_ACTIVATION,,50,0.65051687,1.8404031,0.0,0.0016217253,0.377,3356,"tags=40%, list=12%, signal=45%",
GOBP_REGULATION_OF_APOPTOTIC_SIGNALING_PATHWAY,GOBP_REGULATION_OF_APOPTOTIC_SIGNALING_PATHWAY,,353,0.5153738,1.8404024,0.0,0.0016173775,0.377,4364,"tags=37%, list=16%, signal=44%",
REACTOME_GLYCOGEN_METABOLISM,REACTOME_GLYCOGEN_METABOLISM,,23,0.7645497,1.8402758,0.0,0.0016199547,0.378,3531,"tags=48%, list=13%, signal=55%",
GOBP_POSITIVE_REGULATION_OF_T_CELL_MEDIATED_CYTOTOXICITY,GOBP_POSITIVE_REGULATION_OF_T_CELL_MEDIATED_CYTOTOXICITY,,34,0.696828,1.8402506,0.0017094017,0.0016156347,0.378,2181,"tags=41%, list=8%, signal=45%",
REACTOME_APOPTOSIS,REACTOME_APOPTOSIS,,163,0.5630176,1.8399119,0.0,0.0016459383,0.386,4894,"tags=47%, list=18%, signal=56%",
GOBP_NEUTRAL_LIPID_BIOSYNTHETIC_PROCESS,GOBP_NEUTRAL_LIPID_BIOSYNTHETIC_PROCESS,,40,0.67413294,1.8387734,0.0,0.001686548,0.394,3015,"tags=40%, list=11%, signal=45%",
GOBP_REGULATION_OF_VIRAL_ENTRY_INTO_HOST_CELL,GOBP_REGULATION_OF_VIRAL_ENTRY_INTO_HOST_CELL,,16,0.8161571,1.838706,0.0,0.0016855147,0.394,4638,"tags=69%, list=17%, signal=83%",
REACTOME_CO_INHIBITION_BY_PD_1,REACTOME_CO_INHIBITION_BY_PD_1,,200,0.5358662,1.8385174,0.0,0.0016915232,0.396,5035,"tags=43%, list=18%, signal=52%",
REACTOME_MEIOSIS,REACTOME_MEIOSIS,,101,0.5769119,1.8380995,0.0,0.0016973614,0.398,3834,"tags=30%, list=14%, signal=34%",
GOBP_CELLULAR_RESPONSE_TO_INTERLEUKIN_1,GOBP_CELLULAR_RESPONSE_TO_INTERLEUKIN_1,,80,0.6071781,1.8376609,0.0,0.0017065018,0.4,3443,"tags=38%, list=12%, signal=43%",
GOBP_BIOLOGICAL_PROCESS_INVOLVED_IN_INTERACTION_WITH_HOST,GOBP_BIOLOGICAL_PROCESS_INVOLVED_IN_INTERACTION_WITH_HOST,,159,0.5582028,1.8373791,0.0,0.0017293389,0.404,4512,"tags=43%, list=16%, signal=52%",
REACTOME_ACTIVATION_OF_NF_KAPPAB_IN_B_CELLS,REACTOME_ACTIVATION_OF_NF_KAPPAB_IN_B_CELLS,,54,0.64200634,1.8372353,0.0016806723,0.0017316361,0.404,5323,"tags=61%, list=19%, signal=75%",
GOBP_REGULATION_OF_CD8_POSITIVE_ALPHA_BETA_T_CELL_ACTIVATION,GOBP_REGULATION_OF_CD8_POSITIVE_ALPHA_BETA_T_CELL_ACTIVATION,,19,0.78956705,1.8355404,0.0,0.0017919713,0.416,1362,"tags=53%, list=5%, signal=55%",
REACTOME_SIGNALING_BY_CSF1_M_CSF_IN_MYELOID_CELLS,REACTOME_SIGNALING_BY_CSF1_M_CSF_IN_MYELOID_CELLS,,31,0.7174378,1.8353488,0.0,0.0017906877,0.417,4230,"tags=55%, list=15%, signal=65%",
GOBP_POSITIVE_REGULATION_OF_PROTEOLYSIS,GOBP_POSITIVE_REGULATION_OF_PROTEOLYSIS,,194,0.5417023,1.8348739,0.0,0.0018096294,0.422,4515,"tags=39%, list=16%, signal=46%",
REACTOME_VLDLR_INTERNALISATION_AND_DEGRADATION,REACTOME_VLDLR_INTERNALISATION_AND_DEGRADATION,,16,0.81279904,1.8333514,0.0,0.0018486709,0.428,3531,"tags=69%, list=13%, signal=79%",
GOBP_NEGATIVE_REGULATION_OF_LEUKOCYTE_CELL_CELL_ADHESION,GOBP_NEGATIVE_REGULATION_OF_LEUKOCYTE_CELL_CELL_ADHESION,,147,0.561536,1.8333023,0.0,0.0018472853,0.428,3357,"tags=39%, list=12%, signal=44%",
GOBP_ACUTE_PHASE_RESPONSE,GOBP_ACUTE_PHASE_RESPONSE,,33,0.6987099,1.8332382,0.0017513135,0.0018458563,0.428,3206,"tags=45%, list=12%, signal=51%",
GOBP_RESPONSE_TO_TUMOR_NECROSIS_FACTOR,GOBP_RESPONSE_TO_TUMOR_NECROSIS_FACTOR,,208,0.53583103,1.8313172,0.0,0.0019512407,0.448,3563,"tags=36%, list=13%, signal=41%",
GOBP_NEGATIVE_REGULATION_OF_CELL_CELL_ADHESION,GOBP_NEGATIVE_REGULATION_OF_CELL_CELL_ADHESION,,196,0.54294515,1.83108,0.0,0.0019462503,0.448,3357,"tags=35%, list=12%, signal=40%",
GOBP_REGULATION_OF_ENDOPEPTIDASE_ACTIVITY,GOBP_REGULATION_OF_ENDOPEPTIDASE_ACTIVITY,,12,0.8640746,1.8309855,0.0,0.0019478983,0.449,2067,"tags=67%, list=7%, signal=72%",
REACTOME_SYNTHESIS_OF_LEUKOTRIENES_LT_AND_EOXINS_EX,REACTOME_SYNTHESIS_OF_LEUKOTRIENES_LT_AND_EOXINS_EX,,16,0.7981479,1.830857,0.0,0.0019561667,0.451,2512,"tags=44%, list=9%, signal=48%",
GOBP_VASOCONSTRICTION,GOBP_VASOCONSTRICTION,,61,0.6277367,1.8306644,0.0,0.0019544938,0.451,2280,"tags=25%, list=8%, signal=27%",
GOBP_LIPOPOLYSACCHARIDE_MEDIATED_SIGNALING_PATHWAY,GOBP_LIPOPOLYSACCHARIDE_MEDIATED_SIGNALING_PATHWAY,,61,0.6275223,1.8304646,0.0,0.0019528433,0.452,3469,"tags=56%, list=13%, signal=64%",
REACTOME_REGULATION_OF_CDH1_GENE_TRANSCRIPTION,REACTOME_REGULATION_OF_CDH1_GENE_TRANSCRIPTION,,88,0.59942377,1.8303275,0.0,0.0019511795,0.452,4761,"tags=39%, list=17%, signal=46%",
GOBP_INFLAMMASOME_MEDIATED_SIGNALING_PATHWAY,GOBP_INFLAMMASOME_MEDIATED_SIGNALING_PATHWAY,,62,0.6275947,1.829786,0.0,0.0019790668,0.457,4144,"tags=45%, list=15%, signal=53%",
GOBP_ENDOPLASMIC_RETICULUM_TO_GOLGI_VESICLE_MEDIATED_TRANSPORT,GOBP_ENDOPLASMIC_RETICULUM_TO_GOLGI_VESICLE_MEDIATED_TRANSPORT,,137,0.5555791,1.8280745,0.0,0.0020425196,0.468,5515,"tags=42%, list=20%, signal=53%",
GOBP_REGULATION_OF_INFLAMMASOME_MEDIATED_SIGNALING_PATHWAY,GOBP_REGULATION_OF_INFLAMMASOME_MEDIATED_SIGNALING_PATHWAY,,52,0.6498748,1.8277795,0.0,0.002043947,0.469,4144,"tags=48%, list=15%, signal=56%",
REACTOME_RAC2_GTPASE_CYCLE,REACTOME_RAC2_GTPASE_CYCLE,,88,0.59424937,1.8273549,0.0,0.0020453462,0.471,4356,"tags=41%, list=16%, signal=48%",
GOBP_T_HELPER_1_TYPE_IMMUNE_RESPONSE,GOBP_T_HELPER_1_TYPE_IMMUNE_RESPONSE,,66,0.6238562,1.8258901,0.0,0.002144297,0.482,3421,"tags=52%, list=12%, signal=59%",
REACTOME_COPII_MEDIATED_VESICLE_TRANSPORT,REACTOME_COPII_MEDIATED_VESICLE_TRANSPORT,,67,0.6252509,1.8253627,0.0,0.0021649308,0.486,5487,"tags=48%, list=20%, signal=59%",
GOBP_AUTOPHAGOSOME_MATURATION,GOBP_AUTOPHAGOSOME_MATURATION,,69,0.618094,1.825042,0.0,0.0021822078,0.491,4607,"tags=48%, list=17%, signal=57%",
GOBP_TAXIS,GOBP_TAXIS,,398,0.50938845,1.8248982,0.0,0.0021799598,0.492,3426,"tags=35%, list=12%, signal=40%",
GOBP_NEGATIVE_REGULATION_OF_OSTEOCLAST_DIFFERENTIATION,GOBP_NEGATIVE_REGULATION_OF_OSTEOCLAST_DIFFERENTIATION,,30,0.7185256,1.8243324,0.0,0.0021938726,0.497,4931,"tags=50%, list=18%, signal=61%",
REACTOME_RSV_HOST_INTERACTIONS,REACTOME_RSV_HOST_INTERACTIONS,,82,0.59980416,1.8234613,0.0,0.0022107584,0.5,5221,"tags=39%, list=19%, signal=48%",
GOBP_PYRUVATE_METABOLIC_PROCESS,GOBP_PYRUVATE_METABOLIC_PROCESS,,118,0.56943905,1.8233742,0.0,0.002214998,0.503,5378,"tags=43%, list=19%, signal=53%",
REACTOME_ABC_TRANSPORTER_DISORDERS,REACTOME_ABC_TRANSPORTER_DISORDERS,,63,0.6290991,1.823238,0.0,0.0022286128,0.506,5358,"tags=59%, list=19%, signal=73%",
GOBP_POSITIVE_REGULATION_OF_MONONUCLEAR_CELL_MIGRATION,GOBP_POSITIVE_REGULATION_OF_MONONUCLEAR_CELL_MIGRATION,,85,0.5932732,1.8230559,0.0,0.0022359837,0.506,3411,"tags=44%, list=12%, signal=49%",
GOBP_POSITIVE_REGULATION_OF_COLD_INDUCED_THERMOGENESIS,GOBP_POSITIVE_REGULATION_OF_COLD_INDUCED_THERMOGENESIS,,89,0.58865047,1.8229632,0.0,0.00223053,0.506,4770,"tags=39%, list=17%, signal=47%",
GOBP_NEUTROPHIL_DEGRANULATION,GOBP_NEUTROPHIL_DEGRANULATION,,13,0.84983677,1.8225565,0.0,0.0022471298,0.51,1887,"tags=69%, list=7%, signal=74%",
GOBP_REGULATION_OF_COMPLEMENT_DEPENDENT_CYTOTOXICITY,GOBP_REGULATION_OF_COMPLEMENT_DEPENDENT_CYTOTOXICITY,,12,0.854792,1.8223118,0.0,0.0022544658,0.512,3014,"tags=58%, list=11%, signal=65%",
REACTOME_INTERLEUKIN_3_INTERLEUKIN_5_AND_GM_CSF_SIGNALING,REACTOME_INTERLEUKIN_3_INTERLEUKIN_5_AND_GM_CSF_SIGNALING,,44,0.64991033,1.8220685,0.0,0.0022584947,0.512,3531,"tags=50%, list=13%, signal=57%",
GOBP_ANTIGEN_PROCESSING_AND_PRESENTATION_OF_PEPTIDE_ANTIGEN_VIA_MHC_CLASS_IB,GOBP_ANTIGEN_PROCESSING_AND_PRESENTATION_OF_PEPTIDE_ANTIGEN_VIA_MHC_CLASS_IB,,12,0.8608176,1.8218075,0.0,0.002262479,0.513,3046,"tags=75%, list=11%, signal=84%",
GOBP_CELLULAR_EXTRAVASATION,GOBP_CELLULAR_EXTRAVASATION,,67,0.614264,1.8213373,0.0,0.0022695686,0.514,3490,"tags=43%, list=13%, signal=49%",
REACTOME_SIGNALING_BY_NOTCH,REACTOME_SIGNALING_BY_NOTCH,,215,0.53500575,1.8203987,0.0,0.0023140332,0.519,4975,"tags=45%, list=18%, signal=55%",
GOBP_VIRAL_PROCESS,GOBP_VIRAL_PROCESS,,356,0.5100471,1.8202709,0.0,0.0023178833,0.52,4573,"tags=37%, list=16%, signal=44%",
GOBP_RETROGRADE_TRANSPORT_ENDOSOME_TO_GOLGI,GOBP_RETROGRADE_TRANSPORT_ENDOSOME_TO_GOLGI,,109,0.5729942,1.8202207,0.0,0.0023217713,0.521,5714,"tags=44%, list=21%, signal=55%",
GOBP_RECEPTOR_INTERNALIZATION,GOBP_RECEPTOR_INTERNALIZATION,,124,0.5651871,1.8198369,0.0,0.002331734,0.523,4063,"tags=42%, list=15%, signal=49%",
GOBP_LEUKOCYTE_CHEMOTAXIS,GOBP_LEUKOCYTE_CHEMOTAXIS,,209,0.53760904,1.819019,0.0,0.0023447287,0.525,3411,"tags=40%, list=12%, signal=45%",
REACTOME_INTERLEUKIN_2_FAMILY_SIGNALING,REACTOME_INTERLEUKIN_2_FAMILY_SIGNALING,,38,0.67295855,1.8179651,0.0,0.002388375,0.532,3178,"tags=58%, list=11%, signal=65%",
GOBP_NEGATIVE_REGULATION_OF_VIRAL_PROCESS,GOBP_NEGATIVE_REGULATION_OF_VIRAL_PROCESS,,72,0.60456485,1.8177525,0.0,0.0023857881,0.533,4552,"tags=40%, list=16%, signal=48%",
GOBP_POSITIVE_REGULATION_OF_TYPE_I_INTERFERON_MEDIATED_SIGNALING_PATHWAY,GOBP_POSITIVE_REGULATION_OF_TYPE_I_INTERFERON_MEDIATED_SIGNALING_PATHWAY,,17,0.7940148,1.8171021,0.0053475937,0.0024231295,0.539,4417,"tags=65%, list=16%, signal=77%",
REACTOME_E3_UBIQUITIN_LIGASES_UBIQUITINATE_TARGET_PROTEINS,REACTOME_E3_UBIQUITIN_LIGASES_UBIQUITINATE_TARGET_PROTEINS,,55,0.63405097,1.8166189,0.0,0.0024664635,0.543,5832,"tags=55%, list=21%, signal=69%",
GOBP_INTERLEUKIN_4_MEDIATED_SIGNALING_PATHWAY,GOBP_INTERLEUKIN_4_MEDIATED_SIGNALING_PATHWAY,,13,0.85141665,1.8164128,0.0036363637,0.0024728249,0.544,3104,"tags=77%, list=11%, signal=87%",
GOBP_MICROGLIA_DIFFERENTIATION,GOBP_MICROGLIA_DIFFERENTIATION,,15,0.8155822,1.8163875,0.0035650623,0.0024670202,0.544,2821,"tags=40%, list=10%, signal=45%",
REACTOME_INSULIN_RECEPTOR_RECYCLING,REACTOME_INSULIN_RECEPTOR_RECYCLING,,25,0.73857415,1.8161255,0.0017857143,0.0024735,0.546,3795,"tags=72%, list=14%, signal=83%",
GOBP_T_CELL_ACTIVATION_INVOLVED_IN_IMMUNE_RESPONSE,GOBP_T_CELL_ACTIVATION_INVOLVED_IN_IMMUNE_RESPONSE,,133,0.5600701,1.8159112,0.0,0.0024858532,0.547,3490,"tags=47%, list=13%, signal=53%",
GOBP_TRIGLYCERIDE_METABOLIC_PROCESS,GOBP_TRIGLYCERIDE_METABOLIC_PROCESS,,88,0.5847048,1.815627,0.0,0.0024952858,0.549,4360,"tags=39%, list=16%, signal=46%",
REACTOME_GLYCOSPHINGOLIPID_CATABOLISM,REACTOME_GLYCOSPHINGOLIPID_CATABOLISM,,34,0.6899459,1.8155984,0.0,0.002489483,0.549,1516,"tags=35%, list=5%, signal=37%",
GOBP_TYPE_II_HYPERSENSITIVITY,GOBP_TYPE_II_HYPERSENSITIVITY,,12,0.8650216,1.8150934,0.0,0.0025078321,0.553,792,"tags=50%, list=3%, signal=51%",
REACTOME_TRANSCRIPTIONAL_REGULATION_BY_RUNX2,REACTOME_TRANSCRIPTIONAL_REGULATION_BY_RUNX2,,94,0.58701414,1.8150194,0.0,0.0025110317,0.554,4890,"tags=43%, list=18%, signal=51%",
REACTOME_NEGATIVE_REGULATORS_OF_DDX58_IFIH1_SIGNALING,REACTOME_NEGATIVE_REGULATORS_OF_DDX58_IFIH1_SIGNALING,,35,0.67502666,1.8146967,0.0,0.0025352284,0.558,5221,"tags=54%, list=19%, signal=67%",
REACTOME_TRANSLOCATION_OF_SLC2A4_GLUT4_TO_THE_PLASMA_MEMBRANE,REACTOME_TRANSLOCATION_OF_SLC2A4_GLUT4_TO_THE_PLASMA_MEMBRANE,,70,0.6112767,1.8144574,0.0,0.0025444638,0.56,5570,"tags=44%, list=20%, signal=55%",
GOBP_REGULATION_OF_BODY_FLUID_LEVELS,GOBP_REGULATION_OF_BODY_FLUID_LEVELS,,340,0.5111509,1.8133799,0.0,0.0025982545,0.568,4736,"tags=37%, list=17%, signal=44%",
GOBP_REGULATION_OF_RESPONSE_TO_ENDOPLASMIC_RETICULUM_STRESS,GOBP_REGULATION_OF_RESPONSE_TO_ENDOPLASMIC_RETICULUM_STRESS,,93,0.5861529,1.813344,0.0,0.0025953038,0.569,5560,"tags=53%, list=20%, signal=66%",
GOBP_NEGATIVE_REGULATION_OF_APOPTOTIC_SIGNALING_PATHWAY,GOBP_NEGATIVE_REGULATION_OF_APOPTOTIC_SIGNALING_PATHWAY,,207,0.5363106,1.8126794,0.0,0.0026160674,0.574,5293,"tags=43%, list=19%, signal=52%",
GOBP_POSITIVE_REGULATION_OF_APOPTOTIC_SIGNALING_PATHWAY,GOBP_POSITIVE_REGULATION_OF_APOPTOTIC_SIGNALING_PATHWAY,,138,0.5571543,1.8120581,0.0,0.0026514244,0.579,4364,"tags=44%, list=16%, signal=52%",
GOBP_POSITIVE_REGULATION_OF_NEURON_APOPTOTIC_PROCESS,GOBP_POSITIVE_REGULATION_OF_NEURON_APOPTOTIC_PROCESS,,56,0.6318498,1.8118293,0.0,0.002651245,0.581,5129,"tags=57%, list=18%, signal=70%",
GOBP_ORGANIC_HYDROXY_COMPOUND_TRANSPORT,GOBP_ORGANIC_HYDROXY_COMPOUND_TRANSPORT,,216,0.531355,1.8116477,0.0,0.0026510812,0.583,4401,"tags=38%, list=16%, signal=45%",
GOBP_LYMPHOCYTE_HOMEOSTASIS,GOBP_LYMPHOCYTE_HOMEOSTASIS,,90,0.5814377,1.8111439,0.0,0.002674563,0.588,3285,"tags=41%, list=12%, signal=46%",
GOBP_MULTIVESICULAR_BODY_SORTING_PATHWAY,GOBP_MULTIVESICULAR_BODY_SORTING_PATHWAY,,51,0.6412883,1.8109087,0.0,0.002680332,0.588,6334,"tags=73%, list=23%, signal=94%",
GOBP_REGULATION_OF_HOMOTYPIC_CELL_CELL_ADHESION,GOBP_REGULATION_OF_HOMOTYPIC_CELL_CELL_ADHESION,,39,0.66807294,1.8092656,0.0,0.0027506493,0.6,4483,"tags=46%, list=16%, signal=55%",
GOBP_FC_GAMMA_RECEPTOR_SIGNALING_PATHWAY,GOBP_FC_GAMMA_RECEPTOR_SIGNALING_PATHWAY,,38,0.6735425,1.8087465,0.0,0.0027795192,0.602,2630,"tags=47%, list=9%, signal=52%",
REACTOME_TGFBR3_PTM_REGULATION,REACTOME_TGFBR3_PTM_REGULATION,,10,0.89032316,1.8085086,0.0,0.002784977,0.605,1204,"tags=70%, list=4%, signal=73%",
GOBP_GLYCOPROTEIN_CATABOLIC_PROCESS,GOBP_GLYCOPROTEIN_CATABOLIC_PROCESS,,39,0.67444843,1.8082092,0.0,0.0027933728,0.608,3917,"tags=41%, list=14%, signal=48%",
REACTOME_DETOXIFICATION_OF_REACTIVE_OXYGEN_SPECIES,REACTOME_DETOXIFICATION_OF_REACTIVE_OXYGEN_SPECIES,,31,0.7077654,1.8077691,0.0,0.0028073704,0.612,3931,"tags=52%, list=14%, signal=60%",
GOBP_PHAGOSOME_MATURATION,GOBP_PHAGOSOME_MATURATION,,30,0.70836234,1.8074422,0.0,0.002815557,0.613,5570,"tags=67%, list=20%, signal=83%",
GOBP_VESICLE_LOCALIZATION,GOBP_VESICLE_LOCALIZATION,,211,0.5348954,1.8068432,0.0,0.0028267594,0.613,5935,"tags=46%, list=21%, signal=58%",
GOBP_REGULATION_OF_CYTOPLASMIC_PATTERN_RECOGNITION_RECEPTOR_SIGNALING_PATHWAY,GOBP_REGULATION_OF_CYTOPLASMIC_PATTERN_RECOGNITION_RECEPTOR_SIGNALING_PATHWAY,,128,0.5557522,1.8068067,0.0,0.0028233184,0.613,4230,"tags=41%, list=15%, signal=49%",
GOBP_RESPONSE_TO_THYROID_HORMONE,GOBP_RESPONSE_TO_THYROID_HORMONE,,20,0.77531797,1.8065991,0.0,0.0028285263,0.615,2738,"tags=40%, list=10%, signal=44%",
REACTOME_COPI_INDEPENDENT_GOLGI_TO_ER_RETROGRADE_TRAFFIC,REACTOME_COPI_INDEPENDENT_GOLGI_TO_ER_RETROGRADE_TRAFFIC,,51,0.6410192,1.8060513,0.0,0.0028624206,0.617,5869,"tags=49%, list=21%, signal=62%",
GOBP_COLLAGEN_CATABOLIC_PROCESS,GOBP_COLLAGEN_CATABOLIC_PROCESS,,34,0.6810932,1.8058364,0.0,0.0028704433,0.621,3271,"tags=53%, list=12%, signal=60%",
GOBP_PROTEIN_LOCALIZATION_TO_CENP_A_CONTAINING_CHROMATIN,GOBP_PROTEIN_LOCALIZATION_TO_CENP_A_CONTAINING_CHROMATIN,,15,0.8023833,1.8047725,0.0017574693,0.0028956698,0.623,3413,"tags=47%, list=12%, signal=53%",
GOBP_POSITIVE_REGULATION_OF_AUTOPHAGY,GOBP_POSITIVE_REGULATION_OF_AUTOPHAGY,,157,0.54686075,1.8043977,0.0,0.002923447,0.626,3680,"tags=32%, list=13%, signal=37%",
REACTOME_CELLULAR_SENESCENCE,REACTOME_CELLULAR_SENESCENCE,,179,0.53574586,1.8043948,0.0,0.002917036,0.626,4142,"tags=36%, list=15%, signal=42%",
GOBP_RESPONSE_TO_INTERFERON_BETA,GOBP_RESPONSE_TO_INTERFERON_BETA,,33,0.6943389,1.8041346,0.0,0.002930583,0.628,4297,"tags=55%, list=15%, signal=64%",
REACTOME_EPH_EPHRIN_MEDIATED_REPULSION_OF_CELLS,REACTOME_EPH_EPHRIN_MEDIATED_REPULSION_OF_CELLS,,44,0.6752099,1.8039122,0.0,0.0029440268,0.632,3610,"tags=48%, list=13%, signal=55%",
REACTOME_P53_DEPENDENT_G1_DNA_DAMAGE_RESPONSE,REACTOME_P53_DEPENDENT_G1_DNA_DAMAGE_RESPONSE,,53,0.6377775,1.8037124,0.0,0.0029488828,0.633,5323,"tags=53%, list=19%, signal=65%",
GOBP_POSITIVE_REGULATION_OF_TOLL_LIKE_RECEPTOR_4_SIGNALING_PATHWAY,GOBP_POSITIVE_REGULATION_OF_TOLL_LIKE_RECEPTOR_4_SIGNALING_PATHWAY,,15,0.8174769,1.8034525,0.0,0.0029594514,0.634,2871,"tags=60%, list=10%, signal=67%",
GOBP_MULTICELLULAR_ORGANISMAL_LEVEL_IRON_ION_HOMEOSTASIS,GOBP_MULTICELLULAR_ORGANISMAL_LEVEL_IRON_ION_HOMEOSTASIS,,27,0.7245532,1.8034093,0.0017421603,0.0029530318,0.634,3028,"tags=37%, list=11%, signal=42%",
GOBP_REGULATION_OF_VIRAL_PROCESS,GOBP_REGULATION_OF_VIRAL_PROCESS,,132,0.5543667,1.8018333,0.0,0.0030283278,0.64,4638,"tags=37%, list=17%, signal=44%",
GOBP_GLYCOSAMINOGLYCAN_CATABOLIC_PROCESS,GOBP_GLYCOSAMINOGLYCAN_CATABOLIC_PROCESS,,24,0.7316483,1.8017606,0.0,0.0030245392,0.64,4114,"tags=46%, list=15%, signal=54%",
REACTOME_MAPK6_MAPK4_SIGNALING,REACTOME_MAPK6_MAPK4_SIGNALING,,72,0.5965804,1.8016194,0.0,0.0030180207,0.64,5323,"tags=51%, list=19%, signal=63%",
GOBP_INFLAMMATORY_RESPONSE_TO_WOUNDING,GOBP_INFLAMMATORY_RESPONSE_TO_WOUNDING,,25,0.74208057,1.8009865,0.0,0.003059096,0.643,2574,"tags=52%, list=9%, signal=57%",
GOBP_REGULATION_OF_PLASMINOGEN_ACTIVATION,GOBP_REGULATION_OF_PLASMINOGEN_ACTIVATION,,18,0.78798807,1.8009713,0.0017667845,0.0030525313,0.643,4430,"tags=61%, list=16%, signal=73%",
GOBP_VIRAL_LIFE_CYCLE,GOBP_VIRAL_LIFE_CYCLE,,273,0.5204918,1.8008807,0.0,0.0030543753,0.644,4638,"tags=39%, list=17%, signal=47%",
GOBP_NEGATIVE_REGULATION_OF_INFLAMMATORY_RESPONSE,GOBP_NEGATIVE_REGULATION_OF_INFLAMMATORY_RESPONSE,,174,0.5370045,1.800026,0.0,0.003081193,0.646,3776,"tags=39%, list=14%, signal=44%",
REACTOME_PEPTIDE_HORMONE_METABOLISM,REACTOME_PEPTIDE_HORMONE_METABOLISM,,64,0.60987103,1.7997378,0.0,0.0030912312,0.648,4680,"tags=34%, list=17%, signal=41%",
GOBP_MEMBRANE_PROTEIN_PROTEOLYSIS,GOBP_MEMBRANE_PROTEIN_PROTEOLYSIS,,60,0.6250633,1.7995615,0.0,0.003104081,0.65,5129,"tags=55%, list=18%, signal=67%",
GOBP_RESPONSE_TO_INTERLEUKIN_15,GOBP_RESPONSE_TO_INTERLEUKIN_15,,11,0.86621237,1.7987069,0.0,0.0031498787,0.653,1743,"tags=64%, list=6%, signal=68%",
REACTOME_RAB_GEFS_EXCHANGE_GTP_FOR_GDP_ON_RABS,REACTOME_RAB_GEFS_EXCHANGE_GTP_FOR_GDP_ON_RABS,,90,0.58789307,1.7985548,0.0,0.00314594,0.653,5271,"tags=48%, list=19%, signal=59%",
GOBP_REGULATION_OF_NUCLEOTIDE_METABOLIC_PROCESS,GOBP_REGULATION_OF_NUCLEOTIDE_METABOLIC_PROCESS,,80,0.5928679,1.7985251,0.0,0.0031420721,0.653,5192,"tags=39%, list=19%, signal=48%",
REACTOME_RHO_GTPASE_EFFECTORS,REACTOME_RHO_GTPASE_EFFECTORS,,304,0.51523215,1.7985207,0.0,0.0031354434,0.653,4761,"tags=37%, list=17%, signal=44%",
GOBP_PLASMINOGEN_ACTIVATION,GOBP_PLASMINOGEN_ACTIVATION,,22,0.748701,1.797382,0.0035149385,0.0032163388,0.666,4430,"tags=59%, list=16%, signal=70%",
GOBP_CERAMIDE_METABOLIC_PROCESS,GOBP_CERAMIDE_METABOLIC_PROCESS,,99,0.5723947,1.7972931,0.0,0.0032123048,0.667,2726,"tags=32%, list=10%, signal=36%",
GOBP_TYPE_I_INTERFERON_PRODUCTION,GOBP_TYPE_I_INTERFERON_PRODUCTION,,137,0.5542801,1.7966334,0.0,0.0032437628,0.673,4077,"tags=36%, list=15%, signal=43%",
GOBP_T_CELL_MEDIATED_IMMUNITY,GOBP_T_CELL_MEDIATED_IMMUNITY,,132,0.55170053,1.7966217,0.0,0.0032369767,0.673,3171,"tags=38%, list=11%, signal=43%",
GOBP_NEGATIVE_REGULATION_OF_TISSUE_REMODELING,GOBP_NEGATIVE_REGULATION_OF_TISSUE_REMODELING,,19,0.76275676,1.7965857,0.0018115942,0.0032302188,0.673,5112,"tags=63%, list=18%, signal=77%",
REACTOME_SIGNALING_BY_NOTCH4,REACTOME_SIGNALING_BY_NOTCH4,,71,0.60376745,1.7959095,0.0,0.003272123,0.681,5484,"tags=56%, list=20%, signal=70%",
GOBP_RESPONSE_TO_HYDROGEN_PEROXIDE,GOBP_RESPONSE_TO_HYDROGEN_PEROXIDE,,86,0.5863849,1.7954491,0.0,0.0032787912,0.681,4293,"tags=38%, list=15%, signal=45%",
GOBP_RESPONSE_TO_INTERLEUKIN_1,GOBP_RESPONSE_TO_INTERLEUKIN_1,,103,0.5691816,1.7953838,0.0,0.0032719888,0.681,3443,"tags=33%, list=12%, signal=38%",
GOBP_TYPE_II_INTERFERON_MEDIATED_SIGNALING_PATHWAY,GOBP_TYPE_II_INTERFERON_MEDIATED_SIGNALING_PATHWAY,,27,0.71629643,1.7952019,0.0,0.0032786988,0.683,2979,"tags=59%, list=11%, signal=66%",
GOBP_CELL_SURFACE_RECEPTOR_SIGNALING_PATHWAY_VIA_STAT,GOBP_CELL_SURFACE_RECEPTOR_SIGNALING_PATHWAY_VIA_STAT,,141,0.55212706,1.7950482,0.0,0.0032854306,0.685,3104,"tags=33%, list=11%, signal=37%",
REACTOME_INTERLEUKIN_4_AND_INTERLEUKIN_13_SIGNALING,REACTOME_INTERLEUKIN_4_AND_INTERLEUKIN_13_SIGNALING,,100,0.56778085,1.7949847,0.0,0.0032866409,0.685,3357,"tags=41%, list=12%, signal=46%",
GOBP_REGULATION_OF_EXTRINSIC_APOPTOTIC_SIGNALING_PATHWAY_VIA_DEATH_DOMAIN_RECEPTORS,GOBP_REGULATION_OF_EXTRINSIC_APOPTOTIC_SIGNALING_PATHWAY_VIA_DEATH_DOMAIN_RECEPTORS,,41,0.66777426,1.794888,0.0017730496,0.003279878,0.685,3359,"tags=49%, list=12%, signal=55%",
GOBP_REGULATION_OF_CELL_SUBSTRATE_JUNCTION_ORGANIZATION,GOBP_REGULATION_OF_CELL_SUBSTRATE_JUNCTION_ORGANIZATION,,68,0.59774286,1.7948545,0.0,0.0032731432,0.685,4745,"tags=44%, list=17%, signal=53%",
REACTOME_DENGUE_VIRUS_ATTACHMENT_AND_ENTRY,REACTOME_DENGUE_VIRUS_ATTACHMENT_AND_ENTRY,,42,0.6509117,1.7943075,0.0,0.003309149,0.691,4745,"tags=48%, list=17%, signal=57%",
GOBP_INTERLEUKIN_18_PRODUCTION,GOBP_INTERLEUKIN_18_PRODUCTION,,12,0.84557885,1.7939986,0.0,0.0033156301,0.693,3014,"tags=58%, list=11%, signal=65%",
GOBP_CELLULAR_RESPONSE_TO_INSULIN_STIMULUS,GOBP_CELLULAR_RESPONSE_TO_INSULIN_STIMULUS,,193,0.53180367,1.7938807,0.0,0.0033247725,0.694,3109,"tags=29%, list=11%, signal=32%",
GOBP_POSITIVE_REGULATION_OF_INTERFERON_BETA_PRODUCTION,GOBP_POSITIVE_REGULATION_OF_INTERFERON_BETA_PRODUCTION,,43,0.6506091,1.7931466,0.0016666667,0.003381631,0.698,4077,"tags=40%, list=15%, signal=46%",
GOBP_MEMBRANE_PROTEIN_ECTODOMAIN_PROTEOLYSIS,GOBP_MEMBRANE_PROTEIN_ECTODOMAIN_PROTEOLYSIS,,48,0.6407688,1.7929957,0.0,0.003387878,0.699,5129,"tags=60%, list=18%, signal=74%",
REACTOME_PROTEIN_UBIQUITINATION,REACTOME_PROTEIN_UBIQUITINATION,,75,0.5905001,1.7928333,0.0,0.003391517,0.699,5832,"tags=52%, list=21%, signal=66%",
GOBP_CELLULAR_RESPONSE_TO_UV_B,GOBP_CELLULAR_RESPONSE_TO_UV_B,,12,0.8312707,1.7927595,0.0019157088,0.0033926417,0.701,831,"tags=42%, list=3%, signal=43%",
GOBP_REGULATION_OF_SYSTEMIC_ARTERIAL_BLOOD_PRESSURE_BY_RENIN_ANGIOTENSIN,GOBP_REGULATION_OF_SYSTEMIC_ARTERIAL_BLOOD_PRESSURE_BY_RENIN_ANGIOTENSIN,,23,0.7212006,1.7920195,0.0,0.003451653,0.711,3733,"tags=52%, list=13%, signal=60%",
GOBP_MYELOID_LEUKOCYTE_DIFFERENTIATION,GOBP_MYELOID_LEUKOCYTE_DIFFERENTIATION,,234,0.5211539,1.7918584,0.0,0.0034525348,0.711,3737,"tags=38%, list=13%, signal=44%",
GOBP_NEGATIVE_REGULATION_OF_CYTOKINE_PRODUCTION,GOBP_NEGATIVE_REGULATION_OF_CYTOKINE_PRODUCTION,,303,0.5105425,1.7913696,0.0,0.0034611926,0.712,3952,"tags=35%, list=14%, signal=40%",
GOBP_ADAPTIVE_THERMOGENESIS,GOBP_ADAPTIVE_THERMOGENESIS,,151,0.54179955,1.7909017,0.0,0.0034908054,0.716,4770,"tags=43%, list=17%, signal=52%",
REACTOME_PYROPTOSIS,REACTOME_PYROPTOSIS,,26,0.7231265,1.7907517,0.0,0.003496825,0.718,2039,"tags=54%, list=7%, signal=58%",
GOBP_NEGATIVE_REGULATION_OF_PROTEIN_MATURATION,GOBP_NEGATIVE_REGULATION_OF_PROTEIN_MATURATION,,19,0.7722691,1.78976,0.0,0.0035494722,0.726,2182,"tags=37%, list=8%, signal=40%",
GOBP_COMPLEMENT_DEPENDENT_CYTOTOXICITY,GOBP_COMPLEMENT_DEPENDENT_CYTOTOXICITY,,15,0.83347064,1.7896389,0.0,0.0035449897,0.727,3014,"tags=53%, list=11%, signal=60%",
GOBP_REGULATION_OF_CARBOHYDRATE_CATABOLIC_PROCESS,GOBP_REGULATION_OF_CARBOHYDRATE_CATABOLIC_PROCESS,,61,0.6137723,1.7883247,0.0,0.0036235654,0.733,5192,"tags=43%, list=19%, signal=52%",
REACTOME_EVASION_BY_RSV_OF_HOST_INTERFERON_RESPONSES,REACTOME_EVASION_BY_RSV_OF_HOST_INTERFERON_RESPONSES,,21,0.75056857,1.788301,0.0,0.003618942,0.733,5221,"tags=62%, list=19%, signal=76%",
REACTOME_ALPHA_LINOLENIC_OMEGA3_AND_LINOLEIC_OMEGA6_ACID_METABOLISM,REACTOME_ALPHA_LINOLENIC_OMEGA3_AND_LINOLEIC_OMEGA6_ACID_METABOLISM,,13,0.84564465,1.7873527,0.0018518518,0.0036968663,0.741,3826,"tags=77%, list=14%, signal=89%",
GOBP_LEUKOCYTE_HOMEOSTASIS,GOBP_LEUKOCYTE_HOMEOSTASIS,,125,0.557772,1.786793,0.0,0.0037434823,0.747,3357,"tags=39%, list=12%, signal=44%",
GOBP_CELL_CHEMOTAXIS,GOBP_CELL_CHEMOTAXIS,,280,0.5135056,1.7857262,0.0,0.0038257742,0.759,3426,"tags=35%, list=12%, signal=40%",
REACTOME_DEGRADATION_OF_CRY_AND_PER_PROTEINS,REACTOME_DEGRADATION_OF_CRY_AND_PER_PROTEINS,,48,0.638944,1.7855504,0.0,0.0038311544,0.763,5323,"tags=56%, list=19%, signal=69%",
GOBP_INTERLEUKIN_1_MEDIATED_SIGNALING_PATHWAY,GOBP_INTERLEUKIN_1_MEDIATED_SIGNALING_PATHWAY,,30,0.687692,1.7853736,0.0,0.0038389857,0.763,3443,"tags=43%, list=12%, signal=49%",
GOBP_REGULATION_OF_T_HELPER_CELL_DIFFERENTIATION,GOBP_REGULATION_OF_T_HELPER_CELL_DIFFERENTIATION,,45,0.6436639,1.7851979,0.0,0.0038365233,0.765,3421,"tags=42%, list=12%, signal=48%",
REACTOME_ABC_FAMILY_PROTEINS_MEDIATED_TRANSPORT,REACTOME_ABC_FAMILY_PROTEINS_MEDIATED_TRANSPORT,,85,0.58257276,1.7847626,0.0,0.0038492254,0.767,5385,"tags=53%, list=19%, signal=65%",
GOBP_NEUTROPHIL_EXTRAVASATION,GOBP_NEUTROPHIL_EXTRAVASATION,,14,0.8248881,1.7846309,0.0,0.0038570028,0.768,4300,"tags=86%, list=15%, signal=101%",
GOBP_NEGATIVE_REGULATION_OF_MYELOID_CELL_DIFFERENTIATION,GOBP_NEGATIVE_REGULATION_OF_MYELOID_CELL_DIFFERENTIATION,,91,0.57806736,1.7845192,0.0016474464,0.0038570918,0.769,3491,"tags=36%, list=13%, signal=41%",
REACTOME_WNT5A_DEPENDENT_INTERNALIZATION_OF_FZD2_FZD5_AND_ROR2,REACTOME_WNT5A_DEPENDENT_INTERNALIZATION_OF_FZD2_FZD5_AND_ROR2,,12,0.83096254,1.7839506,0.0,0.0038926788,0.772,1893,"tags=58%, list=7%, signal=63%",
GOBP_POSITIVE_REGULATION_OF_NON_CANONICAL_NF_KAPPAB_SIGNAL_TRANSDUCTION,GOBP_POSITIVE_REGULATION_OF_NON_CANONICAL_NF_KAPPAB_SIGNAL_TRANSDUCTION,,59,0.6252913,1.7832173,0.0,0.0039461423,0.774,3356,"tags=39%, list=12%, signal=44%",
REACTOME_RETROGRADE_NEUROTROPHIN_SIGNALLING,REACTOME_RETROGRADE_NEUROTROPHIN_SIGNALLING,,12,0.83934695,1.7830124,0.0037037036,0.003958441,0.777,2525,"tags=58%, list=9%, signal=64%",
GOBP_RESPONSE_TO_PROTOZOAN,GOBP_RESPONSE_TO_PROTOZOAN,,30,0.6900706,1.7815452,0.0,0.004099108,0.792,3476,"tags=57%, list=13%, signal=65%",
GOBP_POSITIVE_REGULATION_OF_CELL_KILLING,GOBP_POSITIVE_REGULATION_OF_CELL_KILLING,,68,0.59936994,1.780034,0.0,0.00423446,0.803,2181,"tags=37%, list=8%, signal=40%",
GOBP_PROTEIN_EXPORT_FROM_NUCLEUS,GOBP_PROTEIN_EXPORT_FROM_NUCLEUS,,60,0.61432743,1.7798685,0.0,0.0042363387,0.804,4628,"tags=43%, list=17%, signal=52%",
GOBP_NEGATIVE_REGULATION_OF_VASOCONSTRICTION,GOBP_NEGATIVE_REGULATION_OF_VASOCONSTRICTION,,12,0.8429281,1.7798092,0.0018050541,0.0042357165,0.804,1711,"tags=42%, list=6%, signal=44%",
GOBP_REGULATION_OF_NITRIC_OXIDE_METABOLIC_PROCESS,GOBP_REGULATION_OF_NITRIC_OXIDE_METABOLIC_PROCESS,,61,0.603042,1.7788607,0.0,0.0043396573,0.815,5129,"tags=44%, list=18%, signal=54%",
GOBP_AMYLOID_BETA_METABOLIC_PROCESS,GOBP_AMYLOID_BETA_METABOLIC_PROCESS,,59,0.6115155,1.778856,0.0015898251,0.004333765,0.815,3520,"tags=36%, list=13%, signal=41%",
GOBP_EXTRINSIC_APOPTOTIC_SIGNALING_PATHWAY_VIA_DEATH_DOMAIN_RECEPTORS,GOBP_EXTRINSIC_APOPTOTIC_SIGNALING_PATHWAY_VIA_DEATH_DOMAIN_RECEPTORS,,82,0.57944405,1.7776735,0.0,0.004405081,0.82,2734,"tags=39%, list=10%, signal=43%",
GOBP_POSITIVE_REGULATION_OF_EXTRINSIC_APOPTOTIC_SIGNALING_PATHWAY,GOBP_POSITIVE_REGULATION_OF_EXTRINSIC_APOPTOTIC_SIGNALING_PATHWAY,,54,0.627987,1.7771018,0.0,0.0044290167,0.822,2907,"tags=43%, list=10%, signal=47%",
GOBP_CELLULAR_OXIDANT_DETOXIFICATION,GOBP_CELLULAR_OXIDANT_DETOXIFICATION,,78,0.59069884,1.77697,0.0,0.0044255303,0.822,5831,"tags=54%, list=21%, signal=68%",
GOBP_ADAPTIVE_IMMUNE_RESPONSE_BASED_ON_SOMATIC_RECOMBINATION_OF_IMMUNE_RECEPTORS_BUILT_FROM_IMMUNOGLOBULIN_SUPERFAMILY_DOMAINS,GOBP_ADAPTIVE_IMMUNE_RESPONSE_BASED_ON_SOMATIC_RECOMBINATION_OF_IMMUNE_RECEPTORS_BUILT_FROM_IMMUNOGLOBULIN_SUPERFAMILY_DOMAINS,,387,0.49684188,1.7764933,0.0,0.0044788816,0.828,3357,"tags=32%, list=12%, signal=36%",
GOBP_REGULATION_OF_MEMBRANE_PROTEIN_ECTODOMAIN_PROTEOLYSIS,GOBP_REGULATION_OF_MEMBRANE_PROTEIN_ECTODOMAIN_PROTEOLYSIS,,27,0.6981477,1.7764559,0.0,0.0044753705,0.829,5129,"tags=67%, list=18%, signal=82%",
GOBP_P38MAPK_CASCADE,GOBP_P38MAPK_CASCADE,,52,0.62014186,1.7763921,0.0016025641,0.0044717877,0.83,4718,"tags=52%, list=17%, signal=62%",
GOBP_DENDRITIC_CELL_DIFFERENTIATION,GOBP_DENDRITIC_CELL_DIFFERENTIATION,,47,0.6390173,1.7760671,0.0,0.004487903,0.831,3356,"tags=53%, list=12%, signal=60%",
REACTOME_SIGNALING_BY_MODERATE_KINASE_ACTIVITY_BRAF_MUTANTS,REACTOME_SIGNALING_BY_MODERATE_KINASE_ACTIVITY_BRAF_MUTANTS,,41,0.65912884,1.7752404,0.001776199,0.004543107,0.836,4670,"tags=59%, list=17%, signal=70%",
GOBP_REGULATION_OF_D_GLUCOSE_IMPORT,GOBP_REGULATION_OF_D_GLUCOSE_IMPORT,,47,0.642245,1.7746925,0.0,0.0045810407,0.838,4844,"tags=36%, list=17%, signal=44%",
GOBP_TRANSITION_METAL_ION_TRANSPORT,GOBP_TRANSITION_METAL_ION_TRANSPORT,,93,0.5742825,1.7742062,0.0,0.0045944885,0.839,2608,"tags=28%, list=9%, signal=31%",
GOBP_ERAD_PATHWAY,GOBP_ERAD_PATHWAY,,109,0.5595872,1.7740439,0.0,0.0046005915,0.841,4542,"tags=36%, list=16%, signal=43%",
GOBP_LEUKOTRIENE_METABOLIC_PROCESS,GOBP_LEUKOTRIENE_METABOLIC_PROCESS,,31,0.6830312,1.7739964,0.0,0.004594407,0.841,3090,"tags=48%, list=11%, signal=54%",
GOBP_D_GLUCOSE_IMPORT,GOBP_D_GLUCOSE_IMPORT,,65,0.6091599,1.7737969,0.0,0.0046053105,0.841,3021,"tags=28%, list=11%, signal=31%",
GOBP_POSITIVE_REGULATION_OF_TYPE_II_INTERFERON_PRODUCTION,GOBP_POSITIVE_REGULATION_OF_TYPE_II_INTERFERON_PRODUCTION,,85,0.58002186,1.7736322,0.0,0.004608804,0.841,3421,"tags=46%, list=12%, signal=52%",
REACTOME_CLEC7A_DECTIN_1_SIGNALING,REACTOME_CLEC7A_DECTIN_1_SIGNALING,,87,0.5756255,1.7730082,0.0,0.0046658595,0.846,5323,"tags=55%, list=19%, signal=68%",
GOBP_CELL_SURFACE_RECEPTOR_SIGNALING_PATHWAY_VIA_JAK_STAT,GOBP_CELL_SURFACE_RECEPTOR_SIGNALING_PATHWAY_VIA_JAK_STAT,,125,0.55654764,1.7728088,0.0,0.0046958043,0.847,3104,"tags=34%, list=11%, signal=39%",
GOBP_TOLL_LIKE_RECEPTOR_2_SIGNALING_PATHWAY,GOBP_TOLL_LIKE_RECEPTOR_2_SIGNALING_PATHWAY,,18,0.7675018,1.7721337,0.0017730496,0.004745175,0.849,3421,"tags=67%, list=12%, signal=76%",
GOBP_SYMBIONT_ENTRY_INTO_HOST,GOBP_SYMBIONT_ENTRY_INTO_HOST,,124,0.5445423,1.7720305,0.0,0.0047459607,0.85,3746,"tags=36%, list=14%, signal=42%",
GOBP_ICOSANOID_METABOLIC_PROCESS,GOBP_ICOSANOID_METABOLIC_PROCESS,,105,0.55666345,1.7720147,0.0,0.0047420114,0.85,3172,"tags=29%, list=11%, signal=32%",
REACTOME_UB_SPECIFIC_PROCESSING_PROTEASES,REACTOME_UB_SPECIFIC_PROCESSING_PROTEASES,,167,0.5280626,1.7705504,0.0,0.0048893644,0.858,5328,"tags=49%, list=19%, signal=60%",
GOBP_REGULATION_OF_INTRINSIC_APOPTOTIC_SIGNALING_PATHWAY,GOBP_REGULATION_OF_INTRINSIC_APOPTOTIC_SIGNALING_PATHWAY,,172,0.5330894,1.7701347,0.0,0.004909071,0.859,4482,"tags=40%, list=16%, signal=48%",
GOBP_POSITIVE_REGULATION_OF_MYELOID_LEUKOCYTE_MEDIATED_IMMUNITY,GOBP_POSITIVE_REGULATION_OF_MYELOID_LEUKOCYTE_MEDIATED_IMMUNITY,,22,0.72500336,1.769541,0.001776199,0.0049358755,0.859,1959,"tags=50%, list=7%, signal=54%",
GOBP_INTRA_GOLGI_VESICLE_MEDIATED_TRANSPORT,GOBP_INTRA_GOLGI_VESICLE_MEDIATED_TRANSPORT,,35,0.671035,1.7695074,0.0,0.004926802,0.859,3625,"tags=46%, list=13%, signal=53%",
GOBP_CELLULAR_RESPONSE_TO_STARVATION,GOBP_CELLULAR_RESPONSE_TO_STARVATION,,178,0.52635676,1.7690586,0.0,0.0049583376,0.86,3694,"tags=35%, list=13%, signal=41%",
GOBP_NUCLEOSIDE_DIPHOSPHATE_CATABOLIC_PROCESS,GOBP_NUCLEOSIDE_DIPHOSPHATE_CATABOLIC_PROCESS,,102,0.5580966,1.7686774,0.0,0.004994408,0.863,5332,"tags=47%, list=19%, signal=58%",
REACTOME_ASYMMETRIC_LOCALIZATION_OF_PCP_PROTEINS,REACTOME_ASYMMETRIC_LOCALIZATION_OF_PCP_PROTEINS,,50,0.6245706,1.7686254,0.0,0.0049900706,0.864,5323,"tags=56%, list=19%, signal=69%",
REACTOME_RAB_REGULATION_OF_TRAFFICKING,REACTOME_RAB_REGULATION_OF_TRAFFICKING,,122,0.54883367,1.7684988,0.0,0.0049856696,0.864,5271,"tags=44%, list=19%, signal=54%",
GOBP_CARBOHYDRATE_METABOLIC_PROCESS,GOBP_CARBOHYDRATE_METABOLIC_PROCESS,,498,0.48573494,1.7670338,0.0,0.0050996575,0.868,5052,"tags=36%, list=18%, signal=43%",
GOBP_CYTOKINE_PRODUCTION_INVOLVED_IN_INFLAMMATORY_RESPONSE,GOBP_CYTOKINE_PRODUCTION_INVOLVED_IN_INFLAMMATORY_RESPONSE,,67,0.5965724,1.7663661,0.0,0.0051657436,0.872,3356,"tags=40%, list=12%, signal=46%",
GOBP_CELLULAR_RESPONSE_TO_AMYLOID_BETA,GOBP_CELLULAR_RESPONSE_TO_AMYLOID_BETA,,42,0.6474682,1.7663349,0.0,0.0051563685,0.872,2256,"tags=38%, list=8%, signal=41%",
REACTOME_PRC2_METHYLATES_HISTONES_AND_DNA,REACTOME_PRC2_METHYLATES_HISTONES_AND_DNA,,62,0.60178304,1.766312,0.0,0.0051517403,0.872,4971,"tags=44%, list=18%, signal=53%",
GOBP_RESPONSE_TO_NUTRIENT_LEVELS,GOBP_RESPONSE_TO_NUTRIENT_LEVELS,,447,0.49311265,1.7660514,0.0,0.005170489,0.872,4400,"tags=33%, list=16%, signal=39%",
GOBP_GLUTATHIONE_METABOLIC_PROCESS,GOBP_GLUTATHIONE_METABOLIC_PROCESS,,51,0.62997884,1.7660416,0.0,0.0051611564,0.872,5358,"tags=47%, list=19%, signal=58%",
REACTOME_METABOLISM_OF_POLYAMINES,REACTOME_METABOLISM_OF_POLYAMINES,,46,0.6352841,1.7655568,0.0016920473,0.005184742,0.876,4890,"tags=54%, list=18%, signal=66%",
GOBP_CELLULAR_RESPONSE_TO_NUTRIENT_LEVELS,GOBP_CELLULAR_RESPONSE_TO_NUTRIENT_LEVELS,,239,0.5137785,1.7654456,0.0,0.0051917955,0.877,3694,"tags=33%, list=13%, signal=38%",
GOBP_PHAGOLYSOSOME_ASSEMBLY,GOBP_PHAGOLYSOSOME_ASSEMBLY,,18,0.7707349,1.7652694,0.0,0.0051965537,0.879,5570,"tags=61%, list=20%, signal=76%",
GOBP_REGULATION_OF_TRANSMEMBRANE_TRANSPORTER_ACTIVITY,GOBP_REGULATION_OF_TRANSMEMBRANE_TRANSPORTER_ACTIVITY,,79,0.5788168,1.765091,0.0,0.0052105775,0.88,5171,"tags=37%, list=19%, signal=45%",
GOBP_MULTIVESICULAR_BODY_ORGANIZATION,GOBP_MULTIVESICULAR_BODY_ORGANIZATION,,33,0.6766343,1.764888,0.0016393443,0.005219962,0.881,4573,"tags=70%, list=16%, signal=83%",
GOBP_REACTIVE_OXYGEN_SPECIES_BIOSYNTHETIC_PROCESS,GOBP_REACTIVE_OXYGEN_SPECIES_BIOSYNTHETIC_PROCESS,,60,0.6083965,1.7644844,0.0016750419,0.0052476726,0.882,2194,"tags=33%, list=8%, signal=36%",
GOBP_NEGATIVE_REGULATION_OF_LYMPHOCYTE_DIFFERENTIATION,GOBP_NEGATIVE_REGULATION_OF_LYMPHOCYTE_DIFFERENTIATION,,66,0.6087347,1.7642965,0.0,0.0052660643,0.883,3357,"tags=44%, list=12%, signal=50%",
REACTOME_FORMATION_OF_FIBRIN_CLOT_CLOTTING_CASCADE,REACTOME_FORMATION_OF_FIBRIN_CLOT_CLOTTING_CASCADE,,31,0.675171,1.764277,0.0016528926,0.0052612876,0.883,4327,"tags=45%, list=16%, signal=53%",
GOBP_RESPONSE_TO_PEPTIDOGLYCAN,GOBP_RESPONSE_TO_PEPTIDOGLYCAN,,12,0.8248442,1.7640803,0.0,0.0052612764,0.883,3421,"tags=75%, list=12%, signal=86%",
GOBP_REGULATION_OF_NEUTROPHIL_MIGRATION,GOBP_REGULATION_OF_NEUTROPHIL_MIGRATION,,41,0.64998573,1.763954,0.0,0.005261164,0.884,2807,"tags=44%, list=10%, signal=49%",
REACTOME_SIGNALING_BY_INSULIN_RECEPTOR,REACTOME_SIGNALING_BY_INSULIN_RECEPTOR,,67,0.60111225,1.7636359,0.0,0.005283942,0.885,2887,"tags=37%, list=10%, signal=42%",
GOBP_RESPIRATORY_BURST_INVOLVED_IN_DEFENSE_RESPONSE,GOBP_RESPIRATORY_BURST_INVOLVED_IN_DEFENSE_RESPONSE,,15,0.7943334,1.7633833,0.0,0.005306729,0.885,4347,"tags=80%, list=16%, signal=95%",
REACTOME_INTRA_GOLGI_AND_RETROGRADE_GOLGI_TO_ER_TRAFFIC,REACTOME_INTRA_GOLGI_AND_RETROGRADE_GOLGI_TO_ER_TRAFFIC,,197,0.52059704,1.7629797,0.0,0.005315662,0.887,5310,"tags=39%, list=19%, signal=47%",
REACTOME_INTERLEUKIN_17_SIGNALING,REACTOME_INTERLEUKIN_17_SIGNALING,,68,0.5935706,1.7623334,0.0,0.0053657526,0.892,3993,"tags=34%, list=14%, signal=39%",
GOBP_NEGATIVE_REGULATION_OF_TUMOR_NECROSIS_FACTOR_MEDIATED_SIGNALING_PATHWAY,GOBP_NEGATIVE_REGULATION_OF_TUMOR_NECROSIS_FACTOR_MEDIATED_SIGNALING_PATHWAY,,26,0.7051444,1.7620468,0.0034662045,0.0053700036,0.893,3443,"tags=42%, list=12%, signal=48%",
GOBP_SYNAPTIC_VESICLE_LUMEN_ACIDIFICATION,GOBP_SYNAPTIC_VESICLE_LUMEN_ACIDIFICATION,,15,0.79809,1.7606372,0.0,0.0054905294,0.902,3795,"tags=73%, list=14%, signal=85%",
REACTOME_RAB_GERANYLGERANYLATION,REACTOME_RAB_GERANYLGERANYLATION,,64,0.5986417,1.7605997,0.0,0.0054832418,0.902,3849,"tags=41%, list=14%, signal=47%",
GOBP_REGULATION_OF_GLYCOLYTIC_PROCESS,GOBP_REGULATION_OF_GLYCOLYTIC_PROCESS,,50,0.63208485,1.7602841,0.0,0.0054941433,0.903,5192,"tags=46%, list=19%, signal=56%",
GOBP_REGULATION_OF_NON_CANONICAL_NF_KAPPAB_SIGNAL_TRANSDUCTION,GOBP_REGULATION_OF_NON_CANONICAL_NF_KAPPAB_SIGNAL_TRANSDUCTION,,93,0.5709435,1.7601619,0.0,0.005493624,0.903,3542,"tags=37%, list=13%, signal=42%",
REACTOME_ENDOSOMAL_VACUOLAR_PATHWAY,REACTOME_ENDOSOMAL_VACUOLAR_PATHWAY,,11,0.8685345,1.7601357,0.0,0.0054862984,0.903,2738,"tags=82%, list=10%, signal=91%",
GOBP_NEGATIVE_REGULATION_OF_CELL_SUBSTRATE_JUNCTION_ORGANIZATION,GOBP_NEGATIVE_REGULATION_OF_CELL_SUBSTRATE_JUNCTION_ORGANIZATION,,20,0.7478374,1.7598921,0.0017241379,0.005501598,0.904,4299,"tags=55%, list=15%, signal=65%",
GOBP_NADPPLUS_METABOLIC_PROCESS,GOBP_NADPPLUS_METABOLIC_PROCESS,,39,0.65202975,1.7584814,0.0016806723,0.0056519946,0.913,3970,"tags=36%, list=14%, signal=42%",
GOBP_CANONICAL_NF_KAPPAB_SIGNAL_TRANSDUCTION,GOBP_CANONICAL_NF_KAPPAB_SIGNAL_TRANSDUCTION,,318,0.49955848,1.7583103,0.0,0.005666875,0.913,3507,"tags=34%, list=13%, signal=38%",
REACTOME_ENTEROBACTERIAL_FACTORS_ANTAGONIZE_HOST_DEFENSE,REACTOME_ENTEROBACTERIAL_FACTORS_ANTAGONIZE_HOST_DEFENSE,,14,0.81269443,1.7580825,0.001669449,0.0056796498,0.913,3531,"tags=64%, list=13%, signal=74%",
GOBP_REGULATION_OF_PLATELET_AGGREGATION,GOBP_REGULATION_OF_PLATELET_AGGREGATION,,30,0.6837907,1.7571807,0.0,0.005764023,0.915,3011,"tags=47%, list=11%, signal=52%",
GOBP_NUTRIENT_STORAGE,GOBP_NUTRIENT_STORAGE,,87,0.565075,1.7569072,0.0,0.005785406,0.917,4360,"tags=43%, list=16%, signal=50%",
GOBP_REGULATION_OF_INTRACELLULAR_PROTEIN_TRANSPORT,GOBP_REGULATION_OF_INTRACELLULAR_PROTEIN_TRANSPORT,,148,0.530074,1.756017,0.0,0.00585405,0.92,3021,"tags=29%, list=11%, signal=32%",
GOBP_REGULATION_OF_SYSTEMIC_ARTERIAL_BLOOD_PRESSURE_MEDIATED_BY_A_CHEMICAL_SIGNAL,GOBP_REGULATION_OF_SYSTEMIC_ARTERIAL_BLOOD_PRESSURE_MEDIATED_BY_A_CHEMICAL_SIGNAL,,37,0.6552507,1.7556944,0.0,0.0058730515,0.921,4746,"tags=46%, list=17%, signal=55%",
GOBP_VESICLE_DOCKING,GOBP_VESICLE_DOCKING,,54,0.6308502,1.7551394,0.0016920473,0.0059340196,0.922,5422,"tags=56%, list=20%, signal=69%",
GOBP_DIOL_BIOSYNTHETIC_PROCESS,GOBP_DIOL_BIOSYNTHETIC_PROCESS,,24,0.71625656,1.7541696,0.0,0.0060263476,0.924,2041,"tags=38%, list=7%, signal=40%",
GOBP_ORGAN_OR_TISSUE_SPECIFIC_IMMUNE_RESPONSE,GOBP_ORGAN_OR_TISSUE_SPECIFIC_IMMUNE_RESPONSE,,43,0.634557,1.753727,0.0016835016,0.0060694017,0.925,4051,"tags=51%, list=15%, signal=60%",
GOBP_REGULATION_OF_MYELOID_CELL_DIFFERENTIATION,GOBP_REGULATION_OF_MYELOID_CELL_DIFFERENTIATION,,204,0.516324,1.7535169,0.0,0.0060902373,0.927,3737,"tags=35%, list=13%, signal=40%",
GOBP_PEPTIDE_CATABOLIC_PROCESS,GOBP_PEPTIDE_CATABOLIC_PROCESS,,18,0.75756663,1.7533926,0.0017123288,0.006099829,0.928,2546,"tags=44%, list=9%, signal=49%",
REACTOME_UCH_PROTEINASES,REACTOME_UCH_PROTEINASES,,79,0.5789879,1.7530514,0.0,0.006113789,0.929,5323,"tags=51%, list=19%, signal=62%",
GOBP_POSITIVE_REGULATION_OF_LYMPHOCYTE_MIGRATION,GOBP_POSITIVE_REGULATION_OF_LYMPHOCYTE_MIGRATION,,37,0.66033995,1.7528527,0.0017605633,0.006118852,0.93,3209,"tags=43%, list=12%, signal=49%",
GOBP_AUTOPHAGY_OF_MITOCHONDRION,GOBP_AUTOPHAGY_OF_MITOCHONDRION,,115,0.5475919,1.7525905,0.0,0.006150385,0.93,4941,"tags=38%, list=18%, signal=46%",
GOBP_RESPONSE_TO_INSULIN,GOBP_RESPONSE_TO_INSULIN,,248,0.50935435,1.7520558,0.0,0.0061882352,0.93,3109,"tags=28%, list=11%, signal=31%",
REACTOME_REGULATION_OF_MITF_M_DEPENDENT_GENES_INVOLVED_IN_LYSOSOME_BIOGENESIS_AND_AUTOPHAGY,REACTOME_REGULATION_OF_MITF_M_DEPENDENT_GENES_INVOLVED_IN_LYSOSOME_BIOGENESIS_AND_AUTOPHAGY,,17,0.7729739,1.7519709,0.0035211267,0.006188722,0.93,3795,"tags=88%, list=14%, signal=102%",
GOBP_HUMORAL_IMMUNE_RESPONSE,GOBP_HUMORAL_IMMUNE_RESPONSE,,216,0.5171157,1.7518926,0.0,0.0061935987,0.931,3413,"tags=33%, list=12%, signal=38%",
GOBP_REGULATION_OF_CELLULAR_EXTRAVASATION,GOBP_REGULATION_OF_CELLULAR_EXTRAVASATION,,35,0.66170394,1.7518542,0.0,0.006191909,0.931,2807,"tags=40%, list=10%, signal=44%",
GOBP_AUTOPHAGOSOME_ORGANIZATION,GOBP_AUTOPHAGOSOME_ORGANIZATION,,128,0.54507,1.7501929,0.0,0.0063496004,0.939,5173,"tags=45%, list=19%, signal=55%",
GOBP_PHOSPHATIDYLCHOLINE_ACYL_CHAIN_REMODELING,GOBP_PHOSPHATIDYLCHOLINE_ACYL_CHAIN_REMODELING,,14,0.8052221,1.75007,0.0,0.0063585183,0.94,2812,"tags=64%, list=10%, signal=72%",
REACTOME_SIGNALLING_TO_ERKS,REACTOME_SIGNALLING_TO_ERKS,,32,0.66418046,1.7490944,0.0017152659,0.0064654993,0.945,4230,"tags=47%, list=15%, signal=55%",
GOBP_NEGATIVE_REGULATION_OF_MONOATOMIC_ION_TRANSPORT,GOBP_NEGATIVE_REGULATION_OF_MONOATOMIC_ION_TRANSPORT,,78,0.57837147,1.7485106,0.0,0.0065066456,0.947,5116,"tags=44%, list=18%, signal=53%",
GOBP_POSITIVE_REGULATION_OF_MACROAUTOPHAGY,GOBP_POSITIVE_REGULATION_OF_MACROAUTOPHAGY,,92,0.5587478,1.7483226,0.0,0.0065152664,0.947,5173,"tags=42%, list=19%, signal=52%",
GOBP_REGULATION_OF_VASCULOGENESIS,GOBP_REGULATION_OF_VASCULOGENESIS,,14,0.7985729,1.7482865,0.0,0.006508707,0.947,2655,"tags=50%, list=10%, signal=55%",
GOBP_ANTIBODY_DEPENDENT_CELLULAR_CYTOTOXICITY,GOBP_ANTIBODY_DEPENDENT_CELLULAR_CYTOTOXICITY,,10,0.8592949,1.7480439,0.0017889087,0.006541079,0.947,792,"tags=50%, list=3%, signal=51%",
REACTOME_APC_C_CDH1_MEDIATED_DEGRADATION_OF_CDC20_AND_OTHER_APC_C_CDH1_TARGETED_PROTEINS_IN_LATE_MITOSIS_EARLY_G1,REACTOME_APC_C_CDH1_MEDIATED_DEGRADATION_OF_CDC20_AND_OTHER_APC_C_CDH1_TARGETED_PROTEINS_IN_LATE_MITOSIS_EARLY_G1,,61,0.5946811,1.7479025,0.0015974441,0.006556104,0.947,5323,"tags=48%, list=19%, signal=59%",
GOBP_AMYLOID_FIBRIL_FORMATION,GOBP_AMYLOID_FIBRIL_FORMATION,,39,0.65022254,1.7476146,0.0017094017,0.0065710414,0.947,5272,"tags=46%, list=19%, signal=57%",
GOBP_NEGATIVE_REGULATION_OF_NATURAL_KILLER_CELL_MEDIATED_IMMUNITY,GOBP_NEGATIVE_REGULATION_OF_NATURAL_KILLER_CELL_MEDIATED_IMMUNITY,,25,0.71548367,1.7474263,0.0016977929,0.0065795714,0.947,3417,"tags=60%, list=12%, signal=68%",
GOBP_ATP_SYNTHESIS_COUPLED_ELECTRON_TRANSPORT,GOBP_ATP_SYNTHESIS_COUPLED_ELECTRON_TRANSPORT,,96,0.56010365,1.746758,0.0,0.0066267173,0.948,6597,"tags=42%, list=24%, signal=54%",
GOBP_CELLULAR_RESPONSE_TO_THYROID_HORMONE_STIMULUS,GOBP_CELLULAR_RESPONSE_TO_THYROID_HORMONE_STIMULUS,,12,0.84528375,1.7465835,0.0018315018,0.0066370913,0.948,2738,"tags=50%, list=10%, signal=55%",
GOBP_MEMBRANE_PROTEIN_INTRACELLULAR_DOMAIN_PROTEOLYSIS,GOBP_MEMBRANE_PROTEIN_INTRACELLULAR_DOMAIN_PROTEOLYSIS,,14,0.80001366,1.7465398,0.0018939395,0.0066326098,0.949,1232,"tags=57%, list=4%, signal=60%",
REACTOME_RAC1_GTPASE_CYCLE,REACTOME_RAC1_GTPASE_CYCLE,,180,0.5185723,1.746333,0.0,0.0066473554,0.949,4356,"tags=37%, list=16%, signal=43%",
GOBP_REGULATION_OF_TUBE_SIZE,GOBP_REGULATION_OF_TUBE_SIZE,,120,0.5427769,1.7457516,0.0,0.006700392,0.949,5041,"tags=30%, list=18%, signal=37%",
REACTOME_DEUBIQUITINATION,REACTOME_DEUBIQUITINATION,,244,0.5046769,1.7455354,0.0,0.0067192423,0.951,5328,"tags=43%, list=19%, signal=53%",
GOBP_PLATELET_ACTIVATION,GOBP_PLATELET_ACTIVATION,,131,0.54316914,1.7453619,0.0,0.006723098,0.952,4736,"tags=47%, list=17%, signal=56%",
GOBP_INTEGRATED_STRESS_RESPONSE_SIGNALING,GOBP_INTEGRATED_STRESS_RESPONSE_SIGNALING,,53,0.6131598,1.7452961,0.0,0.00672265,0.952,4934,"tags=47%, list=18%, signal=57%",
GOBP_NEGATIVE_REGULATION_OF_PROTEIN_LOCALIZATION,GOBP_NEGATIVE_REGULATION_OF_PROTEIN_LOCALIZATION,,190,0.5138296,1.7450804,0.0,0.0067414436,0.952,4480,"tags=37%, list=16%, signal=44%",
GOBP_POSITIVE_REGULATION_OF_VASCULATURE_DEVELOPMENT,GOBP_POSITIVE_REGULATION_OF_VASCULATURE_DEVELOPMENT,,152,0.52482694,1.7448933,0.0,0.006762223,0.952,3196,"tags=27%, list=12%, signal=30%",
GOBP_DETOXIFICATION,GOBP_DETOXIFICATION,,138,0.5403322,1.7447513,0.0,0.006770261,0.952,5831,"tags=49%, list=21%, signal=61%",
REACTOME_ADENYLATE_CYCLASE_INHIBITORY_PATHWAY,REACTOME_ADENYLATE_CYCLASE_INHIBITORY_PATHWAY,,11,0.84468734,1.7439642,0.0,0.006839527,0.954,2424,"tags=45%, list=9%, signal=50%",
GOBP_RESPONSE_TO_STARVATION,GOBP_RESPONSE_TO_STARVATION,,211,0.50630224,1.7438765,0.0,0.0068369466,0.954,3694,"tags=33%, list=13%, signal=38%",
REACTOME_G1_S_DNA_DAMAGE_CHECKPOINTS,REACTOME_G1_S_DNA_DAMAGE_CHECKPOINTS,,67,0.5952631,1.743528,0.0015649452,0.006865899,0.955,5323,"tags=46%, list=19%, signal=57%",
GOBP_VESICLE_TARGETING,GOBP_VESICLE_TARGETING,,65,0.5911106,1.7433047,0.0,0.0068695312,0.956,5324,"tags=48%, list=19%, signal=59%",
REACTOME_COMPLEMENT_CASCADE,REACTOME_COMPLEMENT_CASCADE,,96,0.55430186,1.7415898,0.0,0.007086681,0.96,2026,"tags=17%, list=7%, signal=18%",
GOBP_ANTIGEN_PROCESSING_AND_PRESENTATION_OF_EXOGENOUS_PEPTIDE_ANTIGEN_VIA_MHC_CLASS_I,GOBP_ANTIGEN_PROCESSING_AND_PRESENTATION_OF_EXOGENOUS_PEPTIDE_ANTIGEN_VIA_MHC_CLASS_I,,10,0.85920614,1.7412783,0.0,0.00712119,0.96,2009,"tags=60%, list=7%, signal=65%",
REACTOME_EXTRACELLULAR_MATRIX_ORGANIZATION,REACTOME_EXTRACELLULAR_MATRIX_ORGANIZATION,,270,0.49873877,1.7409412,0.0,0.007157811,0.96,4745,"tags=36%, list=17%, signal=42%",
GOBP_PYRIDINE_CONTAINING_COMPOUND_CATABOLIC_PROCESS,GOBP_PYRIDINE_CONTAINING_COMPOUND_CATABOLIC_PROCESS,,100,0.54937565,1.7404106,0.0,0.0072069485,0.961,5332,"tags=47%, list=19%, signal=58%",
GOBP_MEMBRANE_DOCKING,GOBP_MEMBRANE_DOCKING,,83,0.567607,1.7403959,0.0,0.0071974667,0.961,5422,"tags=51%, list=20%, signal=63%",
GOBP_POSITIVE_REGULATION_OF_VIRAL_LIFE_CYCLE,GOBP_POSITIVE_REGULATION_OF_VIRAL_LIFE_CYCLE,,22,0.7276652,1.739874,0.0017574693,0.0072586243,0.961,4443,"tags=50%, list=16%, signal=59%",
GOBP_HYALURONAN_CATABOLIC_PROCESS,GOBP_HYALURONAN_CATABOLIC_PROCESS,,15,0.7558038,1.7398038,0.0035842294,0.0072573796,0.962,3547,"tags=47%, list=13%, signal=53%",
GOBP_REGULATION_OF_VASCULATURE_DEVELOPMENT,GOBP_REGULATION_OF_VASCULATURE_DEVELOPMENT,,271,0.49889004,1.739434,0.0,0.0073058144,0.962,5166,"tags=37%, list=19%, signal=44%",
GOBP_RESPONSE_TO_COPPER_ION,GOBP_RESPONSE_TO_COPPER_ION,,32,0.6679463,1.7392893,0.0,0.007317009,0.962,5241,"tags=44%, list=19%, signal=54%",
GOBP_REGULATION_OF_LEUKOCYTE_MIGRATION,GOBP_REGULATION_OF_LEUKOCYTE_MIGRATION,,199,0.5088885,1.7391169,0.0,0.0073197996,0.963,3417,"tags=35%, list=12%, signal=40%",
REACTOME_DENGUE_VIRUS_ACTIVATES_MODULATES_INNATE_AND_ADAPTIVE_IMMUNE_RESPONSES,REACTOME_DENGUE_VIRUS_ACTIVATES_MODULATES_INNATE_AND_ADAPTIVE_IMMUNE_RESPONSES,,30,0.67836434,1.7385682,0.0033955858,0.007386613,0.963,3436,"tags=33%, list=12%, signal=38%",
GOBP_POSITIVE_REGULATION_OF_CYTOKINE_PRODUCTION_INVOLVED_IN_IMMUNE_RESPONSE,GOBP_POSITIVE_REGULATION_OF_CYTOKINE_PRODUCTION_INVOLVED_IN_IMMUNE_RESPONSE,,72,0.5903876,1.7383814,0.0,0.007401608,0.963,3542,"tags=42%, list=13%, signal=48%",
GOBP_REGULATION_OF_PROTEIN_CATABOLIC_PROCESS,GOBP_REGULATION_OF_PROTEIN_CATABOLIC_PROCESS,,377,0.4844011,1.7379576,0.0,0.0074578747,0.963,4396,"tags=34%, list=16%, signal=40%",
REACTOME_INTERLEUKIN_RECEPTOR_SHC_SIGNALING,REACTOME_INTERLEUKIN_RECEPTOR_SHC_SIGNALING,,23,0.7276207,1.7377459,0.0,0.0074769035,0.964,2628,"tags=48%, list=9%, signal=53%",
GOBP_CELLULAR_COMPONENT_DISASSEMBLY,GOBP_CELLULAR_COMPONENT_DISASSEMBLY,,443,0.47768915,1.737138,0.0,0.0075430996,0.965,4634,"tags=34%, list=17%, signal=41%",
GOBP_RETINOIC_ACID_METABOLIC_PROCESS,GOBP_RETINOIC_ACID_METABOLIC_PROCESS,,19,0.7415357,1.7368572,0.0,0.007576142,0.965,1460,"tags=21%, list=5%, signal=22%",
GOBP_RESPONSE_TO_TOPOLOGICALLY_INCORRECT_PROTEIN,GOBP_RESPONSE_TO_TOPOLOGICALLY_INCORRECT_PROTEIN,,162,0.52779645,1.7361872,0.0,0.007644011,0.968,5074,"tags=38%, list=18%, signal=47%",
GOBP_NEGATIVE_REGULATION_OF_D_GLUCOSE_TRANSMEMBRANE_TRANSPORT,GOBP_NEGATIVE_REGULATION_OF_D_GLUCOSE_TRANSMEMBRANE_TRANSPORT,,16,0.7737761,1.7358778,0.0036231885,0.007668757,0.969,3021,"tags=44%, list=11%, signal=49%",
GOBP_SNARE_COMPLEX_ASSEMBLY,GOBP_SNARE_COMPLEX_ASSEMBLY,,24,0.7016302,1.7356763,0.0034722222,0.007671032,0.969,4302,"tags=42%, list=16%, signal=49%",
GOBP_POSITIVE_REGULATION_OF_PRODUCTION_OF_MOLECULAR_MEDIATOR_OF_IMMUNE_RESPONSE,GOBP_POSITIVE_REGULATION_OF_PRODUCTION_OF_MOLECULAR_MEDIATOR_OF_IMMUNE_RESPONSE,,122,0.54176337,1.7355328,0.0,0.0076793837,0.969,4077,"tags=38%, list=15%, signal=44%",
GOBP_INTERLEUKIN_10_MEDIATED_SIGNALING_PATHWAY,GOBP_INTERLEUKIN_10_MEDIATED_SIGNALING_PATHWAY,,11,0.8347237,1.7351439,0.0037105752,0.007726324,0.97,3014,"tags=73%, list=11%, signal=82%",
GOBP_REGULATION_OF_MACROPHAGE_DERIVED_FOAM_CELL_DIFFERENTIATION,GOBP_REGULATION_OF_MACROPHAGE_DERIVED_FOAM_CELL_DIFFERENTIATION,,25,0.69629496,1.7348487,0.0017793594,0.007769049,0.97,4101,"tags=60%, list=15%, signal=70%",
GOBP_ENDOLYSOSOMAL_TOLL_LIKE_RECEPTOR_SIGNALING_PATHWAY,GOBP_ENDOLYSOSOMAL_TOLL_LIKE_RECEPTOR_SIGNALING_PATHWAY,,49,0.6110419,1.7341622,0.0033112583,0.007852238,0.971,5283,"tags=51%, list=19%, signal=63%",
GOBP_CIRCULATORY_SYSTEM_PROCESS,GOBP_CIRCULATORY_SYSTEM_PROCESS,,497,0.47635552,1.7338889,0.0,0.0078743445,0.971,5230,"tags=33%, list=19%, signal=40%",
GOBP_PLATELET_MORPHOGENESIS,GOBP_PLATELET_MORPHOGENESIS,,26,0.6887426,1.7336767,0.0,0.007890468,0.971,5608,"tags=54%, list=20%, signal=67%",
REACTOME_GAP_JUNCTION_DEGRADATION,REACTOME_GAP_JUNCTION_DEGRADATION,,11,0.82353103,1.7335285,0.0017921147,0.00790041,0.972,4385,"tags=91%, list=16%, signal=108%",
GOBP_REGULATION_OF_CARDIAC_MUSCLE_CONTRACTION_BY_CALCIUM_ION_SIGNALING,GOBP_REGULATION_OF_CARDIAC_MUSCLE_CONTRACTION_BY_CALCIUM_ION_SIGNALING,,26,0.69661826,1.7334949,0.004950495,0.007892187,0.972,5180,"tags=62%, list=19%, signal=76%",
GOBP_NEGATIVE_REGULATION_OF_CELL_MATRIX_ADHESION,GOBP_NEGATIVE_REGULATION_OF_CELL_MATRIX_ADHESION,,35,0.65806824,1.7329113,0.003533569,0.0079542855,0.973,4299,"tags=43%, list=15%, signal=51%",
GOBP_NEUTRAL_LIPID_METABOLIC_PROCESS,GOBP_NEUTRAL_LIPID_METABOLIC_PROCESS,,112,0.5442041,1.7322942,0.0,0.008026011,0.973,4419,"tags=39%, list=16%, signal=47%",
GOBP_POSITIVE_REGULATION_OF_HYDROLASE_ACTIVITY,GOBP_POSITIVE_REGULATION_OF_HYDROLASE_ACTIVITY,,94,0.5574411,1.7322228,0.0,0.008029611,0.974,5071,"tags=39%, list=18%, signal=48%",
GOBP_POSITIVE_REGULATION_OF_MEMBRANE_PROTEIN_ECTODOMAIN_PROTEOLYSIS,GOBP_POSITIVE_REGULATION_OF_MEMBRANE_PROTEIN_ECTODOMAIN_PROTEOLYSIS,,16,0.77030313,1.7320058,0.0017452007,0.008033188,0.975,5129,"tags=69%, list=18%, signal=84%",
REACTOME_RHO_GTPASES_ACTIVATE_PAKS,REACTOME_RHO_GTPASES_ACTIVATE_PAKS,,20,0.7357385,1.7318704,0.0036231885,0.008030909,0.975,4334,"tags=55%, list=16%, signal=65%",
REACTOME_ACTIVATION_OF_ANTERIOR_HOX_GENES_IN_HINDBRAIN_DEVELOPMENT_DURING_EARLY_EMBRYOGENESIS,REACTOME_ACTIVATION_OF_ANTERIOR_HOX_GENES_IN_HINDBRAIN_DEVELOPMENT_DURING_EARLY_EMBRYOGENESIS,,105,0.55258346,1.7318143,0.0,0.00802258,0.975,5579,"tags=39%, list=20%, signal=49%",
GOBP_NEGATIVE_REGULATION_OF_CD4_POSITIVE_ALPHA_BETA_T_CELL_ACTIVATION,GOBP_NEGATIVE_REGULATION_OF_CD4_POSITIVE_ALPHA_BETA_T_CELL_ACTIVATION,,31,0.681502,1.7315639,0.0016393443,0.008036206,0.975,3357,"tags=42%, list=12%, signal=48%",
GOBP_ENDOSOMAL_LUMEN_ACIDIFICATION,GOBP_ENDOSOMAL_LUMEN_ACIDIFICATION,,14,0.796683,1.7313709,0.0,0.00804184,0.975,3795,"tags=71%, list=14%, signal=83%",
GOBP_PYRIDINE_CONTAINING_COMPOUND_BIOSYNTHETIC_PROCESS,GOBP_PYRIDINE_CONTAINING_COMPOUND_BIOSYNTHETIC_PROCESS,,23,0.71618867,1.7311732,0.0,0.008055433,0.976,2093,"tags=39%, list=8%, signal=42%",
REACTOME_SUPPRESSION_OF_PHAGOSOMAL_MATURATION,REACTOME_SUPPRESSION_OF_PHAGOSOMAL_MATURATION,,13,0.8173121,1.7311577,0.0,0.008045148,0.976,3741,"tags=69%, list=13%, signal=80%",
GOBP_AMYLOID_BETA_FORMATION,GOBP_AMYLOID_BETA_FORMATION,,45,0.63654816,1.7310163,0.0016393443,0.008064606,0.976,4360,"tags=40%, list=16%, signal=47%",
REACTOME_INTERLEUKIN_12_FAMILY_SIGNALING,REACTOME_INTERLEUKIN_12_FAMILY_SIGNALING,,54,0.6070848,1.7308937,0.0017271157,0.008077996,0.977,3092,"tags=37%, list=11%, signal=42%",
GOBP_VESICLE_MEDIATED_TRANSPORT_IN_SYNAPSE,GOBP_VESICLE_MEDIATED_TRANSPORT_IN_SYNAPSE,,222,0.5051403,1.7306131,0.0,0.008107196,0.977,5096,"tags=39%, list=18%, signal=47%",
GOBP_PHAGOSOME_LYSOSOME_FUSION,GOBP_PHAGOSOME_LYSOSOME_FUSION,,13,0.8073181,1.7302738,0.0036166366,0.008140255,0.977,3284,"tags=46%, list=12%, signal=52%",
GOBP_BROWN_FAT_CELL_DIFFERENTIATION,GOBP_BROWN_FAT_CELL_DIFFERENTIATION,,47,0.62077624,1.7299894,0.0033955858,0.008163323,0.979,3697,"tags=36%, list=13%, signal=42%",
GOBP_CELLULAR_RESPONSE_TO_UNFOLDED_PROTEIN,GOBP_CELLULAR_RESPONSE_TO_UNFOLDED_PROTEIN,,103,0.5478176,1.7299417,0.0,0.008158841,0.979,5074,"tags=41%, list=18%, signal=50%",
GOBP_HOST_MEDIATED_SUPPRESSION_OF_SYMBIONT_INVASION,GOBP_HOST_MEDIATED_SUPPRESSION_OF_SYMBIONT_INVASION,,19,0.7454747,1.729613,0.0017636684,0.008189588,0.981,3067,"tags=47%, list=11%, signal=53%",
GOBP_RESPONSE_TO_YEAST,GOBP_RESPONSE_TO_YEAST,,12,0.82447195,1.7294961,0.0,0.008196863,0.982,3469,"tags=83%, list=13%, signal=95%",
GOBP_VASCULAR_ASSOCIATED_SMOOTH_MUSCLE_CONTRACTION,GOBP_VASCULAR_ASSOCIATED_SMOOTH_MUSCLE_CONTRACTION,,23,0.70674735,1.7293235,0.0,0.008206068,0.983,1919,"tags=30%, list=7%, signal=33%",
GOBP_NEGATIVE_REGULATION_OF_RESPONSE_TO_ENDOPLASMIC_RETICULUM_STRESS,GOBP_NEGATIVE_REGULATION_OF_RESPONSE_TO_ENDOPLASMIC_RETICULUM_STRESS,,50,0.609572,1.7290516,0.0,0.008244466,0.983,4922,"tags=52%, list=18%, signal=63%",
GOBP_ENDOSOME_TO_LYSOSOME_TRANSPORT,GOBP_ENDOSOME_TO_LYSOSOME_TRANSPORT,,67,0.5924725,1.7289982,0.0,0.008235999,0.983,5086,"tags=55%, list=18%, signal=67%",
GOBP_NEGATIVE_REGULATION_OF_TUMOR_NECROSIS_FACTOR_SUPERFAMILY_CYTOKINE_PRODUCTION,GOBP_NEGATIVE_REGULATION_OF_TUMOR_NECROSIS_FACTOR_SUPERFAMILY_CYTOKINE_PRODUCTION,,60,0.59887016,1.7288226,0.0,0.0082430905,0.983,3356,"tags=45%, list=12%, signal=51%",
GOBP_PROTEIN_ACTIVATION_CASCADE,GOBP_PROTEIN_ACTIVATION_CASCADE,,24,0.7090845,1.7285357,0.00528169,0.008267707,0.984,4558,"tags=50%, list=16%, signal=60%",
GOBP_LIPOPROTEIN_LOCALIZATION,GOBP_LIPOPROTEIN_LOCALIZATION,,23,0.70428246,1.728112,0.0033955858,0.008309688,0.984,4360,"tags=65%, list=16%, signal=77%",
GOBP_PEPTIDE_METABOLIC_PROCESS,GOBP_PEPTIDE_METABOLIC_PROCESS,,54,0.5970739,1.727495,0.0016666667,0.00839047,0.984,3449,"tags=37%, list=12%, signal=42%",
REACTOME_SPHINGOLIPID_METABOLISM,REACTOME_SPHINGOLIPID_METABOLISM,,99,0.54943174,1.7264295,0.0,0.008563408,0.985,3344,"tags=33%, list=12%, signal=38%",
GOBP_LIPID_CATABOLIC_PROCESS,GOBP_LIPID_CATABOLIC_PROCESS,,297,0.49287617,1.7262753,0.0,0.008560319,0.985,4360,"tags=33%, list=16%, signal=39%",
REACTOME_GOLGI_TO_ER_RETROGRADE_TRANSPORT,REACTOME_GOLGI_TO_ER_RETROGRADE_TRANSPORT,,129,0.534737,1.7260585,0.0,0.008570784,0.985,5310,"tags=38%, list=19%, signal=47%",
GOBP_REGULATION_OF_TRANSMEMBRANE_TRANSPORT,GOBP_REGULATION_OF_TRANSMEMBRANE_TRANSPORT,,346,0.48514906,1.7257783,0.0,0.008592773,0.985,5248,"tags=36%, list=19%, signal=44%",
REACTOME_SIGNALING_BY_RECEPTOR_TYROSINE_KINASES,REACTOME_SIGNALING_BY_RECEPTOR_TYROSINE_KINASES,,476,0.47679913,1.7256554,0.0,0.008604996,0.985,4609,"tags=34%, list=17%, signal=41%",
GOBP_REGULATION_OF_RESPIRATORY_BURST,GOBP_REGULATION_OF_RESPIRATORY_BURST,,17,0.7521745,1.7249719,0.0,0.008668891,0.986,3641,"tags=53%, list=13%, signal=61%",
GOBP_NEGATIVE_REGULATION_OF_INTRINSIC_APOPTOTIC_SIGNALING_PATHWAY,GOBP_NEGATIVE_REGULATION_OF_INTRINSIC_APOPTOTIC_SIGNALING_PATHWAY,,99,0.5541696,1.7248436,0.0,0.008667584,0.987,5003,"tags=45%, list=18%, signal=55%",
GOBP_ENDOCYTIC_RECYCLING,GOBP_ENDOCYTIC_RECYCLING,,103,0.54609704,1.7242389,0.0,0.008738969,0.988,6506,"tags=57%, list=23%, signal=75%",
REACTOME_RAC3_GTPASE_CYCLE,REACTOME_RAC3_GTPASE_CYCLE,,92,0.5571429,1.7242324,0.0,0.008726118,0.988,4334,"tags=37%, list=16%, signal=44%",
REACTOME_NUCLEAR_SIGNALING_BY_ERBB4,REACTOME_NUCLEAR_SIGNALING_BY_ERBB4,,25,0.7029872,1.7240993,0.0017182131,0.0087266695,0.988,4360,"tags=48%, list=16%, signal=57%",
GOBP_REGULATION_OF_LIPID_BIOSYNTHETIC_PROCESS,GOBP_REGULATION_OF_LIPID_BIOSYNTHETIC_PROCESS,,165,0.51880974,1.7237868,0.0,0.008751791,0.988,5003,"tags=33%, list=18%, signal=40%",
GOBP_NEGATIVE_REGULATION_OF_REGULATORY_T_CELL_DIFFERENTIATION,GOBP_NEGATIVE_REGULATION_OF_REGULATORY_T_CELL_DIFFERENTIATION,,19,0.74133617,1.7235087,0.003407155,0.008786451,0.989,4396,"tags=79%, list=16%, signal=94%",
GOBP_REGULATION_OF_AMYLOID_BETA_CLEARANCE,GOBP_REGULATION_OF_AMYLOID_BETA_CLEARANCE,,16,0.76700044,1.7233309,0.001754386,0.008803928,0.989,5374,"tags=69%, list=19%, signal=85%",
REACTOME_SIGNALING_BY_SCF_KIT,REACTOME_SIGNALING_BY_SCF_KIT,,42,0.63193405,1.7227051,0.0016638935,0.008886022,0.99,2987,"tags=45%, list=11%, signal=51%",
GOBP_REGULATION_OF_INTEGRIN_MEDIATED_SIGNALING_PATHWAY,GOBP_REGULATION_OF_INTEGRIN_MEDIATED_SIGNALING_PATHWAY,,22,0.70375,1.7226648,0.005119454,0.008878779,0.99,2511,"tags=32%, list=9%, signal=35%",
GOBP_ATP_METABOLIC_PROCESS,GOBP_ATP_METABOLIC_PROCESS,,225,0.5036093,1.7224844,0.0,0.008896027,0.99,5436,"tags=38%, list=20%, signal=47%",
REACTOME_DNA_REPLICATION_PRE_INITIATION,REACTOME_DNA_REPLICATION_PRE_INITIATION,,136,0.53226745,1.7223965,0.0,0.008898208,0.99,4971,"tags=40%, list=18%, signal=49%",
GOBP_EXTRACELLULAR_VESICLE_BIOGENESIS,GOBP_EXTRACELLULAR_VESICLE_BIOGENESIS,,25,0.7001495,1.7223839,0.0,0.00888716,0.99,6562,"tags=76%, list=24%, signal=99%",
GOBP_REACTIVE_NITROGEN_SPECIES_METABOLIC_PROCESS,GOBP_REACTIVE_NITROGEN_SPECIES_METABOLIC_PROCESS,,82,0.564986,1.7223077,0.0,0.008889326,0.99,3159,"tags=32%, list=11%, signal=36%",
GOBP_POSITIVE_REGULATION_OF_MOLECULAR_FUNCTION,GOBP_POSITIVE_REGULATION_OF_MOLECULAR_FUNCTION,,428,0.47988743,1.7222736,0.0,0.008880239,0.99,4144,"tags=32%, list=15%, signal=37%",
GOBP_REGULATION_OF_SYSTEMIC_ARTERIAL_BLOOD_PRESSURE_BY_CIRCULATORY_RENIN_ANGIOTENSIN,GOBP_REGULATION_OF_SYSTEMIC_ARTERIAL_BLOOD_PRESSURE_BY_CIRCULATORY_RENIN_ANGIOTENSIN,,18,0.75164795,1.7221782,0.0018552876,0.008882428,0.99,4530,"tags=61%, list=16%, signal=73%",
GOBP_REGULATION_OF_LYMPHOCYTE_MEDIATED_IMMUNITY,GOBP_REGULATION_OF_LYMPHOCYTE_MEDIATED_IMMUNITY,,194,0.50927144,1.7220855,0.0,0.008878882,0.99,3178,"tags=34%, list=11%, signal=38%",
GOBP_TUMOR_NECROSIS_FACTOR_MEDIATED_SIGNALING_PATHWAY,GOBP_TUMOR_NECROSIS_FACTOR_MEDIATED_SIGNALING_PATHWAY,,117,0.53610265,1.7220823,0.0,0.008866088,0.99,5529,"tags=51%, list=20%, signal=64%",
GOBP_REGULATION_OF_ENDOPLASMIC_RETICULUM_UNFOLDED_PROTEIN_RESPONSE,GOBP_REGULATION_OF_ENDOPLASMIC_RETICULUM_UNFOLDED_PROTEIN_RESPONSE,,37,0.6527537,1.7219772,0.0,0.008862735,0.99,4644,"tags=49%, list=17%, signal=58%",
REACTOME_SIGNAL_TRANSDUCTION_BY_L1,REACTOME_SIGNAL_TRANSDUCTION_BY_L1,,21,0.7184056,1.7212796,0.0035587188,0.008946745,0.99,3746,"tags=48%, list=14%, signal=55%",
REACTOME_RESPONSE_OF_MTB_TO_PHAGOCYTOSIS,REACTOME_RESPONSE_OF_MTB_TO_PHAGOCYTOSIS,,23,0.71908337,1.7211871,0.0016863407,0.008941377,0.99,3741,"tags=70%, list=13%, signal=80%",
GOBP_INTERLEUKIN_10_PRODUCTION,GOBP_INTERLEUKIN_10_PRODUCTION,,64,0.58485603,1.7211798,0.0,0.008932268,0.99,3614,"tags=45%, list=13%, signal=52%",
GOBP_COPII_COATED_VESICLE_BUDDING,GOBP_COPII_COATED_VESICLE_BUDDING,,43,0.6243741,1.7204796,0.0016806723,0.009043828,0.99,6182,"tags=56%, list=22%, signal=72%",
GOBP_POSITIVE_REGULATION_OF_D_GLUCOSE_TRANSMEMBRANE_TRANSPORT,GOBP_POSITIVE_REGULATION_OF_D_GLUCOSE_TRANSMEMBRANE_TRANSPORT,,39,0.6405731,1.7204187,0.005042017,0.009032769,0.99,4844,"tags=33%, list=17%, signal=40%",
REACTOME_GROWTH_HORMONE_RECEPTOR_SIGNALING,REACTOME_GROWTH_HORMONE_RECEPTOR_SIGNALING,,21,0.7259956,1.720399,0.0033613446,0.009019883,0.99,4324,"tags=67%, list=16%, signal=79%",
GOBP_LATE_ENDOSOME_TO_VACUOLE_TRANSPORT,GOBP_LATE_ENDOSOME_TO_VACUOLE_TRANSPORT,,37,0.6487798,1.7200952,0.0016920473,0.0090423785,0.99,4573,"tags=62%, list=16%, signal=74%",
GOBP_REGULATION_OF_VIRAL_LIFE_CYCLE,GOBP_REGULATION_OF_VIRAL_LIFE_CYCLE,,107,0.55205786,1.7199671,0.0,0.009042424,0.99,4638,"tags=38%, list=17%, signal=46%",
REACTOME_RHO_GTPASES_ACTIVATE_ROCKS,REACTOME_RHO_GTPASES_ACTIVATE_ROCKS,,18,0.74167913,1.7199523,0.0035971224,0.00902958,0.99,3830,"tags=56%, list=14%, signal=64%",
REACTOME_SIGNALING_BY_CYTOSOLIC_FGFR1_FUSION_MUTANTS,REACTOME_SIGNALING_BY_CYTOSOLIC_FGFR1_FUSION_MUTANTS,,18,0.7498299,1.7190793,0.0,0.009162323,0.99,1693,"tags=39%, list=6%, signal=41%",
REACTOME_SEMA4D_IN_SEMAPHORIN_SIGNALING,REACTOME_SEMA4D_IN_SEMAPHORIN_SIGNALING,,23,0.7009151,1.7185016,0.0,0.009237805,0.99,3195,"tags=43%, list=12%, signal=49%",
GOBP_POSITIVE_REGULATION_BY_SYMBIONT_OF_ENTRY_INTO_HOST,GOBP_POSITIVE_REGULATION_BY_SYMBIONT_OF_ENTRY_INTO_HOST,,12,0.82157415,1.7178414,0.0,0.0093019055,0.991,3114,"tags=58%, list=11%, signal=66%",
GOBP_RESPONSE_TO_MURAMYL_DIPEPTIDE,GOBP_RESPONSE_TO_MURAMYL_DIPEPTIDE,,21,0.7020274,1.7170589,0.0,0.009409703,0.991,4426,"tags=62%, list=16%, signal=74%",
REACTOME_NEGATIVE_EPIGENETIC_REGULATION_OF_RRNA_EXPRESSION,REACTOME_NEGATIVE_EPIGENETIC_REGULATION_OF_RRNA_EXPRESSION,,95,0.55292994,1.7169735,0.0,0.009403797,0.991,4116,"tags=35%, list=15%, signal=41%",
REACTOME_NOTCH4_ACTIVATION_AND_TRANSMISSION_OF_SIGNAL_TO_THE_NUCLEUS,REACTOME_NOTCH4_ACTIVATION_AND_TRANSMISSION_OF_SIGNAL_TO_THE_NUCLEUS,,11,0.8209817,1.7169553,0.0055762082,0.009392338,0.991,3205,"tags=64%, list=12%, signal=72%",
GOBP_POSITIVE_REGULATION_OF_D_GLUCOSE_IMPORT,GOBP_POSITIVE_REGULATION_OF_D_GLUCOSE_IMPORT,,31,0.66524065,1.7166046,0.0016583748,0.009423178,0.991,4844,"tags=39%, list=17%, signal=47%",
GOBP_REGULATION_OF_CELLULAR_LOCALIZATION,GOBP_REGULATION_OF_CELLULAR_LOCALIZATION,,498,0.4686124,1.7161672,0.0,0.009479418,0.991,5229,"tags=36%, list=19%, signal=43%",
REACTOME_REGULATION_OF_T_CELL_ACTIVATION_BY_CD28_FAMILY,REACTOME_REGULATION_OF_T_CELL_ACTIVATION_BY_CD28_FAMILY,,251,0.49725926,1.7159138,0.0,0.009497065,0.991,4971,"tags=41%, list=18%, signal=50%",
GOBP_LYMPHOCYTE_MEDIATED_IMMUNITY,GOBP_LYMPHOCYTE_MEDIATED_IMMUNITY,,355,0.48253483,1.7158986,0.0,0.009483763,0.991,3417,"tags=30%, list=12%, signal=34%",
GOBP_REGULATION_OF_VACUOLE_ORGANIZATION,GOBP_REGULATION_OF_VACUOLE_ORGANIZATION,,58,0.5942908,1.7158331,0.0,0.00948505,0.991,5173,"tags=52%, list=19%, signal=63%",
GOBP_GLIAL_CELL_DEVELOPMENT,GOBP_GLIAL_CELL_DEVELOPMENT,,117,0.53838354,1.715816,0.0,0.009471803,0.991,2621,"tags=26%, list=9%, signal=28%",
REACTOME_MTOR_SIGNALLING,REACTOME_MTOR_SIGNALLING,,40,0.63814515,1.7154065,0.0016583748,0.009527386,0.991,5363,"tags=50%, list=19%, signal=62%",
GOBP_PROTEIN_TARGETING,GOBP_PROTEIN_TARGETING,,295,0.4891487,1.7150066,0.0,0.009559428,0.992,4320,"tags=32%, list=16%, signal=37%",
GOBP_NEURON_CELLULAR_HOMEOSTASIS,GOBP_NEURON_CELLULAR_HOMEOSTASIS,,43,0.62457174,1.7149092,0.0017482517,0.009555202,0.992,3795,"tags=44%, list=14%, signal=51%",
REACTOME_PLATELET_AGGREGATION_PLUG_FORMATION,REACTOME_PLATELET_AGGREGATION_PLUG_FORMATION,,33,0.6577183,1.714611,0.0,0.009592418,0.992,4586,"tags=52%, list=17%, signal=62%",
REACTOME_INTERLEUKIN_12_SIGNALING,REACTOME_INTERLEUKIN_12_SIGNALING,,44,0.6191448,1.7137487,0.0015948963,0.00971949,0.993,4334,"tags=45%, list=16%, signal=54%",
GOBP_POSITIVE_REGULATION_OF_PROTEIN_MATURATION,GOBP_POSITIVE_REGULATION_OF_PROTEIN_MATURATION,,25,0.6902644,1.7132109,0.0036429872,0.009778104,0.993,4430,"tags=52%, list=16%, signal=62%",
REACTOME_RAF_ACTIVATION,REACTOME_RAF_ACTIVATION,,33,0.65321696,1.7124764,0.0,0.009899404,0.993,4415,"tags=45%, list=16%, signal=54%",
GOBP_REGULATION_OF_ALCOHOL_BIOSYNTHETIC_PROCESS,GOBP_REGULATION_OF_ALCOHOL_BIOSYNTHETIC_PROCESS,,43,0.6314291,1.7120786,0.0016611295,0.009952105,0.993,4385,"tags=40%, list=16%, signal=47%",
GOBP_NUCLEOTIDE_BINDING_OLIGOMERIZATION_DOMAIN_CONTAINING_2_SIGNALING_PATHWAY,GOBP_NUCLEOTIDE_BINDING_OLIGOMERIZATION_DOMAIN_CONTAINING_2_SIGNALING_PATHWAY,,19,0.7361857,1.7120014,0.0018115942,0.009954489,0.993,3525,"tags=47%, list=13%, signal=54%",
REACTOME_HCMV_INFECTION,REACTOME_HCMV_INFECTION,,143,0.5223086,1.7092675,0.0,0.010416836,0.994,5054,"tags=41%, list=18%, signal=50%",
GOBP_VASCULAR_PROCESS_IN_CIRCULATORY_SYSTEM,GOBP_VASCULAR_PROCESS_IN_CIRCULATORY_SYSTEM,,228,0.4962243,1.7090777,0.0,0.01044194,0.994,5511,"tags=35%, list=20%, signal=43%",
GOBP_TRIF_DEPENDENT_TOLL_LIKE_RECEPTOR_SIGNALING_PATHWAY,GOBP_TRIF_DEPENDENT_TOLL_LIKE_RECEPTOR_SIGNALING_PATHWAY,,11,0.83396024,1.7086786,0.0,0.010499091,0.994,857,"tags=36%, list=3%, signal=38%",
REACTOME_TRANSCRIPTIONAL_REGULATION_BY_RUNX1,REACTOME_TRANSCRIPTIONAL_REGULATION_BY_RUNX1,,201,0.5033351,1.7081149,0.0,0.010611231,0.995,5495,"tags=43%, list=20%, signal=53%",
GOBP_MYELOID_CELL_HOMEOSTASIS,GOBP_MYELOID_CELL_HOMEOSTASIS,,186,0.5076456,1.7063774,0.0,0.010899204,0.996,5065,"tags=41%, list=18%, signal=50%",
GOBP_INTERFERON_BETA_PRODUCTION,GOBP_INTERFERON_BETA_PRODUCTION,,64,0.58420616,1.7058017,0.0,0.011005356,0.996,3438,"tags=38%, list=12%, signal=43%",
GOBP_DETECTION_OF_MOLECULE_OF_BACTERIAL_ORIGIN,GOBP_DETECTION_OF_MOLECULE_OF_BACTERIAL_ORIGIN,,12,0.83285457,1.7056655,0.0018018018,0.011013378,0.996,1469,"tags=58%, list=5%, signal=62%",
GOBP_POSITIVE_REGULATION_OF_PHOSPHORUS_METABOLIC_PROCESS,GOBP_POSITIVE_REGULATION_OF_PHOSPHORUS_METABOLIC_PROCESS,,285,0.48492453,1.705384,0.0,0.011056869,0.996,4577,"tags=34%, list=16%, signal=40%",
GOBP_REGULATION_OF_HYDROLASE_ACTIVITY,GOBP_REGULATION_OF_HYDROLASE_ACTIVITY,,150,0.5148673,1.705376,0.0,0.0110435905,0.996,5071,"tags=36%, list=18%, signal=44%",
GOBP_NON_CANONICAL_NF_KAPPAB_SIGNAL_TRANSDUCTION,GOBP_NON_CANONICAL_NF_KAPPAB_SIGNAL_TRANSDUCTION,,126,0.5303278,1.7048044,0.0,0.011118783,0.996,3542,"tags=35%, list=13%, signal=40%",
GOBP_REGULATION_OF_RESPONSE_TO_WOUNDING,GOBP_REGULATION_OF_RESPONSE_TO_WOUNDING,,143,0.5191915,1.704275,0.0,0.011216578,0.996,4967,"tags=40%, list=18%, signal=48%",
REACTOME_MAP2K_AND_MAPK_ACTIVATION,REACTOME_MAP2K_AND_MAPK_ACTIVATION,,36,0.6431145,1.7041984,0.0017123288,0.011213606,0.996,4938,"tags=61%, list=18%, signal=74%",
GOBP_ALCOHOL_BIOSYNTHETIC_PROCESS,GOBP_ALCOHOL_BIOSYNTHETIC_PROCESS,,131,0.5237115,1.7041686,0.0,0.011198412,0.996,4402,"tags=34%, list=16%, signal=40%",
GOBP_POSITIVE_REGULATION_OF_LEUKOCYTE_TETHERING_OR_ROLLING,GOBP_POSITIVE_REGULATION_OF_LEUKOCYTE_TETHERING_OR_ROLLING,,11,0.82259095,1.7041315,0.0037037036,0.011186777,0.996,1567,"tags=45%, list=6%, signal=48%",
REACTOME_PROCESSING_OF_DNA_DOUBLE_STRAND_BREAK_ENDS,REACTOME_PROCESSING_OF_DNA_DOUBLE_STRAND_BREAK_ENDS,,91,0.55003554,1.7035314,0.0015625,0.011285842,0.998,3834,"tags=31%, list=14%, signal=36%",
REACTOME_SARS_COV_1_ACTIVATES_MODULATES_INNATE_IMMUNE_RESPONSES,REACTOME_SARS_COV_1_ACTIVATES_MODULATES_INNATE_IMMUNE_RESPONSES,,41,0.6251788,1.7032323,0.0,0.011328552,0.998,4397,"tags=46%, list=16%, signal=55%",
GOBP_NEGATIVE_REGULATION_OF_STRIATED_MUSCLE_CELL_APOPTOTIC_PROCESS,GOBP_NEGATIVE_REGULATION_OF_STRIATED_MUSCLE_CELL_APOPTOTIC_PROCESS,,24,0.6919485,1.7029042,0.0017921147,0.011364145,0.998,4977,"tags=46%, list=18%, signal=56%",
REACTOME_HCMV_LATE_EVENTS,REACTOME_HCMV_LATE_EVENTS,,98,0.5514065,1.7028476,0.001490313,0.0113558555,0.998,4971,"tags=50%, list=18%, signal=61%",
REACTOME_TRAF6_MEDIATED_NF_KB_ACTIVATION,REACTOME_TRAF6_MEDIATED_NF_KB_ACTIVATION,,24,0.69723403,1.7021494,0.0,0.011431338,0.998,5129,"tags=63%, list=18%, signal=77%",
GOBP_CELLULAR_RESPONSE_TO_COPPER_ION,GOBP_CELLULAR_RESPONSE_TO_COPPER_ION,,19,0.7404108,1.7021389,0.006849315,0.011419468,0.998,5129,"tags=58%, list=18%, signal=71%",
REACTOME_SIGNALING_BY_BRAF_AND_RAF1_FUSIONS,REACTOME_SIGNALING_BY_BRAF_AND_RAF1_FUSIONS,,60,0.5845978,1.701961,0.0,0.011433727,0.998,4670,"tags=52%, list=17%, signal=62%",
GOBP_MONOCYTE_EXTRAVASATION,GOBP_MONOCYTE_EXTRAVASATION,,10,0.84621006,1.7019547,0.001814882,0.011418422,0.998,2500,"tags=60%, list=9%, signal=66%",
REACTOME_REGULATION_OF_TBK1_IKK_IKBKE_MEDIATED_ACTIVATION_OF_IRF3_IRF7,REACTOME_REGULATION_OF_TBK1_IKK_IKBKE_MEDIATED_ACTIVATION_OF_IRF3_IRF7,,14,0.7814725,1.7017823,0.0057142857,0.0114413425,0.998,1469,"tags=43%, list=5%, signal=45%",
GOBP_NEGATIVE_REGULATION_OF_COAGULATION,GOBP_NEGATIVE_REGULATION_OF_COAGULATION,,43,0.63488454,1.7012738,0.0033955858,0.011530235,0.999,4360,"tags=42%, list=16%, signal=50%",
REACTOME_ROLE_OF_LAT2_NTAL_LAB_ON_CALCIUM_MOBILIZATION,REACTOME_ROLE_OF_LAT2_NTAL_LAB_ON_CALCIUM_MOBILIZATION,,71,0.5743741,1.7005498,0.001610306,0.0116396,0.999,2121,"tags=10%, list=8%, signal=11%",
GOBP_POSITIVE_REGULATION_OF_G_PROTEIN_COUPLED_RECEPTOR_SIGNALING_PATHWAY,GOBP_POSITIVE_REGULATION_OF_G_PROTEIN_COUPLED_RECEPTOR_SIGNALING_PATHWAY,,35,0.65011066,1.7005272,0.0017241379,0.011624101,0.999,5129,"tags=46%, list=18%, signal=56%",
GOBP_POSITIVE_REGULATION_OF_CELLULAR_EXTRAVASATION,GOBP_POSITIVE_REGULATION_OF_CELLULAR_EXTRAVASATION,,17,0.7594179,1.7001843,0.0,0.011665615,0.999,2807,"tags=47%, list=10%, signal=52%",
REACTOME_SIGNALING_BY_PDGFR_IN_DISEASE,REACTOME_SIGNALING_BY_PDGFR_IN_DISEASE,,19,0.7371765,1.699941,0.0017331023,0.011696681,0.999,2121,"tags=32%, list=8%, signal=34%",
GOBP_REGULATION_OF_ALPHA_BETA_T_CELL_ACTIVATION,GOBP_REGULATION_OF_ALPHA_BETA_T_CELL_ACTIVATION,,113,0.53379226,1.6992522,0.0,0.01181887,0.999,3421,"tags=41%, list=12%, signal=46%",
REACTOME_GENE_SILENCING_BY_RNA,REACTOME_GENE_SILENCING_BY_RNA,,93,0.5450959,1.69923,0.0,0.011808394,0.999,3526,"tags=29%, list=13%, signal=33%",
GOBP_NEGATIVE_REGULATION_OF_NUCLEOTIDE_CATABOLIC_PROCESS,GOBP_NEGATIVE_REGULATION_OF_NUCLEOTIDE_CATABOLIC_PROCESS,,19,0.73665065,1.6988995,0.0017482517,0.011861656,0.999,4343,"tags=58%, list=16%, signal=69%",
GOBP_POSITIVE_REGULATION_OF_TRIGLYCERIDE_METABOLIC_PROCESS,GOBP_POSITIVE_REGULATION_OF_TRIGLYCERIDE_METABOLIC_PROCESS,,18,0.7395425,1.6986076,0.0052539404,0.011911176,0.999,3680,"tags=56%, list=13%, signal=64%",
GOBP_POSITIVE_REGULATION_OF_RESPONSE_TO_ENDOPLASMIC_RETICULUM_STRESS,GOBP_POSITIVE_REGULATION_OF_RESPONSE_TO_ENDOPLASMIC_RETICULUM_STRESS,,39,0.6295345,1.6985459,0.0034482758,0.011907403,0.999,5719,"tags=56%, list=21%, signal=71%",
GOBP_ALPHA_LINOLENIC_ACID_METABOLIC_PROCESS,GOBP_ALPHA_LINOLENIC_ACID_METABOLIC_PROCESS,,10,0.85663325,1.6984771,0.0036968577,0.011907204,0.999,3301,"tags=70%, list=12%, signal=79%",
GOBP_REGULATION_OF_MAST_CELL_ACTIVATION,GOBP_REGULATION_OF_MAST_CELL_ACTIVATION,,19,0.73244727,1.698352,0.0018348624,0.0119223595,0.999,2107,"tags=37%, list=8%, signal=40%",
GOBP_INTERLEUKIN_6_MEDIATED_SIGNALING_PATHWAY,GOBP_INTERLEUKIN_6_MEDIATED_SIGNALING_PATHWAY,,18,0.73232365,1.6982315,0.005514706,0.011920257,0.999,2506,"tags=44%, list=9%, signal=49%",
GOBP_VIRION_ASSEMBLY,GOBP_VIRION_ASSEMBLY,,37,0.6266702,1.6981871,0.0033500837,0.011913201,0.999,5173,"tags=68%, list=19%, signal=83%",
GOBP_REGULATION_OF_MACROPHAGE_ACTIVATION,GOBP_REGULATION_OF_MACROPHAGE_ACTIVATION,,51,0.59729123,1.6980895,0.0033613446,0.011918031,0.999,3356,"tags=43%, list=12%, signal=49%",
GOBP_POSITIVE_REGULATION_OF_INTERFERON_ALPHA_PRODUCTION,GOBP_POSITIVE_REGULATION_OF_INTERFERON_ALPHA_PRODUCTION,,24,0.6829139,1.6978599,0.0033955858,0.011948416,0.999,4077,"tags=50%, list=15%, signal=59%",
GOBP_REGULATION_OF_COMPLEMENT_ACTIVATION,GOBP_REGULATION_OF_COMPLEMENT_ACTIVATION,,22,0.69959074,1.697611,0.0053003533,0.0119669,0.999,3356,"tags=55%, list=12%, signal=62%",
GOBP_TISSUE_REMODELING,GOBP_TISSUE_REMODELING,,157,0.5133389,1.6973518,0.0,0.01199545,0.999,5112,"tags=46%, list=18%, signal=57%",
GOBP_FC_RECEPTOR_MEDIATED_STIMULATORY_SIGNALING_PATHWAY,GOBP_FC_RECEPTOR_MEDIATED_STIMULATORY_SIGNALING_PATHWAY,,35,0.6399097,1.6970831,0.0071174377,0.012040961,0.999,4230,"tags=51%, list=15%, signal=61%",
GOBP_REGULATION_OF_ENDOSOME_SIZE,GOBP_REGULATION_OF_ENDOSOME_SIZE,,11,0.8291544,1.6965828,0.0036101083,0.012096403,0.999,2660,"tags=55%, list=10%, signal=60%",
GOBP_MYELOID_LEUKOCYTE_CYTOKINE_PRODUCTION,GOBP_MYELOID_LEUKOCYTE_CYTOKINE_PRODUCTION,,29,0.66153955,1.6961466,0.0,0.012186999,0.999,2632,"tags=41%, list=9%, signal=46%",
REACTOME_BASE_EXCISION_REPAIR_AP_SITE_FORMATION,REACTOME_BASE_EXCISION_REPAIR_AP_SITE_FORMATION,,52,0.5960555,1.6961393,0.003236246,0.012176241,0.999,4116,"tags=38%, list=15%, signal=45%",
REACTOME_REGULATION_OF_IFNA_IFNB_SIGNALING,REACTOME_REGULATION_OF_IFNA_IFNB_SIGNALING,,12,0.81053114,1.695878,0.0037037036,0.0121975755,0.999,4291,"tags=75%, list=15%, signal=89%",
GOBP_REGULATION_OF_BLOOD_CIRCULATION,GOBP_REGULATION_OF_BLOOD_CIRCULATION,,200,0.5001401,1.6958061,0.0,0.012195299,0.999,5230,"tags=35%, list=19%, signal=43%",
GOBP_ESTABLISHMENT_OF_ORGANELLE_LOCALIZATION,GOBP_ESTABLISHMENT_OF_ORGANELLE_LOCALIZATION,,385,0.4719117,1.6950784,0.0,0.012300421,0.999,5425,"tags=38%, list=20%, signal=47%",
GOBP_REGULATION_OF_HEMOPOIESIS,GOBP_REGULATION_OF_HEMOPOIESIS,,413,0.4695485,1.6948777,0.0,0.0123248445,0.999,3737,"tags=35%, list=13%, signal=40%",
GOBP_POSITIVE_REGULATION_OF_NEUROINFLAMMATORY_RESPONSE,GOBP_POSITIVE_REGULATION_OF_NEUROINFLAMMATORY_RESPONSE,,18,0.725563,1.6948166,0.0017793594,0.012322351,0.999,3469,"tags=67%, list=13%, signal=76%",
GOBP_GROWTH_HORMONE_RECEPTOR_SIGNALING_PATHWAY_VIA_JAK_STAT,GOBP_GROWTH_HORMONE_RECEPTOR_SIGNALING_PATHWAY_VIA_JAK_STAT,,11,0.82783204,1.6936306,0.0018181818,0.012539129,0.999,4291,"tags=82%, list=15%, signal=97%",
REACTOME_NF_KB_ACTIVATION_THROUGH_FADD_RIP_1_PATHWAY_MEDIATED_BY_CASPASE_8_AND_10,REACTOME_NF_KB_ACTIVATION_THROUGH_FADD_RIP_1_PATHWAY_MEDIATED_BY_CASPASE_8_AND_10,,13,0.794406,1.6934721,0.0037453184,0.0125548765,0.999,4963,"tags=77%, list=18%, signal=94%",
GOBP_RESPONSE_TO_TOXIC_SUBSTANCE,GOBP_RESPONSE_TO_TOXIC_SUBSTANCE,,223,0.49561033,1.6930442,0.0,0.012643733,0.999,5831,"tags=44%, list=21%, signal=55%",
REACTOME_NRIF_SIGNALS_CELL_DEATH_FROM_THE_NUCLEUS,REACTOME_NRIF_SIGNALS_CELL_DEATH_FROM_THE_NUCLEUS,,15,0.7645385,1.6929007,0.0034364262,0.01266245,0.999,4397,"tags=60%, list=16%, signal=71%",
REACTOME_CDK_MEDIATED_PHOSPHORYLATION_AND_REMOVAL_OF_CDC6,REACTOME_CDK_MEDIATED_PHOSPHORYLATION_AND_REMOVAL_OF_CDC6,,60,0.5790491,1.6926962,0.0033112583,0.012684608,0.999,5323,"tags=47%, list=19%, signal=58%",
GOBP_RESPONSE_TO_VITAMIN,GOBP_RESPONSE_TO_VITAMIN,,72,0.5622042,1.6926316,0.0033898305,0.012683406,0.999,4347,"tags=36%, list=16%, signal=43%",
GOBP_POSITIVE_REGULATION_OF_CELLULAR_RESPONSE_TO_INSULIN_STIMULUS,GOBP_POSITIVE_REGULATION_OF_CELLULAR_RESPONSE_TO_INSULIN_STIMULUS,,21,0.7208666,1.6924314,0.0018348624,0.012700421,0.999,2887,"tags=43%, list=10%, signal=48%",
GOBP_GLUTAMATE_RECEPTOR_SIGNALING_PATHWAY,GOBP_GLUTAMATE_RECEPTOR_SIGNALING_PATHWAY,,48,0.6034247,1.6916747,0.0032894737,0.012835163,0.999,5451,"tags=33%, list=20%, signal=41%",
GOBP_REGULATION_OF_CARDIAC_MUSCLE_CONTRACTION_BY_REGULATION_OF_THE_RELEASE_OF_SEQUESTERED_CALCIUM_ION,GOBP_REGULATION_OF_CARDIAC_MUSCLE_CONTRACTION_BY_REGULATION_OF_THE_RELEASE_OF_SEQUESTERED_CALCIUM_ION,,20,0.7289243,1.6911769,0.0017574693,0.012908223,1.0,5180,"tags=65%, list=19%, signal=80%",
GOBP_IRON_ION_TRANSPORT,GOBP_IRON_ION_TRANSPORT,,49,0.59913665,1.6904256,0.007005254,0.01301438,1.0,3028,"tags=35%, list=11%, signal=39%",
REACTOME_RETROGRADE_TRANSPORT_AT_THE_TRANS_GOLGI_NETWORK,REACTOME_RETROGRADE_TRANSPORT_AT_THE_TRANS_GOLGI_NETWORK,,49,0.60308707,1.690416,0.0033333334,0.012999499,1.0,4599,"tags=43%, list=17%, signal=51%",
GOBP_SUBSTRATE_ADHESION_DEPENDENT_CELL_SPREADING,GOBP_SUBSTRATE_ADHESION_DEPENDENT_CELL_SPREADING,,97,0.5418043,1.6903269,0.00309119,0.012999556,1.0,4558,"tags=36%, list=16%, signal=43%",
GOBP_REGULATION_OF_NATURAL_KILLER_CELL_MEDIATED_IMMUNITY,GOBP_REGULATION_OF_NATURAL_KILLER_CELL_MEDIATED_IMMUNITY,,58,0.5834589,1.6902903,0.0,0.012989643,1.0,3417,"tags=43%, list=12%, signal=49%",
GOBP_PROTEIN_EXIT_FROM_ENDOPLASMIC_RETICULUM,GOBP_PROTEIN_EXIT_FROM_ENDOPLASMIC_RETICULUM,,54,0.5865421,1.6893649,0.0,0.013162193,1.0,3026,"tags=37%, list=11%, signal=41%",
GOBP_MULTICELLULAR_ORGANISMAL_LEVEL_CHEMICAL_HOMEOSTASIS,GOBP_MULTICELLULAR_ORGANISMAL_LEVEL_CHEMICAL_HOMEOSTASIS,,74,0.5583364,1.689226,0.0,0.013183361,1.0,4519,"tags=38%, list=16%, signal=45%",
REACTOME_ZBP1_DAI_MEDIATED_INDUCTION_OF_TYPE_I_IFNS,REACTOME_ZBP1_DAI_MEDIATED_INDUCTION_OF_TYPE_I_IFNS,,21,0.7013822,1.6881889,0.008591065,0.013391496,1.0,4963,"tags=57%, list=18%, signal=70%",
GOBP_REGULATION_OF_PRODUCTION_OF_MOLECULAR_MEDIATOR_OF_IMMUNE_RESPONSE,GOBP_REGULATION_OF_PRODUCTION_OF_MOLECULAR_MEDIATOR_OF_IMMUNE_RESPONSE,,163,0.5093067,1.6879847,0.0,0.013422164,1.0,3614,"tags=36%, list=13%, signal=41%",
GOBP_GANGLIOSIDE_METABOLIC_PROCESS,GOBP_GANGLIOSIDE_METABOLIC_PROCESS,,23,0.68886274,1.6875744,0.0051457975,0.013506948,1.0,2726,"tags=39%, list=10%, signal=43%",
GOBP_POSITIVE_REGULATION_OF_ENDOPLASMIC_RETICULUM_UNFOLDED_PROTEIN_RESPONSE,GOBP_POSITIVE_REGULATION_OF_ENDOPLASMIC_RETICULUM_UNFOLDED_PROTEIN_RESPONSE,,13,0.78488153,1.68756,0.0074626864,0.013489936,1.0,4364,"tags=69%, list=16%, signal=82%",
GOBP_REGULATION_OF_ESTABLISHMENT_OF_PROTEIN_LOCALIZATION,GOBP_REGULATION_OF_ESTABLISHMENT_OF_PROTEIN_LOCALIZATION,,481,0.46006787,1.6869732,0.0,0.013562874,1.0,4516,"tags=32%, list=16%, signal=37%",
REACTOME_HYALURONAN_DEGRADATION,REACTOME_HYALURONAN_DEGRADATION,,14,0.7664905,1.6868752,0.007434944,0.013573618,1.0,3547,"tags=43%, list=13%, signal=49%",
GOBP_STEROID_CATABOLIC_PROCESS,GOBP_STEROID_CATABOLIC_PROCESS,,20,0.70384425,1.6861339,0.0123893805,0.013698123,1.0,3109,"tags=45%, list=11%, signal=51%",
GOBP_CELLULAR_RESPONSE_TO_TOPOLOGICALLY_INCORRECT_PROTEIN,GOBP_CELLULAR_RESPONSE_TO_TOPOLOGICALLY_INCORRECT_PROTEIN,,118,0.5328277,1.6849866,0.0,0.013938251,1.0,5074,"tags=40%, list=18%, signal=49%",
GOBP_NEGATIVE_REGULATION_OF_T_HELPER_CELL_DIFFERENTIATION,GOBP_NEGATIVE_REGULATION_OF_T_HELPER_CELL_DIFFERENTIATION,,18,0.72765857,1.6848838,0.005328597,0.013940258,1.0,3357,"tags=50%, list=12%, signal=57%",
REACTOME_G2_M_DNA_DAMAGE_CHECKPOINT,REACTOME_G2_M_DNA_DAMAGE_CHECKPOINT,,90,0.5455742,1.6848712,0.0,0.013924475,1.0,3834,"tags=30%, list=14%, signal=35%",
REACTOME_RIP_MEDIATED_NFKB_ACTIVATION_VIA_ZBP1,REACTOME_RIP_MEDIATED_NFKB_ACTIVATION_VIA_ZBP1,,17,0.74580896,1.6847295,0.0,0.013937803,1.0,4963,"tags=65%, list=18%, signal=79%",
GOBP_POSITIVE_REGULATION_OF_ESTABLISHMENT_OF_PROTEIN_LOCALIZATION,GOBP_POSITIVE_REGULATION_OF_ESTABLISHMENT_OF_PROTEIN_LOCALIZATION,,294,0.47822315,1.6846018,0.0,0.013936661,1.0,4516,"tags=33%, list=16%, signal=39%",
GOBP_POSITIVE_REGULATION_OF_PLATELET_AGGREGATION,GOBP_POSITIVE_REGULATION_OF_PLATELET_AGGREGATION,,12,0.8047661,1.6844605,0.001908397,0.013959803,1.0,4056,"tags=75%, list=15%, signal=88%",
GOBP_REGULATION_OF_PROTEIN_LOCALIZATION_TO_PLASMA_MEMBRANE,GOBP_REGULATION_OF_PROTEIN_LOCALIZATION_TO_PLASMA_MEMBRANE,,107,0.5331389,1.6835433,0.0,0.0141638275,1.0,4148,"tags=38%, list=15%, signal=45%",
GOBP_CELL_ADHESION_MEDIATED_BY_INTEGRIN,GOBP_CELL_ADHESION_MEDIATED_BY_INTEGRIN,,74,0.5578745,1.6834733,0.0,0.014160747,1.0,4483,"tags=41%, list=16%, signal=48%",
REACTOME_MHC_CLASS_II_ANTIGEN_PRESENTATION,REACTOME_MHC_CLASS_II_ANTIGEN_PRESENTATION,,120,0.5287873,1.6834108,0.0,0.014165687,1.0,2924,"tags=27%, list=11%, signal=30%",
REACTOME_INFLAMMASOMES,REACTOME_INFLAMMASOMES,,21,0.70620805,1.6831757,0.0071813287,0.014215776,1.0,5129,"tags=62%, list=18%, signal=76%",
GOBP_ENDODERMAL_CELL_DIFFERENTIATION,GOBP_ENDODERMAL_CELL_DIFFERENTIATION,,41,0.6150039,1.6830821,0.0016891892,0.014225413,1.0,4939,"tags=44%, list=18%, signal=53%",
REACTOME_PURINERGIC_SIGNALING_IN_LEISHMANIASIS_INFECTION,REACTOME_PURINERGIC_SIGNALING_IN_LEISHMANIASIS_INFECTION,,25,0.6915841,1.6829118,0.0051635113,0.014236746,1.0,2775,"tags=56%, list=10%, signal=62%",
GOBP_INSULIN_RECEPTOR_SIGNALING_PATHWAY,GOBP_INSULIN_RECEPTOR_SIGNALING_PATHWAY,,123,0.52374935,1.6827327,0.0,0.01426086,1.0,2996,"tags=29%, list=11%, signal=33%",
GOBP_NEGATIVE_REGULATION_OF_CELL_JUNCTION_ASSEMBLY,GOBP_NEGATIVE_REGULATION_OF_CELL_JUNCTION_ASSEMBLY,,31,0.66231984,1.6823869,0.001814882,0.014299362,1.0,5041,"tags=48%, list=18%, signal=59%",
GOBP_SPHINGOID_BIOSYNTHETIC_PROCESS,GOBP_SPHINGOID_BIOSYNTHETIC_PROCESS,,16,0.7589126,1.6822237,0.0035211267,0.0143137425,1.0,1944,"tags=44%, list=7%, signal=47%",
REACTOME_NOTCH3_ACTIVATION_AND_TRANSMISSION_OF_SIGNAL_TO_THE_NUCLEUS,REACTOME_NOTCH3_ACTIVATION_AND_TRANSMISSION_OF_SIGNAL_TO_THE_NUCLEUS,,25,0.677037,1.682134,0.005444646,0.014315278,1.0,3873,"tags=48%, list=14%, signal=56%",
REACTOME_REGULATED_PROTEOLYSIS_OF_P75NTR,REACTOME_REGULATED_PROTEOLYSIS_OF_P75NTR,,11,0.8064427,1.6814698,0.0034965035,0.014412639,1.0,4397,"tags=73%, list=16%, signal=86%",
REACTOME_ERCC6_CSB_AND_EHMT2_G9A_POSITIVELY_REGULATE_RRNA_EXPRESSION,REACTOME_ERCC6_CSB_AND_EHMT2_G9A_POSITIVELY_REGULATE_RRNA_EXPRESSION,,62,0.5787383,1.6810158,0.0,0.014503207,1.0,4971,"tags=45%, list=18%, signal=55%",
GOBP_POSITIVE_REGULATION_OF_T_CELL_MEDIATED_IMMUNITY,GOBP_POSITIVE_REGULATION_OF_T_CELL_MEDIATED_IMMUNITY,,67,0.56960195,1.680562,0.0,0.014596835,1.0,2181,"tags=33%, list=8%, signal=36%",
GOBP_REGULATION_OF_LIPID_METABOLIC_PROCESS,GOBP_REGULATION_OF_LIPID_METABOLIC_PROCESS,,286,0.47841442,1.680185,0.0,0.014669619,1.0,5003,"tags=33%, list=18%, signal=39%",
REACTOME_DIGESTION_AND_ABSORPTION,REACTOME_DIGESTION_AND_ABSORPTION,,10,0.82290494,1.6801661,0.0018348624,0.014661214,1.0,705,"tags=20%, list=3%, signal=21%",
GOBP_PROTON_MOTIVE_FORCE_DRIVEN_ATP_SYNTHESIS,GOBP_PROTON_MOTIVE_FORCE_DRIVEN_ATP_SYNTHESIS,,76,0.5543123,1.6796618,0.0,0.014747934,1.0,7167,"tags=45%, list=26%, signal=60%",
REACTOME_SIGNALING_BY_FLT3_ITD_AND_TKD_MUTANTS,REACTOME_SIGNALING_BY_FLT3_ITD_AND_TKD_MUTANTS,,15,0.7588604,1.6794435,0.011299435,0.01476004,1.0,2464,"tags=47%, list=9%, signal=51%",
GOBP_FOAM_CELL_DIFFERENTIATION,GOBP_FOAM_CELL_DIFFERENTIATION,,32,0.6546406,1.678944,0.0034662045,0.014857602,1.0,4101,"tags=56%, list=15%, signal=66%",
REACTOME_INLB_MEDIATED_ENTRY_OF_LISTERIA_MONOCYTOGENES_INTO_HOST_CELL,REACTOME_INLB_MEDIATED_ENTRY_OF_LISTERIA_MONOCYTOGENES_INTO_HOST_CELL,,13,0.77200884,1.6788332,0.0035587188,0.014863196,1.0,5221,"tags=77%, list=19%, signal=95%",
REACTOME_ENERGY_DEPENDENT_REGULATION_OF_MTOR_BY_LKB1_AMPK,REACTOME_ENERGY_DEPENDENT_REGULATION_OF_MTOR_BY_LKB1_AMPK,,28,0.6702634,1.6777971,0.0051993066,0.015080359,1.0,5363,"tags=57%, list=19%, signal=71%",
GOBP_HYDROGEN_PEROXIDE_METABOLIC_PROCESS,GOBP_HYDROGEN_PEROXIDE_METABOLIC_PROCESS,,45,0.60292834,1.677668,0.0016666667,0.015088847,1.0,4532,"tags=44%, list=16%, signal=53%",
GOBP_NEGATIVE_REGULATION_OF_HOMOTYPIC_CELL_CELL_ADHESION,GOBP_NEGATIVE_REGULATION_OF_HOMOTYPIC_CELL_CELL_ADHESION,,12,0.7937932,1.6765687,0.005628518,0.015313267,1.0,2318,"tags=33%, list=8%, signal=36%",
GOBP_POSITIVE_REGULATION_OF_PHOSPHORYLATION,GOBP_POSITIVE_REGULATION_OF_PHOSPHORYLATION,,235,0.4868894,1.6761234,0.0,0.015382752,1.0,4577,"tags=36%, list=16%, signal=42%",
GOBP_POSITIVE_REGULATION_OF_LEUKOCYTE_MEDIATED_IMMUNITY,GOBP_POSITIVE_REGULATION_OF_LEUKOCYTE_MEDIATED_IMMUNITY,,149,0.5085035,1.675922,0.0,0.015401857,1.0,2257,"tags=29%, list=8%, signal=31%",
GOBP_REGULATION_OF_AMIDE_METABOLIC_PROCESS,GOBP_REGULATION_OF_AMIDE_METABOLIC_PROCESS,,70,0.5630836,1.6757315,0.0,0.015441298,1.0,4360,"tags=34%, list=16%, signal=41%",
GOBP_STEROL_TRANSPORT,GOBP_STEROL_TRANSPORT,,106,0.5257754,1.6754545,0.0,0.015499437,1.0,4360,"tags=42%, list=16%, signal=49%",
REACTOME_SIGNALING_BY_NTRKS,REACTOME_SIGNALING_BY_NTRKS,,122,0.5228691,1.674798,0.0,0.015652895,1.0,4336,"tags=35%, list=16%, signal=42%",
GOBP_NEGATIVE_REGULATION_OF_PLATELET_AGGREGATION,GOBP_NEGATIVE_REGULATION_OF_PLATELET_AGGREGATION,,10,0.8220091,1.6746185,0.0036697248,0.015663857,1.0,2318,"tags=40%, list=8%, signal=44%",
GOBP_VESICLE_MEDIATED_TRANSPORT_BETWEEN_ENDOSOMAL_COMPARTMENTS,GOBP_VESICLE_MEDIATED_TRANSPORT_BETWEEN_ENDOSOMAL_COMPARTMENTS,,47,0.5988539,1.6737783,0.0,0.015843475,1.0,4442,"tags=51%, list=16%, signal=61%",
GOBP_RIBONUCLEOTIDE_CATABOLIC_PROCESS,GOBP_RIBONUCLEOTIDE_CATABOLIC_PROCESS,,130,0.5177684,1.6736084,0.0,0.015869668,1.0,5192,"tags=42%, list=19%, signal=51%",
REACTOME_SARS_COV_2_ACTIVATES_MODULATES_INNATE_AND_ADAPTIVE_IMMUNE_RESPONSES,REACTOME_SARS_COV_2_ACTIVATES_MODULATES_INNATE_AND_ADAPTIVE_IMMUNE_RESPONSES,,108,0.52670825,1.6734698,0.0,0.015890995,1.0,4397,"tags=37%, list=16%, signal=44%",
REACTOME_TP53_REGULATES_METABOLIC_GENES,REACTOME_TP53_REGULATES_METABOLIC_GENES,,79,0.5531989,1.6733803,0.0,0.01589371,1.0,5363,"tags=43%, list=19%, signal=53%",
GOBP_HOMEOSTASIS_OF_NUMBER_OF_CELLS,GOBP_HOMEOSTASIS_OF_NUMBER_OF_CELLS,,361,0.46769217,1.6733215,0.0,0.015891777,1.0,4426,"tags=36%, list=16%, signal=42%",
GOBP_SPHINGOLIPID_METABOLIC_PROCESS,GOBP_SPHINGOLIPID_METABOLIC_PROCESS,,156,0.50601435,1.6717397,0.0,0.016225003,1.0,4152,"tags=33%, list=15%, signal=39%",
GOBP_SIGNAL_TRANSDUCTION_IN_ABSENCE_OF_LIGAND,GOBP_SIGNAL_TRANSDUCTION_IN_ABSENCE_OF_LIGAND,,60,0.57716966,1.6716291,0.0,0.016238218,1.0,5436,"tags=47%, list=20%, signal=58%",
GOBP_REGULATION_OF_TYPE_I_INTERFERON_MEDIATED_SIGNALING_PATHWAY,GOBP_REGULATION_OF_TYPE_I_INTERFERON_MEDIATED_SIGNALING_PATHWAY,,40,0.62125826,1.6711502,0.005059022,0.016336806,1.0,4766,"tags=55%, list=17%, signal=66%",
GOBP_NEUTROPHIL_MEDIATED_KILLING_OF_BACTERIUM,GOBP_NEUTROPHIL_MEDIATED_KILLING_OF_BACTERIUM,,13,0.7807754,1.6709542,0.0070921984,0.016368326,1.0,3901,"tags=69%, list=14%, signal=81%",
GOBP_REGULATION_OF_IRE1_MEDIATED_UNFOLDED_PROTEIN_RESPONSE,GOBP_REGULATION_OF_IRE1_MEDIATED_UNFOLDED_PROTEIN_RESPONSE,,15,0.75410557,1.670933,0.0053475937,0.016356532,1.0,4364,"tags=67%, list=16%, signal=79%",
GOBP_INTRACELLULAR_RECEPTOR_SIGNALING_PATHWAY,GOBP_INTRACELLULAR_RECEPTOR_SIGNALING_PATHWAY,,387,0.46589464,1.6706417,0.0,0.01639722,1.0,4230,"tags=32%, list=15%, signal=37%",
GOBP_NEGATIVE_REGULATION_OF_CYTOKINE_PRODUCTION_INVOLVED_IN_INFLAMMATORY_RESPONSE,GOBP_NEGATIVE_REGULATION_OF_CYTOKINE_PRODUCTION_INVOLVED_IN_INFLAMMATORY_RESPONSE,,33,0.6337324,1.6705735,0.0,0.016390083,1.0,3776,"tags=45%, list=14%, signal=53%",
GOBP_T_CELL_DIFFERENTIATION_INVOLVED_IN_IMMUNE_RESPONSE,GOBP_T_CELL_DIFFERENTIATION_INVOLVED_IN_IMMUNE_RESPONSE,,108,0.53242105,1.6705542,0.0,0.016376823,1.0,3421,"tags=44%, list=12%, signal=49%",
REACTOME_SARS_COV_1_INFECTION,REACTOME_SARS_COV_1_INFECTION,,142,0.5054322,1.6705022,0.0,0.016368197,1.0,4148,"tags=32%, list=15%, signal=38%",
GOBP_PYRIMIDINE_DEOXYRIBONUCLEOSIDE_MONOPHOSPHATE_METABOLIC_PROCESS,GOBP_PYRIMIDINE_DEOXYRIBONUCLEOSIDE_MONOPHOSPHATE_METABOLIC_PROCESS,,13,0.78244793,1.670186,0.0036363637,0.016424373,1.0,1025,"tags=38%, list=4%, signal=40%",
REACTOME_ACTIVATION_OF_APC_C_AND_APC_C_CDC20_MEDIATED_DEGRADATION_OF_MITOTIC_PROTEINS,REACTOME_ACTIVATION_OF_APC_C_AND_APC_C_CDC20_MEDIATED_DEGRADATION_OF_MITOTIC_PROTEINS,,64,0.5701798,1.6699919,0.0,0.016449483,1.0,6248,"tags=50%, list=23%, signal=64%",
GOBP_REGULATION_OF_FATTY_ACID_BIOSYNTHETIC_PROCESS,GOBP_REGULATION_OF_FATTY_ACID_BIOSYNTHETIC_PROCESS,,43,0.60797566,1.6696751,0.003220612,0.016503656,1.0,4144,"tags=37%, list=15%, signal=44%",
REACTOME_DENGUE_VIRUS_HOST_INTERACTIONS,REACTOME_DENGUE_VIRUS_HOST_INTERACTIONS,,268,0.47812766,1.669664,0.0,0.016484216,1.0,5490,"tags=34%, list=20%, signal=42%",
GOBP_BICELLULAR_TIGHT_JUNCTION_ASSEMBLY,GOBP_BICELLULAR_TIGHT_JUNCTION_ASSEMBLY,,48,0.59662277,1.6695688,0.0064935065,0.016492335,1.0,5594,"tags=40%, list=20%, signal=49%",
GOBP_RESPONSE_TO_INCREASED_OXYGEN_LEVELS,GOBP_RESPONSE_TO_INCREASED_OXYGEN_LEVELS,,27,0.6582202,1.6690294,0.0051635113,0.016581146,1.0,1816,"tags=33%, list=7%, signal=36%",
GOBP_REGULATION_OF_ERBB_SIGNALING_PATHWAY,GOBP_REGULATION_OF_ERBB_SIGNALING_PATHWAY,,70,0.55467576,1.6686119,0.0,0.016654689,1.0,3279,"tags=39%, list=12%, signal=44%",
GOBP_POSITIVE_REGULATION_OF_PROGRAMMED_CELL_DEATH,GOBP_POSITIVE_REGULATION_OF_PROGRAMMED_CELL_DEATH,,500,0.4556557,1.6681161,0.0,0.016773565,1.0,4510,"tags=37%, list=16%, signal=43%",
GOBP_DEOXYRIBONUCLEOSIDE_MONOPHOSPHATE_CATABOLIC_PROCESS,GOBP_DEOXYRIBONUCLEOSIDE_MONOPHOSPHATE_CATABOLIC_PROCESS,,16,0.7514116,1.6675869,0.0017636684,0.016912235,1.0,3381,"tags=50%, list=12%, signal=57%",
GOBP_REGULATION_OF_WOUND_HEALING,GOBP_REGULATION_OF_WOUND_HEALING,,110,0.52849275,1.6667176,0.0015673981,0.017114324,1.0,3708,"tags=33%, list=13%, signal=38%",
GOBP_PRODUCTION_OF_MOLECULAR_MEDIATOR_OF_IMMUNE_RESPONSE,GOBP_PRODUCTION_OF_MOLECULAR_MEDIATOR_OF_IMMUNE_RESPONSE,,197,0.49325615,1.6665764,0.0,0.01712766,1.0,3140,"tags=31%, list=11%, signal=35%",
GOBP_POSITIVE_REGULATION_OF_INTRACELLULAR_PROTEIN_TRANSPORT,GOBP_POSITIVE_REGULATION_OF_INTRACELLULAR_PROTEIN_TRANSPORT,,92,0.5382046,1.6665704,0.0,0.017107673,1.0,3021,"tags=28%, list=11%, signal=32%",
REACTOME_RHOJ_GTPASE_CYCLE,REACTOME_RHOJ_GTPASE_CYCLE,,53,0.59289384,1.6664425,0.0,0.017113455,1.0,4334,"tags=38%, list=16%, signal=45%",
REACTOME_GENE_AND_PROTEIN_EXPRESSION_BY_JAK_STAT_SIGNALING_AFTER_INTERLEUKIN_12_STIMULATION,REACTOME_GENE_AND_PROTEIN_EXPRESSION_BY_JAK_STAT_SIGNALING_AFTER_INTERLEUKIN_12_STIMULATION,,35,0.62081075,1.6661302,0.009057971,0.017176768,1.0,3658,"tags=43%, list=13%, signal=49%",
REACTOME_ERYTHROPOIETIN_ACTIVATES_PHOSPHOINOSITIDE_3_KINASE_PI3K,REACTOME_ERYTHROPOIETIN_ACTIVATES_PHOSPHOINOSITIDE_3_KINASE_PI3K,,12,0.78554183,1.665805,0.005376344,0.017227883,1.0,4192,"tags=67%, list=15%, signal=78%",
GOBP_CELLULAR_RESPONSE_TO_TOXIC_SUBSTANCE,GOBP_CELLULAR_RESPONSE_TO_TOXIC_SUBSTANCE,,120,0.52316654,1.6656175,0.0,0.017235242,1.0,5831,"tags=48%, list=21%, signal=60%",
REACTOME_COMMON_PATHWAY_OF_FIBRIN_CLOT_FORMATION,REACTOME_COMMON_PATHWAY_OF_FIBRIN_CLOT_FORMATION,,17,0.73424387,1.6655257,0.0055555557,0.017237945,1.0,4928,"tags=53%, list=18%, signal=64%",
GOBP_POSITIVE_REGULATION_OF_T_CELL_MIGRATION,GOBP_POSITIVE_REGULATION_OF_T_CELL_MIGRATION,,31,0.65140843,1.665513,0.0018214936,0.01722099,1.0,3114,"tags=45%, list=11%, signal=51%",
GOBP_NEGATIVE_REGULATION_OF_NATURAL_KILLER_CELL_ACTIVATION,GOBP_NEGATIVE_REGULATION_OF_NATURAL_KILLER_CELL_ACTIVATION,,10,0.8300715,1.6649276,0.0017825312,0.017362077,1.0,3178,"tags=50%, list=11%, signal=56%",
GOBP_REGULATION_OF_CD4_POSITIVE_ALPHA_BETA_T_CELL_ACTIVATION,GOBP_REGULATION_OF_CD4_POSITIVE_ALPHA_BETA_T_CELL_ACTIVATION,,73,0.554462,1.6643144,0.0,0.017486162,1.0,3421,"tags=40%, list=12%, signal=45%",
GOBP_NUCLEOTIDE_BINDING_DOMAIN_LEUCINE_RICH_REPEAT_CONTAINING_RECEPTOR_SIGNALING_PATHWAY,GOBP_NUCLEOTIDE_BINDING_DOMAIN_LEUCINE_RICH_REPEAT_CONTAINING_RECEPTOR_SIGNALING_PATHWAY,,29,0.6470142,1.6642984,0.0102739725,0.017468976,1.0,6046,"tags=55%, list=22%, signal=70%",
REACTOME_NOTCH2_ACTIVATION_AND_TRANSMISSION_OF_SIGNAL_TO_THE_NUCLEUS,REACTOME_NOTCH2_ACTIVATION_AND_TRANSMISSION_OF_SIGNAL_TO_THE_NUCLEUS,,25,0.66637707,1.6642565,0.010544815,0.017463813,1.0,4300,"tags=44%, list=15%, signal=52%",
REACTOME_ACTIVATED_TAK1_MEDIATES_P38_MAPK_ACTIVATION,REACTOME_ACTIVATED_TAK1_MEDIATES_P38_MAPK_ACTIVATION,,23,0.69120556,1.6638359,0.0017730496,0.017555924,1.0,3531,"tags=43%, list=13%, signal=50%",
GOBP_MITOTIC_CYTOKINETIC_PROCESS,GOBP_MITOTIC_CYTOKINETIC_PROCESS,,39,0.6245384,1.6631492,0.0016891892,0.017715216,1.0,4689,"tags=62%, list=17%, signal=74%",
GOBP_MONONUCLEAR_CELL_MIGRATION,GOBP_MONONUCLEAR_CELL_MIGRATION,,209,0.48650515,1.6629695,0.0,0.017757602,1.0,3490,"tags=37%, list=13%, signal=42%",
REACTOME_PLATELET_SENSITIZATION_BY_LDL,REACTOME_PLATELET_SENSITIZATION_BY_LDL,,17,0.7391671,1.6626927,0.0035211267,0.017816357,1.0,3479,"tags=47%, list=13%, signal=54%",
GOBP_ACTIVATION_OF_PROTEIN_KINASE_ACTIVITY,GOBP_ACTIVATION_OF_PROTEIN_KINASE_ACTIVITY,,44,0.6044596,1.6626711,0.0033670033,0.017800415,1.0,4577,"tags=39%, list=16%, signal=46%",
REACTOME_GLUTATHIONE_CONJUGATION,REACTOME_GLUTATHIONE_CONJUGATION,,30,0.652045,1.662144,0.005263158,0.017909836,1.0,4657,"tags=47%, list=17%, signal=56%",
REACTOME_DEPOSITION_OF_NEW_CENPA_CONTAINING_NUCLEOSOMES_AT_THE_CENTROMERE,REACTOME_DEPOSITION_OF_NEW_CENPA_CONTAINING_NUCLEOSOMES_AT_THE_CENTROMERE,,62,0.5650788,1.6618556,0.0016129032,0.017950328,1.0,1741,"tags=21%, list=6%, signal=22%",
REACTOME_NICOTINATE_METABOLISM,REACTOME_NICOTINATE_METABOLISM,,27,0.65360385,1.6616656,0.01048951,0.017992364,1.0,2657,"tags=44%, list=10%, signal=49%",
GOBP_REGULATION_OF_CELLULAR_RESPONSE_TO_INSULIN_STIMULUS,GOBP_REGULATION_OF_CELLULAR_RESPONSE_TO_INSULIN_STIMULUS,,68,0.55633694,1.6604024,0.0,0.01833815,1.0,2996,"tags=34%, list=11%, signal=38%",
GOBP_NEGATIVE_REGULATION_OF_LEUKOCYTE_MEDIATED_IMMUNITY,GOBP_NEGATIVE_REGULATION_OF_LEUKOCYTE_MEDIATED_IMMUNITY,,74,0.5643924,1.6603358,0.0,0.018335044,1.0,3417,"tags=45%, list=12%, signal=51%",
GOBP_CELLULAR_RESPONSE_TO_FLUID_SHEAR_STRESS,GOBP_CELLULAR_RESPONSE_TO_FLUID_SHEAR_STRESS,,41,0.61943793,1.6588516,0.0065146578,0.018695809,1.0,5003,"tags=37%, list=18%, signal=45%",
GOBP_HISTAMINE_TRANSPORT,GOBP_HISTAMINE_TRANSPORT,,14,0.7585882,1.6584884,0.0073394496,0.018786978,1.0,5515,"tags=64%, list=20%, signal=80%",
REACTOME_SPHINGOLIPID_DE_NOVO_BIOSYNTHESIS,REACTOME_SPHINGOLIPID_DE_NOVO_BIOSYNTHESIS,,36,0.62434417,1.6583452,0.003508772,0.018795123,1.0,3787,"tags=39%, list=14%, signal=45%",
GOBP_PROTEIN_TRANSPORT_TO_VACUOLE_INVOLVED_IN_UBIQUITIN_DEPENDENT_PROTEIN_CATABOLIC_PROCESS_VIA_THE_MULTIVESICULAR_BODY_SORTING_PATHWAY,GOBP_PROTEIN_TRANSPORT_TO_VACUOLE_INVOLVED_IN_UBIQUITIN_DEPENDENT_PROTEIN_CATABOLIC_PROCESS_VIA_THE_MULTIVESICULAR_BODY_SORTING_PATHWAY,,16,0.7437094,1.6582956,0.0018181818,0.018797453,1.0,4573,"tags=63%, list=16%, signal=75%",
REACTOME_GRB2_SOS_PROVIDES_LINKAGE_TO_MAPK_SIGNALING_FOR_INTEGRINS,REACTOME_GRB2_SOS_PROVIDES_LINKAGE_TO_MAPK_SIGNALING_FOR_INTEGRINS,,12,0.78990746,1.6577207,0.007380074,0.0189307,1.0,4558,"tags=67%, list=16%, signal=80%",
REACTOME_TAK1_DEPENDENT_IKK_AND_NF_KAPPA_B_ACTIVATION,REACTOME_TAK1_DEPENDENT_IKK_AND_NF_KAPPA_B_ACTIVATION,,43,0.60334975,1.6576103,0.0,0.018938705,1.0,5221,"tags=53%, list=19%, signal=66%",
GOBP_POSITIVE_REGULATION_OF_RECEPTOR_INTERNALIZATION,GOBP_POSITIVE_REGULATION_OF_RECEPTOR_INTERNALIZATION,,24,0.6675747,1.6574944,0.003508772,0.01894064,1.0,4063,"tags=38%, list=15%, signal=44%",
GOBP_CELL_MATRIX_ADHESION,GOBP_CELL_MATRIX_ADHESION,,215,0.47965214,1.6573461,0.0,0.018949995,1.0,4745,"tags=39%, list=17%, signal=46%",
GOBP_POSITIVE_REGULATION_OF_PROTEIN_EXPORT_FROM_NUCLEUS,GOBP_POSITIVE_REGULATION_OF_PROTEIN_EXPORT_FROM_NUCLEUS,,19,0.7136799,1.6573391,0.0034843206,0.018928606,1.0,4516,"tags=53%, list=16%, signal=63%",
REACTOME_SIGNALING_BY_ERBB4,REACTOME_SIGNALING_BY_ERBB4,,45,0.5963115,1.6573212,0.0016638935,0.01891165,1.0,4759,"tags=40%, list=17%, signal=48%",
REACTOME_DENGUE_VIRUS_GENOME_TRANSLATION_AND_REPLICATION,REACTOME_DENGUE_VIRUS_GENOME_TRANSLATION_AND_REPLICATION,,81,0.5447683,1.6572973,0.0,0.018896202,1.0,5708,"tags=42%, list=21%, signal=53%",
GOBP_MYELOID_CELL_DEVELOPMENT,GOBP_MYELOID_CELL_DEVELOPMENT,,94,0.5280302,1.6564453,0.0,0.019129077,1.0,5877,"tags=52%, list=21%, signal=66%",
GOBP_INTRINSIC_APOPTOTIC_SIGNALING_PATHWAY_IN_RESPONSE_TO_ENDOPLASMIC_RETICULUM_STRESS,GOBP_INTRINSIC_APOPTOTIC_SIGNALING_PATHWAY_IN_RESPONSE_TO_ENDOPLASMIC_RETICULUM_STRESS,,61,0.5730848,1.6560876,0.0015948963,0.019215383,1.0,5560,"tags=54%, list=20%, signal=68%",
GOBP_POSITIVE_REGULATION_OF_ACUTE_INFLAMMATORY_RESPONSE,GOBP_POSITIVE_REGULATION_OF_ACUTE_INFLAMMATORY_RESPONSE,,23,0.6856815,1.6560477,0.0017985612,0.019205483,1.0,3614,"tags=43%, list=13%, signal=50%",
GOBP_REGULATION_OF_TRIGLYCERIDE_CATABOLIC_PROCESS,GOBP_REGULATION_OF_TRIGLYCERIDE_CATABOLIC_PROCESS,,11,0.7944691,1.6557811,0.005357143,0.019274293,1.0,2478,"tags=45%, list=9%, signal=50%",
GOBP_POSITIVE_REGULATION_OF_INTRINSIC_APOPTOTIC_SIGNALING_PATHWAY,GOBP_POSITIVE_REGULATION_OF_INTRINSIC_APOPTOTIC_SIGNALING_PATHWAY,,62,0.5597474,1.6555566,0.001618123,0.01932104,1.0,4364,"tags=42%, list=16%, signal=50%",
GOBP_PROTEOGLYCAN_CATABOLIC_PROCESS,GOBP_PROTEOGLYCAN_CATABOLIC_PROCESS,,19,0.7129293,1.6554561,0.0017825312,0.019322693,1.0,3614,"tags=47%, list=13%, signal=54%",
REACTOME_FCERI_MEDIATED_NF_KB_ACTIVATION,REACTOME_FCERI_MEDIATED_NF_KB_ACTIVATION,,123,0.5113225,1.6553534,0.0,0.019337445,1.0,5323,"tags=30%, list=19%, signal=37%",
REACTOME_ERK_MAPK_TARGETS,REACTOME_ERK_MAPK_TARGETS,,22,0.6922964,1.6545541,0.008726004,0.019556656,1.0,2634,"tags=36%, list=9%, signal=40%",
GOBP_FIBRINOLYSIS,GOBP_FIBRINOLYSIS,,20,0.69778466,1.6545035,0.009107468,0.019547913,1.0,4327,"tags=50%, list=16%, signal=59%",
GOBP_VESICLE_TARGETING_TO_FROM_OR_WITHIN_GOLGI,GOBP_VESICLE_TARGETING_TO_FROM_OR_WITHIN_GOLGI,,32,0.62986785,1.6543103,0.00528169,0.01957949,1.0,4929,"tags=50%, list=18%, signal=61%",
GOBP_LONG_CHAIN_FATTY_ACYL_COA_METABOLIC_PROCESS,GOBP_LONG_CHAIN_FATTY_ACYL_COA_METABOLIC_PROCESS,,25,0.654665,1.6536665,0.0068259384,0.019741423,1.0,3301,"tags=40%, list=12%, signal=45%",
GOBP_GLYCOSPHINGOLIPID_METABOLIC_PROCESS,GOBP_GLYCOSPHINGOLIPID_METABOLIC_PROCESS,,65,0.56269747,1.6536623,0.0016583748,0.019720927,1.0,4152,"tags=40%, list=15%, signal=47%",
GOBP_NEGATIVE_REGULATION_OF_PROTEOLYSIS,GOBP_NEGATIVE_REGULATION_OF_PROTEOLYSIS,,125,0.51424754,1.6532351,0.0015037594,0.019815711,1.0,4258,"tags=33%, list=15%, signal=39%",
GOBP_NEGATIVE_REGULATION_OF_HYDROLASE_ACTIVITY,GOBP_NEGATIVE_REGULATION_OF_HYDROLASE_ACTIVITY,,29,0.6434572,1.6531945,0.005263158,0.019799521,1.0,961,"tags=31%, list=3%, signal=32%",
GOBP_POSITIVE_REGULATION_OF_PROTEIN_TRANSPORT,GOBP_POSITIVE_REGULATION_OF_PROTEIN_TRANSPORT,,224,0.48536605,1.6529549,0.0,0.01984669,1.0,4516,"tags=33%, list=16%, signal=39%",
GOBP_POSITIVE_REGULATION_OF_NITRIC_OXIDE_BIOSYNTHETIC_PROCESS,GOBP_POSITIVE_REGULATION_OF_NITRIC_OXIDE_BIOSYNTHETIC_PROCESS,,35,0.6170111,1.6528246,0.0,0.019863589,1.0,5129,"tags=54%, list=18%, signal=67%",
GOBP_ENDOPLASMIC_RETICULUM_TUBULAR_NETWORK_ORGANIZATION,GOBP_ENDOPLASMIC_RETICULUM_TUBULAR_NETWORK_ORGANIZATION,,23,0.675693,1.6527058,0.012302285,0.019887645,1.0,1517,"tags=26%, list=5%, signal=28%",
GOBP_VESICLE_CARGO_LOADING,GOBP_VESICLE_CARGO_LOADING,,34,0.6268268,1.6523191,0.0067681894,0.019954583,1.0,6182,"tags=59%, list=22%, signal=76%",
GOBP_ALCOHOL_METABOLIC_PROCESS,GOBP_ALCOHOL_METABOLIC_PROCESS,,303,0.47113976,1.652316,0.0,0.019934006,1.0,4402,"tags=29%, list=16%, signal=35%",
GOBP_TYROSINE_PHOSPHORYLATION_OF_STAT_PROTEIN,GOBP_TYROSINE_PHOSPHORYLATION_OF_STAT_PROTEIN,,36,0.62689465,1.6521398,0.00681431,0.019976433,1.0,3014,"tags=39%, list=11%, signal=44%",
GOBP_VESICLE_MEDIATED_TRANSPORT_TO_THE_PLASMA_MEMBRANE,GOBP_VESICLE_MEDIATED_TRANSPORT_TO_THE_PLASMA_MEMBRANE,,166,0.49582836,1.6518664,0.0,0.020015968,1.0,5570,"tags=42%, list=20%, signal=52%",
GOBP_ASTROCYTE_DEVELOPMENT,GOBP_ASTROCYTE_DEVELOPMENT,,37,0.63125926,1.6516896,0.003267974,0.02005674,1.0,2334,"tags=38%, list=8%, signal=41%",
REACTOME_HEDGEHOG_OFF_STATE,REACTOME_HEDGEHOG_OFF_STATE,,96,0.53124905,1.6513064,0.0,0.020134555,1.0,5323,"tags=42%, list=19%, signal=51%",
REACTOME_NFE2L2_REGULATING_ANTI_OXIDANT_DETOXIFICATION_ENZYMES,REACTOME_NFE2L2_REGULATING_ANTI_OXIDANT_DETOXIFICATION_ENZYMES,,18,0.7114813,1.6511905,0.0052083335,0.020146726,1.0,4934,"tags=56%, list=18%, signal=68%",
GOBP_LIVER_MORPHOGENESIS,GOBP_LIVER_MORPHOGENESIS,,21,0.6883695,1.6511844,0.0036563072,0.020124659,1.0,5112,"tags=62%, list=18%, signal=76%",
GOBP_NEGATIVE_REGULATION_OF_AUTOPHAGY_OF_MITOCHONDRION,GOBP_NEGATIVE_REGULATION_OF_AUTOPHAGY_OF_MITOCHONDRION,,11,0.80855685,1.6510754,0.0018450185,0.020145401,1.0,3468,"tags=45%, list=13%, signal=52%",
GOBP_POSITIVE_REGULATION_OF_SYNCYTIUM_FORMATION_BY_PLASMA_MEMBRANE_FUSION,GOBP_POSITIVE_REGULATION_OF_SYNCYTIUM_FORMATION_BY_PLASMA_MEMBRANE_FUSION,,20,0.6918028,1.6509467,0.006849315,0.020154513,1.0,4072,"tags=55%, list=15%, signal=64%",
REACTOME_INITIATION_OF_NUCLEAR_ENVELOPE_NE_REFORMATION,REACTOME_INITIATION_OF_NUCLEAR_ENVELOPE_NE_REFORMATION,,19,0.7120297,1.6507465,0.0018248175,0.020187892,1.0,4144,"tags=47%, list=15%, signal=56%",
GOBP_OLIGOSACCHARIDE_METABOLIC_PROCESS,GOBP_OLIGOSACCHARIDE_METABOLIC_PROCESS,,46,0.5899638,1.6500956,0.004918033,0.020352753,1.0,2726,"tags=41%, list=10%, signal=46%",
GOBP_LATE_ENDOSOME_TO_LYSOSOME_TRANSPORT,GOBP_LATE_ENDOSOME_TO_LYSOSOME_TRANSPORT,,22,0.6815931,1.6486812,0.006968641,0.020718794,1.0,4476,"tags=82%, list=16%, signal=97%",
GOBP_OXIDATIVE_PHOSPHORYLATION,GOBP_OXIDATIVE_PHOSPHORYLATION,,143,0.503833,1.6486789,0.0,0.020696249,1.0,6464,"tags=43%, list=23%, signal=55%",
GOBP_REGULATION_OF_AMINO_ACID_TRANSMEMBRANE_TRANSPORT,GOBP_REGULATION_OF_AMINO_ACID_TRANSMEMBRANE_TRANSPORT,,13,0.7402935,1.6478474,0.014084507,0.02092923,1.0,4500,"tags=38%, list=16%, signal=46%",
GOBP_REGULATION_OF_LEUKOCYTE_DIFFERENTIATION,GOBP_REGULATION_OF_LEUKOCYTE_DIFFERENTIATION,,321,0.46649125,1.6474569,0.0,0.021011041,1.0,3737,"tags=37%, list=13%, signal=43%",
GOBP_POSITIVE_REGULATION_OF_ADAPTIVE_IMMUNE_RESPONSE,GOBP_POSITIVE_REGULATION_OF_ADAPTIVE_IMMUNE_RESPONSE,,125,0.50991356,1.6473,0.001510574,0.021038909,1.0,3421,"tags=34%, list=12%, signal=38%",
GOBP_POLYSACCHARIDE_METABOLIC_PROCESS,GOBP_POLYSACCHARIDE_METABOLIC_PROCESS,,96,0.52733564,1.6472964,0.0,0.021017501,1.0,5049,"tags=42%, list=18%, signal=51%",
GOBP_PROTON_TRANSMEMBRANE_TRANSPORT,GOBP_PROTON_TRANSMEMBRANE_TRANSPORT,,170,0.49364555,1.6470637,0.0,0.021063767,1.0,6597,"tags=44%, list=24%, signal=58%",
GOBP_REGULATION_OF_SMOOTH_MUSCLE_CONTRACTION,GOBP_REGULATION_OF_SMOOTH_MUSCLE_CONTRACTION,,45,0.58812743,1.6469241,0.0065897857,0.02108186,1.0,6021,"tags=40%, list=22%, signal=51%",
REACTOME_DEATH_RECEPTOR_SIGNALING,REACTOME_DEATH_RECEPTOR_SIGNALING,,151,0.49611938,1.6468655,0.0,0.02107865,1.0,4480,"tags=39%, list=16%, signal=46%",
GOBP_POSITIVE_REGULATION_OF_DEFENSE_RESPONSE_TO_VIRUS_BY_HOST,GOBP_POSITIVE_REGULATION_OF_DEFENSE_RESPONSE_TO_VIRUS_BY_HOST,,32,0.6250699,1.6465517,0.008333334,0.021169383,1.0,1451,"tags=31%, list=5%, signal=33%",
GOBP_NUCLEOSIDE_TRIPHOSPHATE_METABOLIC_PROCESS,GOBP_NUCLEOSIDE_TRIPHOSPHATE_METABOLIC_PROCESS,,273,0.46982443,1.6460528,0.0,0.021310212,1.0,5771,"tags=38%, list=21%, signal=48%",
GOBP_REGULATION_OF_RELEASE_OF_CYTOCHROME_C_FROM_MITOCHONDRIA,GOBP_REGULATION_OF_RELEASE_OF_CYTOCHROME_C_FROM_MITOCHONDRIA,,43,0.6019344,1.6457487,0.0017361111,0.021367045,1.0,2295,"tags=42%, list=8%, signal=46%",
GOBP_CD8_POSITIVE_ALPHA_BETA_T_CELL_DIFFERENTIATION,GOBP_CD8_POSITIVE_ALPHA_BETA_T_CELL_DIFFERENTIATION,,28,0.65375787,1.6456904,0.010256411,0.021363625,1.0,3285,"tags=54%, list=12%, signal=61%",
REACTOME_SPRY_REGULATION_OF_FGF_SIGNALING,REACTOME_SPRY_REGULATION_OF_FGF_SIGNALING,,16,0.7336705,1.6455151,0.009140768,0.021392312,1.0,5493,"tags=69%, list=20%, signal=86%",
GOBP_RESPONSE_TO_MUSCLE_STRETCH,GOBP_RESPONSE_TO_MUSCLE_STRETCH,,23,0.6749685,1.6454186,0.0053667263,0.021405598,1.0,4459,"tags=43%, list=16%, signal=52%",
GOBP_LIPID_LOCALIZATION,GOBP_LIPID_LOCALIZATION,,375,0.459724,1.6453645,0.0,0.021398008,1.0,5023,"tags=38%, list=18%, signal=46%",
GOBP_FIBROBLAST_MIGRATION,GOBP_FIBROBLAST_MIGRATION,,50,0.58077216,1.6453292,0.001610306,0.021388961,1.0,6101,"tags=54%, list=22%, signal=69%",
REACTOME_TRANS_GOLGI_NETWORK_VESICLE_BUDDING,REACTOME_TRANS_GOLGI_NETWORK_VESICLE_BUDDING,,70,0.55004793,1.6452346,0.0016260162,0.02139121,1.0,3741,"tags=41%, list=13%, signal=48%",
GOBP_REGULATION_OF_NATURAL_KILLER_CELL_ACTIVATION,GOBP_REGULATION_OF_NATURAL_KILLER_CELL_ACTIVATION,,46,0.593415,1.6449736,0.0032948928,0.021458527,1.0,2058,"tags=28%, list=7%, signal=30%",
GOBP_CELLULAR_RESPONSE_TO_INTERFERON_BETA,GOBP_CELLULAR_RESPONSE_TO_INTERFERON_BETA,,25,0.6703702,1.6449262,0.014519056,0.021449527,1.0,4297,"tags=56%, list=15%, signal=66%",
GOBP_OSTEOCLAST_DIFFERENTIATION,GOBP_OSTEOCLAST_DIFFERENTIATION,,108,0.5170372,1.6448523,0.0,0.021440484,1.0,5040,"tags=46%, list=18%, signal=56%",
GOBP_REGULATION_OF_ANTIGEN_PROCESSING_AND_PRESENTATION,GOBP_REGULATION_OF_ANTIGEN_PROCESSING_AND_PRESENTATION,,22,0.68757343,1.6444552,0.008787346,0.021517232,1.0,1627,"tags=50%, list=6%, signal=53%",
REACTOME_COLLAGEN_FORMATION,REACTOME_COLLAGEN_FORMATION,,77,0.54647017,1.6439196,0.0016366612,0.021657493,1.0,6151,"tags=45%, list=22%, signal=58%",
REACTOME_FLT3_SIGNALING,REACTOME_FLT3_SIGNALING,,38,0.6099878,1.6437016,0.0051282053,0.0216966,1.0,3952,"tags=45%, list=14%, signal=52%",
GOBP_REGULATION_OF_AMYLOID_PRECURSOR_PROTEIN_CATABOLIC_PROCESS,GOBP_REGULATION_OF_AMYLOID_PRECURSOR_PROTEIN_CATABOLIC_PROCESS,,44,0.59457153,1.6436276,0.0016806723,0.021692865,1.0,4360,"tags=39%, list=16%, signal=46%",
GOBP_REGULATION_OF_PROTEIN_TRANSPORT,GOBP_REGULATION_OF_PROTEIN_TRANSPORT,,388,0.45608267,1.6434587,0.0,0.021737412,1.0,4287,"tags=30%, list=15%, signal=35%",
GOBP_T_HELPER_17_CELL_DIFFERENTIATION,GOBP_T_HELPER_17_CELL_DIFFERENTIATION,,52,0.57757133,1.6433449,0.0032840723,0.02174461,1.0,3285,"tags=46%, list=12%, signal=52%",
GOBP_POSITIVE_REGULATION_OF_RESPONSE_TO_WOUNDING,GOBP_POSITIVE_REGULATION_OF_RESPONSE_TO_WOUNDING,,60,0.5690318,1.6431495,0.0,0.021782147,1.0,4591,"tags=37%, list=17%, signal=44%",
GOBP_CELL_SUBSTRATE_JUNCTION_ORGANIZATION,GOBP_CELL_SUBSTRATE_JUNCTION_ORGANIZATION,,99,0.5274613,1.6431419,0.0,0.021760494,1.0,4745,"tags=42%, list=17%, signal=51%",
GOBP_PHOSPHATIDYLCHOLINE_BIOSYNTHETIC_PROCESS,GOBP_PHOSPHATIDYLCHOLINE_BIOSYNTHETIC_PROCESS,,25,0.65516067,1.6430702,0.008474576,0.021758074,1.0,5597,"tags=52%, list=20%, signal=65%",
GOBP_EPITHELIAL_CELL_APOPTOTIC_PROCESS,GOBP_EPITHELIAL_CELL_APOPTOTIC_PROCESS,,46,0.5931457,1.6429418,0.004702194,0.021787198,1.0,4943,"tags=48%, list=18%, signal=58%",
GOBP_ERBB_SIGNALING_PATHWAY,GOBP_ERBB_SIGNALING_PATHWAY,,127,0.5110808,1.6429315,0.0014992504,0.021768324,1.0,3279,"tags=31%, list=12%, signal=35%",
GOBP_REGULATION_OF_MONONUCLEAR_CELL_MIGRATION,GOBP_REGULATION_OF_MONONUCLEAR_CELL_MIGRATION,,128,0.50671315,1.6428939,0.0,0.021754934,1.0,3417,"tags=38%, list=12%, signal=43%",
GOBP_RESPONSE_TO_NUTRIENT,GOBP_RESPONSE_TO_NUTRIENT,,131,0.5072308,1.642796,0.0,0.021762164,1.0,3423,"tags=29%, list=12%, signal=33%",
GOBP_POSITIVE_REGULATION_OF_MONOCYTE_CHEMOTACTIC_PROTEIN_1_PRODUCTION,GOBP_POSITIVE_REGULATION_OF_MONOCYTE_CHEMOTACTIC_PROTEIN_1_PRODUCTION,,12,0.79531085,1.6427947,0.005725191,0.021740673,1.0,3114,"tags=58%, list=11%, signal=66%",
REACTOME_PROLONGED_ERK_ACTIVATION_EVENTS,REACTOME_PROLONGED_ERK_ACTIVATION_EVENTS,,13,0.7631265,1.6427346,0.0035906644,0.021732789,1.0,3860,"tags=54%, list=14%, signal=63%",
REACTOME_REGULATION_OF_LIPID_METABOLISM_BY_PPARALPHA,REACTOME_REGULATION_OF_LIPID_METABOLISM_BY_PPARALPHA,,108,0.5166474,1.64241,0.0,0.021793053,1.0,5037,"tags=32%, list=18%, signal=39%",
REACTOME_SARS_COV_2_MODULATES_AUTOPHAGY,REACTOME_SARS_COV_2_MODULATES_AUTOPHAGY,,11,0.80107176,1.6421441,0.0072202166,0.021863954,1.0,2686,"tags=45%, list=10%, signal=50%",
GOBP_STEROL_BIOSYNTHETIC_PROCESS,GOBP_STEROL_BIOSYNTHETIC_PROCESS,,63,0.567035,1.6420786,0.0015974441,0.021851929,1.0,4360,"tags=37%, list=16%, signal=43%",
GOBP_T_CELL_EXTRAVASATION,GOBP_T_CELL_EXTRAVASATION,,14,0.7483237,1.6418335,0.003502627,0.021894298,1.0,3490,"tags=57%, list=13%, signal=65%",
GOBP_POSITIVE_REGULATION_OF_NF_KAPPAB_TRANSCRIPTION_FACTOR_ACTIVITY,GOBP_POSITIVE_REGULATION_OF_NF_KAPPAB_TRANSCRIPTION_FACTOR_ACTIVITY,,74,0.54690474,1.6417667,0.0033003301,0.021890365,1.0,3614,"tags=41%, list=13%, signal=46%",
GOBP_AMYLOID_PRECURSOR_PROTEIN_METABOLIC_PROCESS,GOBP_AMYLOID_PRECURSOR_PROTEIN_METABOLIC_PROCESS,,76,0.54951185,1.6415185,0.0,0.021948913,1.0,4360,"tags=41%, list=16%, signal=48%",
GOBP_REGULATION_OF_PROTEIN_TARGETING,GOBP_REGULATION_OF_PROTEIN_TARGETING,,77,0.5463374,1.6412045,0.003164557,0.022020714,1.0,4482,"tags=40%, list=16%, signal=48%",
GOBP_NEGATIVE_REGULATION_OF_NUCLEOTIDE_METABOLIC_PROCESS,GOBP_NEGATIVE_REGULATION_OF_NUCLEOTIDE_METABOLIC_PROCESS,,27,0.6588578,1.6410751,0.010830325,0.02204246,1.0,4343,"tags=48%, list=16%, signal=57%",
GOBP_ENDOTHELIAL_CELL_MIGRATION,GOBP_ENDOTHELIAL_CELL_MIGRATION,,210,0.47872466,1.6410728,0.0,0.022019546,1.0,5003,"tags=37%, list=18%, signal=45%",
GOBP_RESPONSE_TO_MECHANICAL_STIMULUS,GOBP_RESPONSE_TO_MECHANICAL_STIMULUS,,193,0.48326138,1.6404928,0.0,0.02216808,1.0,4829,"tags=35%, list=17%, signal=42%",
GOBP_CELL_SUBSTRATE_ADHESION,GOBP_CELL_SUBSTRATE_ADHESION,,326,0.46457842,1.6403661,0.0,0.022180056,1.0,4670,"tags=36%, list=17%, signal=42%",
GOBP_AUTOPHAGOSOME_LYSOSOME_FUSION,GOBP_AUTOPHAGOSOME_LYSOSOME_FUSION,,21,0.6955026,1.6399584,0.0089126555,0.02227823,1.0,2895,"tags=43%, list=10%, signal=48%",
REACTOME_THE_NLRP3_INFLAMMASOME,REACTOME_THE_NLRP3_INFLAMMASOME,,16,0.7238743,1.6399233,0.0054054055,0.022271305,1.0,6418,"tags=81%, list=23%, signal=106%",
GOBP_REGULATION_OF_ENDOPLASMIC_RETICULUM_STRESS_INDUCED_INTRINSIC_APOPTOTIC_SIGNALING_PATHWAY,GOBP_REGULATION_OF_ENDOPLASMIC_RETICULUM_STRESS_INDUCED_INTRINSIC_APOPTOTIC_SIGNALING_PATHWAY,,33,0.62661463,1.6395749,0.011705685,0.022352954,1.0,5560,"tags=58%, list=20%, signal=72%",
REACTOME_G2_M_CHECKPOINTS,REACTOME_G2_M_CHECKPOINTS,,150,0.4969356,1.6393727,0.0,0.022394286,1.0,4396,"tags=33%, list=16%, signal=39%",
GOBP_GLYCOSYL_COMPOUND_CATABOLIC_PROCESS,GOBP_GLYCOSYL_COMPOUND_CATABOLIC_PROCESS,,20,0.69399774,1.6391492,0.007079646,0.02243826,1.0,3287,"tags=45%, list=12%, signal=51%",
GOBP_PROTEIN_CATABOLIC_PROCESS_IN_THE_VACUOLE,GOBP_PROTEIN_CATABOLIC_PROCESS_IN_THE_VACUOLE,,28,0.6396116,1.6390167,0.007142857,0.022451263,1.0,3767,"tags=50%, list=14%, signal=58%",
REACTOME_P130CAS_LINKAGE_TO_MAPK_SIGNALING_FOR_INTEGRINS,REACTOME_P130CAS_LINKAGE_TO_MAPK_SIGNALING_FOR_INTEGRINS,,12,0.7893732,1.6373324,0.0055762082,0.022958048,1.0,4558,"tags=67%, list=16%, signal=80%",
REACTOME_CELL_SURFACE_INTERACTIONS_AT_THE_VASCULAR_WALL,REACTOME_CELL_SURFACE_INTERACTIONS_AT_THE_VASCULAR_WALL,,183,0.48874956,1.6371415,0.0,0.022989161,1.0,4974,"tags=32%, list=18%, signal=38%",
REACTOME_ER_QUALITY_CONTROL_COMPARTMENT_ERQC,REACTOME_ER_QUALITY_CONTROL_COMPARTMENT_ERQC,,21,0.6878107,1.6367469,0.008787346,0.023088356,1.0,4303,"tags=43%, list=16%, signal=51%",
GOBP_POLYOL_BIOSYNTHETIC_PROCESS,GOBP_POLYOL_BIOSYNTHETIC_PROCESS,,56,0.5669872,1.6366757,0.004846527,0.023090018,1.0,4402,"tags=36%, list=16%, signal=42%",
GOBP_GENERATION_OF_PRECURSOR_METABOLITES_AND_ENERGY,GOBP_GENERATION_OF_PRECURSOR_METABOLITES_AND_ENERGY,,451,0.45140758,1.6362462,0.0,0.023206363,1.0,5070,"tags=33%, list=18%, signal=40%",
REACTOME_INITIAL_TRIGGERING_OF_COMPLEMENT,REACTOME_INITIAL_TRIGGERING_OF_COMPLEMENT,,74,0.5487673,1.636069,0.0,0.023238244,1.0,2026,"tags=9%, list=7%, signal=10%",
GOBP_MONOCYTE_CHEMOTAXIS,GOBP_MONOCYTE_CHEMOTAXIS,,42,0.6054749,1.6359274,0.0068259384,0.023250325,1.0,3411,"tags=38%, list=12%, signal=43%",
GOBP_NEGATIVE_REGULATION_OF_CELL_FATE_COMMITMENT,GOBP_NEGATIVE_REGULATION_OF_CELL_FATE_COMMITMENT,,11,0.79865694,1.6359105,0.007017544,0.023234572,1.0,1319,"tags=36%, list=5%, signal=38%",
GOBP_PROTEIN_LOCALIZATION_TO_CHROMOSOME_TELOMERIC_REGION,GOBP_PROTEIN_LOCALIZATION_TO_CHROMOSOME_TELOMERIC_REGION,,14,0.76029116,1.6349933,0.009041592,0.02351072,1.0,2435,"tags=36%, list=9%, signal=39%",
GOBP_REGULATION_OF_INSULIN_RECEPTOR_SIGNALING_PATHWAY,GOBP_REGULATION_OF_INSULIN_RECEPTOR_SIGNALING_PATHWAY,,64,0.5625938,1.6346902,0.0034013605,0.02358753,1.0,2996,"tags=34%, list=11%, signal=38%",
GOBP_NEGATIVE_REGULATION_OF_MOLECULAR_FUNCTION,GOBP_NEGATIVE_REGULATION_OF_MOLECULAR_FUNCTION,,259,0.46835154,1.6344646,0.0,0.02363104,1.0,4763,"tags=36%, list=17%, signal=43%",
REACTOME_OVARIAN_TUMOR_DOMAIN_PROTEASES,REACTOME_OVARIAN_TUMOR_DOMAIN_PROTEASES,,38,0.6033803,1.6343005,0.006802721,0.023659969,1.0,5283,"tags=55%, list=19%, signal=68%",
GOBP_POSITIVE_REGULATION_OF_PROTEIN_MODIFICATION_PROCESS,GOBP_POSITIVE_REGULATION_OF_PROTEIN_MODIFICATION_PROCESS,,345,0.45846882,1.6338329,0.0,0.023773426,1.0,4519,"tags=33%, list=16%, signal=39%",
REACTOME_REPRODUCTION,REACTOME_REPRODUCTION,,123,0.50834775,1.6338197,0.0,0.023755897,1.0,3834,"tags=28%, list=14%, signal=32%",
GOBP_VIRAL_RELEASE_FROM_HOST_CELL,GOBP_VIRAL_RELEASE_FROM_HOST_CELL,,29,0.6427073,1.6338018,0.0120689655,0.023733096,1.0,4510,"tags=62%, list=16%, signal=74%",
GOBP_CYTOKINETIC_PROCESS,GOBP_CYTOKINETIC_PROCESS,,53,0.575239,1.633064,0.003267974,0.023948463,1.0,5215,"tags=55%, list=19%, signal=67%",
GOBP_NEGATIVE_REGULATION_OF_MYELOID_LEUKOCYTE_DIFFERENTIATION,GOBP_NEGATIVE_REGULATION_OF_MYELOID_LEUKOCYTE_DIFFERENTIATION,,48,0.58061254,1.6324552,0.0080256825,0.024096852,1.0,3491,"tags=40%, list=13%, signal=45%",
GOBP_RANDOM_INACTIVATION_OF_X_CHROMOSOME,GOBP_RANDOM_INACTIVATION_OF_X_CHROMOSOME,,13,0.75982785,1.6322669,0.020220589,0.024131585,1.0,4923,"tags=54%, list=18%, signal=65%",
REACTOME_INTEGRIN_SIGNALING,REACTOME_INTEGRIN_SIGNALING,,24,0.66736037,1.6321782,0.003508772,0.024134716,1.0,4558,"tags=54%, list=16%, signal=65%",
GOBP_SARCOPLASMIC_RETICULUM_CALCIUM_ION_TRANSPORT,GOBP_SARCOPLASMIC_RETICULUM_CALCIUM_ION_TRANSPORT,,37,0.612196,1.6320465,0.0017574693,0.024151027,1.0,5180,"tags=49%, list=19%, signal=60%",
GOBP_PHOSPHATIDYLCHOLINE_METABOLIC_PROCESS,GOBP_PHOSPHATIDYLCHOLINE_METABOLIC_PROCESS,,62,0.55334216,1.6312785,0.0,0.02435892,1.0,4338,"tags=44%, list=16%, signal=52%",
GOBP_CELLULAR_RESPONSE_TO_NUTRIENT,GOBP_CELLULAR_RESPONSE_TO_NUTRIENT,,44,0.5970604,1.6311424,0.0033670033,0.024378946,1.0,5378,"tags=45%, list=19%, signal=56%",
GOBP_HISTAMINE_SECRETION,GOBP_HISTAMINE_SECRETION,,12,0.7723312,1.6306497,0.010619469,0.024498321,1.0,3616,"tags=50%, list=13%, signal=57%",
GOBP_RESPONSE_TO_REACTIVE_OXYGEN_SPECIES,GOBP_RESPONSE_TO_REACTIVE_OXYGEN_SPECIES,,168,0.49256018,1.6299541,0.0,0.024701057,1.0,4360,"tags=32%, list=16%, signal=37%",
GOBP_REGULATION_OF_EXOSOMAL_SECRETION,GOBP_REGULATION_OF_EXOSOMAL_SECRETION,,19,0.6946041,1.6299052,0.0073394496,0.024686636,1.0,6334,"tags=74%, list=23%, signal=95%",
GOBP_LYMPHOCYTE_ACTIVATION_INVOLVED_IN_IMMUNE_RESPONSE,GOBP_LYMPHOCYTE_ACTIVATION_INVOLVED_IN_IMMUNE_RESPONSE,,222,0.47451156,1.6298714,0.0,0.024673602,1.0,3490,"tags=37%, list=13%, signal=42%",
GOBP_AMINOGLYCAN_CATABOLIC_PROCESS,GOBP_AMINOGLYCAN_CATABOLIC_PROCESS,,29,0.63849294,1.6295907,0.0052083335,0.024741463,1.0,4114,"tags=45%, list=15%, signal=53%",
GOBP_REGULATION_OF_CELL_SHAPE,GOBP_REGULATION_OF_CELL_SHAPE,,130,0.50038797,1.6295185,0.0,0.024744011,1.0,4686,"tags=46%, list=17%, signal=55%",
REACTOME_MATERNAL_TO_ZYGOTIC_TRANSITION_MZT,REACTOME_MATERNAL_TO_ZYGOTIC_TRANSITION_MZT,,100,0.51632315,1.6294922,0.0,0.024729665,1.0,4971,"tags=36%, list=18%, signal=44%",
GOBP_PURINE_NUCLEOTIDE_SALVAGE,GOBP_PURINE_NUCLEOTIDE_SALVAGE,,18,0.6953952,1.6291406,0.008802817,0.024818048,1.0,2093,"tags=28%, list=8%, signal=30%",
REACTOME_P75NTR_SIGNALS_VIA_NF_KB,REACTOME_P75NTR_SIGNALS_VIA_NF_KB,,15,0.7299779,1.6288854,0.0018382353,0.02489186,1.0,6046,"tags=67%, list=22%, signal=85%",
GOBP_REGULATION_OF_NEUROINFLAMMATORY_RESPONSE,GOBP_REGULATION_OF_NEUROINFLAMMATORY_RESPONSE,,36,0.61196923,1.6285807,0.010309278,0.0249732,1.0,3469,"tags=50%, list=13%, signal=57%",
GOBP_ERK1_AND_ERK2_CASCADE,GOBP_ERK1_AND_ERK2_CASCADE,,262,0.46972904,1.6280564,0.0,0.025098803,1.0,5142,"tags=36%, list=19%, signal=44%",
GOBP_POSITIVE_REGULATION_OF_ALCOHOL_BIOSYNTHETIC_PROCESS,GOBP_POSITIVE_REGULATION_OF_ALCOHOL_BIOSYNTHETIC_PROCESS,,22,0.672015,1.6279545,0.0070546735,0.025110073,1.0,4385,"tags=41%, list=16%, signal=49%",
REACTOME_NOD1_2_SIGNALING_PATHWAY,REACTOME_NOD1_2_SIGNALING_PATHWAY,,36,0.62371963,1.6276233,0.0050933785,0.025192373,1.0,5221,"tags=47%, list=19%, signal=58%",
GOBP_DETOXIFICATION_OF_INORGANIC_COMPOUND,GOBP_DETOXIFICATION_OF_INORGANIC_COMPOUND,,17,0.7067022,1.627444,0.0073126145,0.02523078,1.0,5358,"tags=59%, list=19%, signal=73%",
GOBP_ORGANOPHOSPHATE_CATABOLIC_PROCESS,GOBP_ORGANOPHOSPHATE_CATABOLIC_PROCESS,,229,0.4742988,1.6269857,0.0,0.025374813,1.0,3693,"tags=32%, list=13%, signal=36%",
GOBP_PURINE_CONTAINING_COMPOUND_CATABOLIC_PROCESS,GOBP_PURINE_CONTAINING_COMPOUND_CATABOLIC_PROCESS,,150,0.4914206,1.6269433,0.0,0.025365127,1.0,3693,"tags=31%, list=13%, signal=35%",
GOBP_POSITIVE_REGULATION_OF_LIPID_BIOSYNTHETIC_PROCESS,GOBP_POSITIVE_REGULATION_OF_LIPID_BIOSYNTHETIC_PROCESS,,81,0.53545094,1.6268103,0.0,0.025385141,1.0,5003,"tags=37%, list=18%, signal=45%",
GOBP_NEGATIVE_REGULATION_OF_LEUKOCYTE_PROLIFERATION,GOBP_NEGATIVE_REGULATION_OF_LEUKOCYTE_PROLIFERATION,,88,0.5230991,1.6265581,0.0031897926,0.025447462,1.0,3178,"tags=33%, list=11%, signal=37%",
GOBP_CHAPERONE_MEDIATED_AUTOPHAGY,GOBP_CHAPERONE_MEDIATED_AUTOPHAGY,,15,0.74000967,1.6262754,0.010948905,0.025525177,1.0,165,"tags=20%, list=1%, signal=20%",
REACTOME_SMOOTH_MUSCLE_CONTRACTION,REACTOME_SMOOTH_MUSCLE_CONTRACTION,,39,0.60324144,1.6258558,0.0,0.025647482,1.0,3357,"tags=51%, list=12%, signal=58%",
GOBP_HETEROTYPIC_CELL_CELL_ADHESION,GOBP_HETEROTYPIC_CELL_CELL_ADHESION,,52,0.56886274,1.6258075,0.006369427,0.025647694,1.0,3014,"tags=38%, list=11%, signal=43%",
GOBP_MODULATION_OF_PROCESS_OF_ANOTHER_ORGANISM,GOBP_MODULATION_OF_PROCESS_OF_ANOTHER_ORGANISM,,109,0.507674,1.62517,0.0015151515,0.025827307,1.0,3824,"tags=33%, list=14%, signal=38%",
GOBP_MEMBRANE_BIOGENESIS,GOBP_MEMBRANE_BIOGENESIS,,63,0.5511743,1.6245614,0.0016806723,0.026002804,1.0,4708,"tags=49%, list=17%, signal=59%",
GOBP_REGULATION_OF_PROTEOLYSIS_INVOLVED_IN_PROTEIN_CATABOLIC_PROCESS,GOBP_REGULATION_OF_PROTEOLYSIS_INVOLVED_IN_PROTEIN_CATABOLIC_PROCESS,,260,0.46619388,1.6244692,0.0,0.026009204,1.0,4396,"tags=34%, list=16%, signal=40%",
REACTOME_ESTROGEN_DEPENDENT_GENE_EXPRESSION,REACTOME_ESTROGEN_DEPENDENT_GENE_EXPRESSION,,130,0.49926648,1.6238081,0.0015337423,0.026225196,1.0,5863,"tags=38%, list=21%, signal=49%",
REACTOME_RHOQ_GTPASE_CYCLE,REACTOME_RHOQ_GTPASE_CYCLE,,58,0.5645331,1.6236932,0.0032786885,0.026237577,1.0,4349,"tags=45%, list=16%, signal=53%",
GOBP_MITOPHAGY,GOBP_MITOPHAGY,,96,0.51602894,1.6234921,0.0014992504,0.026284542,1.0,3662,"tags=30%, list=13%, signal=35%",
GOBP_MACROPHAGE_CYTOKINE_PRODUCTION,GOBP_MACROPHAGE_CYTOKINE_PRODUCTION,,16,0.7174654,1.6229341,0.0036101083,0.026433297,1.0,2297,"tags=56%, list=8%, signal=61%",
GOBP_INTERLEUKIN_12_PRODUCTION,GOBP_INTERLEUKIN_12_PRODUCTION,,59,0.5605537,1.6224257,0.0,0.026585462,1.0,3776,"tags=44%, list=14%, signal=51%",
REACTOME_METALLOPROTEASE_DUBS,REACTOME_METALLOPROTEASE_DUBS,,28,0.6423669,1.6222732,0.004918033,0.026597504,1.0,6487,"tags=57%, list=23%, signal=75%",
GOBP_REGULATION_OF_FIBROBLAST_MIGRATION,GOBP_REGULATION_OF_FIBROBLAST_MIGRATION,,36,0.60691786,1.6218965,0.0051457975,0.026686931,1.0,6101,"tags=56%, list=22%, signal=71%",
GOBP_REGULATION_OF_INTRACELLULAR_TRANSPORT,GOBP_REGULATION_OF_INTRACELLULAR_TRANSPORT,,266,0.46631587,1.6217958,0.0,0.026693854,1.0,5460,"tags=38%, list=20%, signal=46%",
GOBP_ESTABLISHMENT_OF_PROTEIN_LOCALIZATION_TO_ORGANELLE,GOBP_ESTABLISHMENT_OF_PROTEIN_LOCALIZATION_TO_ORGANELLE,,445,0.44584733,1.6217264,0.0,0.02670065,1.0,4516,"tags=29%, list=16%, signal=34%",
GOBP_MACROPHAGE_CHEMOTAXIS,GOBP_MACROPHAGE_CHEMOTAXIS,,38,0.603237,1.6208253,0.0067681894,0.026965879,1.0,2527,"tags=42%, list=9%, signal=46%",
GOBP_INORGANIC_ION_HOMEOSTASIS,GOBP_INORGANIC_ION_HOMEOSTASIS,,465,0.44438607,1.6202064,0.0,0.027157016,1.0,5233,"tags=34%, list=19%, signal=41%",
GOBP_REGULATION_OF_TOLL_LIKE_RECEPTOR_2_SIGNALING_PATHWAY,GOBP_REGULATION_OF_TOLL_LIKE_RECEPTOR_2_SIGNALING_PATHWAY,,12,0.7593573,1.6191238,0.018382354,0.027518578,1.0,3356,"tags=67%, list=12%, signal=76%",
GOBP_POSITIVE_REGULATION_OF_AMIDE_METABOLIC_PROCESS,GOBP_POSITIVE_REGULATION_OF_AMIDE_METABOLIC_PROCESS,,27,0.6446653,1.6190652,0.012433393,0.027515732,1.0,4360,"tags=37%, list=16%, signal=44%",
GOBP_REGULATION_OF_TRIGLYCERIDE_METABOLIC_PROCESS,GOBP_REGULATION_OF_TRIGLYCERIDE_METABOLIC_PROCESS,,36,0.6050259,1.6181191,0.012110727,0.027819626,1.0,4704,"tags=44%, list=17%, signal=53%",
GOBP_MEGAKARYOCYTE_DIFFERENTIATION,GOBP_MEGAKARYOCYTE_DIFFERENTIATION,,65,0.5392777,1.6179452,0.0062402496,0.02786068,1.0,3693,"tags=32%, list=13%, signal=37%",
GOBP_MODIFIED_AMINO_ACID_METABOLIC_PROCESS,GOBP_MODIFIED_AMINO_ACID_METABOLIC_PROCESS,,161,0.48484534,1.6179364,0.0,0.027833683,1.0,4500,"tags=35%, list=16%, signal=42%",
GOBP_NEGATIVE_REGULATION_OF_LEUKOCYTE_DEGRANULATION,GOBP_NEGATIVE_REGULATION_OF_LEUKOCYTE_DEGRANULATION,,11,0.7963985,1.6178997,0.009090909,0.02781681,1.0,4075,"tags=73%, list=15%, signal=85%",
GOBP_CHOLESTEROL_EFFLUX,GOBP_CHOLESTEROL_EFFLUX,,54,0.57139546,1.6178211,0.0017301039,0.027815089,1.0,4360,"tags=43%, list=16%, signal=50%",
GOBP_CD4_POSITIVE_ALPHA_BETA_T_CELL_ACTIVATION,GOBP_CD4_POSITIVE_ALPHA_BETA_T_CELL_ACTIVATION,,137,0.49450958,1.6176442,0.0,0.02785473,1.0,3421,"tags=40%, list=12%, signal=46%",
GOBP_POSITIVE_REGULATION_OF_INTERLEUKIN_10_PRODUCTION,GOBP_POSITIVE_REGULATION_OF_INTERLEUKIN_10_PRODUCTION,,44,0.5862309,1.6176311,0.0033726813,0.027834125,1.0,3469,"tags=45%, list=13%, signal=52%",
GOBP_REGULATION_OF_PROTEIN_LOCALIZATION_TO_CELL_PERIPHERY,GOBP_REGULATION_OF_PROTEIN_LOCALIZATION_TO_CELL_PERIPHERY,,142,0.4989099,1.6176004,0.0,0.027814843,1.0,4397,"tags=37%, list=16%, signal=43%",
REACTOME_ENDOSOMAL_SORTING_COMPLEX_REQUIRED_FOR_TRANSPORT_ESCRT,REACTOME_ENDOSOMAL_SORTING_COMPLEX_REQUIRED_FOR_TRANSPORT_ESCRT,,31,0.63300246,1.6170871,0.0067340066,0.027953286,1.0,4573,"tags=61%, list=16%, signal=73%",
REACTOME_GLYCOSPHINGOLIPID_METABOLISM,REACTOME_GLYCOSPHINGOLIPID_METABOLISM,,51,0.573725,1.6163608,0.0033444816,0.028159402,1.0,2793,"tags=33%, list=10%, signal=37%",
GOBP_REGULATION_OF_LYSOSOME_ORGANIZATION,GOBP_REGULATION_OF_LYSOSOME_ORGANIZATION,,12,0.7671414,1.616341,0.012567325,0.028138531,1.0,3259,"tags=58%, list=12%, signal=66%",
REACTOME_DECTIN_2_FAMILY,REACTOME_DECTIN_2_FAMILY,,20,0.69032335,1.6163187,0.014285714,0.028120244,1.0,3469,"tags=45%, list=13%, signal=51%",
GOBP_SYNAPTIC_VESICLE_MEMBRANE_ORGANIZATION,GOBP_SYNAPTIC_VESICLE_MEMBRANE_ORGANIZATION,,31,0.6308957,1.6161271,0.008726004,0.02815419,1.0,3904,"tags=35%, list=14%, signal=41%",
GOBP_ORGANIC_ACID_BIOSYNTHETIC_PROCESS,GOBP_ORGANIC_ACID_BIOSYNTHETIC_PROCESS,,290,0.45995584,1.6160332,0.0,0.028160904,1.0,3713,"tags=27%, list=13%, signal=30%",
GOBP_LIPID_DROPLET_ORGANIZATION,GOBP_LIPID_DROPLET_ORGANIZATION,,40,0.5927561,1.615767,0.0053475937,0.028238509,1.0,5529,"tags=52%, list=20%, signal=65%",
GOBP_NUCLEAR_MEMBRANE_ORGANIZATION,GOBP_NUCLEAR_MEMBRANE_ORGANIZATION,,47,0.5783662,1.6157416,0.005376344,0.028216481,1.0,4476,"tags=51%, list=16%, signal=61%",
GOBP_REGULATION_OF_CHOLESTEROL_BIOSYNTHETIC_PROCESS,GOBP_REGULATION_OF_CHOLESTEROL_BIOSYNTHETIC_PROCESS,,26,0.65684694,1.6155673,0.014545455,0.028259145,1.0,4360,"tags=42%, list=16%, signal=50%",
GOBP_NEGATIVE_REGULATION_OF_RECEPTOR_SIGNALING_PATHWAY_VIA_STAT,GOBP_NEGATIVE_REGULATION_OF_RECEPTOR_SIGNALING_PATHWAY_VIA_STAT,,26,0.6506905,1.6154226,0.0049751243,0.028278241,1.0,3741,"tags=50%, list=13%, signal=58%",
GOBP_REGULATION_OF_FATTY_ACID_METABOLIC_PROCESS,GOBP_REGULATION_OF_FATTY_ACID_METABOLIC_PROCESS,,86,0.53088367,1.6153784,0.0,0.028266132,1.0,5597,"tags=41%, list=20%, signal=51%",
REACTOME_RNA_POLYMERASE_I_PROMOTER_ESCAPE,REACTOME_RNA_POLYMERASE_I_PROMOTER_ESCAPE,,77,0.533448,1.6149949,0.0016207455,0.028374162,1.0,4761,"tags=38%, list=17%, signal=45%",
GOBP_REGULATION_OF_PHOSPHORYLATION,GOBP_REGULATION_OF_PHOSPHORYLATION,,402,0.44763264,1.6149606,0.0,0.028358236,1.0,4590,"tags=33%, list=17%, signal=39%",
GOBP_REGULATION_OF_SYNAPTIC_VESICLE_RECYCLING,GOBP_REGULATION_OF_SYNAPTIC_VESICLE_RECYCLING,,26,0.6434656,1.6143374,0.008710802,0.028569974,1.0,3561,"tags=46%, list=13%, signal=53%",
GOBP_REGULATION_OF_SULFUR_METABOLIC_PROCESS,GOBP_REGULATION_OF_SULFUR_METABOLIC_PROCESS,,14,0.7348963,1.6143336,0.012367492,0.0285453,1.0,929,"tags=36%, list=3%, signal=37%",
GOBP_NEGATIVE_REGULATION_OF_ALPHA_BETA_T_CELL_DIFFERENTIATION,GOBP_NEGATIVE_REGULATION_OF_ALPHA_BETA_T_CELL_DIFFERENTIATION,,26,0.66005474,1.6136962,0.0035211267,0.028747434,1.0,3357,"tags=42%, list=12%, signal=48%",
GOBP_POSITIVE_REGULATION_OF_MACROPHAGE_CYTOKINE_PRODUCTION,GOBP_POSITIVE_REGULATION_OF_MACROPHAGE_CYTOKINE_PRODUCTION,,11,0.78276277,1.6134712,0.010771993,0.02878918,1.0,3469,"tags=64%, list=13%, signal=73%",
GOBP_REGULATION_OF_CATALYTIC_ACTIVITY,GOBP_REGULATION_OF_CATALYTIC_ACTIVITY,,490,0.44151837,1.6134468,0.0,0.02876807,1.0,4801,"tags=33%, list=17%, signal=39%",
GOBP_MONOCYTE_CHEMOTACTIC_PROTEIN_1_PRODUCTION,GOBP_MONOCYTE_CHEMOTACTIC_PROTEIN_1_PRODUCTION,,17,0.6959996,1.6130611,0.01208981,0.028856518,1.0,3114,"tags=41%, list=11%, signal=46%",
GOBP_REGULATION_OF_MUSCLE_CONTRACTION,GOBP_REGULATION_OF_MUSCLE_CONTRACTION,,138,0.49647954,1.6129228,0.0014992504,0.02887235,1.0,5374,"tags=40%, list=19%, signal=49%",
GOBP_NEGATIVE_REGULATION_OF_CATALYTIC_ACTIVITY,GOBP_NEGATIVE_REGULATION_OF_CATALYTIC_ACTIVITY,,137,0.49610683,1.6127888,0.0,0.028906358,1.0,4754,"tags=39%, list=17%, signal=46%",
GOBP_REGULATION_OF_MITOCHONDRION_ORGANIZATION,GOBP_REGULATION_OF_MITOCHONDRION_ORGANIZATION,,115,0.5054163,1.6127665,0.0,0.028887624,1.0,4482,"tags=42%, list=16%, signal=50%",
REACTOME_SELECTIVE_AUTOPHAGY,REACTOME_SELECTIVE_AUTOPHAGY,,86,0.5203104,1.6125222,0.001497006,0.028964566,1.0,5221,"tags=36%, list=19%, signal=44%",
GOBP_POSITIVE_REGULATION_OF_MAST_CELL_DEGRANULATION,GOBP_POSITIVE_REGULATION_OF_MAST_CELL_DEGRANULATION,,14,0.74384403,1.6123631,0.0036697248,0.028982587,1.0,5515,"tags=50%, list=20%, signal=62%",
GOBP_RESPONSE_TO_MONOAMINE,GOBP_RESPONSE_TO_MONOAMINE,,54,0.5664799,1.6123527,0.0016920473,0.0289602,1.0,5129,"tags=41%, list=18%, signal=50%",
REACTOME_ONCOGENIC_MAPK_SIGNALING,REACTOME_ONCOGENIC_MAPK_SIGNALING,,76,0.53288376,1.6122054,0.0,0.02899042,1.0,4670,"tags=47%, list=17%, signal=57%",
GOBP_TRANSFERRIN_TRANSPORT,GOBP_TRANSFERRIN_TRANSPORT,,10,0.79647547,1.6112615,0.012345679,0.029312072,1.0,5169,"tags=80%, list=19%, signal=98%",
REACTOME_GPVI_MEDIATED_ACTIVATION_CASCADE,REACTOME_GPVI_MEDIATED_ACTIVATION_CASCADE,,34,0.614741,1.6110324,0.0050847456,0.029381009,1.0,4586,"tags=62%, list=17%, signal=74%",
GOBP_INTRINSIC_APOPTOTIC_SIGNALING_PATHWAY,GOBP_INTRINSIC_APOPTOTIC_SIGNALING_PATHWAY,,315,0.45434463,1.6109422,0.0,0.029397387,1.0,4500,"tags=34%, list=16%, signal=40%",
GOBP_NADPLUS_BIOSYNTHETIC_PROCESS,GOBP_NADPLUS_BIOSYNTHETIC_PROCESS,,17,0.71328545,1.6106188,0.009140768,0.029483153,1.0,2093,"tags=41%, list=8%, signal=45%",
REACTOME_DNA_DOUBLE_STRAND_BREAK_RESPONSE,REACTOME_DNA_DOUBLE_STRAND_BREAK_RESPONSE,,70,0.5461955,1.6104236,0.00955414,0.02952489,1.0,3834,"tags=31%, list=14%, signal=36%",
GOBP_NEGATIVE_REGULATION_OF_ADAPTIVE_IMMUNE_RESPONSE,GOBP_NEGATIVE_REGULATION_OF_ADAPTIVE_IMMUNE_RESPONSE,,70,0.53931856,1.6103505,0.0016501651,0.029521558,1.0,2455,"tags=36%, list=9%, signal=39%",
GOBP_SMALL_MOLECULE_CATABOLIC_PROCESS,GOBP_SMALL_MOLECULE_CATABOLIC_PROCESS,,329,0.45575464,1.6102579,0.0,0.029524298,1.0,4411,"tags=29%, list=16%, signal=34%",
GOBP_NADPH_REGENERATION,GOBP_NADPH_REGENERATION,,24,0.65189195,1.6101556,0.017699115,0.029545195,1.0,3130,"tags=33%, list=11%, signal=38%",
GOBP_REGULATION_OF_LIPID_LOCALIZATION,GOBP_REGULATION_OF_LIPID_LOCALIZATION,,134,0.49533445,1.6089784,0.0,0.029930813,1.0,4385,"tags=39%, list=16%, signal=46%",
REACTOME_MTORC1_MEDIATED_SIGNALLING,REACTOME_MTORC1_MEDIATED_SIGNALLING,,24,0.6662114,1.6089494,0.0073394496,0.029910175,1.0,3396,"tags=46%, list=12%, signal=52%",
GOBP_REGULATION_OF_PLASMA_LIPOPROTEIN_PARTICLE_LEVELS,GOBP_REGULATION_OF_PLASMA_LIPOPROTEIN_PARTICLE_LEVELS,,66,0.5508101,1.6089443,0.0,0.029884743,1.0,4360,"tags=47%, list=16%, signal=56%",
GOBP_NEUTROPHIL_MEDIATED_CYTOTOXICITY,GOBP_NEUTROPHIL_MEDIATED_CYTOTOXICITY,,17,0.7127643,1.6083124,0.008635579,0.030077972,1.0,3901,"tags=59%, list=14%, signal=68%",
GOBP_NEGATIVE_REGULATION_OF_CELL_SUBSTRATE_ADHESION,GOBP_NEGATIVE_REGULATION_OF_CELL_SUBSTRATE_ADHESION,,57,0.5514829,1.6082004,0.0017331023,0.030088652,1.0,4426,"tags=37%, list=16%, signal=44%",
GOBP_INSULIN_METABOLIC_PROCESS,GOBP_INSULIN_METABOLIC_PROCESS,,19,0.68144,1.6079041,0.01584507,0.030161966,1.0,2053,"tags=32%, list=7%, signal=34%",
GOBP_POST_GOLGI_VESICLE_MEDIATED_TRANSPORT,GOBP_POST_GOLGI_VESICLE_MEDIATED_TRANSPORT,,115,0.5032094,1.6076452,0.0,0.030238865,1.0,4359,"tags=33%, list=16%, signal=39%",
GOBP_LEUKOTRIENE_BIOSYNTHETIC_PROCESS,GOBP_LEUKOTRIENE_BIOSYNTHETIC_PROCESS,,20,0.6933266,1.607553,0.009140768,0.030243358,1.0,1887,"tags=40%, list=7%, signal=43%",
GOBP_INTRINSIC_APOPTOTIC_SIGNALING_PATHWAY_IN_RESPONSE_TO_OXIDATIVE_STRESS,GOBP_INTRINSIC_APOPTOTIC_SIGNALING_PATHWAY_IN_RESPONSE_TO_OXIDATIVE_STRESS,,57,0.5593144,1.607368,0.0,0.03028512,1.0,4966,"tags=44%, list=18%, signal=53%",
GOBP_NEGATIVE_REGULATION_OF_INTRACELLULAR_TRANSPORT,GOBP_NEGATIVE_REGULATION_OF_INTRACELLULAR_TRANSPORT,,53,0.56292075,1.607207,0.0032573289,0.030312361,1.0,5229,"tags=47%, list=19%, signal=58%",
REACTOME_ESR_MEDIATED_SIGNALING,REACTOME_ESR_MEDIATED_SIGNALING,,193,0.4761206,1.6065565,0.0,0.030549666,1.0,4761,"tags=31%, list=17%, signal=37%",
GOBP_ANTIBACTERIAL_INNATE_IMMUNE_RESPONSE,GOBP_ANTIBACTERIAL_INNATE_IMMUNE_RESPONSE,,10,0.79605645,1.6062315,0.012844036,0.030649845,1.0,4557,"tags=80%, list=16%, signal=96%",
GOBP_PROGRAMMED_NECROTIC_CELL_DEATH,GOBP_PROGRAMMED_NECROTIC_CELL_DEATH,,57,0.55724424,1.6061943,0.010135135,0.030638335,1.0,3225,"tags=39%, list=12%, signal=44%",
GOBP_REGULATION_OF_KERATINOCYTE_MIGRATION,GOBP_REGULATION_OF_KERATINOCYTE_MIGRATION,,11,0.7645925,1.6061461,0.015122874,0.030630475,1.0,2716,"tags=45%, list=10%, signal=50%",
REACTOME_DISEASES_OF_CARBOHYDRATE_METABOLISM,REACTOME_DISEASES_OF_CARBOHYDRATE_METABOLISM,,29,0.6224141,1.6060987,0.017094018,0.030626085,1.0,3547,"tags=38%, list=13%, signal=43%",
REACTOME_SOMITOGENESIS,REACTOME_SOMITOGENESIS,,43,0.58122003,1.6060982,0.0080515295,0.03059791,1.0,4890,"tags=56%, list=18%, signal=68%",
GOBP_POSITIVE_REGULATION_OF_PROTEIN_CATABOLIC_PROCESS,GOBP_POSITIVE_REGULATION_OF_PROTEIN_CATABOLIC_PROCESS,,196,0.47339207,1.6060714,0.0,0.03057705,1.0,4385,"tags=33%, list=16%, signal=39%",
REACTOME_RIPK1_MEDIATED_REGULATED_NECROSIS,REACTOME_RIPK1_MEDIATED_REGULATED_NECROSIS,,32,0.6177365,1.6056653,0.010204081,0.030706322,1.0,3531,"tags=44%, list=13%, signal=50%",
REACTOME_LYSOSOME_VESICLE_BIOGENESIS,REACTOME_LYSOSOME_VESICLE_BIOGENESIS,,33,0.61724824,1.6056308,0.0016949152,0.030690085,1.0,4208,"tags=45%, list=15%, signal=54%",
GOBP_ENDOCRINE_PROCESS,GOBP_ENDOCRINE_PROCESS,,78,0.5283121,1.6054695,0.0,0.030725053,1.0,4746,"tags=37%, list=17%, signal=45%",
GOBP_NEGATIVE_REGULATION_OF_CELL_DEVELOPMENT,GOBP_NEGATIVE_REGULATION_OF_CELL_DEVELOPMENT,,231,0.46214077,1.6053001,0.0,0.030749304,1.0,4459,"tags=38%, list=16%, signal=45%",
GOBP_REGULATION_OF_RECEPTOR_INTERNALIZATION,GOBP_REGULATION_OF_RECEPTOR_INTERNALIZATION,,69,0.5417798,1.6050764,0.0047318614,0.030816127,1.0,3676,"tags=38%, list=13%, signal=43%",
GOBP_AMIDE_BIOSYNTHETIC_PROCESS,GOBP_AMIDE_BIOSYNTHETIC_PROCESS,,172,0.48159772,1.6048855,0.0,0.030848527,1.0,3344,"tags=28%, list=12%, signal=32%",
GOBP_NEGATIVE_REGULATION_OF_BONE_REMODELING,GOBP_NEGATIVE_REGULATION_OF_BONE_REMODELING,,14,0.74117213,1.6047183,0.005357143,0.030901004,1.0,5112,"tags=57%, list=18%, signal=70%",
REACTOME_METABOLISM_OF_CARBOHYDRATES_AND_CARBOHYDRATE_DERIVATIVES,REACTOME_METABOLISM_OF_CARBOHYDRATES_AND_CARBOHYDRATE_DERIVATIVES,,259,0.4609208,1.6046573,0.0,0.030895356,1.0,3547,"tags=30%, list=13%, signal=34%",
GOBP_GLYCOLYTIC_PROCESS_THROUGH_FRUCTOSE_6_PHOSPHATE,GOBP_GLYCOLYTIC_PROCESS_THROUGH_FRUCTOSE_6_PHOSPHATE,,25,0.653758,1.6044804,0.010291595,0.030953726,1.0,3577,"tags=60%, list=13%, signal=69%",
GOBP_NEGATIVE_REGULATION_OF_ENDOPLASMIC_RETICULUM_STRESS_INDUCED_INTRINSIC_APOPTOTIC_SIGNALING_PATHWAY,GOBP_NEGATIVE_REGULATION_OF_ENDOPLASMIC_RETICULUM_STRESS_INDUCED_INTRINSIC_APOPTOTIC_SIGNALING_PATHWAY,,19,0.6925965,1.6041521,0.0055762082,0.031047428,1.0,4778,"tags=63%, list=17%, signal=76%",
GOBP_CELLULAR_RESPONSE_TO_HYDROGEN_PEROXIDE,GOBP_CELLULAR_RESPONSE_TO_HYDROGEN_PEROXIDE,,60,0.5557909,1.6039069,0.0016286644,0.031124428,1.0,3694,"tags=33%, list=13%, signal=38%",
REACTOME_ADVANCED_GLYCOSYLATION_ENDPRODUCT_RECEPTOR_SIGNALING,REACTOME_ADVANCED_GLYCOSYLATION_ENDPRODUCT_RECEPTOR_SIGNALING,,12,0.763071,1.6038634,0.014981274,0.031112665,1.0,5129,"tags=75%, list=18%, signal=92%",
REACTOME_SIGNALING_BY_VEGF,REACTOME_SIGNALING_BY_VEGF,,103,0.50878876,1.6037905,0.0,0.031119835,1.0,3561,"tags=34%, list=13%, signal=39%",
GOBP_MEMBRANE_LIPID_METABOLIC_PROCESS,GOBP_MEMBRANE_LIPID_METABOLIC_PROCESS,,201,0.4681335,1.6036959,0.0,0.031132745,1.0,4152,"tags=31%, list=15%, signal=36%",
GOBP_NEGATIVE_REGULATION_OF_SECRETION,GOBP_NEGATIVE_REGULATION_OF_SECRETION,,143,0.49173436,1.6036938,0.0,0.031105712,1.0,4561,"tags=31%, list=16%, signal=37%",
GOBP_INTERLEUKIN_2_PRODUCTION,GOBP_INTERLEUKIN_2_PRODUCTION,,72,0.53814924,1.6026545,0.0,0.03147144,1.0,3680,"tags=50%, list=13%, signal=57%",
GOBP_SULFUR_COMPOUND_METABOLIC_PROCESS,GOBP_SULFUR_COMPOUND_METABOLIC_PROCESS,,240,0.46500972,1.6026543,0.0,0.031442955,1.0,4705,"tags=30%, list=17%, signal=36%",
GOBP_PROXIMAL_DISTAL_PATTERN_FORMATION,GOBP_PROXIMAL_DISTAL_PATTERN_FORMATION,,15,0.7279711,1.6024145,0.01431127,0.03148502,1.0,5230,"tags=67%, list=19%, signal=82%",
GOBP_NEGATIVE_REGULATION_OF_ERBB_SIGNALING_PATHWAY,GOBP_NEGATIVE_REGULATION_OF_ERBB_SIGNALING_PATHWAY,,33,0.6141272,1.6022673,0.010118044,0.031507038,1.0,2987,"tags=42%, list=11%, signal=47%",
REACTOME_DEGRADATION_OF_THE_EXTRACELLULAR_MATRIX,REACTOME_DEGRADATION_OF_THE_EXTRACELLULAR_MATRIX,,118,0.49963808,1.6021057,0.0,0.031545494,1.0,5186,"tags=40%, list=19%, signal=49%",
GOBP_NEGATIVE_REGULATION_OF_TYPE_II_INTERFERON_PRODUCTION,GOBP_NEGATIVE_REGULATION_OF_TYPE_II_INTERFERON_PRODUCTION,,38,0.59941405,1.6020893,0.008680556,0.031522904,1.0,3253,"tags=45%, list=12%, signal=51%",
REACTOME_SCAVENGING_BY_CLASS_A_RECEPTORS,REACTOME_SCAVENGING_BY_CLASS_A_RECEPTORS,,18,0.6787082,1.6018459,0.00915751,0.031594135,1.0,4586,"tags=44%, list=17%, signal=53%",
GOBP_RESPONSE_TO_ESTRADIOL,GOBP_RESPONSE_TO_ESTRADIOL,,92,0.5127888,1.6016942,0.0015822785,0.031639338,1.0,4873,"tags=33%, list=18%, signal=39%",
GOBP_RESPONSE_TO_OXYGEN_LEVELS,GOBP_RESPONSE_TO_OXYGEN_LEVELS,,296,0.45386046,1.6009533,0.0,0.031896036,1.0,5037,"tags=31%, list=18%, signal=37%",
REACTOME_SIGNALING_BY_HEDGEHOG,REACTOME_SIGNALING_BY_HEDGEHOG,,131,0.49121904,1.6005046,0.001506024,0.03203172,1.0,5380,"tags=40%, list=19%, signal=50%",
GOBP_NEGATIVE_REGULATION_OF_RESPONSE_TO_CYTOKINE_STIMULUS,GOBP_NEGATIVE_REGULATION_OF_RESPONSE_TO_CYTOKINE_STIMULUS,,86,0.5233616,1.6000434,0.003241491,0.03217008,1.0,4146,"tags=40%, list=15%, signal=46%",
GOBP_ASTROCYTE_ACTIVATION,GOBP_ASTROCYTE_ACTIVATION,,23,0.6592029,1.5999552,0.006932409,0.032187756,1.0,2248,"tags=43%, list=8%, signal=47%",
REACTOME_DISSOLUTION_OF_FIBRIN_CLOT,REACTOME_DISSOLUTION_OF_FIBRIN_CLOT,,12,0.7503802,1.5997814,0.012773722,0.032214817,1.0,4430,"tags=58%, list=16%, signal=69%",
GOBP_PROGESTERONE_METABOLIC_PROCESS,GOBP_PROGESTERONE_METABOLIC_PROCESS,,15,0.7205794,1.5997347,0.01438849,0.032198735,1.0,3109,"tags=33%, list=11%, signal=38%",
GOBP_POSITIVE_REGULATION_OF_CELL_ADHESION,GOBP_POSITIVE_REGULATION_OF_CELL_ADHESION,,438,0.4407183,1.5996367,0.0,0.032216433,1.0,3476,"tags=31%, list=13%, signal=35%",
GOBP_COMPLEMENT_RECEPTOR_MEDIATED_SIGNALING_PATHWAY,GOBP_COMPLEMENT_RECEPTOR_MEDIATED_SIGNALING_PATHWAY,,16,0.7031007,1.5988575,0.01682243,0.03248829,1.0,1788,"tags=44%, list=6%, signal=47%",
REACTOME_CALNEXIN_CALRETICULIN_CYCLE,REACTOME_CALNEXIN_CALRETICULIN_CYCLE,,26,0.6439257,1.5987816,0.010452962,0.032479,1.0,4303,"tags=35%, list=16%, signal=41%",
GOBP_REGULATION_OF_T_HELPER_17_CELL_LINEAGE_COMMITMENT,GOBP_REGULATION_OF_T_HELPER_17_CELL_LINEAGE_COMMITMENT,,14,0.7438662,1.5987331,0.012773722,0.0324639,1.0,1451,"tags=36%, list=5%, signal=38%",
REACTOME_UPTAKE_AND_FUNCTION_OF_ANTHRAX_TOXINS,REACTOME_UPTAKE_AND_FUNCTION_OF_ANTHRAX_TOXINS,,11,0.78784573,1.5985788,0.010619469,0.03249979,1.0,3993,"tags=64%, list=14%, signal=74%",
GOBP_POSITIVE_REGULATION_OF_EXOSOMAL_SECRETION,GOBP_POSITIVE_REGULATION_OF_EXOSOMAL_SECRETION,,15,0.7127856,1.5984806,0.007194245,0.032505576,1.0,4745,"tags=60%, list=17%, signal=72%",
GOBP_FATTY_ACID_BIOSYNTHETIC_PROCESS,GOBP_FATTY_ACID_BIOSYNTHETIC_PROCESS,,150,0.4859156,1.5982639,0.0,0.032569226,1.0,4144,"tags=27%, list=15%, signal=32%",
GOBP_PROTEIN_LOCALIZATION_TO_PLASMA_MEMBRANE,GOBP_PROTEIN_LOCALIZATION_TO_PLASMA_MEMBRANE,,275,0.45783034,1.5981199,0.0,0.03259333,1.0,4268,"tags=32%, list=15%, signal=37%",
GOBP_NEGATIVE_REGULATION_OF_ERYTHROCYTE_DIFFERENTIATION,GOBP_NEGATIVE_REGULATION_OF_ERYTHROCYTE_DIFFERENTIATION,,10,0.78584605,1.5977275,0.013358778,0.03269731,1.0,3858,"tags=60%, list=14%, signal=70%",
GOBP_ENDOSOMAL_VESICLE_FUSION,GOBP_ENDOSOMAL_VESICLE_FUSION,,15,0.7165578,1.5971093,0.019434629,0.032939013,1.0,2686,"tags=47%, list=10%, signal=52%",
GOBP_CELLULAR_RESPONSE_TO_OXYGEN_LEVELS,GOBP_CELLULAR_RESPONSE_TO_OXYGEN_LEVELS,,155,0.48287916,1.5967735,0.0,0.033035457,1.0,5037,"tags=35%, list=18%, signal=42%",
GOBP_CELLULAR_RESPONSE_TO_REACTIVE_OXYGEN_SPECIES,GOBP_CELLULAR_RESPONSE_TO_REACTIVE_OXYGEN_SPECIES,,124,0.49654546,1.5964619,0.0016207455,0.033138365,1.0,4230,"tags=32%, list=15%, signal=38%",
GOBP_MYELOID_CELL_APOPTOTIC_PROCESS,GOBP_MYELOID_CELL_APOPTOTIC_PROCESS,,32,0.6115465,1.5961261,0.008319467,0.033236608,1.0,4652,"tags=50%, list=17%, signal=60%",
GOBP_POSITIVE_REGULATION_OF_MAPK_CASCADE,GOBP_POSITIVE_REGULATION_OF_MAPK_CASCADE,,392,0.44736028,1.5953585,0.0,0.033535756,1.0,4500,"tags=33%, list=16%, signal=39%",
GOBP_POSITIVE_REGULATION_OF_MYELOID_CELL_DIFFERENTIATION,GOBP_POSITIVE_REGULATION_OF_MYELOID_CELL_DIFFERENTIATION,,100,0.5082386,1.594197,0.0,0.03397308,1.0,3858,"tags=34%, list=14%, signal=39%",
REACTOME_RESPONSE_OF_EIF2AK1_HRI_TO_HEME_DEFICIENCY,REACTOME_RESPONSE_OF_EIF2AK1_HRI_TO_HEME_DEFICIENCY,,15,0.73046917,1.5940653,0.013011153,0.03398547,1.0,4934,"tags=60%, list=18%, signal=73%",
GOBP_REGULATION_OF_ERYTHROCYTE_DIFFERENTIATION,GOBP_REGULATION_OF_ERYTHROCYTE_DIFFERENTIATION,,50,0.5682536,1.5938021,0.011844331,0.03407494,1.0,3858,"tags=42%, list=14%, signal=49%",
REACTOME_INTERLEUKIN_6_SIGNALING,REACTOME_INTERLEUKIN_6_SIGNALING,,11,0.7881334,1.5934912,0.0075901328,0.03416853,1.0,4291,"tags=64%, list=15%, signal=75%",
GOBP_REGULATION_OF_NUCLEOCYTOPLASMIC_TRANSPORT,GOBP_REGULATION_OF_NUCLEOCYTOPLASMIC_TRANSPORT,,112,0.5011908,1.5934871,0.0,0.034141913,1.0,5229,"tags=37%, list=19%, signal=45%",
GOBP_REGULATION_OF_CARDIAC_MUSCLE_CONTRACTION,GOBP_REGULATION_OF_CARDIAC_MUSCLE_CONTRACTION,,63,0.5411216,1.5927376,0.0016233766,0.034436397,1.0,5229,"tags=46%, list=19%, signal=57%",
GOBP_REGULATION_OF_CELL_SUBSTRATE_ADHESION,GOBP_REGULATION_OF_CELL_SUBSTRATE_ADHESION,,185,0.47133175,1.5925659,0.0,0.034470066,1.0,4943,"tags=38%, list=18%, signal=46%",
GOBP_SIGNAL_RELEASE,GOBP_SIGNAL_RELEASE,,414,0.44395208,1.5924116,0.0,0.034514893,1.0,5003,"tags=32%, list=18%, signal=39%",
REACTOME_HSP90_CHAPERONE_CYCLE_FOR_STEROID_HORMONE_RECEPTORS_SHR_IN_THE_PRESENCE_OF_LIGAND,REACTOME_HSP90_CHAPERONE_CYCLE_FOR_STEROID_HORMONE_RECEPTORS_SHR_IN_THE_PRESENCE_OF_LIGAND,,54,0.56283456,1.5923723,0.004823151,0.034496024,1.0,5869,"tags=43%, list=21%, signal=54%",
REACTOME_EPIGENETIC_REGULATION_BY_WDR5_CONTAINING_HISTONE_MODIFYING_COMPLEXES,REACTOME_EPIGENETIC_REGULATION_BY_WDR5_CONTAINING_HISTONE_MODIFYING_COMPLEXES,,150,0.4815461,1.5921926,0.0,0.03454563,1.0,4971,"tags=33%, list=18%, signal=40%",
GOBP_ERYTHROCYTE_HOMEOSTASIS,GOBP_ERYTHROCYTE_HOMEOSTASIS,,157,0.48023897,1.5918546,0.0,0.03462913,1.0,5617,"tags=41%, list=20%, signal=52%",
REACTOME_INSERTION_OF_TAIL_ANCHORED_PROTEINS_INTO_THE_ENDOPLASMIC_RETICULUM_MEMBRANE,REACTOME_INSERTION_OF_TAIL_ANCHORED_PROTEINS_INTO_THE_ENDOPLASMIC_RETICULUM_MEMBRANE,,22,0.6747376,1.5910553,0.017301038,0.03491807,1.0,5129,"tags=45%, list=18%, signal=56%",
REACTOME_MAPK_TARGETS_NUCLEAR_EVENTS_MEDIATED_BY_MAP_KINASES,REACTOME_MAPK_TARGETS_NUCLEAR_EVENTS_MEDIATED_BY_MAP_KINASES,,31,0.6176608,1.5907574,0.0054545454,0.035006918,1.0,3563,"tags=32%, list=13%, signal=37%",
GOBP_POSITIVE_REGULATION_OF_TRANSPORTER_ACTIVITY,GOBP_POSITIVE_REGULATION_OF_TRANSPORTER_ACTIVITY,,30,0.6123955,1.5906248,0.00681431,0.03502518,1.0,961,"tags=23%, list=3%, signal=24%",
GOBP_CELLULAR_RESPONSE_TO_CHEMICAL_STRESS,GOBP_CELLULAR_RESPONSE_TO_CHEMICAL_STRESS,,294,0.45373037,1.5904784,0.0,0.035044607,1.0,4302,"tags=30%, list=16%, signal=35%",
GOBP_PROSTAGLANDIN_TRANSPORT,GOBP_PROSTAGLANDIN_TRANSPORT,,22,0.66161126,1.590256,0.011090573,0.035094418,1.0,5003,"tags=45%, list=18%, signal=55%",
GOBP_INFLAMMATORY_RESPONSE_TO_ANTIGENIC_STIMULUS,GOBP_INFLAMMATORY_RESPONSE_TO_ANTIGENIC_STIMULUS,,74,0.5259752,1.589348,0.0050083473,0.035429377,1.0,3737,"tags=43%, list=13%, signal=50%",
GOBP_ADENYLATE_CYCLASE_INHIBITING_G_PROTEIN_COUPLED_RECEPTOR_SIGNALING_PATHWAY,GOBP_ADENYLATE_CYCLASE_INHIBITING_G_PROTEIN_COUPLED_RECEPTOR_SIGNALING_PATHWAY,,73,0.53471726,1.5893157,0.0016313214,0.035411004,1.0,3697,"tags=29%, list=13%, signal=33%",
REACTOME_RECYCLING_PATHWAY_OF_L1,REACTOME_RECYCLING_PATHWAY_OF_L1,,47,0.5651587,1.5892285,0.006779661,0.03541759,1.0,6030,"tags=49%, list=22%, signal=62%",
GOBP_EARLY_ENDOSOME_TO_GOLGI_TRANSPORT,GOBP_EARLY_ENDOSOME_TO_GOLGI_TRANSPORT,,17,0.7052298,1.5892036,0.010869565,0.03540497,1.0,3026,"tags=47%, list=11%, signal=53%",
GOBP_HYALURONAN_METABOLIC_PROCESS,GOBP_HYALURONAN_METABOLIC_PROCESS,,30,0.6157357,1.5890676,0.015050167,0.035444144,1.0,3776,"tags=40%, list=14%, signal=46%",
GOBP_POSITIVE_REGULATION_OF_EPITHELIAL_CELL_MIGRATION,GOBP_POSITIVE_REGULATION_OF_EPITHELIAL_CELL_MIGRATION,,39,0.5883072,1.5890334,0.009819968,0.035426907,1.0,4235,"tags=41%, list=15%, signal=48%",
GOBP_SYNAPTIC_VESICLE_RECYCLING,GOBP_SYNAPTIC_VESICLE_RECYCLING,,82,0.5200154,1.588693,0.0030487804,0.03554023,1.0,4302,"tags=40%, list=16%, signal=47%",
REACTOME_PTEN_REGULATION,REACTOME_PTEN_REGULATION,,124,0.49654433,1.5886775,0.0015600624,0.035515077,1.0,4938,"tags=42%, list=18%, signal=51%",
REACTOME_P75NTR_RECRUITS_SIGNALLING_COMPLEXES,REACTOME_P75NTR_RECRUITS_SIGNALLING_COMPLEXES,,12,0.74645877,1.5886525,0.018214935,0.035493378,1.0,5221,"tags=58%, list=19%, signal=72%",
GOBP_REGULATION_OF_SNARE_COMPLEX_ASSEMBLY,GOBP_REGULATION_OF_SNARE_COMPLEX_ASSEMBLY,,15,0.7174475,1.5878477,0.007142857,0.03580184,1.0,2686,"tags=40%, list=10%, signal=44%",
GOBP_REGULATION_OF_SIGNALING_RECEPTOR_ACTIVITY,GOBP_REGULATION_OF_SIGNALING_RECEPTOR_ACTIVITY,,50,0.56556994,1.5877806,0.008169935,0.035797846,1.0,4890,"tags=40%, list=18%, signal=48%",
GOBP_ANTIGEN_PROCESSING_AND_PRESENTATION_OF_PEPTIDE_OR_POLYSACCHARIDE_ANTIGEN_VIA_MHC_CLASS_II,GOBP_ANTIGEN_PROCESSING_AND_PRESENTATION_OF_PEPTIDE_OR_POLYSACCHARIDE_ANTIGEN_VIA_MHC_CLASS_II,,35,0.59934306,1.5872122,0.005244755,0.036001097,1.0,3624,"tags=37%, list=13%, signal=43%",
GOBP_NEGATIVE_REGULATION_OF_RECEPTOR_MEDIATED_ENDOCYTOSIS,GOBP_NEGATIVE_REGULATION_OF_RECEPTOR_MEDIATED_ENDOCYTOSIS,,26,0.63675016,1.5870886,0.008787346,0.036030527,1.0,4104,"tags=58%, list=15%, signal=68%",
GOBP_PROTEIN_LOCALIZATION_TO_EXTRACELLULAR_REGION,GOBP_PROTEIN_LOCALIZATION_TO_EXTRACELLULAR_REGION,,325,0.4511451,1.5870779,0.0,0.03600733,1.0,5277,"tags=36%, list=19%, signal=44%",
GOBP_CELLULAR_RESPONSE_TO_ANGIOTENSIN,GOBP_CELLULAR_RESPONSE_TO_ANGIOTENSIN,,27,0.645343,1.5866026,0.0050675673,0.036185525,1.0,6046,"tags=52%, list=22%, signal=66%",
GOBP_POSITIVE_REGULATION_OF_NEUTROPHIL_MIGRATION,GOBP_POSITIVE_REGULATION_OF_NEUTROPHIL_MIGRATION,,31,0.6192592,1.5865566,0.014260249,0.03617011,1.0,2807,"tags=42%, list=10%, signal=47%",
GOBP_FERROPTOSIS,GOBP_FERROPTOSIS,,29,0.62106955,1.5865126,0.010309278,0.03615578,1.0,3110,"tags=34%, list=11%, signal=39%",
GOBP_COLLAGEN_METABOLIC_PROCESS,GOBP_COLLAGEN_METABOLIC_PROCESS,,92,0.5148968,1.5861027,0.0031545742,0.03629549,1.0,4796,"tags=41%, list=17%, signal=50%",
GOBP_REGULATION_OF_CATECHOLAMINE_METABOLIC_PROCESS,GOBP_REGULATION_OF_CATECHOLAMINE_METABOLIC_PROCESS,,15,0.72597224,1.5860052,0.015929203,0.036296632,1.0,4302,"tags=47%, list=16%, signal=55%",
GOBP_EOSINOPHIL_ACTIVATION,GOBP_EOSINOPHIL_ACTIVATION,,10,0.78902394,1.5857404,0.010733453,0.036389075,1.0,3616,"tags=50%, list=13%, signal=57%",
GOBP_NUCLEOSIDE_PHOSPHATE_CATABOLIC_PROCESS,GOBP_NUCLEOSIDE_PHOSPHATE_CATABOLIC_PROCESS,,177,0.471557,1.5857028,0.0,0.03637791,1.0,3693,"tags=31%, list=13%, signal=35%",
GOBP_SUBSTANTIA_NIGRA_DEVELOPMENT,GOBP_SUBSTANTIA_NIGRA_DEVELOPMENT,,45,0.5724528,1.5854595,0.0064102565,0.036443606,1.0,5690,"tags=56%, list=21%, signal=70%",
GOBP_REGULATION_OF_DEFENSE_RESPONSE_TO_VIRUS_BY_HOST,GOBP_REGULATION_OF_DEFENSE_RESPONSE_TO_VIRUS_BY_HOST,,42,0.5745758,1.5853261,0.004784689,0.03647913,1.0,2455,"tags=36%, list=9%, signal=39%",
GOBP_NEGATIVE_REGULATION_OF_PHOSPHORUS_METABOLIC_PROCESS,GOBP_NEGATIVE_REGULATION_OF_PHOSPHORUS_METABOLIC_PROCESS,,158,0.47898582,1.5849342,0.0,0.036602233,1.0,4343,"tags=37%, list=16%, signal=43%",
GOBP_STEROL_METABOLIC_PROCESS,GOBP_STEROL_METABOLIC_PROCESS,,140,0.48684,1.5845886,0.0,0.036740698,1.0,4360,"tags=32%, list=16%, signal=38%",
GOBP_NATURAL_KILLER_CELL_DEGRANULATION,GOBP_NATURAL_KILLER_CELL_DEGRANULATION,,12,0.7713994,1.5844554,0.018248174,0.03676162,1.0,4208,"tags=58%, list=15%, signal=69%",
GOBP_SYNAPTIC_TRANSMISSION_DOPAMINERGIC,GOBP_SYNAPTIC_TRANSMISSION_DOPAMINERGIC,,17,0.7011565,1.5839742,0.01438849,0.036955126,1.0,4302,"tags=53%, list=16%, signal=63%",
GOBP_BONE_RESORPTION,GOBP_BONE_RESORPTION,,58,0.5480992,1.5839144,0.0016025641,0.03694464,1.0,5112,"tags=57%, list=18%, signal=70%",
GOBP_REGULATION_OF_APOPTOTIC_PROCESS_INVOLVED_IN_DEVELOPMENT,GOBP_REGULATION_OF_APOPTOTIC_PROCESS_INVOLVED_IN_DEVELOPMENT,,11,0.7863581,1.5835375,0.0036832413,0.037088107,1.0,4646,"tags=64%, list=17%, signal=76%",
GOBP_REGULATION_OF_RELEASE_OF_SEQUESTERED_CALCIUM_ION_INTO_CYTOSOL_BY_SARCOPLASMIC_RETICULUM,GOBP_REGULATION_OF_RELEASE_OF_SEQUESTERED_CALCIUM_ION_INTO_CYTOSOL_BY_SARCOPLASMIC_RETICULUM,,28,0.63641626,1.5834711,0.012280702,0.037087526,1.0,5180,"tags=54%, list=19%, signal=66%",
GOBP_REGULATION_OF_CD4_POSITIVE_ALPHA_BETA_T_CELL_DIFFERENTIATION,GOBP_REGULATION_OF_CD4_POSITIVE_ALPHA_BETA_T_CELL_DIFFERENTIATION,,59,0.54955715,1.5831395,0.0032948928,0.03720023,1.0,3421,"tags=41%, list=12%, signal=46%",
GOBP_T_HELPER_17_TYPE_IMMUNE_RESPONSE,GOBP_T_HELPER_17_TYPE_IMMUNE_RESPONSE,,68,0.5336669,1.5829493,0.0034542314,0.03725673,1.0,3285,"tags=43%, list=12%, signal=48%",
REACTOME_DISEASES_OF_SIGNAL_TRANSDUCTION_BY_GROWTH_FACTOR_RECEPTORS_AND_SECOND_MESSENGERS,REACTOME_DISEASES_OF_SIGNAL_TRANSDUCTION_BY_GROWTH_FACTOR_RECEPTORS_AND_SECOND_MESSENGERS,,421,0.44133595,1.5829262,0.0,0.037238438,1.0,4681,"tags=36%, list=17%, signal=43%",
GOBP_ALCOHOL_CATABOLIC_PROCESS,GOBP_ALCOHOL_CATABOLIC_PROCESS,,29,0.63100696,1.5824795,0.015100671,0.037401598,1.0,3227,"tags=41%, list=12%, signal=47%",
GOBP_SYNAPTIC_VESICLE_TRANSPORT,GOBP_SYNAPTIC_VESICLE_TRANSPORT,,47,0.5626686,1.5823699,0.0069204154,0.03741725,1.0,5407,"tags=49%, list=19%, signal=61%",
REACTOME_PTK6_REGULATES_RHO_GTPASES_RAS_GTPASE_AND_MAP_KINASES,REACTOME_PTK6_REGULATES_RHO_GTPASES_RAS_GTPASE_AND_MAP_KINASES,,14,0.7288792,1.5821643,0.009090909,0.037463546,1.0,3417,"tags=43%, list=12%, signal=49%",
REACTOME_TURBULENT_OSCILLATORY_DISTURBED_FLOW_SHEAR_STRESS_ACTIVATES_SIGNALING_BY_PIEZO1_AND_INTEGRINS_IN_ENDOTHELIAL_CELLS,REACTOME_TURBULENT_OSCILLATORY_DISTURBED_FLOW_SHEAR_STRESS_ACTIVATES_SIGNALING_BY_PIEZO1_AND_INTEGRINS_IN_ENDOTHELIAL_CELLS,,30,0.607643,1.5818583,0.020477816,0.037551645,1.0,6046,"tags=60%, list=22%, signal=77%",
REACTOME_WNT5A_DEPENDENT_INTERNALIZATION_OF_FZD4,REACTOME_WNT5A_DEPENDENT_INTERNALIZATION_OF_FZD4,,14,0.7285884,1.5816014,0.019927537,0.037619833,1.0,1867,"tags=50%, list=7%, signal=54%",
GOBP_REGULATION_OF_CELL_MATRIX_ADHESION,GOBP_REGULATION_OF_CELL_MATRIX_ADHESION,,111,0.49717528,1.5814898,0.0,0.037630845,1.0,5041,"tags=42%, list=18%, signal=52%",
REACTOME_APOPTOTIC_FACTOR_MEDIATED_RESPONSE,REACTOME_APOPTOTIC_FACTOR_MEDIATED_RESPONSE,,20,0.6802825,1.5814152,0.02578269,0.037628707,1.0,4767,"tags=55%, list=17%, signal=66%",
GOBP_ACTIN_FILAMENT_POLYMERIZATION,GOBP_ACTIN_FILAMENT_POLYMERIZATION,,145,0.4802995,1.5810353,0.0014684288,0.037756532,1.0,4367,"tags=43%, list=16%, signal=50%",
GOBP_DETECTION_OF_CELL_DENSITY,GOBP_DETECTION_OF_CELL_DENSITY,,12,0.7556907,1.5809137,0.013182675,0.037776176,1.0,3053,"tags=50%, list=11%, signal=56%",
REACTOME_NEGATIVE_REGULATION_OF_MET_ACTIVITY,REACTOME_NEGATIVE_REGULATION_OF_MET_ACTIVITY,,19,0.6784823,1.580773,0.021390375,0.03781324,1.0,4451,"tags=74%, list=16%, signal=88%",
GOBP_REGULATION_OF_T_HELPER_17_CELL_DIFFERENTIATION,GOBP_REGULATION_OF_T_HELPER_17_CELL_DIFFERENTIATION,,26,0.63654834,1.5805907,0.016666668,0.03783815,1.0,2455,"tags=38%, list=9%, signal=42%",
GOBP_CELL_DIFFERENTIATION_INVOLVED_IN_EMBRYONIC_PLACENTA_DEVELOPMENT,GOBP_CELL_DIFFERENTIATION_INVOLVED_IN_EMBRYONIC_PLACENTA_DEVELOPMENT,,22,0.6579835,1.5804292,0.012006861,0.03786956,1.0,6630,"tags=59%, list=24%, signal=78%",
GOBP_PROTEIN_DEPHOSPHORYLATION,GOBP_PROTEIN_DEPHOSPHORYLATION,,78,0.5301446,1.5802755,0.0031152647,0.037897702,1.0,4081,"tags=37%, list=15%, signal=43%",
GOBP_SULFATION,GOBP_SULFATION,,13,0.7307331,1.579895,0.013035382,0.03803563,1.0,4705,"tags=46%, list=17%, signal=56%",
REACTOME_METABOLISM_OF_ANGIOTENSINOGEN_TO_ANGIOTENSINS,REACTOME_METABOLISM_OF_ANGIOTENSINOGEN_TO_ANGIOTENSINS,,12,0.7539899,1.579719,0.01509434,0.038073502,1.0,4530,"tags=67%, list=16%, signal=80%",
GOBP_GLUCAN_METABOLIC_PROCESS,GOBP_GLUCAN_METABOLIC_PROCESS,,79,0.51714426,1.5795859,0.0015948963,0.038095027,1.0,5049,"tags=41%, list=18%, signal=49%",
GOBP_NEGATIVE_REGULATION_OF_INFLAMMATORY_RESPONSE_TO_ANTIGENIC_STIMULUS,GOBP_NEGATIVE_REGULATION_OF_INFLAMMATORY_RESPONSE_TO_ANTIGENIC_STIMULUS,,31,0.60860723,1.5793246,0.015025042,0.038157526,1.0,3356,"tags=48%, list=12%, signal=55%",
GOBP_NUCLEOSIDE_DIPHOSPHATE_METABOLIC_PROCESS,GOBP_NUCLEOSIDE_DIPHOSPHATE_METABOLIC_PROCESS,,129,0.48802066,1.5788536,0.0,0.038343888,1.0,5192,"tags=41%, list=19%, signal=50%",
GOBP_REGULATION_OF_MONOCYTE_CHEMOTAXIS,GOBP_REGULATION_OF_MONOCYTE_CHEMOTAXIS,,24,0.6497464,1.5787549,0.014159292,0.03835099,1.0,3411,"tags=42%, list=12%, signal=47%",
GOBP_INTERLEUKIN_18_MEDIATED_SIGNALING_PATHWAY,GOBP_INTERLEUKIN_18_MEDIATED_SIGNALING_PATHWAY,,10,0.78302574,1.5784844,0.016393442,0.038454376,1.0,1682,"tags=50%, list=6%, signal=53%",
GOBP_REGULATION_OF_MYELOID_LEUKOCYTE_DIFFERENTIATION,GOBP_REGULATION_OF_MYELOID_LEUKOCYTE_DIFFERENTIATION,,113,0.4994447,1.5782417,0.0015037594,0.038521986,1.0,4931,"tags=42%, list=18%, signal=51%",
GOBP_GLYCOPHAGY,GOBP_GLYCOPHAGY,,12,0.74871415,1.57801,0.016483517,0.03860049,1.0,4756,"tags=58%, list=17%, signal=70%",
GOBP_REGULATION_OF_TYROSINE_PHOSPHORYLATION_OF_STAT_PROTEIN,GOBP_REGULATION_OF_TYROSINE_PHOSPHORYLATION_OF_STAT_PROTEIN,,31,0.6025513,1.5775902,0.010291595,0.038746823,1.0,3014,"tags=39%, list=11%, signal=43%",
GOBP_FATTY_ACID_DERIVATIVE_METABOLIC_PROCESS,GOBP_FATTY_ACID_DERIVATIVE_METABOLIC_PROCESS,,77,0.51811886,1.577406,0.0032,0.038795553,1.0,4101,"tags=35%, list=15%, signal=41%",
GOBP_POSITIVE_REGULATION_OF_CYTOKINE_PRODUCTION_INVOLVED_IN_INFLAMMATORY_RESPONSE,GOBP_POSITIVE_REGULATION_OF_CYTOKINE_PRODUCTION_INVOLVED_IN_INFLAMMATORY_RESPONSE,,28,0.61346614,1.5773679,0.004950495,0.038781688,1.0,2257,"tags=36%, list=8%, signal=39%",
REACTOME_TRANSLATION_OF_SARS_COV_1_STRUCTURAL_PROTEINS,REACTOME_TRANSLATION_OF_SARS_COV_1_STRUCTURAL_PROTEINS,,29,0.62259805,1.5772777,0.008944544,0.038793635,1.0,2657,"tags=45%, list=10%, signal=50%",
GOBP_NATURAL_KILLER_CELL_ACTIVATION_INVOLVED_IN_IMMUNE_RESPONSE,GOBP_NATURAL_KILLER_CELL_ACTIVATION_INVOLVED_IN_IMMUNE_RESPONSE,,15,0.7149721,1.5771706,0.025773196,0.038805787,1.0,4208,"tags=47%, list=15%, signal=55%",
REACTOME_TRAFFICKING_AND_PROCESSING_OF_ENDOSOMAL_TLR,REACTOME_TRAFFICKING_AND_PROCESSING_OF_ENDOSOMAL_TLR,,13,0.7401061,1.5767219,0.01724138,0.03895849,1.0,4021,"tags=69%, list=14%, signal=81%",
GOBP_RESPONSE_TO_FLUID_SHEAR_STRESS,GOBP_RESPONSE_TO_FLUID_SHEAR_STRESS,,55,0.5473057,1.5760605,0.014516129,0.039217327,1.0,5003,"tags=38%, list=18%, signal=46%",
REACTOME_SARS_COV_INFECTIONS,REACTOME_SARS_COV_INFECTIONS,,447,0.43533257,1.5757817,0.0,0.039316062,1.0,3614,"tags=27%, list=13%, signal=31%",
REACTOME_L1CAM_INTERACTIONS,REACTOME_L1CAM_INTERACTIONS,,113,0.49479702,1.575714,0.0031595577,0.039298654,1.0,6126,"tags=42%, list=22%, signal=54%",
GOBP_PROTEIN_CONTAINING_COMPLEX_DISASSEMBLY,GOBP_PROTEIN_CONTAINING_COMPLEX_DISASSEMBLY,,260,0.45793802,1.5756807,0.0,0.039279077,1.0,4634,"tags=33%, list=17%, signal=39%",
GOBP_POLYOL_METABOLIC_PROCESS,GOBP_POLYOL_METABOLIC_PROCESS,,94,0.51153547,1.5756376,0.0,0.039268132,1.0,4483,"tags=31%, list=16%, signal=37%",
REACTOME_CYTOSOLIC_SENSORS_OF_PATHOGEN_ASSOCIATED_DNA,REACTOME_CYTOSOLIC_SENSORS_OF_PATHOGEN_ASSOCIATED_DNA,,63,0.5355666,1.5751275,0.006666667,0.039470837,1.0,4459,"tags=40%, list=16%, signal=47%",
GOBP_REGULATION_OF_ORGANIC_ACID_TRANSPORT,GOBP_REGULATION_OF_ORGANIC_ACID_TRANSPORT,,57,0.5474119,1.5749853,0.0050167223,0.039498184,1.0,4813,"tags=37%, list=17%, signal=44%",
GOBP_SIGNALING_RECEPTOR_LIGAND_PRECURSOR_PROCESSING,GOBP_SIGNALING_RECEPTOR_LIGAND_PRECURSOR_PROCESSING,,39,0.58025324,1.5746622,0.007067138,0.039602634,1.0,4746,"tags=46%, list=17%, signal=56%",
GOBP_LEUKOCYTE_CELL_CELL_ADHESION,GOBP_LEUKOCYTE_CELL_CELL_ADHESION,,406,0.43457925,1.5741471,0.0,0.03976667,1.0,3490,"tags=33%, list=13%, signal=38%",
GOBP_POSITIVE_REGULATION_OF_MYELOID_LEUKOCYTE_CYTOKINE_PRODUCTION_INVOLVED_IN_IMMUNE_RESPONSE,GOBP_POSITIVE_REGULATION_OF_MYELOID_LEUKOCYTE_CYTOKINE_PRODUCTION_INVOLVED_IN_IMMUNE_RESPONSE,,23,0.65869373,1.5734245,0.0053003533,0.040065836,1.0,4077,"tags=43%, list=15%, signal=51%",
GOBP_POSITIVE_REGULATION_OF_VASCULAR_ENDOTHELIAL_GROWTH_FACTOR_PRODUCTION,GOBP_POSITIVE_REGULATION_OF_VASCULAR_ENDOTHELIAL_GROWTH_FACTOR_PRODUCTION,,26,0.63750845,1.5734102,0.013675214,0.040037252,1.0,5037,"tags=62%, list=18%, signal=75%",
GOBP_CELLULAR_RESPONSE_TO_CARBOHYDRATE_STIMULUS,GOBP_CELLULAR_RESPONSE_TO_CARBOHYDRATE_STIMULUS,,135,0.48353982,1.5733757,0.0015243902,0.040020417,1.0,5199,"tags=37%, list=19%, signal=45%",
GOBP_POSITIVE_REGULATION_OF_MACROPHAGE_MIGRATION,GOBP_POSITIVE_REGULATION_OF_MACROPHAGE_MIGRATION,,25,0.63898534,1.5731959,0.017421603,0.040068448,1.0,3356,"tags=48%, list=12%, signal=55%",
GOBP_VESICLE_DOCKING_INVOLVED_IN_EXOCYTOSIS,GOBP_VESICLE_DOCKING_INVOLVED_IN_EXOCYTOSIS,,34,0.5963786,1.572906,0.00862069,0.04018869,1.0,3654,"tags=41%, list=13%, signal=47%",
GOBP_TRANSFORMING_GROWTH_FACTOR_BETA1_PRODUCTION,GOBP_TRANSFORMING_GROWTH_FACTOR_BETA1_PRODUCTION,,16,0.6886146,1.5728759,0.016423358,0.040167496,1.0,3182,"tags=38%, list=11%, signal=42%",
REACTOME_CASPASE_ACTIVATION_VIA_DEATH_RECEPTORS_IN_THE_PRESENCE_OF_LIGAND,REACTOME_CASPASE_ACTIVATION_VIA_DEATH_RECEPTORS_IN_THE_PRESENCE_OF_LIGAND,,16,0.69892865,1.5728227,0.01754386,0.04016545,1.0,2421,"tags=50%, list=9%, signal=55%",
GOBP_REGULATION_OF_CELL_CELL_ADHESION,GOBP_REGULATION_OF_CELL_CELL_ADHESION,,469,0.43187165,1.5724825,0.0,0.04031191,1.0,3287,"tags=30%, list=12%, signal=33%",
GOBP_REGULATION_OF_FOCAL_ADHESION_DISASSEMBLY,GOBP_REGULATION_OF_FOCAL_ADHESION_DISASSEMBLY,,11,0.7662203,1.5724204,0.022514071,0.040302392,1.0,4257,"tags=45%, list=15%, signal=54%",
GOBP_REGULATION_OF_REACTIVE_OXYGEN_SPECIES_BIOSYNTHETIC_PROCESS,GOBP_REGULATION_OF_REACTIVE_OXYGEN_SPECIES_BIOSYNTHETIC_PROCESS,,42,0.5809311,1.571954,0.013333334,0.04050042,1.0,2194,"tags=31%, list=8%, signal=34%",
GOBP_REGULATION_OF_NEUTROPHIL_ACTIVATION,GOBP_REGULATION_OF_NEUTROPHIL_ACTIVATION,,10,0.78063184,1.5719175,0.016981132,0.040482268,1.0,2107,"tags=40%, list=8%, signal=43%",
REACTOME_SIGNALING_BY_NUCLEAR_RECEPTORS,REACTOME_SIGNALING_BY_NUCLEAR_RECEPTORS,,254,0.45530677,1.5715643,0.0,0.04059833,1.0,4761,"tags=30%, list=17%, signal=35%",
GOBP_GLYCEROL_METABOLIC_PROCESS,GOBP_GLYCEROL_METABOLIC_PROCESS,,14,0.71665275,1.5714576,0.008865248,0.040603403,1.0,3227,"tags=43%, list=12%, signal=48%",
GOBP_RECEPTOR_METABOLIC_PROCESS,GOBP_RECEPTOR_METABOLIC_PROCESS,,74,0.5220106,1.5713842,0.0064620357,0.040595718,1.0,4759,"tags=42%, list=17%, signal=50%",
GOBP_PURINE_CONTAINING_COMPOUND_SALVAGE,GOBP_PURINE_CONTAINING_COMPOUND_SALVAGE,,23,0.63530284,1.5712862,0.017699115,0.040614445,1.0,3287,"tags=30%, list=12%, signal=34%",
REACTOME_MET_ACTIVATES_RAP1_AND_RAC1,REACTOME_MET_ACTIVATES_RAP1_AND_RAC1,,11,0.76249355,1.5707016,0.007259528,0.04087652,1.0,3417,"tags=45%, list=12%, signal=52%",
GOBP_NEGATIVE_REGULATION_OF_MEGAKARYOCYTE_DIFFERENTIATION,GOBP_NEGATIVE_REGULATION_OF_MEGAKARYOCYTE_DIFFERENTIATION,,17,0.6858513,1.570526,0.019748654,0.040928748,1.0,1741,"tags=29%, list=6%, signal=31%",
GOBP_NEGATIVE_REGULATION_OF_ALPHA_BETA_T_CELL_PROLIFERATION,GOBP_NEGATIVE_REGULATION_OF_ALPHA_BETA_T_CELL_PROLIFERATION,,14,0.7104711,1.5703008,0.02460457,0.041008197,1.0,3114,"tags=43%, list=11%, signal=48%",
GOBP_POSITIVE_REGULATION_OF_LIPID_LOCALIZATION,GOBP_POSITIVE_REGULATION_OF_LIPID_LOCALIZATION,,84,0.5189937,1.570227,0.0016025641,0.04100447,1.0,4385,"tags=42%, list=16%, signal=49%",
REACTOME_B_WICH_COMPLEX_POSITIVELY_REGULATES_RRNA_EXPRESSION,REACTOME_B_WICH_COMPLEX_POSITIVELY_REGULATES_RRNA_EXPRESSION,,77,0.5215337,1.5697987,0.004792332,0.041149758,1.0,3526,"tags=32%, list=13%, signal=37%",
GOBP_ATP_BIOSYNTHETIC_PROCESS,GOBP_ATP_BIOSYNTHETIC_PROCESS,,104,0.49825728,1.5696595,0.0032,0.041185733,1.0,7167,"tags=43%, list=26%, signal=58%",
GOBP_REGULATION_OF_T_HELPER_2_CELL_DIFFERENTIATION,GOBP_REGULATION_OF_T_HELPER_2_CELL_DIFFERENTIATION,,11,0.75310904,1.5694312,0.022304833,0.041259415,1.0,5619,"tags=73%, list=20%, signal=91%",
REACTOME_FREE_FATTY_ACIDS_REGULATE_INSULIN_SECRETION,REACTOME_FREE_FATTY_ACIDS_REGULATE_INSULIN_SECRETION,,11,0.7613695,1.5690187,0.020833334,0.041397948,1.0,4040,"tags=55%, list=15%, signal=64%",
GOBP_POSITIVE_REGULATION_OF_NATURAL_KILLER_CELL_ACTIVATION,GOBP_POSITIVE_REGULATION_OF_NATURAL_KILLER_CELL_ACTIVATION,,23,0.64321995,1.5686637,0.025547445,0.041519444,1.0,1693,"tags=43%, list=6%, signal=46%",
REACTOME_SCAVENGING_OF_HEME_FROM_PLASMA,REACTOME_SCAVENGING_OF_HEME_FROM_PLASMA,,68,0.5308986,1.5685658,0.0015974441,0.041523766,1.0,1505,"tags=6%, list=5%, signal=6%",
GOBP_LONG_CHAIN_FATTY_ACID_METABOLIC_PROCESS,GOBP_LONG_CHAIN_FATTY_ACID_METABOLIC_PROCESS,,94,0.50196034,1.5685409,0.0015151515,0.04150916,1.0,4704,"tags=30%, list=17%, signal=36%",
GOBP_TRANSEPITHELIAL_TRANSPORT,GOBP_TRANSEPITHELIAL_TRANSPORT,,35,0.587223,1.5682279,0.019769358,0.0416001,1.0,5358,"tags=37%, list=19%, signal=46%",
REACTOME_MODULATION_OF_HOST_RESPONSES_BY_IFN_STIMULATED_GENES,REACTOME_MODULATION_OF_HOST_RESPONSES_BY_IFN_STIMULATED_GENES,,19,0.6692543,1.5675068,0.016666668,0.041888706,1.0,4963,"tags=58%, list=18%, signal=70%",
GOBP_NEUROTRANSMITTER_TRANSPORT,GOBP_NEUROTRANSMITTER_TRANSPORT,,176,0.47374856,1.5675001,0.0,0.04186028,1.0,4964,"tags=34%, list=18%, signal=41%",
GOBP_REGULATION_OF_AMPA_RECEPTOR_ACTIVITY,GOBP_REGULATION_OF_AMPA_RECEPTOR_ACTIVITY,,26,0.6394911,1.567455,0.013840831,0.04185173,1.0,4890,"tags=46%, list=18%, signal=56%",
GOBP_NEGATIVE_REGULATION_OF_ACTIVATED_T_CELL_PROLIFERATION,GOBP_NEGATIVE_REGULATION_OF_ACTIVATED_T_CELL_PROLIFERATION,,15,0.6963993,1.5674046,0.026041666,0.04182968,1.0,1159,"tags=33%, list=4%, signal=35%",
GOBP_IRE1_MEDIATED_UNFOLDED_PROTEIN_RESPONSE,GOBP_IRE1_MEDIATED_UNFOLDED_PROTEIN_RESPONSE,,22,0.6563307,1.5671307,0.012280702,0.04192833,1.0,5529,"tags=59%, list=20%, signal=74%",
REACTOME_REGULATION_OF_RAS_BY_GAPS,REACTOME_REGULATION_OF_RAS_BY_GAPS,,55,0.5449566,1.5671141,0.0067681894,0.041901033,1.0,5709,"tags=53%, list=21%, signal=66%",
GOBP_CARBOHYDRATE_HOMEOSTASIS,GOBP_CARBOHYDRATE_HOMEOSTASIS,,227,0.45656353,1.5669421,0.0,0.04195365,1.0,5403,"tags=37%, list=19%, signal=46%",
GOBP_POSITIVE_REGULATION_OF_TRIGLYCERIDE_BIOSYNTHETIC_PROCESS,GOBP_POSITIVE_REGULATION_OF_TRIGLYCERIDE_BIOSYNTHETIC_PROCESS,,13,0.73537225,1.5669421,0.010733453,0.04192014,1.0,5597,"tags=69%, list=20%, signal=87%",
GOBP_NEGATIVE_REGULATION_OF_RELEASE_OF_CYTOCHROME_C_FROM_MITOCHONDRIA,GOBP_NEGATIVE_REGULATION_OF_RELEASE_OF_CYTOCHROME_C_FROM_MITOCHONDRIA,,20,0.66461664,1.5668336,0.014545455,0.041934583,1.0,4482,"tags=55%, list=16%, signal=66%",
GOBP_NEGATIVE_REGULATION_OF_COMPLEMENT_ACTIVATION,GOBP_NEGATIVE_REGULATION_OF_COMPLEMENT_ACTIVATION,,13,0.7281165,1.5667958,0.011090573,0.04191566,1.0,2293,"tags=62%, list=8%, signal=67%",
GOBP_REGULATION_OF_AUTOPHAGY_OF_MITOCHONDRION,GOBP_REGULATION_OF_AUTOPHAGY_OF_MITOCHONDRION,,53,0.5517834,1.5665764,0.007974481,0.041970342,1.0,3662,"tags=32%, list=13%, signal=37%",
REACTOME_LISTERIA_MONOCYTOGENES_ENTRY_INTO_HOST_CELLS,REACTOME_LISTERIA_MONOCYTOGENES_ENTRY_INTO_HOST_CELLS,,18,0.68515384,1.5662475,0.016949153,0.04208478,1.0,5221,"tags=67%, list=19%, signal=82%",
GOBP_ENDOPLASMIC_RETICULUM_TO_CYTOSOL_TRANSPORT,GOBP_ENDOPLASMIC_RETICULUM_TO_CYTOSOL_TRANSPORT,,29,0.61767244,1.5660062,0.015625,0.042175133,1.0,2974,"tags=38%, list=11%, signal=42%",
REACTOME_RESPIRATORY_SYNCYTIAL_VIRUS_RSV_ATTACHMENT_AND_ENTRY,REACTOME_RESPIRATORY_SYNCYTIAL_VIRUS_RSV_ATTACHMENT_AND_ENTRY,,22,0.64425963,1.5656068,0.012323944,0.04232504,1.0,2214,"tags=36%, list=8%, signal=39%",
REACTOME_SIGNALING_BY_PTK6,REACTOME_SIGNALING_BY_PTK6,,51,0.551173,1.5655785,0.016666668,0.042305905,1.0,3531,"tags=31%, list=13%, signal=36%",
GOBP_NEGATIVE_REGULATION_OF_ERK1_AND_ERK2_CASCADE,GOBP_NEGATIVE_REGULATION_OF_ERK1_AND_ERK2_CASCADE,,65,0.5270099,1.5654069,0.003236246,0.04235079,1.0,3952,"tags=34%, list=14%, signal=39%",
GOBP_POSITIVE_REGULATION_OF_NUCLEOCYTOPLASMIC_TRANSPORT,GOBP_POSITIVE_REGULATION_OF_NUCLEOCYTOPLASMIC_TRANSPORT,,57,0.5399349,1.565298,0.00949367,0.042369843,1.0,3021,"tags=28%, list=11%, signal=31%",
GOBP_CELLULAR_RESPIRATION,GOBP_CELLULAR_RESPIRATION,,315,0.4457123,1.5650835,0.0,0.04243908,1.0,5387,"tags=34%, list=19%, signal=42%",
GOBP_REGULATION_OF_NEUROTRANSMITTER_RECEPTOR_ACTIVITY,GOBP_REGULATION_OF_NEUROTRANSMITTER_RECEPTOR_ACTIVITY,,31,0.6006459,1.5650553,0.015384615,0.042412695,1.0,4890,"tags=39%, list=18%, signal=47%",
REACTOME_SIGNAL_REGULATORY_PROTEIN_FAMILY_INTERACTIONS,REACTOME_SIGNAL_REGULATORY_PROTEIN_FAMILY_INTERACTIONS,,14,0.70941323,1.5649768,0.025878003,0.042416107,1.0,2588,"tags=57%, list=9%, signal=63%",
GOBP_RESPONSE_TO_ERYTHROPOIETIN,GOBP_RESPONSE_TO_ERYTHROPOIETIN,,10,0.78094614,1.5648504,0.012237762,0.04244098,1.0,3121,"tags=50%, list=11%, signal=56%",
REACTOME_GLYCEROPHOSPHOLIPID_BIOSYNTHESIS,REACTOME_GLYCEROPHOSPHOLIPID_BIOSYNTHESIS,,110,0.49226752,1.5646678,0.0030864198,0.042494696,1.0,4844,"tags=43%, list=17%, signal=52%",
GOBP_REGULATION_OF_LEUKOCYTE_CHEMOTAXIS,GOBP_REGULATION_OF_LEUKOCYTE_CHEMOTAXIS,,108,0.4961381,1.5644609,0.0016583748,0.042544182,1.0,3411,"tags=36%, list=12%, signal=41%",
GOBP_REGULATION_OF_FATTY_ACID_TRANSPORT,GOBP_REGULATION_OF_FATTY_ACID_TRANSPORT,,27,0.63085437,1.5644345,0.012173913,0.04251878,1.0,4813,"tags=44%, list=17%, signal=54%",
GOBP_RESPONSE_TO_CADMIUM_ION,GOBP_RESPONSE_TO_CADMIUM_ION,,36,0.593481,1.5643466,0.01618705,0.042526126,1.0,4561,"tags=31%, list=16%, signal=37%",
GOBP_NERVE_GROWTH_FACTOR_SIGNALING_PATHWAY,GOBP_NERVE_GROWTH_FACTOR_SIGNALING_PATHWAY,,11,0.757073,1.5638229,0.009505703,0.042759497,1.0,3963,"tags=45%, list=14%, signal=53%",
GOBP_SPHINGOMYELIN_METABOLIC_PROCESS,GOBP_SPHINGOMYELIN_METABOLIC_PROCESS,,18,0.6583934,1.563811,0.027972028,0.04273407,1.0,4104,"tags=50%, list=15%, signal=59%",
GOBP_PHAGOCYTOSIS_RECOGNITION,GOBP_PHAGOCYTOSIS_RECOGNITION,,26,0.63586414,1.5636998,0.019097222,0.042750496,1.0,2257,"tags=31%, list=8%, signal=33%",
GOBP_NUCLEOTIDE_METABOLIC_PROCESS,GOBP_NUCLEOTIDE_METABOLIC_PROCESS,,466,0.43246895,1.5636669,0.0,0.04273128,1.0,4661,"tags=29%, list=17%, signal=34%",
GOBP_NEGATIVE_REGULATION_OF_MONOATOMIC_ION_TRANSMEMBRANE_TRANSPORT,GOBP_NEGATIVE_REGULATION_OF_MONOATOMIC_ION_TRANSMEMBRANE_TRANSPORT,,57,0.55206025,1.5635573,0.004823151,0.042745568,1.0,4760,"tags=42%, list=17%, signal=51%",
GOBP_NITRIC_OXIDE_MEDIATED_SIGNAL_TRANSDUCTION,GOBP_NITRIC_OXIDE_MEDIATED_SIGNAL_TRANSDUCTION,,17,0.68290704,1.563549,0.019097222,0.042714104,1.0,4826,"tags=41%, list=17%, signal=50%",
GOBP_REGULATION_OF_NEUROTRANSMITTER_TRANSPORT,GOBP_REGULATION_OF_NEUROTRANSMITTER_TRANSPORT,,87,0.5102975,1.5634804,0.0031948881,0.042715162,1.0,2881,"tags=23%, list=10%, signal=26%",
GOBP_RESPONSE_TO_LAMINAR_FLUID_SHEAR_STRESS,GOBP_RESPONSE_TO_LAMINAR_FLUID_SHEAR_STRESS,,31,0.605498,1.5634729,0.006980803,0.04268375,1.0,4519,"tags=32%, list=16%, signal=38%",
GOBP_CHRONIC_INFLAMMATORY_RESPONSE,GOBP_CHRONIC_INFLAMMATORY_RESPONSE,,20,0.6667225,1.5631703,0.01682243,0.042775568,1.0,3351,"tags=50%, list=12%, signal=57%",
GOBP_STRESS_ACTIVATED_PROTEIN_KINASE_SIGNALING_CASCADE,GOBP_STRESS_ACTIVATED_PROTEIN_KINASE_SIGNALING_CASCADE,,53,0.5457097,1.5631108,0.003502627,0.042769514,1.0,5357,"tags=47%, list=19%, signal=58%",
GOBP_COPPER_ION_TRANSPORT,GOBP_COPPER_ION_TRANSPORT,,14,0.7117359,1.5629355,0.024074074,0.042841747,1.0,6163,"tags=64%, list=22%, signal=83%",
GOBP_POSITIVE_REGULATION_OF_PHOSPHATIDYLINOSITOL_3_KINASE_PROTEIN_KINASE_B_SIGNAL_TRANSDUCTION,GOBP_POSITIVE_REGULATION_OF_PHOSPHATIDYLINOSITOL_3_KINASE_PROTEIN_KINASE_B_SIGNAL_TRANSDUCTION,,180,0.46314135,1.5626665,0.0,0.042926036,1.0,4325,"tags=33%, list=16%, signal=39%",
GOBP_NEGATIVE_REGULATION_OF_INTERLEUKIN_2_PRODUCTION,GOBP_NEGATIVE_REGULATION_OF_INTERLEUKIN_2_PRODUCTION,,25,0.62787026,1.562607,0.017921148,0.042916827,1.0,2008,"tags=40%, list=7%, signal=43%",
GOBP_REVERSE_CHOLESTEROL_TRANSPORT,GOBP_REVERSE_CHOLESTEROL_TRANSPORT,,14,0.7241891,1.5624559,0.017513135,0.042944107,1.0,5633,"tags=64%, list=20%, signal=81%",
GOBP_NEURON_APOPTOTIC_PROCESS,GOBP_NEURON_APOPTOTIC_PROCESS,,253,0.45171413,1.5621678,0.0,0.043042496,1.0,5053,"tags=35%, list=18%, signal=43%",
REACTOME_LATE_ENDOSOMAL_MICROAUTOPHAGY,REACTOME_LATE_ENDOSOMAL_MICROAUTOPHAGY,,33,0.60226756,1.5621659,0.0051020407,0.043008998,1.0,4573,"tags=58%, list=16%, signal=69%",
GOBP_REGULATION_OF_EXTRINSIC_APOPTOTIC_SIGNALING_PATHWAY_IN_ABSENCE_OF_LIGAND,GOBP_REGULATION_OF_EXTRINSIC_APOPTOTIC_SIGNALING_PATHWAY_IN_ABSENCE_OF_LIGAND,,38,0.57659566,1.5614847,0.011925043,0.04328079,1.0,6382,"tags=45%, list=23%, signal=58%",
GOBP_REGULATION_OF_SYNAPTIC_VESICLE_ENDOCYTOSIS,GOBP_REGULATION_OF_SYNAPTIC_VESICLE_ENDOCYTOSIS,,21,0.6646185,1.5614463,0.011049724,0.043261338,1.0,3561,"tags=48%, list=13%, signal=55%",
GOBP_SEROTONIN_TRANSPORT,GOBP_SEROTONIN_TRANSPORT,,16,0.69565755,1.5609748,0.020869566,0.043456703,1.0,1887,"tags=38%, list=7%, signal=40%",
GOBP_CYTOLYSIS,GOBP_CYTOLYSIS,,10,0.7751882,1.5609267,0.007633588,0.04344734,1.0,951,"tags=60%, list=3%, signal=62%",
REACTOME_MITOTIC_PROPHASE,REACTOME_MITOTIC_PROPHASE,,129,0.4843247,1.560825,0.0014836795,0.043455027,1.0,5493,"tags=40%, list=20%, signal=50%",
GOBP_MONOCARBOXYLIC_ACID_TRANSPORT,GOBP_MONOCARBOXYLIC_ACID_TRANSPORT,,131,0.4846141,1.5605303,0.0,0.043560147,1.0,4824,"tags=35%, list=17%, signal=42%",
GOBP_NEUROTRANSMITTER_SECRETION,GOBP_NEUROTRANSMITTER_SECRETION,,134,0.48253614,1.5605032,0.0,0.043543514,1.0,4964,"tags=34%, list=18%, signal=41%",
REACTOME_NEGATIVE_REGULATION_OF_FGFR4_SIGNALING,REACTOME_NEGATIVE_REGULATION_OF_FGFR4_SIGNALING,,25,0.6291817,1.5601748,0.01663586,0.043665845,1.0,6058,"tags=56%, list=22%, signal=72%",
GOBP_RESPONSE_TO_DSRNA,GOBP_RESPONSE_TO_DSRNA,,39,0.5752084,1.5596067,0.006557377,0.04390945,1.0,4796,"tags=44%, list=17%, signal=53%",
REACTOME_SEMA4D_INDUCED_CELL_MIGRATION_AND_GROWTH_CONE_COLLAPSE,REACTOME_SEMA4D_INDUCED_CELL_MIGRATION_AND_GROWTH_CONE_COLLAPSE,,19,0.67325586,1.5595524,0.021466905,0.04389462,1.0,3195,"tags=42%, list=12%, signal=48%",
GOBP_MEMBRANE_TUBULATION,GOBP_MEMBRANE_TUBULATION,,11,0.7523284,1.5594757,0.014336918,0.04389588,1.0,2939,"tags=45%, list=11%, signal=51%",
REACTOME_MATURATION_OF_SARS_COV_1_NUCLEOPROTEIN,REACTOME_MATURATION_OF_SARS_COV_1_NUCLEOPROTEIN,,11,0.76045483,1.5588098,0.016014235,0.044186436,1.0,2657,"tags=64%, list=10%, signal=70%",
GOBP_ELECTRON_TRANSPORT_CHAIN,GOBP_ELECTRON_TRANSPORT_CHAIN,,119,0.4834567,1.5582666,0.0,0.04441863,1.0,6432,"tags=39%, list=23%, signal=51%",
GOBP_REGULATION_OF_HUMORAL_IMMUNE_RESPONSE,GOBP_REGULATION_OF_HUMORAL_IMMUNE_RESPONSE,,39,0.573058,1.5581417,0.013289036,0.044456385,1.0,2615,"tags=38%, list=9%, signal=42%",
REACTOME_FCGR_ACTIVATION,REACTOME_FCGR_ACTIVATION,,69,0.5251378,1.5581017,0.0,0.04444223,1.0,1887,"tags=10%, list=7%, signal=11%",
GOBP_CALCIUM_ION_HOMEOSTASIS,GOBP_CALCIUM_ION_HOMEOSTASIS,,266,0.44843984,1.5579234,0.0,0.044506967,1.0,5223,"tags=34%, list=19%, signal=41%",
REACTOME_SARS_COV_2_INFECTION,REACTOME_SARS_COV_2_INFECTION,,277,0.44723535,1.5577065,0.0,0.044561643,1.0,3604,"tags=28%, list=13%, signal=32%",
REACTOME_MATURATION_OF_DENV_PROTEINS,REACTOME_MATURATION_OF_DENV_PROTEINS,,51,0.5487515,1.5576341,0.005444646,0.04456632,1.0,6583,"tags=45%, list=24%, signal=59%",
GOBP_POSITIVE_REGULATION_OF_ERK1_AND_ERK2_CASCADE,GOBP_POSITIVE_REGULATION_OF_ERK1_AND_ERK2_CASCADE,,154,0.4738726,1.5576305,0.0014947683,0.044533137,1.0,5142,"tags=34%, list=19%, signal=42%",
GOBP_NEGATIVE_REGULATION_OF_WOUND_HEALING,GOBP_NEGATIVE_REGULATION_OF_WOUND_HEALING,,59,0.53767115,1.5575477,0.006722689,0.04454084,1.0,4928,"tags=41%, list=18%, signal=49%",
GOBP_VASCULAR_ENDOTHELIAL_GROWTH_FACTOR_PRODUCTION,GOBP_VASCULAR_ENDOTHELIAL_GROWTH_FACTOR_PRODUCTION,,35,0.59619385,1.5574781,0.015025042,0.04453769,1.0,5037,"tags=54%, list=18%, signal=66%",
REACTOME_SEMAPHORIN_INTERACTIONS,REACTOME_SEMAPHORIN_INTERACTIONS,,60,0.5290047,1.5573765,0.0016286644,0.044544365,1.0,3356,"tags=37%, list=12%, signal=42%",
REACTOME_DOWNSTREAM_SIGNALING_EVENTS_OF_B_CELL_RECEPTOR_BCR,REACTOME_DOWNSTREAM_SIGNALING_EVENTS_OF_B_CELL_RECEPTOR_BCR,,68,0.52473056,1.5571725,0.0032310179,0.044614498,1.0,5323,"tags=51%, list=19%, signal=64%",
GOBP_REGULATION_OF_MITOCHONDRIAL_MEMBRANE_POTENTIAL,GOBP_REGULATION_OF_MITOCHONDRIAL_MEMBRANE_POTENTIAL,,70,0.5231506,1.5571582,0.011217949,0.04459236,1.0,4796,"tags=40%, list=17%, signal=48%",
GOBP_POSITIVE_REGULATION_OF_PROTEIN_SECRETION,GOBP_POSITIVE_REGULATION_OF_PROTEIN_SECRETION,,124,0.47958803,1.556625,0.0,0.044816848,1.0,4169,"tags=33%, list=15%, signal=39%",
GOBP_INTERFERON_ALPHA_PRODUCTION,GOBP_INTERFERON_ALPHA_PRODUCTION,,30,0.59682727,1.5565157,0.021352313,0.044836286,1.0,4077,"tags=50%, list=15%, signal=59%",
GOBP_REGULATION_OF_ANGIOTENSIN_LEVELS_IN_BLOOD,GOBP_REGULATION_OF_ANGIOTENSIN_LEVELS_IN_BLOOD,,12,0.7277606,1.5564497,0.02550091,0.044826955,1.0,3182,"tags=50%, list=11%, signal=56%",
GOBP_HORMONE_CATABOLIC_PROCESS,GOBP_HORMONE_CATABOLIC_PROCESS,,11,0.75478685,1.5563434,0.01584507,0.044853132,1.0,3109,"tags=45%, list=11%, signal=51%",
REACTOME_NEGATIVE_REGULATION_OF_FGFR3_SIGNALING,REACTOME_NEGATIVE_REGULATION_OF_FGFR3_SIGNALING,,24,0.6318847,1.5558699,0.015652174,0.04503844,1.0,6244,"tags=58%, list=23%, signal=75%",
GOBP_REGULATION_OF_GRANULOCYTE_CHEMOTAXIS,GOBP_REGULATION_OF_GRANULOCYTE_CHEMOTAXIS,,46,0.56614256,1.5553282,0.004893964,0.04526196,1.0,2665,"tags=35%, list=10%, signal=38%",
GOBP_SULFUR_AMINO_ACID_TRANSPORT,GOBP_SULFUR_AMINO_ACID_TRANSPORT,,13,0.7223463,1.5546293,0.033027522,0.045592643,1.0,4652,"tags=46%, list=17%, signal=55%",
GOBP_T_CELL_PROLIFERATION,GOBP_T_CELL_PROLIFERATION,,205,0.45392978,1.5545481,0.0,0.04559959,1.0,3476,"tags=35%, list=13%, signal=39%",
GOBP_VIRAL_GENOME_REPLICATION,GOBP_VIRAL_GENOME_REPLICATION,,110,0.49618688,1.554511,0.0030534351,0.0455868,1.0,4510,"tags=34%, list=16%, signal=40%",
GOBP_REGULATION_OF_OSTEOCLAST_DIFFERENTIATION,GOBP_REGULATION_OF_OSTEOCLAST_DIFFERENTIATION,,66,0.52480197,1.5543015,0.0033840947,0.045662384,1.0,4931,"tags=42%, list=18%, signal=51%",
GOBP_PLASMA_MEMBRANE_REPAIR,GOBP_PLASMA_MEMBRANE_REPAIR,,30,0.6102964,1.5533878,0.019736841,0.046105314,1.0,4476,"tags=53%, list=16%, signal=64%",
REACTOME_NUCLEOTIDE_CATABOLISM,REACTOME_NUCLEOTIDE_CATABOLISM,,33,0.59492755,1.5532739,0.0102214655,0.04612639,1.0,3381,"tags=36%, list=12%, signal=41%",
GOBP_MONOCYTE_ACTIVATION,GOBP_MONOCYTE_ACTIVATION,,13,0.7380356,1.553191,0.021238938,0.04613382,1.0,2667,"tags=62%, list=10%, signal=68%",
GOBP_PROTEIN_POLYUBIQUITINATION,GOBP_PROTEIN_POLYUBIQUITINATION,,264,0.44911602,1.5531464,0.0,0.046118658,1.0,5552,"tags=36%, list=20%, signal=45%",
GOBP_REGULATION_OF_T_HELPER_1_TYPE_IMMUNE_RESPONSE,GOBP_REGULATION_OF_T_HELPER_1_TYPE_IMMUNE_RESPONSE,,34,0.59112954,1.5530032,0.016366612,0.04614575,1.0,3421,"tags=44%, list=12%, signal=50%",
GOBP_SMOOTH_MUSCLE_CONTRACTION,GOBP_SMOOTH_MUSCLE_CONTRACTION,,78,0.512956,1.5528828,0.0063391444,0.046197154,1.0,5416,"tags=37%, list=20%, signal=46%",
GOBP_GOLGI_LUMEN_ACIDIFICATION,GOBP_GOLGI_LUMEN_ACIDIFICATION,,13,0.7203826,1.5521433,0.019748654,0.046558235,1.0,3795,"tags=77%, list=14%, signal=89%",
GOBP_CELLULAR_RESPONSE_TO_GLUCAGON_STIMULUS,GOBP_CELLULAR_RESPONSE_TO_GLUCAGON_STIMULUS,,17,0.69456995,1.5518067,0.013675214,0.046701346,1.0,4519,"tags=41%, list=16%, signal=49%",
GOBP_VIRAL_BUDDING,GOBP_VIRAL_BUDDING,,26,0.61628664,1.5512978,0.028070176,0.046935353,1.0,5173,"tags=73%, list=19%, signal=90%",
GOBP_REGULATION_OF_APOPTOTIC_CELL_CLEARANCE,GOBP_REGULATION_OF_APOPTOTIC_CELL_CLEARANCE,,10,0.77670664,1.550904,0.014842301,0.04708777,1.0,3520,"tags=50%, list=13%, signal=57%",
GOBP_POSITIVE_REGULATION_OF_VESICLE_FUSION,GOBP_POSITIVE_REGULATION_OF_VESICLE_FUSION,,21,0.65985566,1.5508175,0.02173913,0.047098137,1.0,5492,"tags=48%, list=20%, signal=59%",
REACTOME_SIGNALING_BY_FLT3_FUSION_PROTEINS,REACTOME_SIGNALING_BY_FLT3_FUSION_PROTEINS,,18,0.67995507,1.5505127,0.032315977,0.047202587,1.0,2464,"tags=39%, list=9%, signal=43%",
GOBP_POSITIVE_REGULATION_OF_GLUTAMATE_RECEPTOR_SIGNALING_PATHWAY,GOBP_POSITIVE_REGULATION_OF_GLUTAMATE_RECEPTOR_SIGNALING_PATHWAY,,10,0.77876246,1.5502795,0.025878003,0.04726862,1.0,2982,"tags=40%, list=11%, signal=45%",
GOBP_POSITIVE_REGULATION_OF_HEMOPOIESIS,GOBP_POSITIVE_REGULATION_OF_HEMOPOIESIS,,184,0.4640793,1.54995,0.0,0.04741439,1.0,4397,"tags=41%, list=16%, signal=48%",
GOBP_CELL_REDOX_HOMEOSTASIS,GOBP_CELL_REDOX_HOMEOSTASIS,,43,0.5697257,1.5499111,0.013986014,0.04739151,1.0,4209,"tags=35%, list=15%, signal=41%",
GOBP_LUTEINIZATION,GOBP_LUTEINIZATION,,12,0.72764534,1.5499041,0.033568904,0.047358945,1.0,1711,"tags=33%, list=6%, signal=36%",
GOBP_RIBOSOME_ASSOCIATED_UBIQUITIN_DEPENDENT_PROTEIN_CATABOLIC_PROCESS,GOBP_RIBOSOME_ASSOCIATED_UBIQUITIN_DEPENDENT_PROTEIN_CATABOLIC_PROCESS,,18,0.666576,1.5495585,0.024778761,0.04749666,1.0,5395,"tags=50%, list=19%, signal=62%",
GOBP_REGULATION_OF_PROTEIN_LOCALIZATION_TO_MEMBRANE,GOBP_REGULATION_OF_PROTEIN_LOCALIZATION_TO_MEMBRANE,,161,0.4628013,1.5491931,0.0,0.047668807,1.0,4859,"tags=35%, list=18%, signal=43%",
REACTOME_RHOG_GTPASE_CYCLE,REACTOME_RHOG_GTPASE_CYCLE,,73,0.5188481,1.5490005,0.0064102565,0.047717705,1.0,3095,"tags=30%, list=11%, signal=34%",
GOBP_REGULATION_OF_DENDRITIC_CELL_DIFFERENTIATION,GOBP_REGULATION_OF_DENDRITIC_CELL_DIFFERENTIATION,,15,0.70487887,1.5486653,0.023381295,0.047857907,1.0,3114,"tags=67%, list=11%, signal=75%",
REACTOME_INTEGRATION_OF_ENERGY_METABOLISM,REACTOME_INTEGRATION_OF_ENERGY_METABOLISM,,92,0.49681076,1.5481967,0.0045731706,0.048040185,1.0,4040,"tags=36%, list=15%, signal=42%",
GOBP_RECEPTOR_RECYCLING,GOBP_RECEPTOR_RECYCLING,,46,0.5596889,1.5481902,0.007961784,0.048006315,1.0,5272,"tags=43%, list=19%, signal=54%",
GOBP_POSITIVE_REGULATION_OF_CATION_CHANNEL_ACTIVITY,GOBP_POSITIVE_REGULATION_OF_CATION_CHANNEL_ACTIVITY,,17,0.67210454,1.5481635,0.02460457,0.047982164,1.0,2317,"tags=29%, list=8%, signal=32%",
REACTOME_PINK1_PRKN_MEDIATED_MITOPHAGY,REACTOME_PINK1_PRKN_MEDIATED_MITOPHAGY,,31,0.6074046,1.5478754,0.02173913,0.048126303,1.0,5221,"tags=42%, list=19%, signal=52%",
GOBP_REGULATION_OF_SYNAPTIC_VESICLE_CYCLE,GOBP_REGULATION_OF_SYNAPTIC_VESICLE_CYCLE,,14,0.6989661,1.5476974,0.023214286,0.04818251,1.0,4832,"tags=50%, list=17%, signal=61%",
REACTOME_P75_NTR_RECEPTOR_MEDIATED_SIGNALLING,REACTOME_P75_NTR_RECEPTOR_MEDIATED_SIGNALLING,,94,0.5057412,1.5475743,0.0031746032,0.048216235,1.0,4480,"tags=41%, list=16%, signal=49%",
GOBP_CATECHOLAMINE_UPTAKE,GOBP_CATECHOLAMINE_UPTAKE,,13,0.7298652,1.547338,0.014184397,0.048303846,1.0,4905,"tags=54%, list=18%, signal=65%",
GOBP_MACROPHAGE_MIGRATION,GOBP_MACROPHAGE_MIGRATION,,52,0.5502648,1.5472407,0.019323671,0.048315212,1.0,2775,"tags=42%, list=10%, signal=47%",
GOBP_GLYCOLYTIC_PROCESS_THROUGH_GLUCOSE_6_PHOSPHATE,GOBP_GLYCOLYTIC_PROCESS_THROUGH_GLUCOSE_6_PHOSPHATE,,21,0.6333278,1.5469992,0.010968922,0.048384205,1.0,3401,"tags=57%, list=12%, signal=65%",
GOBP_RESPONSE_TO_INTERLEUKIN_18,GOBP_RESPONSE_TO_INTERLEUKIN_18,,12,0.7403917,1.5468844,0.026070764,0.048407122,1.0,3421,"tags=58%, list=12%, signal=67%",
GOBP_NEGATIVE_REGULATION_OF_AUTOPHAGOSOME_ASSEMBLY,GOBP_NEGATIVE_REGULATION_OF_AUTOPHAGOSOME_ASSEMBLY,,13,0.72878635,1.54646,0.019503547,0.048597462,1.0,2560,"tags=54%, list=9%, signal=59%",
GOBP_POSITIVE_REGULATION_OF_CATALYTIC_ACTIVITY,GOBP_POSITIVE_REGULATION_OF_CATALYTIC_ACTIVITY,,272,0.444977,1.5463316,0.0,0.04862788,1.0,4768,"tags=32%, list=17%, signal=39%",
GOBP_VESICLE_COATING,GOBP_VESICLE_COATING,,38,0.57313424,1.5461128,0.01056338,0.048697703,1.0,4929,"tags=45%, list=18%, signal=54%",
REACTOME_TCF_DEPENDENT_SIGNALING_IN_RESPONSE_TO_WNT,REACTOME_TCF_DEPENDENT_SIGNALING_IN_RESPONSE_TO_WNT,,194,0.45213538,1.5460904,0.0,0.048673242,1.0,5493,"tags=43%, list=20%, signal=54%",
GOBP_REGULATION_OF_ALPHA_BETA_T_CELL_DIFFERENTIATION,GOBP_REGULATION_OF_ALPHA_BETA_T_CELL_DIFFERENTIATION,,76,0.509457,1.5460652,0.0032573289,0.04865461,1.0,3421,"tags=39%, list=12%, signal=45%",
GOBP_RELEASE_OF_CYTOCHROME_C_FROM_MITOCHONDRIA,GOBP_RELEASE_OF_CYTOCHROME_C_FROM_MITOCHONDRIA,,56,0.53669375,1.546038,0.011456628,0.048634052,1.0,4482,"tags=48%, list=16%, signal=57%",
GOBP_PROSTANOID_METABOLIC_PROCESS,GOBP_PROSTANOID_METABOLIC_PROCESS,,46,0.5633027,1.5453554,0.018272426,0.048953976,1.0,5281,"tags=30%, list=19%, signal=38%",
GOBP_REGULATION_OF_ICOSANOID_SECRETION,GOBP_REGULATION_OF_ICOSANOID_SECRETION,,15,0.71130234,1.5453532,0.026978416,0.048918847,1.0,2775,"tags=40%, list=10%, signal=44%",
GOBP_REGULATION_OF_PROTEIN_CONTAINING_COMPLEX_ASSEMBLY,GOBP_REGULATION_OF_PROTEIN_CONTAINING_COMPLEX_ASSEMBLY,,401,0.42894542,1.5450169,0.0,0.04903492,1.0,4400,"tags=33%, list=16%, signal=39%",
GOBP_RESPONSE_TO_CARBOHYDRATE,GOBP_RESPONSE_TO_CARBOHYDRATE,,197,0.45535892,1.5449973,0.0,0.0490113,1.0,4287,"tags=28%, list=15%, signal=33%",
GOBP_CARBON_DIOXIDE_TRANSPORT,GOBP_CARBON_DIOXIDE_TRANSPORT,,11,0.7387269,1.5449091,0.016333938,0.04902593,1.0,5831,"tags=73%, list=21%, signal=92%",
GOBP_MODIFIED_AMINO_ACID_TRANSPORT,GOBP_MODIFIED_AMINO_ACID_TRANSPORT,,38,0.5673653,1.544902,0.006837607,0.048995603,1.0,6785,"tags=50%, list=24%, signal=66%",
GOBP_NUCLEAR_ENVELOPE_ORGANIZATION,GOBP_NUCLEAR_ENVELOPE_ORGANIZATION,,58,0.5333509,1.5448807,0.005181347,0.04897105,1.0,4476,"tags=47%, list=16%, signal=55%",
GOBP_GAS_TRANSPORT,GOBP_GAS_TRANSPORT,,16,0.68391967,1.5446345,0.020560747,0.04907615,1.0,5831,"tags=63%, list=21%, signal=79%",
GOBP_CERAMIDE_BIOSYNTHETIC_PROCESS,GOBP_CERAMIDE_BIOSYNTHETIC_PROCESS,,65,0.5287453,1.544525,0.0063897762,0.049095243,1.0,2726,"tags=31%, list=10%, signal=34%",
REACTOME_ACTIVATION_OF_MATRIX_METALLOPROTEINASES,REACTOME_ACTIVATION_OF_MATRIX_METALLOPROTEINASES,,26,0.62276506,1.5445067,0.029462738,0.049069755,1.0,2607,"tags=42%, list=9%, signal=47%",
GOBP_ENDOPLASMIC_RETICULUM_MEMBRANE_ORGANIZATION,GOBP_ENDOPLASMIC_RETICULUM_MEMBRANE_ORGANIZATION,,16,0.6987859,1.5443771,0.029411765,0.049126133,1.0,2659,"tags=38%, list=10%, signal=41%",
REACTOME_TRAF6_MEDIATED_IRF7_ACTIVATION_IN_TLR7_8_OR_9_SIGNALING,REACTOME_TRAF6_MEDIATED_IRF7_ACTIVATION_IN_TLR7_8_OR_9_SIGNALING,,13,0.72060746,1.5440339,0.023465704,0.04928884,1.0,5221,"tags=69%, list=19%, signal=85%",
GOBP_LEUKOCYTE_PROLIFERATION,GOBP_LEUKOCYTE_PROLIFERATION,,311,0.4388132,1.5439793,0.0,0.04928034,1.0,3476,"tags=34%, list=13%, signal=39%",
GOBP_PEPTIDE_BIOSYNTHETIC_PROCESS,GOBP_PEPTIDE_BIOSYNTHETIC_PROCESS,,22,0.6462139,1.5438986,0.018083183,0.04928125,1.0,1708,"tags=27%, list=6%, signal=29%",
GOBP_REGULATION_OF_RECEPTOR_CATABOLIC_PROCESS,GOBP_REGULATION_OF_RECEPTOR_CATABOLIC_PROCESS,,14,0.71196747,1.5435747,0.015957447,0.04939315,1.0,4360,"tags=64%, list=16%, signal=76%",
GOBP_ENDOPLASMIC_RETICULUM_ORGANIZATION,GOBP_ENDOPLASMIC_RETICULUM_ORGANIZATION,,98,0.49520472,1.5431018,0.0033167496,0.049585287,1.0,5381,"tags=37%, list=19%, signal=45%",
GOBP_REGULATION_OF_RECEPTOR_SIGNALING_PATHWAY_VIA_STAT,GOBP_REGULATION_OF_RECEPTOR_SIGNALING_PATHWAY_VIA_STAT,,82,0.5042675,1.5429949,0.0049261083,0.049613457,1.0,3014,"tags=29%, list=11%, signal=33%",
REACTOME_AMINO_ACIDS_REGULATE_MTORC1,REACTOME_AMINO_ACIDS_REGULATE_MTORC1,,52,0.5368825,1.5429378,0.008665511,0.049611423,1.0,3396,"tags=46%, list=12%, signal=52%",
GOBP_CELLULAR_RESPONSE_TO_ARSENIC_CONTAINING_SUBSTANCE,GOBP_CELLULAR_RESPONSE_TO_ARSENIC_CONTAINING_SUBSTANCE,,17,0.67321026,1.5426285,0.027372263,0.049739935,1.0,4355,"tags=41%, list=16%, signal=49%",
GOBP_ACTIN_POLYMERIZATION_OR_DEPOLYMERIZATION,GOBP_ACTIN_POLYMERIZATION_OR_DEPOLYMERIZATION,,173,0.4643671,1.5425901,0.0,0.049725503,1.0,4367,"tags=41%, list=16%, signal=48%",
GOBP_CARBOHYDRATE_TRANSPORT,GOBP_CARBOHYDRATE_TRANSPORT,,117,0.48296127,1.5424069,0.0,0.049790308,1.0,3021,"tags=24%, list=11%, signal=27%",
GOBP_CELLULAR_RESPONSE_TO_OXIDISED_LOW_DENSITY_LIPOPROTEIN_PARTICLE_STIMULUS,GOBP_CELLULAR_RESPONSE_TO_OXIDISED_LOW_DENSITY_LIPOPROTEIN_PARTICLE_STIMULUS,,12,0.74233884,1.5420854,0.023090586,0.049920205,1.0,3356,"tags=50%, list=12%, signal=57%",
GOBP_PEPTIDE_TRANSPORT,GOBP_PEPTIDE_TRANSPORT,,231,0.44595242,1.5420289,0.0014388489,0.049913246,1.0,5277,"tags=35%, list=19%, signal=43%",
GOBP_LIPOPROTEIN_METABOLIC_PROCESS,GOBP_LIPOPROTEIN_METABOLIC_PROCESS,,82,0.50968695,1.5419819,0.0016207455,0.04989401,1.0,4400,"tags=35%, list=16%, signal=42%",
REACTOME_ERKS_ARE_INACTIVATED,REACTOME_ERKS_ARE_INACTIVATED,,13,0.7273573,1.5418551,0.019197207,0.049927633,1.0,2634,"tags=38%, list=9%, signal=42%",
REACTOME_SLC_MEDIATED_TRANSPORT_OF_ORGANIC_CATIONS,REACTOME_SLC_MEDIATED_TRANSPORT_OF_ORGANIC_CATIONS,,13,0.72086126,1.5413889,0.014209592,0.050107714,1.0,4210,"tags=54%, list=15%, signal=63%",
REACTOME_NEGATIVE_REGULATION_OF_FGFR1_SIGNALING,REACTOME_NEGATIVE_REGULATION_OF_FGFR1_SIGNALING,,26,0.6153242,1.5410554,0.026132405,0.05024554,1.0,5493,"tags=50%, list=20%, signal=62%",
GOBP_PRESYNAPTIC_ENDOCYTOSIS,GOBP_PRESYNAPTIC_ENDOCYTOSIS,,75,0.5193758,1.5408846,0.006051437,0.05030429,1.0,6293,"tags=53%, list=23%, signal=69%",
GOBP_MIDBODY_ABSCISSION,GOBP_MIDBODY_ABSCISSION,,24,0.6287518,1.5406396,0.01718213,0.050413195,1.0,4544,"tags=67%, list=16%, signal=80%",
GOBP_SYNAPTIC_VESICLE_LOCALIZATION,GOBP_SYNAPTIC_VESICLE_LOCALIZATION,,60,0.53762394,1.5405117,0.011647254,0.050458413,1.0,5710,"tags=47%, list=21%, signal=59%",
GOBP_REGULATION_OF_MUSCLE_SYSTEM_PROCESS,GOBP_REGULATION_OF_MUSCLE_SYSTEM_PROCESS,,197,0.45737183,1.5403655,0.0,0.05050077,1.0,5278,"tags=37%, list=19%, signal=45%",
GOBP_NEGATIVE_REGULATION_OF_MACROPHAGE_DERIVED_FOAM_CELL_DIFFERENTIATION,GOBP_NEGATIVE_REGULATION_OF_MACROPHAGE_DERIVED_FOAM_CELL_DIFFERENTIATION,,11,0.7580323,1.5386529,0.022429906,0.051386807,1.0,4028,"tags=73%, list=15%, signal=85%",
GOBP_MYELOID_DENDRITIC_CELL_DIFFERENTIATION,GOBP_MYELOID_DENDRITIC_CELL_DIFFERENTIATION,,17,0.6762282,1.5385073,0.021352313,0.051432237,1.0,4397,"tags=59%, list=16%, signal=70%",
REACTOME_GLYCOGEN_SYNTHESIS,REACTOME_GLYCOGEN_SYNTHESIS,,11,0.7511048,1.5384449,0.017045455,0.051431626,1.0,3531,"tags=55%, list=13%, signal=62%",
GOBP_RESPONSE_TO_TESTOSTERONE,GOBP_RESPONSE_TO_TESTOSTERONE,,31,0.599173,1.5383345,0.014827018,0.051470283,1.0,3109,"tags=35%, list=11%, signal=40%",
GOBP_UNSATURATED_FATTY_ACID_METABOLIC_PROCESS,GOBP_UNSATURATED_FATTY_ACID_METABOLIC_PROCESS,,96,0.49780893,1.5383224,0.00777605,0.051439844,1.0,3503,"tags=25%, list=13%, signal=29%",
REACTOME_CLATHRIN_MEDIATED_ENDOCYTOSIS,REACTOME_CLATHRIN_MEDIATED_ENDOCYTOSIS,,136,0.46757665,1.5380039,0.0030075188,0.051583223,1.0,4487,"tags=43%, list=16%, signal=51%",
GOBP_REGULATION_OF_AUTOPHAGOSOME_ASSEMBLY,GOBP_REGULATION_OF_AUTOPHAGOSOME_ASSEMBLY,,47,0.55387384,1.5380015,0.011784512,0.051547118,1.0,5460,"tags=51%, list=20%, signal=63%",
REACTOME_HCMV_EARLY_EVENTS,REACTOME_HCMV_EARLY_EVENTS,,119,0.48283786,1.5379192,0.0030349013,0.051555917,1.0,5054,"tags=35%, list=18%, signal=43%",
GOBP_PROTEIN_TARGETING_TO_MITOCHONDRION,GOBP_PROTEIN_TARGETING_TO_MITOCHONDRION,,78,0.5034507,1.537895,0.004761905,0.0515255,1.0,4482,"tags=37%, list=16%, signal=44%",
GOBP_POSITIVE_REGULATION_OF_LEUKOCYTE_CHEMOTAXIS,GOBP_POSITIVE_REGULATION_OF_LEUKOCYTE_CHEMOTAXIS,,82,0.507421,1.5377008,0.0032310179,0.05158902,1.0,3411,"tags=35%, list=12%, signal=40%",
GOBP_FC_RECEPTOR_SIGNALING_PATHWAY,GOBP_FC_RECEPTOR_SIGNALING_PATHWAY,,61,0.520813,1.5371536,0.008547009,0.051868364,1.0,2186,"tags=30%, list=8%, signal=32%",
GOBP_FATTY_ACID_METABOLIC_PROCESS,GOBP_FATTY_ACID_METABOLIC_PROCESS,,351,0.4343016,1.5362338,0.0,0.052333046,1.0,4360,"tags=26%, list=16%, signal=31%",
GOBP_MHC_CLASS_II_BIOSYNTHETIC_PROCESS,GOBP_MHC_CLASS_II_BIOSYNTHETIC_PROCESS,,19,0.65450627,1.5349795,0.019677997,0.052973602,1.0,3014,"tags=47%, list=11%, signal=53%",
GOBP_LATE_ENDOSOME_TO_VACUOLE_TRANSPORT_VIA_MULTIVESICULAR_BODY_SORTING_PATHWAY,GOBP_LATE_ENDOSOME_TO_VACUOLE_TRANSPORT_VIA_MULTIVESICULAR_BODY_SORTING_PATHWAY,,28,0.6105647,1.5347638,0.018333333,0.05304182,1.0,4573,"tags=61%, list=16%, signal=73%",
GOBP_NEGATIVE_REGULATION_OF_T_CELL_PROLIFERATION,GOBP_NEGATIVE_REGULATION_OF_T_CELL_PROLIFERATION,,72,0.5099442,1.5345719,0.0047318614,0.05311986,1.0,3178,"tags=32%, list=11%, signal=36%",
GOBP_NEGATIVE_REGULATION_OF_CD4_POSITIVE_ALPHA_BETA_T_CELL_DIFFERENTIATION,GOBP_NEGATIVE_REGULATION_OF_CD4_POSITIVE_ALPHA_BETA_T_CELL_DIFFERENTIATION,,22,0.6492032,1.5345422,0.016835017,0.053098675,1.0,3357,"tags=41%, list=12%, signal=47%",
GOBP_REGULATION_OF_BLOOD_PRESSURE,GOBP_REGULATION_OF_BLOOD_PRESSURE,,151,0.4634562,1.534102,0.0,0.05332653,1.0,5045,"tags=30%, list=18%, signal=37%",
REACTOME_ARACHIDONATE_METABOLISM,REACTOME_ARACHIDONATE_METABOLISM,,49,0.5490655,1.5338564,0.013245033,0.053435583,1.0,5032,"tags=41%, list=18%, signal=50%",
GOBP_T_CELL_MEDIATED_IMMUNE_RESPONSE_TO_TUMOR_CELL,GOBP_T_CELL_MEDIATED_IMMUNE_RESPONSE_TO_TUMOR_CELL,,20,0.66022956,1.5335023,0.020408163,0.053595528,1.0,1381,"tags=30%, list=5%, signal=32%",
REACTOME_KERATAN_SULFATE_DEGRADATION,REACTOME_KERATAN_SULFATE_DEGRADATION,,11,0.7466345,1.5334485,0.029565217,0.053587895,1.0,3314,"tags=45%, list=12%, signal=52%",
GOBP_PROTEIN_REFOLDING,GOBP_PROTEIN_REFOLDING,,27,0.6234669,1.5334282,0.012544803,0.053556286,1.0,6011,"tags=48%, list=22%, signal=61%",
REACTOME_GOLGI_CISTERNAE_PERICENTRIOLAR_STACK_REORGANIZATION,REACTOME_GOLGI_CISTERNAE_PERICENTRIOLAR_STACK_REORGANIZATION,,14,0.6900901,1.5333178,0.036649216,0.053583812,1.0,2527,"tags=36%, list=9%, signal=39%",
GOBP_NEGATIVE_REGULATION_OF_PEPTIDYL_TYROSINE_PHOSPHORYLATION,GOBP_NEGATIVE_REGULATION_OF_PEPTIDYL_TYROSINE_PHOSPHORYLATION,,22,0.63502955,1.5331213,0.015734266,0.053660844,1.0,3708,"tags=45%, list=13%, signal=52%",
REACTOME_ATF6_ATF6_ALPHA_ACTIVATES_CHAPERONE_GENES,REACTOME_ATF6_ATF6_ALPHA_ACTIVATES_CHAPERONE_GENES,,10,0.7454773,1.5328057,0.039076377,0.053774826,1.0,4934,"tags=50%, list=18%, signal=61%",
GOBP_REGULATION_OF_AMINE_METABOLIC_PROCESS,GOBP_REGULATION_OF_AMINE_METABOLIC_PROCESS,,17,0.66736406,1.5327115,0.047186933,0.053793885,1.0,4302,"tags=41%, list=16%, signal=49%",
GOBP_POSITIVE_REGULATION_OF_MACROPHAGE_ACTIVATION,GOBP_POSITIVE_REGULATION_OF_MACROPHAGE_ACTIVATION,,24,0.62654716,1.5326737,0.0433213,0.05377055,1.0,3356,"tags=54%, list=12%, signal=62%",
GOBP_VIRAL_TRANSCRIPTION,GOBP_VIRAL_TRANSCRIPTION,,25,0.60957927,1.5324675,0.017513135,0.053845596,1.0,2441,"tags=28%, list=9%, signal=31%",
GOBP_REGULATION_OF_LEUKOCYTE_PROLIFERATION,GOBP_REGULATION_OF_LEUKOCYTE_PROLIFERATION,,245,0.44169116,1.5324315,0.0,0.053824935,1.0,3476,"tags=33%, list=13%, signal=38%",
GOBP_REGULATION_OF_TOLL_LIKE_RECEPTOR_4_SIGNALING_PATHWAY,GOBP_REGULATION_OF_TOLL_LIKE_RECEPTOR_4_SIGNALING_PATHWAY,,30,0.59457034,1.5323246,0.023728814,0.053846724,1.0,3443,"tags=47%, list=12%, signal=53%",
GOBP_REGULATION_OF_HEART_CONTRACTION,GOBP_REGULATION_OF_HEART_CONTRACTION,,160,0.46026492,1.5322611,0.0014513788,0.05383889,1.0,5230,"tags=34%, list=19%, signal=42%",
GOBP_NEGATIVE_REGULATION_OF_NON_CANONICAL_NF_KAPPAB_SIGNAL_TRANSDUCTION,GOBP_NEGATIVE_REGULATION_OF_NON_CANONICAL_NF_KAPPAB_SIGNAL_TRANSDUCTION,,30,0.60128,1.5321214,0.014802632,0.053858556,1.0,2627,"tags=37%, list=9%, signal=40%",
REACTOME_INTERLEUKIN_27_SIGNALING,REACTOME_INTERLEUKIN_27_SIGNALING,,11,0.7413183,1.53191,0.014814815,0.053940605,1.0,1459,"tags=36%, list=5%, signal=38%",
GOBP_DEVELOPMENTAL_PIGMENTATION,GOBP_DEVELOPMENTAL_PIGMENTATION,,40,0.56629,1.5312443,0.018867925,0.05429017,1.0,5407,"tags=45%, list=19%, signal=56%",
GOBP_NATURAL_KILLER_CELL_ACTIVATION,GOBP_NATURAL_KILLER_CELL_ACTIVATION,,92,0.49493027,1.5311203,0.0016233766,0.05432617,1.0,3351,"tags=32%, list=12%, signal=36%",
GOBP_POSITIVE_REGULATION_OF_SMOOTH_MUSCLE_CELL_PROLIFERATION,GOBP_POSITIVE_REGULATION_OF_SMOOTH_MUSCLE_CELL_PROLIFERATION,,72,0.5032601,1.5307206,0.004854369,0.054526508,1.0,1773,"tags=24%, list=6%, signal=25%",
GOBP_REGULATION_OF_PEPTIDYL_TYROSINE_PHOSPHORYLATION,GOBP_REGULATION_OF_PEPTIDYL_TYROSINE_PHOSPHORYLATION,,74,0.50846046,1.5307022,0.007849294,0.054495495,1.0,3708,"tags=38%, list=13%, signal=44%",
GOBP_T_CELL_CYTOKINE_PRODUCTION,GOBP_T_CELL_CYTOKINE_PRODUCTION,,40,0.56761533,1.5306793,0.010362694,0.054472685,1.0,1411,"tags=38%, list=5%, signal=39%",
GOBP_CELLULAR_RESPONSE_TO_METAL_ION,GOBP_CELLULAR_RESPONSE_TO_METAL_ION,,153,0.4646494,1.5300453,0.0014947683,0.054805007,1.0,4302,"tags=29%, list=16%, signal=34%",
GOBP_FOCAL_ADHESION_ASSEMBLY,GOBP_FOCAL_ADHESION_ASSEMBLY,,78,0.5014425,1.5300323,0.003125,0.05477479,1.0,4745,"tags=40%, list=17%, signal=48%",
REACTOME_IMMUNOREGULATORY_INTERACTIONS_BETWEEN_A_LYMPHOID_AND_A_NON_LYMPHOID_CELL,REACTOME_IMMUNOREGULATORY_INTERACTIONS_BETWEEN_A_LYMPHOID_AND_A_NON_LYMPHOID_CELL,,184,0.45535025,1.5299672,0.0,0.054782923,1.0,2354,"tags=22%, list=8%, signal=24%",
REACTOME_SYNTHESIS_OF_PC,REACTOME_SYNTHESIS_OF_PC,,25,0.61464745,1.5297595,0.025996534,0.054857455,1.0,4765,"tags=48%, list=17%, signal=58%",
REACTOME_REGULATION_OF_ENDOGENOUS_RETROELEMENTS_BY_PIWI_INTERACTING_RNAS_PIRNAS,REACTOME_REGULATION_OF_ENDOGENOUS_RETROELEMENTS_BY_PIWI_INTERACTING_RNAS_PIRNAS,,83,0.5046828,1.5296142,0.00466563,0.054920893,1.0,3834,"tags=33%, list=14%, signal=38%",
REACTOME_CARGO_RECOGNITION_FOR_CLATHRIN_MEDIATED_ENDOCYTOSIS,REACTOME_CARGO_RECOGNITION_FOR_CLATHRIN_MEDIATED_ENDOCYTOSIS,,96,0.49667957,1.5296013,0.0047244094,0.054890644,1.0,5324,"tags=48%, list=19%, signal=59%",
REACTOME_MUCOPOLYSACCHARIDOSES,REACTOME_MUCOPOLYSACCHARIDOSES,,11,0.7367369,1.529418,0.02259887,0.05496324,1.0,3547,"tags=45%, list=13%, signal=52%",
GOBP_NECROPTOTIC_PROCESS,GOBP_NECROPTOTIC_PROCESS,,44,0.5586348,1.5292246,0.012678289,0.055030905,1.0,3225,"tags=36%, list=12%, signal=41%",
REACTOME_TBC_RABGAPS,REACTOME_TBC_RABGAPS,,44,0.5507306,1.5291413,0.015202703,0.05504055,1.0,4416,"tags=43%, list=16%, signal=51%",
GOBP_HEPARAN_SULFATE_PROTEOGLYCAN_CATABOLIC_PROCESS,GOBP_HEPARAN_SULFATE_PROTEOGLYCAN_CATABOLIC_PROCESS,,10,0.75507885,1.5285485,0.025408348,0.05536484,1.0,3547,"tags=50%, list=13%, signal=57%",
GOBP_REGULATION_OF_AMYLOID_FIBRIL_FORMATION,GOBP_REGULATION_OF_AMYLOID_FIBRIL_FORMATION,,15,0.68575114,1.5283166,0.030303031,0.05544228,1.0,7498,"tags=67%, list=27%, signal=91%",
GOBP_AMELOGENESIS,GOBP_AMELOGENESIS,,17,0.6653968,1.5283107,0.034965035,0.05540546,1.0,1544,"tags=35%, list=6%, signal=37%",
REACTOME_ASSEMBLY_OF_COLLAGEN_FIBRILS_AND_OTHER_MULTIMERIC_STRUCTURES,REACTOME_ASSEMBLY_OF_COLLAGEN_FIBRILS_AND_OTHER_MULTIMERIC_STRUCTURES,,51,0.54906374,1.5280597,0.005119454,0.055490807,1.0,6151,"tags=47%, list=22%, signal=60%",
GOBP_REGULATION_OF_PROGRAMMED_NECROTIC_CELL_DEATH,GOBP_REGULATION_OF_PROGRAMMED_NECROTIC_CELL_DEATH,,37,0.5728258,1.5274194,0.015280136,0.055803023,1.0,3225,"tags=38%, list=12%, signal=43%",
GOBP_RELEASE_OF_SEQUESTERED_CALCIUM_ION_INTO_CYTOSOL_BY_ENDOPLASMIC_RETICULUM,GOBP_RELEASE_OF_SEQUESTERED_CALCIUM_ION_INTO_CYTOSOL_BY_ENDOPLASMIC_RETICULUM,,35,0.5838484,1.5271219,0.011705685,0.055947572,1.0,5180,"tags=46%, list=19%, signal=56%",
REACTOME_FLT3_SIGNALING_IN_DISEASE,REACTOME_FLT3_SIGNALING_IN_DISEASE,,27,0.6100132,1.5270123,0.017482517,0.055961903,1.0,4148,"tags=44%, list=15%, signal=52%",
REACTOME_MAP3K8_TPL2_DEPENDENT_MAPK1_3_ACTIVATION,REACTOME_MAP3K8_TPL2_DEPENDENT_MAPK1_3_ACTIVATION,,16,0.6709281,1.5264242,0.03429603,0.056213927,1.0,5283,"tags=56%, list=19%, signal=69%",
GOBP_UNSATURATED_FATTY_ACID_BIOSYNTHETIC_PROCESS,GOBP_UNSATURATED_FATTY_ACID_BIOSYNTHETIC_PROCESS,,49,0.5468129,1.5263823,0.008517887,0.056197423,1.0,4101,"tags=27%, list=15%, signal=31%",
GOBP_REGULATION_OF_STRIATED_MUSCLE_CONTRACTION,GOBP_REGULATION_OF_STRIATED_MUSCLE_CONTRACTION,,79,0.50198734,1.5261855,0.0033557047,0.056251228,1.0,5229,"tags=43%, list=19%, signal=53%",
GOBP_REGULATION_OF_MYELOID_CELL_APOPTOTIC_PROCESS,GOBP_REGULATION_OF_MYELOID_CELL_APOPTOTIC_PROCESS,,25,0.6138212,1.5260471,0.026978416,0.056295104,1.0,4652,"tags=52%, list=17%, signal=62%",
GOBP_POSITIVE_REGULATION_OF_TOR_SIGNALING,GOBP_POSITIVE_REGULATION_OF_TOR_SIGNALING,,79,0.5037623,1.5259246,0.006116208,0.056316353,1.0,4480,"tags=39%, list=16%, signal=47%",
GOBP_RESPONSE_TO_ISCHEMIA,GOBP_RESPONSE_TO_ISCHEMIA,,52,0.539247,1.5257775,0.0031948881,0.056377117,1.0,3770,"tags=27%, list=14%, signal=31%",
GOBP_POSITIVE_REGULATION_OF_BINDING,GOBP_POSITIVE_REGULATION_OF_BINDING,,40,0.5613741,1.5256798,0.017391304,0.056395587,1.0,3542,"tags=35%, list=13%, signal=40%",
GOBP_TOR_SIGNALING,GOBP_TOR_SIGNALING,,180,0.4510378,1.5253491,0.0014367816,0.0565406,1.0,3823,"tags=29%, list=14%, signal=34%",
REACTOME_NF_KB_IS_ACTIVATED_AND_SIGNALS_SURVIVAL,REACTOME_NF_KB_IS_ACTIVATED_AND_SIGNALS_SURVIVAL,,12,0.72820026,1.5252491,0.02037037,0.056552622,1.0,6046,"tags=67%, list=22%, signal=85%",
GOBP_TISSUE_MIGRATION,GOBP_TISSUE_MIGRATION,,84,0.5003389,1.5245705,0.001572327,0.05687771,1.0,5529,"tags=40%, list=20%, signal=50%",
GOBP_REGULATION_OF_EPITHELIAL_CELL_MIGRATION,GOBP_REGULATION_OF_EPITHELIAL_CELL_MIGRATION,,57,0.5345178,1.5242097,0.01650165,0.057039104,1.0,4235,"tags=37%, list=15%, signal=43%",
GOBP_MODIFICATION_OF_POSTSYNAPTIC_ACTIN_CYTOSKELETON,GOBP_MODIFICATION_OF_POSTSYNAPTIC_ACTIN_CYTOSKELETON,,18,0.64927703,1.5239148,0.027444255,0.057168968,1.0,4161,"tags=44%, list=15%, signal=52%",
GOBP_POSITIVE_REGULATION_OF_MYELINATION,GOBP_POSITIVE_REGULATION_OF_MYELINATION,,20,0.64156973,1.5238986,0.028619528,0.05713228,1.0,2821,"tags=35%, list=10%, signal=39%",
GOBP_G_PROTEIN_COUPLED_DOPAMINE_RECEPTOR_SIGNALING_PATHWAY,GOBP_G_PROTEIN_COUPLED_DOPAMINE_RECEPTOR_SIGNALING_PATHWAY,,28,0.6067952,1.5238221,0.023593467,0.05713318,1.0,4865,"tags=43%, list=18%, signal=52%",
GOBP_G_PROTEIN_COUPLED_RECEPTOR_INTERNALIZATION,GOBP_G_PROTEIN_COUPLED_RECEPTOR_INTERNALIZATION,,12,0.72451663,1.5238082,0.024955437,0.057098404,1.0,3242,"tags=42%, list=12%, signal=47%",
REACTOME_BUDDING_AND_MATURATION_OF_HIV_VIRION,REACTOME_BUDDING_AND_MATURATION_OF_HIV_VIRION,,28,0.60278684,1.5237837,0.029508196,0.057076156,1.0,4573,"tags=57%, list=16%, signal=68%",
GOBP_COMPLEMENT_ACTIVATION_CLASSICAL_PATHWAY,GOBP_COMPLEMENT_ACTIVATION_CLASSICAL_PATHWAY,,32,0.5908073,1.5237131,0.023255814,0.057089675,1.0,3356,"tags=38%, list=12%, signal=43%",
GOBP_MONOAMINE_TRANSPORT,GOBP_MONOAMINE_TRANSPORT,,54,0.5360386,1.5237108,0.011456628,0.057052236,1.0,3385,"tags=31%, list=12%, signal=36%",
REACTOME_PD_L1_CD274_GLYCOSYLATION_AND_TRANSLOCATION_TO_PLASMA_MEMBRANE,REACTOME_PD_L1_CD274_GLYCOSYLATION_AND_TRANSLOCATION_TO_PLASMA_MEMBRANE,,21,0.6416407,1.5236338,0.0198915,0.057047796,1.0,3531,"tags=33%, list=13%, signal=38%",
REACTOME_MUSCLE_CONTRACTION,REACTOME_MUSCLE_CONTRACTION,,164,0.4587945,1.5236255,0.0014836795,0.057012253,1.0,4818,"tags=37%, list=17%, signal=44%",
GOBP_POSITIVE_REGULATION_OF_INTEGRIN_MEDIATED_SIGNALING_PATHWAY,GOBP_POSITIVE_REGULATION_OF_INTEGRIN_MEDIATED_SIGNALING_PATHWAY,,12,0.7316522,1.5235562,0.028985508,0.057011385,1.0,124,"tags=17%, list=0%, signal=17%",
GOBP_IMMUNE_RESPONSE_TO_TUMOR_CELL,GOBP_IMMUNE_RESPONSE_TO_TUMOR_CELL,,35,0.5797387,1.5233641,0.018900344,0.05708885,1.0,1381,"tags=23%, list=5%, signal=24%",
REACTOME_FC_EPSILON_RECEPTOR_FCERI_SIGNALING,REACTOME_FC_EPSILON_RECEPTOR_FCERI_SIGNALING,,173,0.45419168,1.5233191,0.0,0.057077356,1.0,4397,"tags=28%, list=16%, signal=33%",
GOBP_REGULATION_OF_CHEMOTAXIS,GOBP_REGULATION_OF_CHEMOTAXIS,,175,0.44989792,1.5232996,0.0,0.057050716,1.0,3426,"tags=33%, list=12%, signal=38%",
GOBP_RESPONSE_TO_LECTIN,GOBP_RESPONSE_TO_LECTIN,,23,0.6325529,1.5232183,0.02739726,0.057059724,1.0,4397,"tags=43%, list=16%, signal=52%",
GOBP_REGULATION_OF_DEFENSE_RESPONSE_TO_VIRUS,GOBP_REGULATION_OF_DEFENSE_RESPONSE_TO_VIRUS,,64,0.51566815,1.522679,0.0017035775,0.05731758,1.0,3542,"tags=33%, list=13%, signal=38%",
GOBP_REGULATION_OF_NEUTROPHIL_CHEMOTAXIS,GOBP_REGULATION_OF_NEUTROPHIL_CHEMOTAXIS,,30,0.5908108,1.5225565,0.025270758,0.057342384,1.0,2665,"tags=37%, list=10%, signal=41%",
GOBP_POSITIVE_REGULATION_OF_SMOOTH_MUSCLE_CELL_MIGRATION,GOBP_POSITIVE_REGULATION_OF_SMOOTH_MUSCLE_CELL_MIGRATION,,30,0.5847337,1.5225306,0.024096385,0.05731749,1.0,1773,"tags=27%, list=6%, signal=28%",
GOBP_REGULATION_OF_INFLAMMATORY_RESPONSE_TO_ANTIGENIC_STIMULUS,GOBP_REGULATION_OF_INFLAMMATORY_RESPONSE_TO_ANTIGENIC_STIMULUS,,46,0.5514497,1.5225054,0.0146818925,0.057295226,1.0,3614,"tags=48%, list=13%, signal=55%",
REACTOME_TRP_CHANNELS,REACTOME_TRP_CHANNELS,,24,0.6228519,1.5224899,0.024347827,0.057265997,1.0,2421,"tags=33%, list=9%, signal=36%",
GOBP_POSITIVE_REGULATION_OF_NERVOUS_SYSTEM_PROCESS,GOBP_POSITIVE_REGULATION_OF_NERVOUS_SYSTEM_PROCESS,,33,0.58371615,1.5223949,0.016949153,0.05727213,1.0,2821,"tags=27%, list=10%, signal=30%",
GOBP_MODIFIED_AMINO_ACID_BIOSYNTHETIC_PROCESS,GOBP_MODIFIED_AMINO_ACID_BIOSYNTHETIC_PROCESS,,42,0.56305915,1.5220134,0.010416667,0.05746126,1.0,2064,"tags=24%, list=7%, signal=26%",
GOBP_NEGATIVE_REGULATION_OF_HUMORAL_IMMUNE_RESPONSE,GOBP_NEGATIVE_REGULATION_OF_HUMORAL_IMMUNE_RESPONSE,,16,0.67789954,1.5219657,0.02097902,0.05744608,1.0,2293,"tags=56%, list=8%, signal=61%",
REACTOME_TRAF3_DEPENDENT_IRF_ACTIVATION_PATHWAY,REACTOME_TRAF3_DEPENDENT_IRF_ACTIVATION_PATHWAY,,14,0.70281494,1.5219594,0.033333335,0.057413243,1.0,4077,"tags=43%, list=15%, signal=50%",
GOBP_NEGATIVE_REGULATION_OF_SIGNAL_TRANSDUCTION_IN_ABSENCE_OF_LIGAND,GOBP_NEGATIVE_REGULATION_OF_SIGNAL_TRANSDUCTION_IN_ABSENCE_OF_LIGAND,,27,0.6078921,1.5212609,0.027729636,0.057778057,1.0,6382,"tags=52%, list=23%, signal=67%",
GOBP_RESPONSE_TO_HYPEROXIA,GOBP_RESPONSE_TO_HYPEROXIA,,19,0.6474193,1.5209751,0.020942409,0.057917703,1.0,1711,"tags=26%, list=6%, signal=28%",
REACTOME_N_GLYCAN_TRIMMING_IN_THE_ER_AND_CALNEXIN_CALRETICULIN_CYCLE,REACTOME_N_GLYCAN_TRIMMING_IN_THE_ER_AND_CALNEXIN_CALRETICULIN_CYCLE,,35,0.57551986,1.5208097,0.018739352,0.05797802,1.0,4303,"tags=31%, list=16%, signal=37%",
GOBP_REGULATION_OF_VIRAL_GENOME_REPLICATION,GOBP_REGULATION_OF_VIRAL_GENOME_REPLICATION,,77,0.5014094,1.5206932,0.0049423394,0.058008365,1.0,3542,"tags=30%, list=13%, signal=34%",
GOBP_NEUROTROPHIN_SIGNALING_PATHWAY,GOBP_NEUROTROPHIN_SIGNALING_PATHWAY,,32,0.5869809,1.5203786,0.020442931,0.05816682,1.0,3974,"tags=31%, list=14%, signal=36%",
GOBP_CHOLESTEROL_IMPORT,GOBP_CHOLESTEROL_IMPORT,,10,0.7652685,1.5201857,0.013232514,0.05821784,1.0,2635,"tags=40%, list=9%, signal=44%",
GOBP_MAINTENANCE_OF_PROTEIN_LOCALIZATION_IN_ENDOPLASMIC_RETICULUM,GOBP_MAINTENANCE_OF_PROTEIN_LOCALIZATION_IN_ENDOPLASMIC_RETICULUM,,12,0.7178846,1.5198739,0.03683241,0.058355715,1.0,4357,"tags=50%, list=16%, signal=59%",
GOBP_ACTIVATED_T_CELL_PROLIFERATION,GOBP_ACTIVATED_T_CELL_PROLIFERATION,,45,0.5544076,1.5197728,0.014827018,0.0583794,1.0,2248,"tags=33%, list=8%, signal=36%",
GOBP_ETHER_BIOSYNTHETIC_PROCESS,GOBP_ETHER_BIOSYNTHETIC_PROCESS,,13,0.71044165,1.5193543,0.030357143,0.058587298,1.0,1027,"tags=38%, list=4%, signal=40%",
GOBP_NEGATIVE_REGULATION_OF_CHEMOKINE_PRODUCTION,GOBP_NEGATIVE_REGULATION_OF_CHEMOKINE_PRODUCTION,,26,0.6036201,1.5193015,0.022608696,0.058577597,1.0,3114,"tags=31%, list=11%, signal=35%",
REACTOME_KERATAN_SULFATE_KERATIN_METABOLISM,REACTOME_KERATAN_SULFATE_KERATIN_METABOLISM,,31,0.5877853,1.5191078,0.013986014,0.058651853,1.0,1572,"tags=29%, list=6%, signal=31%",
REACTOME_ALPHA_PROTEIN_KINASE_1_SIGNALING_PATHWAY,REACTOME_ALPHA_PROTEIN_KINASE_1_SIGNALING_PATHWAY,,11,0.7384184,1.5186962,0.033450704,0.05886089,1.0,5221,"tags=55%, list=19%, signal=67%",
GOBP_MITOTIC_CYTOKINESIS,GOBP_MITOTIC_CYTOKINESIS,,100,0.4875689,1.5184258,0.0047318614,0.058984432,1.0,5215,"tags=40%, list=19%, signal=49%",
REACTOME_DISEASES_ASSOCIATED_WITH_N_GLYCOSYLATION_OF_PROTEINS,REACTOME_DISEASES_ASSOCIATED_WITH_N_GLYCOSYLATION_OF_PROTEINS,,20,0.65096647,1.5176672,0.037701976,0.059395738,1.0,1572,"tags=25%, list=6%, signal=26%",
GOBP_PLASMA_MEMBRANE_TO_ENDOSOME_TRANSPORT,GOBP_PLASMA_MEMBRANE_TO_ENDOSOME_TRANSPORT,,10,0.7552983,1.5172559,0.018018018,0.059597474,1.0,3849,"tags=70%, list=14%, signal=81%",
GOBP_POSITIVE_REGULATION_OF_REGULATORY_T_CELL_DIFFERENTIATION,GOBP_POSITIVE_REGULATION_OF_REGULATORY_T_CELL_DIFFERENTIATION,,23,0.61941105,1.5164794,0.038596492,0.06004707,1.0,3680,"tags=61%, list=13%, signal=70%",
GOBP_REGULATION_OF_NEURON_APOPTOTIC_PROCESS,GOBP_REGULATION_OF_NEURON_APOPTOTIC_PROCESS,,210,0.44497707,1.5164696,0.0028248588,0.06001197,1.0,5129,"tags=35%, list=18%, signal=43%",
REACTOME_INTERLEUKIN_7_SIGNALING,REACTOME_INTERLEUKIN_7_SIGNALING,,32,0.5764805,1.5163234,0.01718213,0.0600485,1.0,4761,"tags=44%, list=17%, signal=53%",
GOBP_REGULATION_OF_ENDOTHELIAL_CELL_DIFFERENTIATION,GOBP_REGULATION_OF_ENDOTHELIAL_CELL_DIFFERENTIATION,,34,0.5748842,1.5160074,0.014900662,0.06018416,1.0,5495,"tags=41%, list=20%, signal=51%",
GOBP_MONOSACCHARIDE_TRANSMEMBRANE_TRANSPORT,GOBP_MONOSACCHARIDE_TRANSMEMBRANE_TRANSPORT,,103,0.47635728,1.5157195,0.0,0.060324725,1.0,3021,"tags=21%, list=11%, signal=24%",
GOBP_LINOLEIC_ACID_METABOLIC_PROCESS,GOBP_LINOLEIC_ACID_METABOLIC_PROCESS,,17,0.65547097,1.5156305,0.03208556,0.060341727,1.0,4101,"tags=41%, list=15%, signal=48%",
GOBP_POSITIVE_REGULATION_OF_RECEPTOR_MEDIATED_ENDOCYTOSIS,GOBP_POSITIVE_REGULATION_OF_RECEPTOR_MEDIATED_ENDOCYTOSIS,,46,0.54786134,1.515602,0.016129032,0.060323082,1.0,4385,"tags=39%, list=16%, signal=46%",
GOBP_CELL_COMMUNICATION_BY_ELECTRICAL_COUPLING,GOBP_CELL_COMMUNICATION_BY_ELECTRICAL_COUPLING,,26,0.6148425,1.515485,0.018932875,0.060358386,1.0,5522,"tags=50%, list=20%, signal=62%",
GOBP_REGULATION_OF_VASCULAR_ASSOCIATED_SMOOTH_MUSCLE_CONTRACTION,GOBP_REGULATION_OF_VASCULAR_ASSOCIATED_SMOOTH_MUSCLE_CONTRACTION,,10,0.73564,1.514658,0.03818182,0.060816348,1.0,1919,"tags=40%, list=7%, signal=43%",
GOBP_REGULATION_OF_PROTEIN_CONTAINING_COMPLEX_DISASSEMBLY,GOBP_REGULATION_OF_PROTEIN_CONTAINING_COMPLEX_DISASSEMBLY,,132,0.46252254,1.5140524,0.0,0.061119273,1.0,4818,"tags=34%, list=17%, signal=41%",
GOBP_POSITIVE_REGULATION_OF_TORC1_SIGNALING,GOBP_POSITIVE_REGULATION_OF_TORC1_SIGNALING,,56,0.53036577,1.512984,0.017684888,0.061731335,1.0,3823,"tags=43%, list=14%, signal=50%",
GOBP_REGULATION_OF_FC_RECEPTOR_MEDIATED_STIMULATORY_SIGNALING_PATHWAY,GOBP_REGULATION_OF_FC_RECEPTOR_MEDIATED_STIMULATORY_SIGNALING_PATHWAY,,11,0.72235227,1.5121152,0.03345725,0.062232055,1.0,4075,"tags=64%, list=15%, signal=75%",
GOBP_REGULATION_OF_HORMONE_LEVELS,GOBP_REGULATION_OF_HORMONE_LEVELS,,432,0.4195768,1.5120535,0.0,0.06222257,1.0,4420,"tags=29%, list=16%, signal=34%",
GOBP_PLASMA_MEMBRANE_ORGANIZATION,GOBP_PLASMA_MEMBRANE_ORGANIZATION,,153,0.46242726,1.5120484,0.0,0.062181998,1.0,5762,"tags=46%, list=21%, signal=58%",
GOBP_MACROPHAGE_DIFFERENTIATION,GOBP_MACROPHAGE_DIFFERENTIATION,,65,0.5124025,1.5120238,0.008169935,0.06215011,1.0,3210,"tags=35%, list=12%, signal=40%",
GOBP_REGULATION_OF_SYSTEMIC_ARTERIAL_BLOOD_PRESSURE,GOBP_REGULATION_OF_SYSTEMIC_ARTERIAL_BLOOD_PRESSURE,,77,0.5070515,1.5117886,0.008319467,0.062254615,1.0,5045,"tags=35%, list=18%, signal=43%",
GOBP_APICAL_JUNCTION_ASSEMBLY,GOBP_APICAL_JUNCTION_ASSEMBLY,,57,0.5246448,1.5117824,0.013468013,0.062215798,1.0,5594,"tags=40%, list=20%, signal=50%",
REACTOME_PHOSPHOLIPID_METABOLISM,REACTOME_PHOSPHOLIPID_METABOLISM,,191,0.45077753,1.5116394,0.001457726,0.06224958,1.0,3572,"tags=32%, list=13%, signal=37%",
GOBP_NEUROBLAST_PROLIFERATION,GOBP_NEUROBLAST_PROLIFERATION,,46,0.53900915,1.5108588,0.010067114,0.062673844,1.0,4966,"tags=35%, list=18%, signal=42%",
GOBP_DNA_STRAND_RESECTION_INVOLVED_IN_REPLICATION_FORK_PROCESSING,GOBP_DNA_STRAND_RESECTION_INVOLVED_IN_REPLICATION_FORK_PROCESSING,,10,0.7412091,1.5103599,0.03683241,0.062915735,1.0,3893,"tags=40%, list=14%, signal=47%",
GOBP_POSITIVE_REGULATION_OF_FATTY_ACID_BIOSYNTHETIC_PROCESS,GOBP_POSITIVE_REGULATION_OF_FATTY_ACID_BIOSYNTHETIC_PROCESS,,18,0.6620824,1.5100176,0.027303753,0.06307189,1.0,5003,"tags=50%, list=18%, signal=61%",
REACTOME_ACTIVATED_NOTCH1_TRANSMITS_SIGNAL_TO_THE_NUCLEUS,REACTOME_ACTIVATED_NOTCH1_TRANSMITS_SIGNAL_TO_THE_NUCLEUS,,31,0.5760708,1.5097103,0.021314388,0.0632159,1.0,4426,"tags=45%, list=16%, signal=54%",
GOBP_AMINO_ACID_IMPORT_ACROSS_PLASMA_MEMBRANE,GOBP_AMINO_ACID_IMPORT_ACROSS_PLASMA_MEMBRANE,,44,0.5341967,1.5096945,0.017361112,0.063186064,1.0,4788,"tags=39%, list=17%, signal=47%",
GOBP_RESPONSE_TO_ESTROGEN,GOBP_RESPONSE_TO_ESTROGEN,,54,0.5221676,1.5095873,0.01880342,0.063206136,1.0,3612,"tags=33%, list=13%, signal=38%",
REACTOME_TRANSLATION_OF_SARS_COV_2_STRUCTURAL_PROTEINS,REACTOME_TRANSLATION_OF_SARS_COV_2_STRUCTURAL_PROTEINS,,60,0.52210045,1.5095247,0.0051993066,0.06320139,1.0,3537,"tags=38%, list=13%, signal=44%",
GOBP_ENDOTHELIUM_DEVELOPMENT,GOBP_ENDOTHELIUM_DEVELOPMENT,,125,0.46796608,1.509497,0.0015527951,0.06317597,1.0,5495,"tags=36%, list=20%, signal=45%",
GOBP_ASYMMETRIC_CELL_DIVISION,GOBP_ASYMMETRIC_CELL_DIVISION,,18,0.6496846,1.5094311,0.02919708,0.06317623,1.0,7833,"tags=72%, list=28%, signal=101%",
GOBP_GLIAL_CELL_MIGRATION,GOBP_GLIAL_CELL_MIGRATION,,52,0.53178453,1.5093486,0.008264462,0.06318429,1.0,4459,"tags=40%, list=16%, signal=48%",
REACTOME_MITF_M_REGULATED_MELANOCYTE_DEVELOPMENT,REACTOME_MITF_M_REGULATED_MELANOCYTE_DEVELOPMENT,,141,0.45938852,1.5092548,0.0014641288,0.063206874,1.0,3984,"tags=33%, list=14%, signal=38%",
GOBP_PIGMENTATION,GOBP_PIGMENTATION,,99,0.48487905,1.5091012,0.012461059,0.063267164,1.0,5407,"tags=39%, list=19%, signal=49%",
REACTOME_CELL_EXTRACELLULAR_MATRIX_INTERACTIONS,REACTOME_CELL_EXTRACELLULAR_MATRIX_INTERACTIONS,,18,0.6541072,1.5087214,0.026666667,0.06343852,1.0,3561,"tags=44%, list=13%, signal=51%",
GOBP_POSITIVE_REGULATION_OF_LIPID_TRANSPORT,GOBP_POSITIVE_REGULATION_OF_LIPID_TRANSPORT,,69,0.5029731,1.5086796,0.008183306,0.06341994,1.0,4813,"tags=45%, list=17%, signal=54%",
GOBP_RIBOSE_PHOSPHATE_METABOLIC_PROCESS,GOBP_RIBOSE_PHOSPHATE_METABOLIC_PROCESS,,359,0.4225977,1.5086744,0.0,0.063378245,1.0,5070,"tags=31%, list=18%, signal=37%",
GOBP_PROTEIN_FOLDING_IN_ENDOPLASMIC_RETICULUM,GOBP_PROTEIN_FOLDING_IN_ENDOPLASMIC_RETICULUM,,12,0.702317,1.5086657,0.03125,0.06334427,1.0,2053,"tags=33%, list=7%, signal=36%",
GOBP_AMIDE_TRANSPORT,GOBP_AMIDE_TRANSPORT,,274,0.43654907,1.5085943,0.0013755158,0.06333599,1.0,4169,"tags=30%, list=15%, signal=34%",
GOBP_THROMBIN_ACTIVATED_RECEPTOR_SIGNALING_PATHWAY,GOBP_THROMBIN_ACTIVATED_RECEPTOR_SIGNALING_PATHWAY,,13,0.70264924,1.5084859,0.033771105,0.06335658,1.0,4755,"tags=46%, list=17%, signal=56%",
GOBP_POSITIVE_REGULATION_OF_TUMOR_NECROSIS_FACTOR_MEDIATED_SIGNALING_PATHWAY,GOBP_POSITIVE_REGULATION_OF_TUMOR_NECROSIS_FACTOR_MEDIATED_SIGNALING_PATHWAY,,16,0.66635245,1.5082741,0.034358047,0.06345484,1.0,4324,"tags=63%, list=16%, signal=74%",
GOBP_RESPONSE_TO_ANGIOTENSIN,GOBP_RESPONSE_TO_ANGIOTENSIN,,34,0.5688059,1.5082542,0.029801324,0.06342602,1.0,6046,"tags=50%, list=22%, signal=64%",
GOBP_REGULATION_OF_TRANSFORMING_GROWTH_FACTOR_BETA1_PRODUCTION,GOBP_REGULATION_OF_TRANSFORMING_GROWTH_FACTOR_BETA1_PRODUCTION,,12,0.7160706,1.5081536,0.032906763,0.06344842,1.0,3182,"tags=42%, list=11%, signal=47%",
GOBP_POSITIVE_REGULATION_OF_INTERLEUKIN_12_PRODUCTION,GOBP_POSITIVE_REGULATION_OF_INTERLEUKIN_12_PRODUCTION,,40,0.5567,1.50798,0.014234875,0.063504554,1.0,4397,"tags=45%, list=16%, signal=53%",
GOBP_MONOSACCHARIDE_METABOLIC_PROCESS,GOBP_MONOSACCHARIDE_METABOLIC_PROCESS,,242,0.43458506,1.5079092,0.0,0.06352079,1.0,4044,"tags=28%, list=15%, signal=32%",
GOBP_FAT_PAD_DEVELOPMENT,GOBP_FAT_PAD_DEVELOPMENT,,10,0.74371016,1.5078245,0.03220036,0.063533515,1.0,3531,"tags=30%, list=13%, signal=34%",
GOBP_CELLULAR_RESPONSE_TO_CADMIUM_ION,GOBP_CELLULAR_RESPONSE_TO_CADMIUM_ION,,18,0.6609295,1.5076165,0.055062167,0.063598044,1.0,4111,"tags=44%, list=15%, signal=52%",
GOBP_NEGATIVE_REGULATION_OF_D_GLUCOSE_IMPORT,GOBP_NEGATIVE_REGULATION_OF_D_GLUCOSE_IMPORT,,11,0.73487926,1.5075034,0.037300177,0.063626975,1.0,3021,"tags=36%, list=11%, signal=41%",
GOBP_LEUKOCYTE_APOPTOTIC_PROCESS,GOBP_LEUKOCYTE_APOPTOTIC_PROCESS,,108,0.47004953,1.5074592,0.0063897762,0.06361348,1.0,4364,"tags=44%, list=16%, signal=53%",
GOBP_POSITIVE_REGULATION_OF_DNA_BINDING_TRANSCRIPTION_FACTOR_ACTIVITY,GOBP_POSITIVE_REGULATION_OF_DNA_BINDING_TRANSCRIPTION_FACTOR_ACTIVITY,,96,0.4875225,1.5068573,0.006042296,0.06395384,1.0,4006,"tags=35%, list=14%, signal=41%",
GOBP_REGULATION_OF_MONOATOMIC_ION_TRANSPORT,GOBP_REGULATION_OF_MONOATOMIC_ION_TRANSPORT,,334,0.42509565,1.5067632,0.0,0.063968025,1.0,5248,"tags=34%, list=19%, signal=41%",
GOBP_BLOOD_COAGULATION_FIBRIN_CLOT_FORMATION,GOBP_BLOOD_COAGULATION_FIBRIN_CLOT_FORMATION,,18,0.65902096,1.5065327,0.03068592,0.0640727,1.0,4558,"tags=50%, list=16%, signal=60%",
GOBP_POST_TRANSLATIONAL_PROTEIN_TARGETING_TO_ENDOPLASMIC_RETICULUM_MEMBRANE,GOBP_POST_TRANSLATIONAL_PROTEIN_TARGETING_TO_ENDOPLASMIC_RETICULUM_MEMBRANE,,20,0.6475528,1.5063363,0.02977233,0.06414085,1.0,5145,"tags=50%, list=19%, signal=61%",
GOBP_REGULATION_OF_HEAT_GENERATION,GOBP_REGULATION_OF_HEAT_GENERATION,,13,0.6880201,1.5063074,0.043165468,0.06411854,1.0,6021,"tags=38%, list=22%, signal=49%",
GOBP_LIVER_REGENERATION,GOBP_LIVER_REGENERATION,,26,0.6094953,1.5060197,0.025337838,0.06425167,1.0,4042,"tags=35%, list=15%, signal=40%",
GOBP_MONOCARBOXYLIC_ACID_BIOSYNTHETIC_PROCESS,GOBP_MONOCARBOXYLIC_ACID_BIOSYNTHETIC_PROCESS,,201,0.43944386,1.5058163,0.0,0.06432564,1.0,4144,"tags=26%, list=15%, signal=31%",
GOBP_PINOCYTOSIS,GOBP_PINOCYTOSIS,,22,0.62378496,1.5053413,0.03068592,0.064573936,1.0,3934,"tags=45%, list=14%, signal=53%",
GOBP_VASCULAR_ASSOCIATED_SMOOTH_MUSCLE_CELL_MIGRATION,GOBP_VASCULAR_ASSOCIATED_SMOOTH_MUSCLE_CELL_MIGRATION,,24,0.6060582,1.5052928,0.03852596,0.0645607,1.0,2887,"tags=29%, list=10%, signal=33%",
GOBP_RESPONSE_TO_TUMOR_CELL,GOBP_RESPONSE_TO_TUMOR_CELL,,49,0.5415248,1.5052925,0.01188455,0.064518854,1.0,1464,"tags=20%, list=5%, signal=22%",
GOBP_RESPONSE_TO_OXYGEN_RADICAL,GOBP_RESPONSE_TO_OXYGEN_RADICAL,,22,0.6227122,1.505182,0.035778176,0.064537585,1.0,3359,"tags=23%, list=12%, signal=26%",
GOBP_REGULATION_OF_T_HELPER_1_CELL_DIFFERENTIATION,GOBP_REGULATION_OF_T_HELPER_1_CELL_DIFFERENTIATION,,10,0.75204986,1.5039994,0.031307552,0.06521232,1.0,3421,"tags=50%, list=12%, signal=57%",
GOBP_POSITIVE_REGULATION_OF_ENDOPLASMIC_RETICULUM_STRESS_INDUCED_INTRINSIC_APOPTOTIC_SIGNALING_PATHWAY,GOBP_POSITIVE_REGULATION_OF_ENDOPLASMIC_RETICULUM_STRESS_INDUCED_INTRINSIC_APOPTOTIC_SIGNALING_PATHWAY,,10,0.74698645,1.5038663,0.04347826,0.0652434,1.0,4364,"tags=50%, list=16%, signal=59%",
GOBP_HEPATOCYTE_GROWTH_FACTOR_RECEPTOR_SIGNALING_PATHWAY,GOBP_HEPATOCYTE_GROWTH_FACTOR_RECEPTOR_SIGNALING_PATHWAY,,13,0.7039292,1.5037977,0.039215688,0.06524573,1.0,2887,"tags=46%, list=10%, signal=51%",
GOBP_NEGATIVE_REGULATION_OF_CATABOLIC_PROCESS,GOBP_NEGATIVE_REGULATION_OF_CATABOLIC_PROCESS,,355,0.41824934,1.5032341,0.0,0.065566115,1.0,4343,"tags=28%, list=16%, signal=33%",
REACTOME_FORMATION_OF_THE_CORNIFIED_ENVELOPE,REACTOME_FORMATION_OF_THE_CORNIFIED_ENVELOPE,,52,0.53081197,1.5032339,0.012965964,0.06552379,1.0,6357,"tags=37%, list=23%, signal=47%",
GOBP_REGULATION_OF_RECEPTOR_LOCALIZATION_TO_SYNAPSE,GOBP_REGULATION_OF_RECEPTOR_LOCALIZATION_TO_SYNAPSE,,30,0.5899458,1.5029567,0.025641026,0.065653585,1.0,5748,"tags=50%, list=21%, signal=63%",
GOBP_ERYTHROCYTE_DEVELOPMENT,GOBP_ERYTHROCYTE_DEVELOPMENT,,51,0.52259785,1.5026708,0.015,0.065793596,1.0,5877,"tags=53%, list=21%, signal=67%",
GOBP_GOLGI_TO_ENDOSOME_TRANSPORT,GOBP_GOLGI_TO_ENDOSOME_TRANSPORT,,20,0.6337407,1.5024335,0.03024911,0.06590184,1.0,5906,"tags=40%, list=21%, signal=51%",
GOBP_POSITIVE_REGULATION_OF_B_CELL_DIFFERENTIATION,GOBP_POSITIVE_REGULATION_OF_B_CELL_DIFFERENTIATION,,17,0.6630688,1.5023755,0.028933093,0.06589613,1.0,4514,"tags=76%, list=16%, signal=91%",
REACTOME_DAP12_INTERACTIONS,REACTOME_DAP12_INTERACTIONS,,39,0.5616399,1.5020397,0.02529511,0.06605074,1.0,3614,"tags=49%, list=13%, signal=56%",
GOBP_REGULATION_OF_SYSTEM_PROCESS,GOBP_REGULATION_OF_SYSTEM_PROCESS,,446,0.4155112,1.5020245,0.0,0.06601909,1.0,4426,"tags=28%, list=16%, signal=33%",
REACTOME_CDC42_GTPASE_CYCLE,REACTOME_CDC42_GTPASE_CYCLE,,149,0.45761,1.5019196,0.0030165913,0.06605333,1.0,4802,"tags=36%, list=17%, signal=44%",
GOBP_POSITIVE_REGULATION_OF_UBIQUITIN_DEPENDENT_PROTEIN_CATABOLIC_PROCESS,GOBP_POSITIVE_REGULATION_OF_UBIQUITIN_DEPENDENT_PROTEIN_CATABOLIC_PROCESS,,103,0.47466505,1.5017018,0.0045523522,0.066130206,1.0,4515,"tags=34%, list=16%, signal=40%",
GOBP_NEGATIVE_REGULATION_OF_RECEPTOR_SIGNALING_PATHWAY_VIA_JAK_STAT,GOBP_NEGATIVE_REGULATION_OF_RECEPTOR_SIGNALING_PATHWAY_VIA_JAK_STAT,,23,0.6102711,1.5014954,0.030354131,0.06620108,1.0,3741,"tags=43%, list=13%, signal=50%",
GOBP_MACROMOLECULE_DEPALMITOYLATION,GOBP_MACROMOLECULE_DEPALMITOYLATION,,15,0.67258465,1.5014223,0.024253732,0.06620708,1.0,2935,"tags=27%, list=11%, signal=30%",
GOBP_NADPLUS_METABOLIC_PROCESS,GOBP_NADPLUS_METABOLIC_PROCESS,,41,0.54860014,1.5012478,0.027960526,0.06629201,1.0,3425,"tags=34%, list=12%, signal=39%",
GOBP_POSITIVE_REGULATION_OF_ERYTHROCYTE_DIFFERENTIATION,GOBP_POSITIVE_REGULATION_OF_ERYTHROCYTE_DIFFERENTIATION,,34,0.5688674,1.5012279,0.020236088,0.0662645,1.0,3525,"tags=38%, list=13%, signal=44%",
GOBP_REGULATION_OF_RESPONSE_TO_TUMOR_CELL,GOBP_REGULATION_OF_RESPONSE_TO_TUMOR_CELL,,31,0.5757747,1.5010289,0.018181818,0.06634938,1.0,1381,"tags=23%, list=5%, signal=24%",
GOBP_RESPONSE_TO_ARSENIC_CONTAINING_SUBSTANCE,GOBP_RESPONSE_TO_ARSENIC_CONTAINING_SUBSTANCE,,28,0.588738,1.5009786,0.03119584,0.06634348,1.0,4355,"tags=32%, list=16%, signal=38%",
REACTOME_TRANSCRIPTIONAL_AND_POST_TRANSLATIONAL_REGULATION_OF_MITF_M_EXPRESSION_AND_ACTIVITY,REACTOME_TRANSCRIPTIONAL_AND_POST_TRANSLATIONAL_REGULATION_OF_MITF_M_EXPRESSION_AND_ACTIVITY,,50,0.52955276,1.5007079,0.0208,0.06648968,1.0,5229,"tags=42%, list=19%, signal=52%",
REACTOME_MITOPHAGY,REACTOME_MITOPHAGY,,38,0.5554043,1.5007056,0.018771332,0.0664472,1.0,5221,"tags=42%, list=19%, signal=52%",
REACTOME_APC_C_MEDIATED_DEGRADATION_OF_CELL_CYCLE_PROTEINS,REACTOME_APC_C_MEDIATED_DEGRADATION_OF_CELL_CYCLE_PROTEINS,,75,0.50150096,1.5005069,0.0062111802,0.066529326,1.0,5323,"tags=39%, list=19%, signal=48%",
GOBP_T_CELL_ACTIVATION_VIA_T_CELL_RECEPTOR_CONTACT_WITH_ANTIGEN_BOUND_TO_MHC_MOLECULE_ON_ANTIGEN_PRESENTING_CELL,GOBP_T_CELL_ACTIVATION_VIA_T_CELL_RECEPTOR_CONTACT_WITH_ANTIGEN_BOUND_TO_MHC_MOLECULE_ON_ANTIGEN_PRESENTING_CELL,,13,0.6951901,1.5004425,0.033989266,0.06653007,1.0,3490,"tags=77%, list=13%, signal=88%",
GOBP_CELLULAR_RESPONSE_TO_VITAMIN,GOBP_CELLULAR_RESPONSE_TO_VITAMIN,,26,0.60486877,1.4995942,0.027729636,0.06703328,1.0,4829,"tags=38%, list=17%, signal=47%",
GOBP_REGULATION_OF_LYMPHOCYTE_DIFFERENTIATION,GOBP_REGULATION_OF_LYMPHOCYTE_DIFFERENTIATION,,219,0.4387759,1.4995233,0.0014164306,0.06703856,1.0,3680,"tags=37%, list=13%, signal=42%",
GOBP_POSITIVE_REGULATION_OF_FATTY_ACID_TRANSPORT,GOBP_POSITIVE_REGULATION_OF_FATTY_ACID_TRANSPORT,,17,0.65119046,1.4992284,0.054716982,0.067168064,1.0,4813,"tags=41%, list=17%, signal=50%",
GOBP_POSITIVE_REGULATION_OF_CELL_ACTIVATION,GOBP_POSITIVE_REGULATION_OF_CELL_ACTIVATION,,362,0.41990346,1.4989805,0.0,0.06728496,1.0,3680,"tags=33%, list=13%, signal=37%",
GOBP_BRANCHING_INVOLVED_IN_LABYRINTHINE_LAYER_MORPHOGENESIS,GOBP_BRANCHING_INVOLVED_IN_LABYRINTHINE_LAYER_MORPHOGENESIS,,13,0.7098758,1.4989445,0.036101084,0.067267016,1.0,4716,"tags=69%, list=17%, signal=83%",
GOBP_HYPERSENSITIVITY,GOBP_HYPERSENSITIVITY,,21,0.6228999,1.498397,0.03197158,0.06756684,1.0,3614,"tags=48%, list=13%, signal=55%",
GOBP_REGULATION_OF_KETONE_METABOLIC_PROCESS,GOBP_REGULATION_OF_KETONE_METABOLIC_PROCESS,,116,0.47144458,1.4981829,0.0015151515,0.067664236,1.0,5597,"tags=35%, list=20%, signal=44%",
GOBP_RESPONSE_TO_UV_A,GOBP_RESPONSE_TO_UV_A,,10,0.7336116,1.4980356,0.04121864,0.06772115,1.0,1711,"tags=40%, list=6%, signal=43%",
GOBP_NEGATIVE_REGULATION_OF_NF_KAPPAB_TRANSCRIPTION_FACTOR_ACTIVITY,GOBP_NEGATIVE_REGULATION_OF_NF_KAPPAB_TRANSCRIPTION_FACTOR_ACTIVITY,,40,0.5596722,1.4979676,0.025806451,0.06772434,1.0,3178,"tags=40%, list=11%, signal=45%",
GOBP_REGULATION_OF_PROTEIN_TARGETING_TO_MEMBRANE,GOBP_REGULATION_OF_PROTEIN_TARGETING_TO_MEMBRANE,,31,0.580181,1.4978747,0.032315977,0.067746505,1.0,4165,"tags=35%, list=15%, signal=42%",
REACTOME_REGULATION_OF_GLYCOLYSIS_BY_FRUCTOSE_2_6_BISPHOSPHATE_METABOLISM,REACTOME_REGULATION_OF_GLYCOLYSIS_BY_FRUCTOSE_2_6_BISPHOSPHATE_METABOLISM,,11,0.7269909,1.4977304,0.043165468,0.06779751,1.0,2364,"tags=45%, list=9%, signal=50%",
REACTOME_FGFR1_MUTANT_RECEPTOR_ACTIVATION,REACTOME_FGFR1_MUTANT_RECEPTOR_ACTIVATION,,26,0.6094813,1.4975846,0.03633218,0.06784905,1.0,1693,"tags=27%, list=6%, signal=29%",
GOBP_NEGATIVE_REGULATION_OF_CARBOHYDRATE_METABOLIC_PROCESS,GOBP_NEGATIVE_REGULATION_OF_CARBOHYDRATE_METABOLIC_PROCESS,,47,0.5436881,1.4974239,0.023140496,0.06791548,1.0,3577,"tags=43%, list=13%, signal=49%",
GOBP_POSITIVE_REGULATION_OF_STRIATED_MUSCLE_CONTRACTION,GOBP_POSITIVE_REGULATION_OF_STRIATED_MUSCLE_CONTRACTION,,11,0.7314972,1.497093,0.030716723,0.06808632,1.0,5171,"tags=55%, list=19%, signal=67%",
GOBP_GLIOGENESIS,GOBP_GLIOGENESIS,,286,0.43142632,1.4963005,0.0,0.06854528,1.0,4483,"tags=30%, list=16%, signal=35%",
GOBP_PROTEIN_LOCALIZATION_TO_CELL_PERIPHERY,GOBP_PROTEIN_LOCALIZATION_TO_CELL_PERIPHERY,,338,0.42348284,1.4961873,0.0,0.06858324,1.0,4430,"tags=30%, list=16%, signal=35%",
GOBP_IMMUNE_RESPONSE_REGULATING_CELL_SURFACE_RECEPTOR_SIGNALING_PATHWAY,GOBP_IMMUNE_RESPONSE_REGULATING_CELL_SURFACE_RECEPTOR_SIGNALING_PATHWAY,,387,0.4196784,1.49603,0.0,0.06864247,1.0,2871,"tags=29%, list=10%, signal=32%",
GOBP_HOST_MEDIATED_PERTURBATION_OF_VIRAL_GENOME_REPLICATION,GOBP_HOST_MEDIATED_PERTURBATION_OF_VIRAL_GENOME_REPLICATION,,11,0.7297841,1.4951029,0.025925925,0.06918442,1.0,5071,"tags=73%, list=18%, signal=89%",
GOBP_CYSTEINE_METABOLIC_PROCESS,GOBP_CYSTEINE_METABOLIC_PROCESS,,11,0.7329426,1.494804,0.041818183,0.0693334,1.0,4652,"tags=55%, list=17%, signal=66%",
REACTOME_NEGATIVE_REGULATION_OF_FLT3,REACTOME_NEGATIVE_REGULATION_OF_FLT3,,15,0.65329987,1.4947226,0.04537205,0.06934372,1.0,3952,"tags=53%, list=14%, signal=62%",
GOBP_NEGATIVE_REGULATION_OF_INTERLEUKIN_10_PRODUCTION,GOBP_NEGATIVE_REGULATION_OF_INTERLEUKIN_10_PRODUCTION,,21,0.63623154,1.4940914,0.041666668,0.06973601,1.0,2248,"tags=43%, list=8%, signal=47%",
REACTOME_RHO_GTPASES_ACTIVATE_CIT,REACTOME_RHO_GTPASES_ACTIVATE_CIT,,18,0.65329826,1.4937389,0.032534245,0.06991693,1.0,3830,"tags=44%, list=14%, signal=52%",
GOBP_REGULATION_OF_ENDOTHELIAL_CELL_DEVELOPMENT,GOBP_REGULATION_OF_ENDOTHELIAL_CELL_DEVELOPMENT,,18,0.64707506,1.4935943,0.032702237,0.06998172,1.0,5495,"tags=50%, list=20%, signal=62%",
GOBP_COPII_COATED_VESICLE_CARGO_LOADING,GOBP_COPII_COATED_VESICLE_CARGO_LOADING,,18,0.63973767,1.4935825,0.053667262,0.06994669,1.0,6182,"tags=56%, list=22%, signal=71%",
REACTOME_ACYL_CHAIN_REMODELLING_OF_PC,REACTOME_ACYL_CHAIN_REMODELLING_OF_PC,,17,0.6669737,1.4935338,0.03411131,0.069934525,1.0,3572,"tags=47%, list=13%, signal=54%",
GOBP_REGULATION_OF_MEMBRANE_LIPID_METABOLIC_PROCESS,GOBP_REGULATION_OF_MEMBRANE_LIPID_METABOLIC_PROCESS,,15,0.6742621,1.4934616,0.034734916,0.06993227,1.0,4104,"tags=47%, list=15%, signal=55%",
REACTOME_LATE_SARS_COV_2_INFECTION_EVENTS,REACTOME_LATE_SARS_COV_2_INFECTION_EVENTS,,69,0.5000958,1.493419,0.012658228,0.06990879,1.0,3537,"tags=39%, list=13%, signal=45%",
REACTOME_MAPK3_ERK1_ACTIVATION,REACTOME_MAPK3_ERK1_ACTIVATION,,10,0.7452279,1.4925656,0.041366905,0.07044416,1.0,1597,"tags=30%, list=6%, signal=32%",
REACTOME_HDMS_DEMETHYLATE_HISTONES,REACTOME_HDMS_DEMETHYLATE_HISTONES,,45,0.5426648,1.4924,0.014851485,0.07051322,1.0,5993,"tags=44%, list=22%, signal=57%",
GOBP_VASCULAR_ENDOTHELIAL_CELL_RESPONSE_TO_FLUID_SHEAR_STRESS,GOBP_VASCULAR_ENDOTHELIAL_CELL_RESPONSE_TO_FLUID_SHEAR_STRESS,,24,0.6104111,1.4923724,0.02688172,0.07049347,1.0,2991,"tags=29%, list=11%, signal=33%",
GOBP_POSITIVE_REGULATION_OF_PHOSPHOLIPID_METABOLIC_PROCESS,GOBP_POSITIVE_REGULATION_OF_PHOSPHOLIPID_METABOLIC_PROCESS,,12,0.7205848,1.4921263,0.029520296,0.07059687,1.0,4959,"tags=42%, list=18%, signal=51%",
GOBP_PROTEIN_LOCALIZATION_TO_MEMBRANE,GOBP_PROTEIN_LOCALIZATION_TO_MEMBRANE,,422,0.41331124,1.4919415,0.0,0.07067043,1.0,4859,"tags=31%, list=18%, signal=37%",
REACTOME_MATURATION_OF_SARS_COV_2_NUCLEOPROTEIN,REACTOME_MATURATION_OF_SARS_COV_2_NUCLEOPROTEIN,,15,0.6844274,1.4916446,0.044444446,0.070834994,1.0,3423,"tags=60%, list=12%, signal=68%",
GOBP_CELLULAR_RESPONSE_TO_OXYGEN_RADICAL,GOBP_CELLULAR_RESPONSE_TO_OXYGEN_RADICAL,,18,0.65411776,1.4912616,0.03760684,0.07105207,1.0,3359,"tags=28%, list=12%, signal=32%",
GOBP_REGULATION_OF_ACUTE_INFLAMMATORY_RESPONSE,GOBP_REGULATION_OF_ACUTE_INFLAMMATORY_RESPONSE,,41,0.5493084,1.4910487,0.015929203,0.0711511,1.0,1604,"tags=24%, list=6%, signal=26%",
GOBP_NEGATIVE_REGULATION_OF_POST_TRANSLATIONAL_PROTEIN_MODIFICATION,GOBP_NEGATIVE_REGULATION_OF_POST_TRANSLATIONAL_PROTEIN_MODIFICATION,,86,0.482495,1.490908,0.012718601,0.071184546,1.0,4459,"tags=33%, list=16%, signal=39%",
REACTOME_MAPK_FAMILY_SIGNALING_CASCADES,REACTOME_MAPK_FAMILY_SIGNALING_CASCADES,,276,0.4264346,1.4907608,0.0,0.071230896,1.0,4681,"tags=33%, list=17%, signal=39%",
REACTOME_FOXO_MEDIATED_TRANSCRIPTION_OF_CELL_DEATH_GENES,REACTOME_FOXO_MEDIATED_TRANSCRIPTION_OF_CELL_DEATH_GENES,,16,0.64920104,1.4905709,0.04472272,0.07132571,1.0,2836,"tags=44%, list=10%, signal=49%",
GOBP_PROTEIN_CONTAINING_COMPLEX_REMODELING,GOBP_PROTEIN_CONTAINING_COMPLEX_REMODELING,,24,0.62013984,1.4904139,0.02877698,0.07138965,1.0,5633,"tags=42%, list=20%, signal=52%",
GOBP_CHEMOKINE_C_C_MOTIF_LIGAND_5_PRODUCTION,GOBP_CHEMOKINE_C_C_MOTIF_LIGAND_5_PRODUCTION,,10,0.7420357,1.4901606,0.033027522,0.0715208,1.0,3014,"tags=40%, list=11%, signal=45%",
GOBP_REGULATION_OF_ANATOMICAL_STRUCTURE_SIZE,GOBP_REGULATION_OF_ANATOMICAL_STRUCTURE_SIZE,,436,0.4100487,1.4898967,0.0012903226,0.071654044,1.0,4400,"tags=31%, list=16%, signal=36%",
GOBP_SUBSTRATE_DEPENDENT_CELL_MIGRATION,GOBP_SUBSTRATE_DEPENDENT_CELL_MIGRATION,,27,0.5996609,1.489883,0.029565217,0.07161925,1.0,6996,"tags=67%, list=25%, signal=89%",
REACTOME_INTRACELLULAR_SIGNALING_BY_SECOND_MESSENGERS,REACTOME_INTRACELLULAR_SIGNALING_BY_SECOND_MESSENGERS,,278,0.42713436,1.4891648,0.0,0.07202445,1.0,4996,"tags=37%, list=18%, signal=45%",
GOBP_REGULATION_OF_MEGAKARYOCYTE_DIFFERENTIATION,GOBP_REGULATION_OF_MEGAKARYOCYTE_DIFFERENTIATION,,34,0.5562508,1.4889258,0.025553662,0.072151154,1.0,3693,"tags=32%, list=13%, signal=37%",
GOBP_NEUTRAL_LIPID_CATABOLIC_PROCESS,GOBP_NEUTRAL_LIPID_CATABOLIC_PROCESS,,31,0.57303804,1.4886885,0.033158813,0.07227172,1.0,2478,"tags=35%, list=9%, signal=39%",
REACTOME_PKA_ACTIVATION_IN_GLUCAGON_SIGNALLING,REACTOME_PKA_ACTIVATION_IN_GLUCAGON_SIGNALLING,,14,0.66182303,1.4886402,0.036166366,0.07225598,1.0,4519,"tags=43%, list=16%, signal=51%",
GOBP_GOLGI_TO_VACUOLE_TRANSPORT,GOBP_GOLGI_TO_VACUOLE_TRANSPORT,,24,0.60364634,1.4885579,0.023214286,0.07227077,1.0,4208,"tags=42%, list=15%, signal=49%",
GOBP_CARDIAC_MUSCLE_CONTRACTION,GOBP_CARDIAC_MUSCLE_CONTRACTION,,113,0.465519,1.4883643,0.004769475,0.07235708,1.0,4574,"tags=35%, list=16%, signal=42%",
GOBP_ALPHA_BETA_T_CELL_ACTIVATION,GOBP_ALPHA_BETA_T_CELL_ACTIVATION,,212,0.43709365,1.488308,0.0,0.07234923,1.0,3421,"tags=38%, list=12%, signal=43%",
GOBP_NONRIBOSOMAL_PEPTIDE_BIOSYNTHETIC_PROCESS,GOBP_NONRIBOSOMAL_PEPTIDE_BIOSYNTHETIC_PROCESS,,15,0.6808468,1.4881246,0.054054055,0.07242027,1.0,1312,"tags=27%, list=5%, signal=28%",
GOBP_NUCLEAR_MEMBRANE_REASSEMBLY,GOBP_NUCLEAR_MEMBRANE_REASSEMBLY,,26,0.60760826,1.4880295,0.035778176,0.072440624,1.0,4476,"tags=62%, list=16%, signal=73%",
GOBP_POSITIVE_REGULATION_OF_LEUKOCYTE_APOPTOTIC_PROCESS,GOBP_POSITIVE_REGULATION_OF_LEUKOCYTE_APOPTOTIC_PROCESS,,27,0.58345973,1.4877584,0.033216782,0.07257651,1.0,4796,"tags=56%, list=17%, signal=67%",
GOBP_ENDOTHELIAL_CELL_DEVELOPMENT,GOBP_ENDOTHELIAL_CELL_DEVELOPMENT,,67,0.5028086,1.4875605,0.006279435,0.07266094,1.0,5198,"tags=34%, list=19%, signal=42%",
REACTOME_SIGNALING_BY_ERYTHROPOIETIN,REACTOME_SIGNALING_BY_ERYTHROPOIETIN,,25,0.59666,1.4874448,0.032702237,0.07268654,1.0,4192,"tags=52%, list=15%, signal=61%",
GOBP_MYELIN_MAINTENANCE,GOBP_MYELIN_MAINTENANCE,,17,0.6563195,1.4869295,0.03559322,0.07298294,1.0,2647,"tags=35%, list=10%, signal=39%",
GOBP_REGULATION_OF_SMALL_MOLECULE_METABOLIC_PROCESS,GOBP_REGULATION_OF_SMALL_MOLECULE_METABOLIC_PROCESS,,294,0.42666757,1.4865851,0.0,0.073169015,1.0,5597,"tags=34%, list=20%, signal=42%",
GOBP_NEGATIVE_REGULATION_OF_LIPID_LOCALIZATION,GOBP_NEGATIVE_REGULATION_OF_LIPID_LOCALIZATION,,42,0.5413082,1.4865658,0.023255814,0.0731336,1.0,4709,"tags=50%, list=17%, signal=60%",
GOBP_RESPONSE_TO_UV_B,GOBP_RESPONSE_TO_UV_B,,21,0.62676716,1.4864529,0.021922428,0.07317188,1.0,831,"tags=24%, list=3%, signal=25%",
GOBP_VESICLE_TARGETING_ROUGH_ER_TO_CIS_GOLGI,GOBP_VESICLE_TARGETING_ROUGH_ER_TO_CIS_GOLGI,,25,0.6047957,1.4862567,0.02058319,0.073265985,1.0,4929,"tags=48%, list=18%, signal=58%",
GOBP_NEGATIVE_REGULATION_OF_AMYLOID_PRECURSOR_PROTEIN_CATABOLIC_PROCESS,GOBP_NEGATIVE_REGULATION_OF_AMYLOID_PRECURSOR_PROTEIN_CATABOLIC_PROCESS,,21,0.60756093,1.4862343,0.035117056,0.07323688,1.0,2081,"tags=29%, list=8%, signal=31%",
GOBP_PHOSPHATIDYLETHANOLAMINE_ACYL_CHAIN_REMODELING,GOBP_PHOSPHATIDYLETHANOLAMINE_ACYL_CHAIN_REMODELING,,11,0.7206179,1.4856275,0.046428572,0.07360323,1.0,3572,"tags=64%, list=13%, signal=73%",
GOBP_POSITIVE_REGULATION_OF_GTPASE_ACTIVITY,GOBP_POSITIVE_REGULATION_OF_GTPASE_ACTIVITY,,77,0.4897328,1.4855001,0.0030627872,0.07365382,1.0,5529,"tags=39%, list=20%, signal=49%",
GOBP_REGULATION_OF_TOLL_LIKE_RECEPTOR_SIGNALING_PATHWAY,GOBP_REGULATION_OF_TOLL_LIKE_RECEPTOR_SIGNALING_PATHWAY,,36,0.5665323,1.4854962,0.02184874,0.07361184,1.0,2430,"tags=39%, list=9%, signal=43%",
GOBP_CELLULAR_RESPONSE_TO_OXIDATIVE_STRESS,GOBP_CELLULAR_RESPONSE_TO_OXIDATIVE_STRESS,,228,0.43249243,1.4854791,0.0,0.073580295,1.0,4673,"tags=31%, list=17%, signal=37%",
GOBP_NEGATIVE_REGULATION_OF_MEMBRANE_PERMEABILITY,GOBP_NEGATIVE_REGULATION_OF_MEMBRANE_PERMEABILITY,,18,0.64010537,1.4852169,0.042301185,0.07373159,1.0,5036,"tags=39%, list=18%, signal=47%",
GOBP_MUSCLE_CELL_PROLIFERATION,GOBP_MUSCLE_CELL_PROLIFERATION,,170,0.44186518,1.4850491,0.0,0.07380066,1.0,4755,"tags=29%, list=17%, signal=35%",
GOBP_REGULATION_OF_ESTABLISHMENT_OF_PROTEIN_LOCALIZATION_TO_MITOCHONDRION,GOBP_REGULATION_OF_ESTABLISHMENT_OF_PROTEIN_LOCALIZATION_TO_MITOCHONDRION,,52,0.5310136,1.4850049,0.025210084,0.073790446,1.0,4482,"tags=42%, list=16%, signal=50%",
GOBP_NEGATIVE_REGULATION_OF_RESPONSE_TO_WOUNDING,GOBP_NEGATIVE_REGULATION_OF_RESPONSE_TO_WOUNDING,,79,0.48779905,1.4849402,0.011217949,0.07377868,1.0,4928,"tags=41%, list=18%, signal=49%",
GOBP_POSITIVE_REGULATION_OF_ORGANIC_ACID_TRANSPORT,GOBP_POSITIVE_REGULATION_OF_ORGANIC_ACID_TRANSPORT,,33,0.5623105,1.4845895,0.03152364,0.07395902,1.0,4813,"tags=33%, list=17%, signal=40%",
GOBP_RESPONSE_TO_ACID_CHEMICAL,GOBP_RESPONSE_TO_ACID_CHEMICAL,,118,0.47045425,1.4837307,0.006329114,0.07447443,1.0,4276,"tags=28%, list=15%, signal=33%",
GOBP_REGULATION_OF_POST_TRANSLATIONAL_PROTEIN_MODIFICATION,GOBP_REGULATION_OF_POST_TRANSLATIONAL_PROTEIN_MODIFICATION,,234,0.43146133,1.4836888,0.0014064697,0.074462324,1.0,4487,"tags=30%, list=16%, signal=35%",
REACTOME_SIGNALING_BY_MET,REACTOME_SIGNALING_BY_MET,,77,0.4827813,1.4836627,0.0050847456,0.0744351,1.0,6439,"tags=52%, list=23%, signal=67%",
REACTOME_ION_CHANNEL_TRANSPORT,REACTOME_ION_CHANNEL_TRANSPORT,,149,0.4475507,1.483518,0.004464286,0.07449031,1.0,4368,"tags=32%, list=16%, signal=37%",
GOBP_LIPOXYGENASE_PATHWAY,GOBP_LIPOXYGENASE_PATHWAY,,10,0.7447078,1.4830097,0.031307552,0.07481546,1.0,5003,"tags=70%, list=18%, signal=85%",
GOBP_POSITIVE_REGULATION_OF_DEFENSE_RESPONSE_TO_BACTERIUM,GOBP_POSITIVE_REGULATION_OF_DEFENSE_RESPONSE_TO_BACTERIUM,,10,0.741179,1.4828333,0.04909091,0.07489009,1.0,3178,"tags=70%, list=11%, signal=79%",
GOBP_LIPOSACCHARIDE_METABOLIC_PROCESS,GOBP_LIPOSACCHARIDE_METABOLIC_PROCESS,,107,0.46719065,1.4828085,0.0015384615,0.07486263,1.0,4152,"tags=32%, list=15%, signal=37%",
GOBP_FATTY_ACID_TRANSPORT,GOBP_FATTY_ACID_TRANSPORT,,87,0.48112157,1.4824694,0.011075949,0.075058125,1.0,5003,"tags=38%, list=18%, signal=46%",
GOBP_SPHINGOLIPID_BIOSYNTHETIC_PROCESS,GOBP_SPHINGOLIPID_BIOSYNTHETIC_PROCESS,,107,0.47218117,1.4819614,0.0061068702,0.07534609,1.0,4104,"tags=32%, list=15%, signal=37%",
GOBP_MONOATOMIC_ANION_HOMEOSTASIS,GOBP_MONOATOMIC_ANION_HOMEOSTASIS,,18,0.64022017,1.4818525,0.045207955,0.07537374,1.0,2680,"tags=33%, list=10%, signal=37%",
GOBP_POSITIVE_REGULATION_OF_PROTEIN_TARGETING_TO_MEMBRANE,GOBP_POSITIVE_REGULATION_OF_PROTEIN_TARGETING_TO_MEMBRANE,,26,0.5920885,1.4816698,0.037102472,0.07545507,1.0,1294,"tags=23%, list=5%, signal=24%",
GOBP_REGULATION_OF_GLUTAMATE_RECEPTOR_SIGNALING_PATHWAY,GOBP_REGULATION_OF_GLUTAMATE_RECEPTOR_SIGNALING_PATHWAY,,11,0.7202102,1.4815983,0.044692736,0.07546448,1.0,2982,"tags=36%, list=11%, signal=41%",
GOBP_REGULATION_OF_TISSUE_REMODELING,GOBP_REGULATION_OF_TISSUE_REMODELING,,64,0.5019026,1.4811616,0.014446228,0.07571509,1.0,5112,"tags=48%, list=18%, signal=59%",
GOBP_CARBOHYDRATE_PHOSPHORYLATION,GOBP_CARBOHYDRATE_PHOSPHORYLATION,,24,0.6070391,1.4810841,0.0335097,0.075717196,1.0,3140,"tags=38%, list=11%, signal=42%",
GOBP_CELL_JUNCTION_DISASSEMBLY,GOBP_CELL_JUNCTION_DISASSEMBLY,,34,0.5633734,1.480798,0.029513888,0.07589008,1.0,3539,"tags=38%, list=13%, signal=44%",
GOBP_REGULATION_OF_PROTEIN_EXIT_FROM_ENDOPLASMIC_RETICULUM,GOBP_REGULATION_OF_PROTEIN_EXIT_FROM_ENDOPLASMIC_RETICULUM,,30,0.57322174,1.4805903,0.028119508,0.07598412,1.0,2823,"tags=33%, list=10%, signal=37%",
GOBP_IMMUNE_RESPONSE_REGULATING_CELL_SURFACE_RECEPTOR_SIGNALING_PATHWAY_INVOLVED_IN_PHAGOCYTOSIS,GOBP_IMMUNE_RESPONSE_REGULATING_CELL_SURFACE_RECEPTOR_SIGNALING_PATHWAY_INVOLVED_IN_PHAGOCYTOSIS,,25,0.5928778,1.4804368,0.048442908,0.076030165,1.0,1887,"tags=36%, list=7%, signal=39%",
GOBP_POSITIVE_REGULATION_OF_LYMPHOCYTE_CHEMOTAXIS,GOBP_POSITIVE_REGULATION_OF_LYMPHOCYTE_CHEMOTAXIS,,14,0.68806016,1.4802936,0.047531992,0.076086424,1.0,4324,"tags=50%, list=16%, signal=59%",
GOBP_NEGATIVE_REGULATION_OF_MAPK_CASCADE,GOBP_NEGATIVE_REGULATION_OF_MAPK_CASCADE,,150,0.44875902,1.4802684,0.0015479876,0.076058455,1.0,4796,"tags=34%, list=17%, signal=41%",
GOBP_KETONE_METABOLIC_PROCESS,GOBP_KETONE_METABOLIC_PROCESS,,190,0.43929416,1.479938,0.0,0.07620447,1.0,5597,"tags=35%, list=20%, signal=44%",
GOBP_REGULATION_OF_LIPID_STORAGE,GOBP_REGULATION_OF_LIPID_STORAGE,,41,0.5533662,1.4797903,0.024752475,0.07626595,1.0,4028,"tags=44%, list=15%, signal=51%",
GOBP_REGULATION_OF_CELLULAR_RESPONSE_TO_OXIDATIVE_STRESS,GOBP_REGULATION_OF_CELLULAR_RESPONSE_TO_OXIDATIVE_STRESS,,21,0.6165721,1.4795643,0.02757353,0.07638526,1.0,2741,"tags=33%, list=10%, signal=37%",
GOBP_POSITIVE_REGULATION_OF_CELL_CELL_ADHESION,GOBP_POSITIVE_REGULATION_OF_CELL_CELL_ADHESION,,303,0.4183356,1.4791131,0.0013477089,0.076667294,1.0,3680,"tags=33%, list=13%, signal=37%",
GOBP_REGULATION_OF_RECEPTOR_SIGNALING_PATHWAY_VIA_JAK_STAT,GOBP_REGULATION_OF_RECEPTOR_SIGNALING_PATHWAY_VIA_JAK_STAT,,72,0.4989134,1.4783962,0.013400335,0.07710537,1.0,3014,"tags=28%, list=11%, signal=31%",
GOBP_ALPHA_BETA_T_CELL_DIFFERENTIATION,GOBP_ALPHA_BETA_T_CELL_DIFFERENTIATION,,148,0.45236006,1.4781666,0.0015384615,0.07726621,1.0,3421,"tags=39%, list=12%, signal=44%",
GOBP_TRAIL_ACTIVATED_APOPTOTIC_SIGNALING_PATHWAY,GOBP_TRAIL_ACTIVATED_APOPTOTIC_SIGNALING_PATHWAY,,11,0.720687,1.4780258,0.04475043,0.07731979,1.0,3359,"tags=64%, list=12%, signal=72%",
GOBP_PIGMENT_CELL_DIFFERENTIATION,GOBP_PIGMENT_CELL_DIFFERENTIATION,,28,0.5873872,1.4779177,0.03198653,0.07734205,1.0,2159,"tags=29%, list=8%, signal=31%",
GOBP_PROTEIN_LOCALIZATION_TO_GOLGI_APPARATUS,GOBP_PROTEIN_LOCALIZATION_TO_GOLGI_APPARATUS,,32,0.56817627,1.4778943,0.020304568,0.07731115,1.0,6659,"tags=38%, list=24%, signal=49%",
GOBP_NEGATIVE_REGULATION_OF_INTERLEUKIN_6_PRODUCTION,GOBP_NEGATIVE_REGULATION_OF_INTERLEUKIN_6_PRODUCTION,,45,0.52341086,1.4778328,0.022491349,0.07732265,1.0,4075,"tags=49%, list=15%, signal=57%",
GOBP_GLYCOSIDE_METABOLIC_PROCESS,GOBP_GLYCOSIDE_METABOLIC_PROCESS,,15,0.67290473,1.4777024,0.04553415,0.07737306,1.0,1456,"tags=27%, list=5%, signal=28%",
GOBP_REGULATION_OF_CHOLESTEROL_EFFLUX,GOBP_REGULATION_OF_CHOLESTEROL_EFFLUX,,35,0.55587435,1.4776295,0.031666666,0.077369474,1.0,4360,"tags=49%, list=16%, signal=58%",
REACTOME_AKT_PHOSPHORYLATES_TARGETS_IN_THE_CYTOSOL,REACTOME_AKT_PHOSPHORYLATES_TARGETS_IN_THE_CYTOSOL,,14,0.6793493,1.4774711,0.052238807,0.07742514,1.0,4963,"tags=57%, list=18%, signal=70%",
GOBP_SYNAPTIC_VESICLE_EXOCYTOSIS,GOBP_SYNAPTIC_VESICLE_EXOCYTOSIS,,89,0.48258576,1.4774646,0.009677419,0.0773811,1.0,4964,"tags=34%, list=18%, signal=41%",
REACTOME_PEXOPHAGY,REACTOME_PEXOPHAGY,,11,0.7149907,1.4773343,0.05945946,0.0774203,1.0,3531,"tags=55%, list=13%, signal=62%",
REACTOME_TRIGLYCERIDE_BIOSYNTHESIS,REACTOME_TRIGLYCERIDE_BIOSYNTHESIS,,10,0.735799,1.4772614,0.037593983,0.0774213,1.0,2160,"tags=40%, list=8%, signal=43%",
GOBP_MULTI_MULTICELLULAR_ORGANISM_PROCESS,GOBP_MULTI_MULTICELLULAR_ORGANISM_PROCESS,,170,0.44226164,1.4771898,0.0029069767,0.07741313,1.0,3697,"tags=28%, list=13%, signal=32%",
REACTOME_CREATION_OF_C4_AND_C2_ACTIVATORS,REACTOME_CREATION_OF_C4_AND_C2_ACTIVATORS,,66,0.51040864,1.4770883,0.0048859934,0.077424996,1.0,1076,"tags=6%, list=4%, signal=6%",
GOBP_REGULATION_OF_RESPONSE_TO_OXIDATIVE_STRESS,GOBP_REGULATION_OF_RESPONSE_TO_OXIDATIVE_STRESS,,32,0.5683873,1.4767423,0.025125628,0.07760473,1.0,3303,"tags=34%, list=12%, signal=39%",
GOBP_POSITIVE_REGULATION_OF_CHOLESTEROL_BIOSYNTHETIC_PROCESS,GOBP_POSITIVE_REGULATION_OF_CHOLESTEROL_BIOSYNTHETIC_PROCESS,,12,0.7088082,1.4766927,0.031835206,0.077597916,1.0,3131,"tags=42%, list=11%, signal=47%",
GOBP_RESPONSE_TO_VITAMIN_D,GOBP_RESPONSE_TO_VITAMIN_D,,31,0.5742916,1.4759988,0.04695652,0.07803396,1.0,2692,"tags=32%, list=10%, signal=36%",
REACTOME_COLLAGEN_DEGRADATION,REACTOME_COLLAGEN_DEGRADATION,,52,0.51647294,1.4752733,0.014827018,0.07851012,1.0,4690,"tags=44%, list=17%, signal=53%",
GOBP_RETROGRADE_AXONAL_TRANSPORT,GOBP_RETROGRADE_AXONAL_TRANSPORT,,23,0.6001741,1.4751825,0.04609929,0.07853217,1.0,5710,"tags=39%, list=21%, signal=49%",
GOBP_NEGATIVE_REGULATION_OF_NITRIC_OXIDE_BIOSYNTHETIC_PROCESS,GOBP_NEGATIVE_REGULATION_OF_NITRIC_OXIDE_BIOSYNTHETIC_PROCESS,,15,0.658433,1.4748404,0.053475935,0.07873403,1.0,3893,"tags=40%, list=14%, signal=47%",
GOBP_REGULATION_OF_LYMPHOCYTE_ACTIVATION,GOBP_REGULATION_OF_LYMPHOCYTE_ACTIVATION,,494,0.40392524,1.474656,0.0012642225,0.07882189,1.0,3476,"tags=31%, list=13%, signal=34%",
GOBP_ACTIN_FILAMENT_ORGANIZATION,GOBP_ACTIN_FILAMENT_ORGANIZATION,,425,0.40821558,1.4746015,0.0,0.07880904,1.0,4367,"tags=35%, list=16%, signal=40%",
GOBP_ER_NUCLEUS_SIGNALING_PATHWAY,GOBP_ER_NUCLEUS_SIGNALING_PATHWAY,,53,0.5232633,1.4745423,0.012259195,0.07879314,1.0,4941,"tags=38%, list=18%, signal=46%",
GOBP_BONE_REMODELING,GOBP_BONE_REMODELING,,77,0.48686606,1.4744402,0.011382114,0.07881348,1.0,5112,"tags=49%, list=18%, signal=60%",
GOBP_REGULATION_OF_TRIGLYCERIDE_BIOSYNTHETIC_PROCESS,GOBP_REGULATION_OF_TRIGLYCERIDE_BIOSYNTHETIC_PROCESS,,18,0.6464086,1.474215,0.034545455,0.07892274,1.0,5597,"tags=50%, list=20%, signal=63%",
GOBP_NEGATIVE_REGULATION_OF_ORGANIC_ACID_TRANSPORT,GOBP_NEGATIVE_REGULATION_OF_ORGANIC_ACID_TRANSPORT,,16,0.6502431,1.47373,0.051813472,0.07922776,1.0,4500,"tags=44%, list=16%, signal=52%",
GOBP_REGULATION_OF_BROWN_FAT_CELL_DIFFERENTIATION,GOBP_REGULATION_OF_BROWN_FAT_CELL_DIFFERENTIATION,,22,0.613679,1.4736522,0.03208556,0.079232365,1.0,3641,"tags=36%, list=13%, signal=42%",
REACTOME_INTRINSIC_PATHWAY_FOR_APOPTOSIS,REACTOME_INTRINSIC_PATHWAY_FOR_APOPTOSIS,,55,0.5192535,1.4735163,0.021666666,0.07928858,1.0,4894,"tags=49%, list=18%, signal=59%",
GOBP_PURINE_DEOXYRIBONUCLEOTIDE_CATABOLIC_PROCESS,GOBP_PURINE_DEOXYRIBONUCLEOTIDE_CATABOLIC_PROCESS,,11,0.707297,1.4734664,0.046263345,0.0792839,1.0,3287,"tags=45%, list=12%, signal=52%",
REACTOME_SIGNALING_BY_PDGFRA_TRANSMEMBRANE_JUXTAMEMBRANE_AND_KINASE_DOMAIN_MUTANTS,REACTOME_SIGNALING_BY_PDGFRA_TRANSMEMBRANE_JUXTAMEMBRANE_AND_KINASE_DOMAIN_MUTANTS,,12,0.6981074,1.473438,0.025996534,0.07925386,1.0,2121,"tags=33%, list=8%, signal=36%",
REACTOME_BIOLOGICAL_OXIDATIONS,REACTOME_BIOLOGICAL_OXIDATIONS,,154,0.44713643,1.4734253,0.0014771048,0.0792124,1.0,4664,"tags=29%, list=17%, signal=35%",
GOBP_DETOXIFICATION_OF_COPPER_ION,GOBP_DETOXIFICATION_OF_COPPER_ION,,10,0.7449186,1.4731066,0.04159132,0.07941212,1.0,4111,"tags=60%, list=15%, signal=70%",
REACTOME_PHASE_II_CONJUGATION_OF_COMPOUNDS,REACTOME_PHASE_II_CONJUGATION_OF_COMPOUNDS,,70,0.49043143,1.4730332,0.012480499,0.07941817,1.0,4657,"tags=31%, list=17%, signal=38%",
GOBP_POSITIVE_REGULATION_OF_PROTEIN_EXIT_FROM_ENDOPLASMIC_RETICULUM,GOBP_POSITIVE_REGULATION_OF_PROTEIN_EXIT_FROM_ENDOPLASMIC_RETICULUM,,18,0.6293848,1.472964,0.05380334,0.07941949,1.0,2823,"tags=39%, list=10%, signal=43%",
GOBP_HEART_PROCESS,GOBP_HEART_PROCESS,,197,0.43306115,1.4728715,0.004373178,0.07944858,1.0,5230,"tags=33%, list=19%, signal=40%",
GOBP_REGULATION_OF_RECEPTOR_MEDIATED_ENDOCYTOSIS,GOBP_REGULATION_OF_RECEPTOR_MEDIATED_ENDOCYTOSIS,,108,0.46507025,1.4723318,0.0015748031,0.07980966,1.0,4104,"tags=38%, list=15%, signal=44%",
GOBP_NEGATIVE_REGULATION_OF_INTERLEUKIN_8_PRODUCTION,GOBP_NEGATIVE_REGULATION_OF_INTERLEUKIN_8_PRODUCTION,,20,0.6290652,1.4721369,0.033707865,0.079912715,1.0,3357,"tags=45%, list=12%, signal=51%",
GOBP_PODOSOME_ASSEMBLY,GOBP_PODOSOME_ASSEMBLY,,17,0.6301084,1.4718572,0.05892857,0.08005707,1.0,1919,"tags=35%, list=7%, signal=38%",
GOBP_PLATELET_DENSE_GRANULE_ORGANIZATION,GOBP_PLATELET_DENSE_GRANULE_ORGANIZATION,,25,0.5891191,1.4718282,0.05380334,0.08003365,1.0,7222,"tags=68%, list=26%, signal=92%",
GOBP_PROSTAGLANDIN_SECRETION,GOBP_PROSTAGLANDIN_SECRETION,,16,0.6485802,1.4712551,0.048417132,0.08039322,1.0,5003,"tags=44%, list=18%, signal=53%",
GOBP_HORMONE_METABOLIC_PROCESS,GOBP_HORMONE_METABOLIC_PROCESS,,186,0.43667817,1.4709809,0.0014388489,0.0805423,1.0,4530,"tags=30%, list=16%, signal=36%",
GOBP_HORMONE_TRANSPORT,GOBP_HORMONE_TRANSPORT,,267,0.4174923,1.470545,0.001396648,0.080785915,1.0,4411,"tags=29%, list=16%, signal=34%",
GOBP_ESTABLISHMENT_OF_PROTEIN_LOCALIZATION_TO_PLASMA_MEMBRANE,GOBP_ESTABLISHMENT_OF_PROTEIN_LOCALIZATION_TO_PLASMA_MEMBRANE,,68,0.49459383,1.4703743,0.017973857,0.08086754,1.0,3952,"tags=34%, list=14%, signal=39%",
GOBP_ALPHA_BETA_T_CELL_PROLIFERATION,GOBP_ALPHA_BETA_T_CELL_PROLIFERATION,,43,0.54367167,1.4699626,0.03,0.08110476,1.0,3421,"tags=44%, list=12%, signal=50%",
GOBP_KERATINOCYTE_MIGRATION,GOBP_KERATINOCYTE_MIGRATION,,16,0.66363645,1.4698989,0.04204753,0.08110753,1.0,2716,"tags=44%, list=10%, signal=48%",
REACTOME_TP53_REGULATES_TRANSCRIPTION_OF_CELL_DEATH_GENES,REACTOME_TP53_REGULATES_TRANSCRIPTION_OF_CELL_DEATH_GENES,,43,0.52607006,1.4698046,0.021452146,0.08112088,1.0,2067,"tags=28%, list=7%, signal=30%",
GOBP_REGULATION_OF_LIPID_CATABOLIC_PROCESS,GOBP_REGULATION_OF_LIPID_CATABOLIC_PROCESS,,56,0.51400864,1.4696865,0.014634146,0.0811587,1.0,3422,"tags=27%, list=12%, signal=30%",
GOBP_REGULATION_OF_NEUROTRANSMITTER_SECRETION,GOBP_REGULATION_OF_NEUROTRANSMITTER_SECRETION,,75,0.49353054,1.4696805,0.01904762,0.08111496,1.0,2881,"tags=23%, list=10%, signal=25%",
GOBP_REGULATION_OF_NEUROBLAST_PROLIFERATION,GOBP_REGULATION_OF_NEUROBLAST_PROLIFERATION,,24,0.61281455,1.469626,0.030141843,0.081112415,1.0,4966,"tags=42%, list=18%, signal=51%",
REACTOME_TNF_SIGNALING,REACTOME_TNF_SIGNALING,,57,0.51144534,1.4692478,0.02905983,0.08132947,1.0,5267,"tags=46%, list=19%, signal=56%",
GOBP_AMINE_TRANSPORT,GOBP_AMINE_TRANSPORT,,68,0.49430278,1.4691179,0.016286645,0.08137909,1.0,5324,"tags=34%, list=19%, signal=42%",
GOBP_REGULATION_OF_RESTING_MEMBRANE_POTENTIAL,GOBP_REGULATION_OF_RESTING_MEMBRANE_POTENTIAL,,11,0.71350676,1.468839,0.051376145,0.081510015,1.0,3953,"tags=45%, list=14%, signal=53%",
GOBP_PROGESTERONE_RECEPTOR_SIGNALING_PATHWAY,GOBP_PROGESTERONE_RECEPTOR_SIGNALING_PATHWAY,,11,0.69978243,1.4686735,0.055855855,0.08157781,1.0,4759,"tags=45%, list=17%, signal=55%",
REACTOME_SIGNALING_BY_TGFBR3,REACTOME_SIGNALING_BY_TGFBR3,,42,0.542234,1.4686244,0.018771332,0.081565134,1.0,3651,"tags=38%, list=13%, signal=44%",
REACTOME_TRAFFICKING_OF_GLUR2_CONTAINING_AMPA_RECEPTORS,REACTOME_TRAFFICKING_OF_GLUR2_CONTAINING_AMPA_RECEPTORS,,14,0.6855394,1.4685426,0.03812825,0.08158204,1.0,2249,"tags=36%, list=8%, signal=39%",
REACTOME_TRAF6_MEDIATED_IRF7_ACTIVATION,REACTOME_TRAF6_MEDIATED_IRF7_ACTIVATION,,16,0.649917,1.4684649,0.044883303,0.08159059,1.0,4397,"tags=50%, list=16%, signal=59%",
GOBP_NEGATIVE_REGULATION_OF_SMOOTH_MUSCLE_CONTRACTION,GOBP_NEGATIVE_REGULATION_OF_SMOOTH_MUSCLE_CONTRACTION,,12,0.6911302,1.4679621,0.06010929,0.08187159,1.0,5719,"tags=58%, list=21%, signal=73%",
GOBP_RESPONSE_TO_ENDOTHELIN,GOBP_RESPONSE_TO_ENDOTHELIN,,11,0.71758425,1.4677385,0.048387095,0.081982754,1.0,4169,"tags=45%, list=15%, signal=53%",
REACTOME_SIGNALING_BY_KIT_IN_DISEASE,REACTOME_SIGNALING_BY_KIT_IN_DISEASE,,20,0.61461586,1.467315,0.052930057,0.08224696,1.0,1693,"tags=35%, list=6%, signal=37%",
GOBP_POSITIVE_REGULATION_OF_PROTEIN_LOCALIZATION,GOBP_POSITIVE_REGULATION_OF_PROTEIN_LOCALIZATION,,398,0.40943444,1.4673054,0.0,0.08220444,1.0,4806,"tags=30%, list=17%, signal=35%",
GOBP_POSITIVE_REGULATION_OF_ADIPOSE_TISSUE_DEVELOPMENT,GOBP_POSITIVE_REGULATION_OF_ADIPOSE_TISSUE_DEVELOPMENT,,12,0.68864745,1.4666682,0.05782313,0.08263392,1.0,4664,"tags=42%, list=17%, signal=50%",
REACTOME_DEFECTS_OF_CONTACT_ACTIVATION_SYSTEM_CAS_AND_KALLIKREIN_KININ_SYSTEM_KKS,REACTOME_DEFECTS_OF_CONTACT_ACTIVATION_SYSTEM_CAS_AND_KALLIKREIN_KININ_SYSTEM_KKS,,13,0.68817323,1.4666178,0.038194444,0.08262445,1.0,1395,"tags=31%, list=5%, signal=32%",
GOBP_REGULATION_OF_ENDOTHELIAL_CELL_MIGRATION,GOBP_REGULATION_OF_ENDOTHELIAL_CELL_MIGRATION,,154,0.44783294,1.4661217,0.0043668123,0.08293848,1.0,5003,"tags=34%, list=18%, signal=42%",
REACTOME_ANTI_INFLAMMATORY_RESPONSE_FAVOURING_LEISHMANIA_PARASITE_INFECTION,REACTOME_ANTI_INFLAMMATORY_RESPONSE_FAVOURING_LEISHMANIA_PARASITE_INFECTION,,126,0.45226547,1.4658748,0.0045731706,0.08305534,1.0,3469,"tags=21%, list=13%, signal=23%",
GOBP_POSITIVE_REGULATION_OF_KINASE_ACTIVITY,GOBP_POSITIVE_REGULATION_OF_KINASE_ACTIVITY,,130,0.4540663,1.4658257,0.0029895366,0.08304788,1.0,3209,"tags=28%, list=12%, signal=31%",
REACTOME_INTRA_GOLGI_TRAFFIC,REACTOME_INTRA_GOLGI_TRAFFIC,,43,0.52786833,1.4653434,0.027633851,0.08336278,1.0,4599,"tags=44%, list=17%, signal=53%",
GOBP_AMINO_ACID_BETAINE_TRANSPORT,GOBP_AMINO_ACID_BETAINE_TRANSPORT,,13,0.6796885,1.4652895,0.051327433,0.0833498,1.0,2676,"tags=38%, list=10%, signal=43%",
GOBP_MONOSACCHARIDE_CATABOLIC_PROCESS,GOBP_MONOSACCHARIDE_CATABOLIC_PROCESS,,54,0.50425804,1.4649818,0.019900497,0.083515204,1.0,3401,"tags=35%, list=12%, signal=40%",
GOBP_REGULATION_OF_MONOATOMIC_ION_TRANSMEMBRANE_TRANSPORT,GOBP_REGULATION_OF_MONOATOMIC_ION_TRANSMEMBRANE_TRANSPORT,,225,0.42620456,1.4649444,0.0,0.083488666,1.0,5248,"tags=36%, list=19%, signal=44%",
GOBP_REGULATION_OF_INCLUSION_BODY_ASSEMBLY,GOBP_REGULATION_OF_INCLUSION_BODY_ASSEMBLY,,18,0.6365501,1.4648942,0.051693406,0.083469026,1.0,6018,"tags=50%, list=22%, signal=64%",
GOBP_REGULATION_OF_DNA_BINDING_TRANSCRIPTION_FACTOR_ACTIVITY,GOBP_REGULATION_OF_DNA_BINDING_TRANSCRIPTION_FACTOR_ACTIVITY,,157,0.44178066,1.4647552,0.0043541365,0.08350644,1.0,4006,"tags=33%, list=14%, signal=38%",
GOBP_REGULATION_OF_P38MAPK_CASCADE,GOBP_REGULATION_OF_P38MAPK_CASCADE,,36,0.5519546,1.4647515,0.030141843,0.08346341,1.0,4550,"tags=47%, list=16%, signal=56%",
GOBP_RESPONSE_TO_KETONE,GOBP_RESPONSE_TO_KETONE,,186,0.4354534,1.4646456,0.0014430014,0.08348802,1.0,4829,"tags=32%, list=17%, signal=38%",
GOBP_FEMALE_SEX_DIFFERENTIATION,GOBP_FEMALE_SEX_DIFFERENTIATION,,99,0.46840182,1.4644248,0.0015898251,0.08360721,1.0,4152,"tags=27%, list=15%, signal=32%",
GOBP_RESPONSE_TO_SALT,GOBP_RESPONSE_TO_SALT,,23,0.60886717,1.46383,0.03527337,0.083970994,1.0,3412,"tags=35%, list=12%, signal=40%",
GOBP_REGULATION_OF_STEROL_TRANSPORT,GOBP_REGULATION_OF_STEROL_TRANSPORT,,52,0.511992,1.463697,0.031353135,0.08401903,1.0,4360,"tags=48%, list=16%, signal=57%",
GOBP_RESPONSE_TO_MONOSACCHARIDE,GOBP_RESPONSE_TO_MONOSACCHARIDE,,176,0.43547902,1.4636822,0.0014534884,0.083981104,1.0,4287,"tags=27%, list=15%, signal=31%",
GOBP_CELLULAR_RESPONSE_TO_EPINEPHRINE_STIMULUS,GOBP_CELLULAR_RESPONSE_TO_EPINEPHRINE_STIMULUS,,11,0.71561253,1.4636018,0.053407,0.083997734,1.0,4368,"tags=64%, list=16%, signal=75%",
GOBP_CAVEOLIN_MEDIATED_ENDOCYTOSIS,GOBP_CAVEOLIN_MEDIATED_ENDOCYTOSIS,,11,0.70455074,1.4633307,0.06,0.084143,1.0,5422,"tags=64%, list=20%, signal=79%",
GOBP_GRANULOCYTE_MACROPHAGE_COLONY_STIMULATING_FACTOR_PRODUCTION,GOBP_GRANULOCYTE_MACROPHAGE_COLONY_STIMULATING_FACTOR_PRODUCTION,,14,0.6806743,1.4633042,0.055846423,0.08411779,1.0,4077,"tags=57%, list=15%, signal=67%",
GOBP_POSITIVE_REGULATION_OF_LYMPHOCYTE_DIFFERENTIATION,GOBP_POSITIVE_REGULATION_OF_LYMPHOCYTE_DIFFERENTIATION,,130,0.45136386,1.4626192,0.006116208,0.08458022,1.0,4300,"tags=41%, list=15%, signal=48%",
REACTOME_G_PROTEIN_MEDIATED_EVENTS,REACTOME_G_PROTEIN_MEDIATED_EVENTS,,49,0.5183102,1.4624183,0.026711185,0.08469529,1.0,5425,"tags=45%, list=20%, signal=56%",
GOBP_GLUCOSE_CATABOLIC_PROCESS,GOBP_GLUCOSE_CATABOLIC_PROCESS,,28,0.5794313,1.4623854,0.034542315,0.08467278,1.0,3401,"tags=43%, list=12%, signal=49%",
GOBP_IMMUNOLOGICAL_MEMORY_FORMATION_PROCESS,GOBP_IMMUNOLOGICAL_MEMORY_FORMATION_PROCESS,,13,0.672511,1.4621564,0.05496454,0.08478498,1.0,1627,"tags=31%, list=6%, signal=33%",
REACTOME_ACTIVATION_OF_IRF3_IRF7_MEDIATED_BY_TBK1_IKK_IKBKE,REACTOME_ACTIVATION_OF_IRF3_IRF7_MEDIATED_BY_TBK1_IKK_IKBKE,,18,0.6289531,1.4618862,0.062289562,0.08492402,1.0,3531,"tags=44%, list=13%, signal=51%",
GOBP_REGULATION_OF_PROTEIN_LOCALIZATION_TO_CHROMATIN,GOBP_REGULATION_OF_PROTEIN_LOCALIZATION_TO_CHROMATIN,,13,0.69114137,1.461798,0.05185185,0.08494837,1.0,4029,"tags=46%, list=15%, signal=54%",
GOBP_CELLULAR_RESPONSE_TO_ZINC_ION,GOBP_CELLULAR_RESPONSE_TO_ZINC_ION,,16,0.6533894,1.4612345,0.03797468,0.085303195,1.0,4190,"tags=56%, list=15%, signal=66%",
REACTOME_SIGNALING_BY_NOTCH3,REACTOME_SIGNALING_BY_NOTCH3,,47,0.5205317,1.4608592,0.022653721,0.08552645,1.0,5684,"tags=47%, list=20%, signal=59%",
GOBP_PROTEIN_AUTOPHOSPHORYLATION,GOBP_PROTEIN_AUTOPHOSPHORYLATION,,113,0.45997614,1.4603698,0.0091883615,0.08581875,1.0,2476,"tags=26%, list=9%, signal=28%",
GOBP_REGULATION_OF_OXIDATIVE_PHOSPHORYLATION,GOBP_REGULATION_OF_OXIDATIVE_PHOSPHORYLATION,,24,0.59874296,1.4597815,0.053859964,0.08620313,1.0,2194,"tags=33%, list=8%, signal=36%",
GOBP_MYELOID_DENDRITIC_CELL_ACTIVATION,GOBP_MYELOID_DENDRITIC_CELL_ACTIVATION,,28,0.5721681,1.4597317,0.032871973,0.086183585,1.0,3737,"tags=50%, list=13%, signal=58%",
GOBP_PROTEIN_LOCALIZATION_TO_ENDOSOME,GOBP_PROTEIN_LOCALIZATION_TO_ENDOSOME,,28,0.583325,1.4591899,0.033333335,0.08655129,1.0,3849,"tags=43%, list=14%, signal=50%",
GOBP_CELLULAR_PIGMENTATION,GOBP_CELLULAR_PIGMENTATION,,61,0.49880046,1.4591225,0.012638231,0.086560465,1.0,5407,"tags=43%, list=19%, signal=53%",
GOBP_RESPONSE_TO_MACROPHAGE_COLONY_STIMULATING_FACTOR,GOBP_RESPONSE_TO_MACROPHAGE_COLONY_STIMULATING_FACTOR,,18,0.6347838,1.4590214,0.05291971,0.08658441,1.0,3690,"tags=44%, list=13%, signal=51%",
GOBP_POSITIVE_REGULATION_OF_OSTEOBLAST_DIFFERENTIATION,GOBP_POSITIVE_REGULATION_OF_OSTEOBLAST_DIFFERENTIATION,,62,0.495458,1.4588131,0.008417509,0.086669154,1.0,2621,"tags=24%, list=9%, signal=27%",
GOBP_DEVELOPMENT_OF_PRIMARY_FEMALE_SEXUAL_CHARACTERISTICS,GOBP_DEVELOPMENT_OF_PRIMARY_FEMALE_SEXUAL_CHARACTERISTICS,,89,0.47099456,1.4583114,0.01088647,0.0869728,1.0,2762,"tags=21%, list=10%, signal=24%",
GOBP_POSITIVE_REGULATION_OF_HORMONE_SECRETION,GOBP_POSITIVE_REGULATION_OF_HORMONE_SECRETION,,114,0.45919847,1.4581126,0.007824726,0.0870853,1.0,4169,"tags=29%, list=15%, signal=34%",
GOBP_MEGAKARYOCYTE_DEVELOPMENT,GOBP_MEGAKARYOCYTE_DEVELOPMENT,,21,0.60766315,1.4581008,0.040636044,0.08704166,1.0,3215,"tags=33%, list=12%, signal=38%",
GOBP_LIPID_DROPLET_FORMATION,GOBP_LIPID_DROPLET_FORMATION,,19,0.617767,1.4577326,0.038394414,0.0872746,1.0,4196,"tags=42%, list=15%, signal=50%",
GOBP_REGULATION_OF_SPHINGOLIPID_BIOSYNTHETIC_PROCESS,GOBP_REGULATION_OF_SPHINGOLIPID_BIOSYNTHETIC_PROCESS,,14,0.656571,1.45761,0.063716814,0.08731883,1.0,4104,"tags=43%, list=15%, signal=50%",
REACTOME_MAPK1_MAPK3_SIGNALING,REACTOME_MAPK1_MAPK3_SIGNALING,,241,0.42455354,1.4575255,0.0013947001,0.0873224,1.0,4681,"tags=33%, list=17%, signal=39%",
GOBP_REGULATION_OF_CELLULAR_RESPONSE_TO_HYPOXIA,GOBP_REGULATION_OF_CELLULAR_RESPONSE_TO_HYPOXIA,,20,0.61523443,1.45752,0.05811966,0.08727724,1.0,2635,"tags=40%, list=9%, signal=44%",
GOBP_EXTRACELLULAR_MATRIX_DISASSEMBLY,GOBP_EXTRACELLULAR_MATRIX_DISASSEMBLY,,54,0.5161955,1.4574163,0.014657981,0.08731544,1.0,3271,"tags=39%, list=12%, signal=44%",
GOBP_PROTEIN_IMPORT,GOBP_PROTEIN_IMPORT,,11,0.7159132,1.4571412,0.04363002,0.08746046,1.0,5129,"tags=55%, list=18%, signal=67%",
GOBP_VIRAL_GENE_EXPRESSION,GOBP_VIRAL_GENE_EXPRESSION,,80,0.47704276,1.4566646,0.011093502,0.08778843,1.0,4552,"tags=33%, list=16%, signal=39%",
REACTOME_TICAM1_DEPENDENT_ACTIVATION_OF_IRF3_IRF7,REACTOME_TICAM1_DEPENDENT_ACTIVATION_OF_IRF3_IRF7,,13,0.6916889,1.456625,0.0498155,0.08776528,1.0,3531,"tags=38%, list=13%, signal=44%",
GOBP_NEGATIVE_REGULATION_OF_AMIDE_METABOLIC_PROCESS,GOBP_NEGATIVE_REGULATION_OF_AMIDE_METABOLIC_PROCESS,,27,0.58390796,1.4565454,0.03633218,0.087777406,1.0,2081,"tags=30%, list=8%, signal=32%",
GOBP_POSITIVE_REGULATION_OF_BLOOD_CIRCULATION,GOBP_POSITIVE_REGULATION_OF_BLOOD_CIRCULATION,,30,0.56230253,1.4562744,0.026455026,0.08792972,1.0,5045,"tags=37%, list=18%, signal=45%",
REACTOME_GOLGI_ASSOCIATED_VESICLE_BIOGENESIS,REACTOME_GOLGI_ASSOCIATED_VESICLE_BIOGENESIS,,55,0.51527864,1.4559973,0.028428094,0.08810491,1.0,2703,"tags=35%, list=10%, signal=38%",
GOBP_MUSCLE_SYSTEM_PROCESS,GOBP_MUSCLE_SYSTEM_PROCESS,,412,0.4041085,1.4556717,0.0,0.088322975,1.0,4426,"tags=26%, list=16%, signal=31%",
GOBP_NEGATIVE_REGULATION_OF_PROTEIN_MODIFICATION_PROCESS,GOBP_NEGATIVE_REGULATION_OF_PROTEIN_MODIFICATION_PROCESS,,195,0.4366245,1.4554139,0.0057720058,0.08846083,1.0,4754,"tags=33%, list=17%, signal=40%",
REACTOME_RHOB_GTPASE_CYCLE,REACTOME_RHOB_GTPASE_CYCLE,,67,0.49023384,1.4553735,0.023178808,0.088441655,1.0,5411,"tags=33%, list=20%, signal=41%",
REACTOME_HEME_DEGRADATION,REACTOME_HEME_DEGRADATION,,10,0.727118,1.4553696,0.046040516,0.08839468,1.0,2873,"tags=40%, list=10%, signal=45%",
GOBP_POSITIVE_REGULATION_OF_CHEMOTAXIS,GOBP_POSITIVE_REGULATION_OF_CHEMOTAXIS,,124,0.45316818,1.4552425,0.009230769,0.0884378,1.0,3411,"tags=33%, list=12%, signal=38%",
REACTOME_CA_DEPENDENT_EVENTS,REACTOME_CA_DEPENDENT_EVENTS,,33,0.54946166,1.4551446,0.040747028,0.088460505,1.0,4996,"tags=42%, list=18%, signal=52%",
GOBP_ESTABLISHMENT_OF_PROTEIN_LOCALIZATION_TO_ENDOPLASMIC_RETICULUM,GOBP_ESTABLISHMENT_OF_PROTEIN_LOCALIZATION_TO_ENDOPLASMIC_RETICULUM,,47,0.52395904,1.4548044,0.025466893,0.08866657,1.0,5528,"tags=36%, list=20%, signal=45%",
REACTOME_KERATINIZATION,REACTOME_KERATINIZATION,,58,0.5001716,1.4547262,0.01642036,0.08867662,1.0,6357,"tags=33%, list=23%, signal=42%",
REACTOME_RHO_GTPASE_CYCLE,REACTOME_RHO_GTPASE_CYCLE,,433,0.4049372,1.4546359,0.0,0.08869108,1.0,4356,"tags=31%, list=16%, signal=36%",
GOBP_ORGANIC_ACID_CATABOLIC_PROCESS,GOBP_ORGANIC_ACID_CATABOLIC_PROCESS,,218,0.42110246,1.4545987,0.007183908,0.08867189,1.0,4411,"tags=25%, list=16%, signal=30%",
GOBP_CARBOHYDRATE_BIOSYNTHETIC_PROCESS,GOBP_CARBOHYDRATE_BIOSYNTHETIC_PROCESS,,166,0.43441427,1.4544632,0.004398827,0.08872117,1.0,3850,"tags=33%, list=14%, signal=38%",
GOBP_PEPTIDYL_TYROSINE_MODIFICATION,GOBP_PEPTIDYL_TYROSINE_MODIFICATION,,116,0.45205206,1.4540066,0.009433962,0.088988215,1.0,3708,"tags=34%, list=13%, signal=40%",
GOBP_PIGMENT_GRANULE_MATURATION,GOBP_PIGMENT_GRANULE_MATURATION,,10,0.71741784,1.4536957,0.047531992,0.08917385,1.0,6965,"tags=80%, list=25%, signal=107%",
GOBP_NEGATIVE_REGULATION_OF_AUTOPHAGY,GOBP_NEGATIVE_REGULATION_OF_AUTOPHAGY,,94,0.47169846,1.4535193,0.0112,0.08927175,1.0,4416,"tags=34%, list=16%, signal=40%",
GOBP_IRON_IMPORT_INTO_CELL,GOBP_IRON_IMPORT_INTO_CELL,,10,0.7190094,1.4532886,0.045714285,0.089391574,1.0,3028,"tags=30%, list=11%, signal=34%",
GOBP_NEGATIVE_REGULATION_OF_SMALL_MOLECULE_METABOLIC_PROCESS,GOBP_NEGATIVE_REGULATION_OF_SMALL_MOLECULE_METABOLIC_PROCESS,,95,0.46129277,1.4531915,0.010785825,0.0893997,1.0,4360,"tags=29%, list=16%, signal=35%",
GOBP_PROTEIN_INSERTION_INTO_ER_MEMBRANE,GOBP_PROTEIN_INSERTION_INTO_ER_MEMBRANE,,29,0.5719099,1.4530079,0.04222973,0.08947775,1.0,6915,"tags=52%, list=25%, signal=69%",
GOBP_PHOSPHOLIPID_BIOSYNTHETIC_PROCESS,GOBP_PHOSPHOLIPID_BIOSYNTHETIC_PROCESS,,239,0.42231762,1.452654,0.0013661202,0.089712806,1.0,4419,"tags=31%, list=16%, signal=37%",
GOBP_POSITIVE_REGULATION_OF_AMYLOID_BETA_FORMATION,GOBP_POSITIVE_REGULATION_OF_AMYLOID_BETA_FORMATION,,18,0.6295268,1.4525576,0.049382716,0.08973751,1.0,4360,"tags=44%, list=16%, signal=53%",
GOBP_NEGATIVE_REGULATION_OF_T_HELPER_17_TYPE_IMMUNE_RESPONSE,GOBP_NEGATIVE_REGULATION_OF_T_HELPER_17_TYPE_IMMUNE_RESPONSE,,14,0.6661041,1.4518443,0.038961038,0.09027072,1.0,2455,"tags=43%, list=9%, signal=47%",
GOBP_REGULATION_OF_HEART_RATE,GOBP_REGULATION_OF_HEART_RATE,,80,0.4755951,1.45171,0.009803922,0.09032779,1.0,5180,"tags=34%, list=19%, signal=41%",
GOBP_REGULATION_OF_KINASE_ACTIVITY,GOBP_REGULATION_OF_KINASE_ACTIVITY,,246,0.42046845,1.4516839,0.0,0.090304226,1.0,4766,"tags=32%, list=17%, signal=38%",
REACTOME_NEGATIVE_REGULATION_OF_FGFR2_SIGNALING,REACTOME_NEGATIVE_REGULATION_OF_FGFR2_SIGNALING,,25,0.57936555,1.4516826,0.05719557,0.090255246,1.0,6058,"tags=52%, list=22%, signal=66%",
GOBP_POSITIVE_REGULATION_OF_CELL_DEVELOPMENT,GOBP_POSITIVE_REGULATION_OF_CELL_DEVELOPMENT,,382,0.40482932,1.4513094,0.0,0.090482585,1.0,4678,"tags=33%, list=17%, signal=39%",
GOBP_INTRACELLULAR_IRON_ION_HOMEOSTASIS,GOBP_INTRACELLULAR_IRON_ION_HOMEOSTASIS,,74,0.4824305,1.4511085,0.013201321,0.09058336,1.0,4966,"tags=31%, list=18%, signal=38%",
GOBP_POSITIVE_REGULATION_OF_MACROPHAGE_DIFFERENTIATION,GOBP_POSITIVE_REGULATION_OF_MACROPHAGE_DIFFERENTIATION,,14,0.6605997,1.4509448,0.05324459,0.09066187,1.0,2906,"tags=43%, list=10%, signal=48%",
GOBP_REGULATION_OF_RELEASE_OF_SEQUESTERED_CALCIUM_ION_INTO_CYTOSOL,GOBP_REGULATION_OF_RELEASE_OF_SEQUESTERED_CALCIUM_ION_INTO_CYTOSOL,,64,0.4896417,1.4509143,0.0256,0.09063304,1.0,4760,"tags=42%, list=17%, signal=51%",
REACTOME_DISORDERS_OF_TRANSMEMBRANE_TRANSPORTERS,REACTOME_DISORDERS_OF_TRANSMEMBRANE_TRANSPORTERS,,148,0.4378294,1.4505932,0.004601227,0.09084156,1.0,4406,"tags=33%, list=16%, signal=39%",
GOBP_GLUCOSE_METABOLIC_PROCESS,GOBP_GLUCOSE_METABOLIC_PROCESS,,182,0.4292222,1.4502729,0.0042918455,0.09103397,1.0,3704,"tags=26%, list=13%, signal=30%",
GOBP_CARDIAC_NEURAL_CREST_CELL_DIFFERENTIATION_INVOLVED_IN_HEART_DEVELOPMENT,GOBP_CARDIAC_NEURAL_CREST_CELL_DIFFERENTIATION_INVOLVED_IN_HEART_DEVELOPMENT,,11,0.7171951,1.449893,0.051923078,0.09128622,1.0,2527,"tags=45%, list=9%, signal=50%",
GOBP_POSITIVE_REGULATION_OF_MEMBRANE_POTENTIAL,GOBP_POSITIVE_REGULATION_OF_MEMBRANE_POTENTIAL,,10,0.72749186,1.4494644,0.048237476,0.091567755,1.0,2043,"tags=30%, list=7%, signal=32%",
GOBP_REGULATION_OF_BICELLULAR_TIGHT_JUNCTION_ASSEMBLY,GOBP_REGULATION_OF_BICELLULAR_TIGHT_JUNCTION_ASSEMBLY,,19,0.6190247,1.4494572,0.048561152,0.091521196,1.0,5594,"tags=47%, list=20%, signal=59%",
GOBP_GROWTH_HORMONE_SECRETION,GOBP_GROWTH_HORMONE_SECRETION,,11,0.6924065,1.4493351,0.06486487,0.09156626,1.0,5199,"tags=45%, list=19%, signal=56%",
GOBP_TORC2_SIGNALING,GOBP_TORC2_SIGNALING,,23,0.5879828,1.4489247,0.04537205,0.091824,1.0,3823,"tags=30%, list=14%, signal=35%",
GOBP_ESTABLISHMENT_OF_ENDOTHELIAL_BARRIER,GOBP_ESTABLISHMENT_OF_ENDOTHELIAL_BARRIER,,52,0.5118616,1.4487612,0.02195946,0.09190624,1.0,5706,"tags=42%, list=21%, signal=53%",
GOBP_CD4_POSITIVE_ALPHA_BETA_T_CELL_PROLIFERATION,GOBP_CD4_POSITIVE_ALPHA_BETA_T_CELL_PROLIFERATION,,12,0.6987678,1.4487051,0.03652174,0.091900654,1.0,3114,"tags=42%, list=11%, signal=47%",
GOBP_POSITIVE_REGULATION_OF_PROTEOLYSIS_INVOLVED_IN_PROTEIN_CATABOLIC_PROCESS,GOBP_POSITIVE_REGULATION_OF_PROTEOLYSIS_INVOLVED_IN_PROTEIN_CATABOLIC_PROCESS,,129,0.4456974,1.4484034,0.0,0.09205774,1.0,4515,"tags=32%, list=16%, signal=38%",
REACTOME_RHOU_GTPASE_CYCLE,REACTOME_RHOU_GTPASE_CYCLE,,40,0.53688496,1.4481155,0.02733119,0.092229046,1.0,4802,"tags=45%, list=17%, signal=54%",
GOBP_REGULATION_OF_GLYCOPROTEIN_METABOLIC_PROCESS,GOBP_REGULATION_OF_GLYCOPROTEIN_METABOLIC_PROCESS,,42,0.53620327,1.448063,0.023450587,0.092213914,1.0,4459,"tags=40%, list=16%, signal=48%",
GOBP_POSITIVE_REGULATION_OF_BROWN_FAT_CELL_DIFFERENTIATION,GOBP_POSITIVE_REGULATION_OF_BROWN_FAT_CELL_DIFFERENTIATION,,13,0.68285227,1.4478835,0.07282416,0.09229938,1.0,3226,"tags=38%, list=12%, signal=44%",
GOBP_CARDIAC_LEFT_VENTRICLE_MORPHOGENESIS,GOBP_CARDIAC_LEFT_VENTRICLE_MORPHOGENESIS,,12,0.6947326,1.4474167,0.047528517,0.092624836,1.0,4426,"tags=50%, list=16%, signal=59%",
REACTOME_SIGNALING_BY_LEPTIN,REACTOME_SIGNALING_BY_LEPTIN,,11,0.7064928,1.4471028,0.051136363,0.09283277,1.0,1693,"tags=45%, list=6%, signal=48%",
REACTOME_PENTOSE_PHOSPHATE_PATHWAY,REACTOME_PENTOSE_PHOSPHATE_PATHWAY,,14,0.671676,1.4470913,0.055258468,0.092788704,1.0,2507,"tags=50%, list=9%, signal=55%",
GOBP_INTRACELLULAR_GLUCOSE_HOMEOSTASIS,GOBP_INTRACELLULAR_GLUCOSE_HOMEOSTASIS,,142,0.4428887,1.4466205,0.0029850747,0.093080424,1.0,5199,"tags=34%, list=19%, signal=41%",
REACTOME_SARS_COV_2_HOST_INTERACTIONS,REACTOME_SARS_COV_2_HOST_INTERACTIONS,,184,0.43232793,1.4466181,0.0014388489,0.09303195,1.0,3531,"tags=24%, list=13%, signal=28%",
GOBP_POSITIVE_REGULATION_OF_RELEASE_OF_CYTOCHROME_C_FROM_MITOCHONDRIA,GOBP_POSITIVE_REGULATION_OF_RELEASE_OF_CYTOCHROME_C_FROM_MITOCHONDRIA,,23,0.60239094,1.4465457,0.048042703,0.09303082,1.0,2295,"tags=48%, list=8%, signal=52%",
GOBP_NEGATIVE_ADAPTATION_OF_SIGNALING_PATHWAY,GOBP_NEGATIVE_ADAPTATION_OF_SIGNALING_PATHWAY,,16,0.6457636,1.446334,0.053475935,0.09314047,1.0,3643,"tags=44%, list=13%, signal=50%",
GOBP_NEGATIVE_REGULATION_OF_CELLULAR_RESPONSE_TO_HYPOXIA,GOBP_NEGATIVE_REGULATION_OF_CELLULAR_RESPONSE_TO_HYPOXIA,,12,0.67979497,1.4462683,0.05903399,0.09312646,1.0,2635,"tags=58%, list=9%, signal=64%",
GOBP_POSITIVE_REGULATION_OF_MEGAKARYOCYTE_DIFFERENTIATION,GOBP_POSITIVE_REGULATION_OF_MEGAKARYOCYTE_DIFFERENTIATION,,10,0.7041795,1.4461521,0.06788991,0.09317393,1.0,2733,"tags=40%, list=10%, signal=44%",
GOBP_REGULATION_OF_T_CELL_ACTIVATION,GOBP_REGULATION_OF_T_CELL_ACTIVATION,,374,0.40499142,1.4459842,0.0,0.09324998,1.0,3476,"tags=32%, list=13%, signal=36%",
GOBP_MACROPHAGE_APOPTOTIC_PROCESS,GOBP_MACROPHAGE_APOPTOTIC_PROCESS,,12,0.6984693,1.4453638,0.05745063,0.0937076,1.0,2738,"tags=33%, list=10%, signal=37%",
GOBP_OLIGOPEPTIDE_TRANSPORT,GOBP_OLIGOPEPTIDE_TRANSPORT,,17,0.64388734,1.4452636,0.055855855,0.0937438,1.0,5358,"tags=53%, list=19%, signal=66%",
GOBP_CELLULAR_RESPONSE_TO_INCREASED_OXYGEN_LEVELS,GOBP_CELLULAR_RESPONSE_TO_INCREASED_OXYGEN_LEVELS,,13,0.6745076,1.4451454,0.060491495,0.093776554,1.0,1816,"tags=46%, list=7%, signal=49%",
REACTOME_FACTORS_INVOLVED_IN_MEGAKARYOCYTE_DEVELOPMENT_AND_PLATELET_PRODUCTION,REACTOME_FACTORS_INVOLVED_IN_MEGAKARYOCYTE_DEVELOPMENT_AND_PLATELET_PRODUCTION,,145,0.4381623,1.4451363,0.00618238,0.093728654,1.0,4761,"tags=32%, list=17%, signal=38%",
REACTOME_CASPASE_ACTIVATION_VIA_EXTRINSIC_APOPTOTIC_SIGNALLING_PATHWAY,REACTOME_CASPASE_ACTIVATION_VIA_EXTRINSIC_APOPTOTIC_SIGNALLING_PATHWAY,,26,0.5795709,1.445,0.037478704,0.09377707,1.0,4102,"tags=42%, list=15%, signal=50%",
REACTOME_FATTY_ACID_METABOLISM,REACTOME_FATTY_ACID_METABOLISM,,157,0.4381549,1.4449501,0.005788712,0.09376977,1.0,3571,"tags=25%, list=13%, signal=28%",
GOBP_RESPONSE_TO_METAL_ION,GOBP_RESPONSE_TO_METAL_ION,,279,0.4111136,1.4444356,0.0013986015,0.09412012,1.0,5358,"tags=33%, list=19%, signal=40%",
GOBP_NEGATIVE_REGULATION_OF_EXTRACELLULAR_MATRIX_ORGANIZATION,GOBP_NEGATIVE_REGULATION_OF_EXTRACELLULAR_MATRIX_ORGANIZATION,,16,0.6442252,1.4442953,0.061705988,0.09417584,1.0,2969,"tags=44%, list=11%, signal=49%",
GOBP_GOLGI_ORGANIZATION,GOBP_GOLGI_ORGANIZATION,,147,0.44220644,1.4438657,0.004524887,0.094460264,1.0,5149,"tags=33%, list=19%, signal=41%",
GOBP_ADHESION_OF_SYMBIONT_TO_HOST,GOBP_ADHESION_OF_SYMBIONT_TO_HOST,,12,0.6976758,1.4435737,0.050092764,0.09465589,1.0,2608,"tags=42%, list=9%, signal=46%",
GOBP_QUATERNARY_AMMONIUM_GROUP_TRANSPORT,GOBP_QUATERNARY_AMMONIUM_GROUP_TRANSPORT,,15,0.64376765,1.4427818,0.06654676,0.09524361,1.0,2676,"tags=33%, list=10%, signal=37%",
GOBP_MAINTENANCE_OF_LOCATION,GOBP_MAINTENANCE_OF_LOCATION,,189,0.43156898,1.4426707,0.0056980057,0.09528322,1.0,5223,"tags=37%, list=19%, signal=45%",
GOBP_POSITIVE_REGULATION_OF_LIPID_STORAGE,GOBP_POSITIVE_REGULATION_OF_LIPID_STORAGE,,18,0.6306517,1.4424546,0.061619718,0.09540226,1.0,3776,"tags=44%, list=14%, signal=51%",
GOBP_REGULATION_OF_GENERATION_OF_PRECURSOR_METABOLITES_AND_ENERGY,GOBP_REGULATION_OF_GENERATION_OF_PRECURSOR_METABOLITES_AND_ENERGY,,125,0.44590163,1.4423665,0.007824726,0.09543036,1.0,5192,"tags=37%, list=19%, signal=45%",
REACTOME_GLYCOSAMINOGLYCAN_METABOLISM,REACTOME_GLYCOSAMINOGLYCAN_METABOLISM,,116,0.45688027,1.441703,0.015037594,0.09586951,1.0,3547,"tags=26%, list=13%, signal=30%",
REACTOME_METABOLISM_OF_VITAMINS_AND_COFACTORS,REACTOME_METABOLISM_OF_VITAMINS_AND_COFACTORS,,176,0.43125647,1.4414477,0.0044776117,0.0960283,1.0,2744,"tags=21%, list=10%, signal=23%",
GOBP_PHOSPHATIDYLINOSITOL_3_KINASE_PROTEIN_KINASE_B_SIGNAL_TRANSDUCTION,GOBP_PHOSPHATIDYLINOSITOL_3_KINASE_PROTEIN_KINASE_B_SIGNAL_TRANSDUCTION,,296,0.41064957,1.4411767,0.0,0.09619317,1.0,4325,"tags=31%, list=16%, signal=37%",
GOBP_POSITIVE_REGULATION_OF_AMYLOID_PRECURSOR_PROTEIN_CATABOLIC_PROCESS,GOBP_POSITIVE_REGULATION_OF_AMYLOID_PRECURSOR_PROTEIN_CATABOLIC_PROCESS,,24,0.6022708,1.4401733,0.05272408,0.096941166,1.0,4360,"tags=42%, list=16%, signal=49%",
GOBP_GLUCOSE_6_PHOSPHATE_METABOLIC_PROCESS,GOBP_GLUCOSE_6_PHOSPHATE_METABOLIC_PROCESS,,27,0.571211,1.4397997,0.05102041,0.09717982,1.0,3140,"tags=37%, list=11%, signal=42%",
GOBP_REGULATION_OF_INTERLEUKIN_1_MEDIATED_SIGNALING_PATHWAY,GOBP_REGULATION_OF_INTERLEUKIN_1_MEDIATED_SIGNALING_PATHWAY,,12,0.6898114,1.4397779,0.05667276,0.097143255,1.0,1704,"tags=50%, list=6%, signal=53%",
GOBP_POSITIVE_REGULATION_OF_HORMONE_BIOSYNTHETIC_PROCESS,GOBP_POSITIVE_REGULATION_OF_HORMONE_BIOSYNTHETIC_PROCESS,,10,0.7246192,1.4396292,0.05204461,0.097225584,1.0,7595,"tags=90%, list=27%, signal=124%",
GOBP_ENDODERM_FORMATION,GOBP_ENDODERM_FORMATION,,49,0.51357573,1.4394891,0.027552674,0.097278565,1.0,5577,"tags=43%, list=20%, signal=54%",
GOBP_VASODILATION,GOBP_VASODILATION,,44,0.51739997,1.4394046,0.03089431,0.09728227,1.0,4768,"tags=32%, list=17%, signal=38%",
GOBP_LOW_DENSITY_LIPOPROTEIN_PARTICLE_REMODELING,GOBP_LOW_DENSITY_LIPOPROTEIN_PARTICLE_REMODELING,,10,0.7124962,1.4392813,0.05816135,0.09731696,1.0,4360,"tags=50%, list=16%, signal=59%",
REACTOME_HYALURONAN_METABOLISM,REACTOME_HYALURONAN_METABOLISM,,17,0.64157933,1.4391553,0.04040404,0.09735581,1.0,3547,"tags=35%, list=13%, signal=40%",
GOBP_GOLGI_TO_LYSOSOME_TRANSPORT,GOBP_GOLGI_TO_LYSOSOME_TRANSPORT,,11,0.6931132,1.4390994,0.07220217,0.09735297,1.0,6781,"tags=73%, list=24%, signal=96%",
REACTOME_ANTIMICROBIAL_MECHANISM_OF_IFN_STIMULATED_GENES,REACTOME_ANTIMICROBIAL_MECHANISM_OF_IFN_STIMULATED_GENES,,163,0.43452615,1.4387345,0.005839416,0.09760579,1.0,5493,"tags=36%, list=20%, signal=45%",
REACTOME_DEGRADATION_OF_CYSTEINE_AND_HOMOCYSTEINE,REACTOME_DEGRADATION_OF_CYSTEINE_AND_HOMOCYSTEINE,,14,0.67091644,1.4384643,0.057090238,0.09778465,1.0,3931,"tags=50%, list=14%, signal=58%",
GOBP_RESPONSE_TO_INTERLEUKIN_12,GOBP_RESPONSE_TO_INTERLEUKIN_12,,13,0.66872126,1.4383857,0.054867256,0.09779711,1.0,4291,"tags=54%, list=15%, signal=64%",
GOBP_CORTICAL_CYTOSKELETON_ORGANIZATION,GOBP_CORTICAL_CYTOSKELETON_ORGANIZATION,,55,0.50109375,1.4383,0.035532996,0.09781718,1.0,5353,"tags=51%, list=19%, signal=63%",
GOBP_NEGATIVE_REGULATION_OF_COLD_INDUCED_THERMOGENESIS,GOBP_NEGATIVE_REGULATION_OF_COLD_INDUCED_THERMOGENESIS,,42,0.5288964,1.4382743,0.038819876,0.09778333,1.0,4934,"tags=57%, list=18%, signal=69%",
GOBP_NEGATIVE_REGULATION_OF_CYTOPLASMIC_PATTERN_RECOGNITION_RECEPTOR_SIGNALING_PATHWAY,GOBP_NEGATIVE_REGULATION_OF_CYTOPLASMIC_PATTERN_RECOGNITION_RECEPTOR_SIGNALING_PATHWAY,,60,0.4915742,1.4381838,0.026578072,0.09781135,1.0,4144,"tags=38%, list=15%, signal=45%",
GOBP_NEGATIVE_REGULATION_OF_LIPID_TRANSPORT,GOBP_NEGATIVE_REGULATION_OF_LIPID_TRANSPORT,,28,0.57190776,1.4376857,0.043396227,0.098173,1.0,4360,"tags=46%, list=16%, signal=55%",
GOBP_HEPARAN_SULFATE_PROTEOGLYCAN_METABOLIC_PROCESS,GOBP_HEPARAN_SULFATE_PROTEOGLYCAN_METABOLIC_PROCESS,,38,0.52633625,1.4376274,0.03242321,0.098164134,1.0,3704,"tags=32%, list=13%, signal=36%",
GOBP_POSITIVE_REGULATION_OF_CHOLESTEROL_EFFLUX,GOBP_POSITIVE_REGULATION_OF_CHOLESTEROL_EFFLUX,,22,0.6034805,1.4375997,0.057793345,0.098131426,1.0,4360,"tags=59%, list=16%, signal=70%",
GOBP_OVULATION,GOBP_OVULATION,,14,0.6476524,1.4371136,0.06883365,0.09848559,1.0,1711,"tags=29%, list=6%, signal=30%",
GOBP_PEROXISOME_FISSION,GOBP_PEROXISOME_FISSION,,10,0.72888553,1.4367507,0.044609666,0.098739184,1.0,5382,"tags=60%, list=19%, signal=74%",
GOBP_ERBB2_SIGNALING_PATHWAY,GOBP_ERBB2_SIGNALING_PATHWAY,,19,0.6202184,1.4367142,0.06360424,0.09871404,1.0,4230,"tags=42%, list=15%, signal=50%",
GOBP_NEGATIVE_REGULATION_OF_MACROAUTOPHAGY,GOBP_NEGATIVE_REGULATION_OF_MACROAUTOPHAGY,,39,0.53268665,1.4364524,0.048027445,0.09888202,1.0,3468,"tags=38%, list=13%, signal=44%",
GOBP_REGULATION_OF_OPSONIZATION,GOBP_REGULATION_OF_OPSONIZATION,,13,0.67590857,1.4363222,0.06122449,0.09892445,1.0,2026,"tags=31%, list=7%, signal=33%",
GOBP_TOLL_LIKE_RECEPTOR_7_SIGNALING_PATHWAY,GOBP_TOLL_LIKE_RECEPTOR_7_SIGNALING_PATHWAY,,11,0.69274867,1.4362102,0.05263158,0.09897179,1.0,5050,"tags=73%, list=18%, signal=89%",
REACTOME_RMTS_METHYLATE_HISTONE_ARGININES,REACTOME_RMTS_METHYLATE_HISTONE_ARGININES,,63,0.49279493,1.4361035,0.03548387,0.099008664,1.0,4971,"tags=35%, list=18%, signal=42%",
GOBP_TOLL_LIKE_RECEPTOR_3_SIGNALING_PATHWAY,GOBP_TOLL_LIKE_RECEPTOR_3_SIGNALING_PATHWAY,,25,0.58880997,1.4359394,0.05882353,0.09907262,1.0,6849,"tags=56%, list=25%, signal=74%",
GOBP_RELAXATION_OF_MUSCLE,GOBP_RELAXATION_OF_MUSCLE,,31,0.5563608,1.4356748,0.04890388,0.09923011,1.0,5171,"tags=42%, list=19%, signal=51%",
REACTOME_COPI_DEPENDENT_GOLGI_TO_ER_RETROGRADE_TRAFFIC,REACTOME_COPI_DEPENDENT_GOLGI_TO_ER_RETROGRADE_TRAFFIC,,96,0.46316034,1.4356,0.003220612,0.09923465,1.0,5310,"tags=31%, list=19%, signal=39%",
REACTOME_CELL_CYCLE_CHECKPOINTS,REACTOME_CELL_CYCLE_CHECKPOINTS,,283,0.41109937,1.4354038,0.0041608876,0.09932421,1.0,4396,"tags=26%, list=16%, signal=30%",
REACTOME_METABOLISM_OF_STEROID_HORMONES,REACTOME_METABOLISM_OF_STEROID_HORMONES,,27,0.5832,1.4348586,0.029360967,0.0997404,1.0,4867,"tags=37%, list=18%, signal=45%",
GOBP_COPPER_ION_HOMEOSTASIS,GOBP_COPPER_ION_HOMEOSTASIS,,20,0.5995277,1.4346669,0.045918368,0.099847876,1.0,5233,"tags=45%, list=19%, signal=55%",
GOBP_RESPONSE_TO_CORTICOSTEROID,GOBP_RESPONSE_TO_CORTICOSTEROID,,119,0.4521379,1.4345682,0.013493253,0.099859096,1.0,3974,"tags=31%, list=14%, signal=36%",
GOBP_NEGATIVE_REGULATION_OF_MUSCLE_CELL_APOPTOTIC_PROCESS,GOBP_NEGATIVE_REGULATION_OF_MUSCLE_CELL_APOPTOTIC_PROCESS,,42,0.52396876,1.4344699,0.03958692,0.099882886,1.0,4426,"tags=31%, list=16%, signal=37%",
GOBP_RELAXATION_OF_SMOOTH_MUSCLE,GOBP_RELAXATION_OF_SMOOTH_MUSCLE,,11,0.6949967,1.434375,0.06375228,0.09990656,1.0,5996,"tags=55%, list=22%, signal=70%",
GOBP_REGULATION_OF_PROTEIN_SECRETION,GOBP_REGULATION_OF_PROTEIN_SECRETION,,223,0.41905022,1.434329,0.0014513788,0.099881545,1.0,4360,"tags=28%, list=16%, signal=33%",
GOBP_GRANULOCYTE_DIFFERENTIATION,GOBP_GRANULOCYTE_DIFFERENTIATION,,38,0.5276287,1.4342835,0.046901174,0.09985942,1.0,3278,"tags=45%, list=12%, signal=51%",
GOBP_NEGATIVE_REGULATION_OF_T_CELL_RECEPTOR_SIGNALING_PATHWAY,GOBP_NEGATIVE_REGULATION_OF_T_CELL_RECEPTOR_SIGNALING_PATHWAY,,39,0.5377088,1.4339894,0.04347826,0.10003945,1.0,2987,"tags=33%, list=11%, signal=37%",
GOBP_NUCLEOSIDE_MONOPHOSPHATE_CATABOLIC_PROCESS,GOBP_NUCLEOSIDE_MONOPHOSPHATE_CATABOLIC_PROCESS,,20,0.61385685,1.4339603,0.055555556,0.100006185,1.0,3381,"tags=40%, list=12%, signal=46%",
REACTOME_CELL_DEATH_SIGNALLING_VIA_NRAGE_NRIF_AND_NADE,REACTOME_CELL_DEATH_SIGNALLING_VIA_NRAGE_NRIF_AND_NADE,,74,0.47544757,1.4337304,0.02138158,0.10016219,1.0,4397,"tags=39%, list=16%, signal=46%",
GOBP_BILE_ACID_AND_BILE_SALT_TRANSPORT,GOBP_BILE_ACID_AND_BILE_SALT_TRANSPORT,,18,0.6167586,1.4335264,0.05924596,0.10027229,1.0,5466,"tags=50%, list=20%, signal=62%",
GOBP_RESPONSE_TO_FATTY_ACID,GOBP_RESPONSE_TO_FATTY_ACID,,51,0.4998686,1.4333891,0.040387724,0.1003131,1.0,2745,"tags=25%, list=10%, signal=28%",
GOBP_PROTEIN_POLYMERIZATION,GOBP_PROTEIN_POLYMERIZATION,,268,0.41229734,1.4333495,0.0014005603,0.10028667,1.0,4367,"tags=34%, list=16%, signal=39%",
GOBP_INTRACELLULAR_COPPER_ION_HOMEOSTASIS,GOBP_INTRACELLULAR_COPPER_ION_HOMEOSTASIS,,16,0.6454098,1.4331788,0.04472272,0.10038048,1.0,5233,"tags=50%, list=19%, signal=62%",
GOBP_HYDROGEN_PEROXIDE_CATABOLIC_PROCESS,GOBP_HYDROGEN_PEROXIDE_CATABOLIC_PROCESS,,23,0.5917427,1.432792,0.061511423,0.1006401,1.0,6420,"tags=65%, list=23%, signal=85%",
GOBP_SEMINIFEROUS_TUBULE_DEVELOPMENT,GOBP_SEMINIFEROUS_TUBULE_DEVELOPMENT,,15,0.64651173,1.4326339,0.08442777,0.10071242,1.0,5071,"tags=33%, list=18%, signal=41%",
GOBP_REGULATION_OF_STEROID_BIOSYNTHETIC_PROCESS,GOBP_REGULATION_OF_STEROID_BIOSYNTHETIC_PROCESS,,71,0.4859095,1.4326334,0.022435898,0.10065957,1.0,4385,"tags=28%, list=16%, signal=33%",
GOBP_TOLL_SIGNALING_PATHWAY,GOBP_TOLL_SIGNALING_PATHWAY,,13,0.6540477,1.4324166,0.05882353,0.1007923,1.0,3317,"tags=38%, list=12%, signal=44%",
GOBP_NEGATIVE_REGULATION_OF_ESTABLISHMENT_OF_PROTEIN_LOCALIZATION,GOBP_NEGATIVE_REGULATION_OF_ESTABLISHMENT_OF_PROTEIN_LOCALIZATION,,121,0.4455228,1.43223,0.009433962,0.10089532,1.0,4480,"tags=34%, list=16%, signal=40%",
GOBP_REGULATION_OF_HEPATOCYTE_PROLIFERATION,GOBP_REGULATION_OF_HEPATOCYTE_PROLIFERATION,,13,0.66301155,1.4320488,0.062962964,0.10098726,1.0,5112,"tags=54%, list=18%, signal=66%",
GOBP_NEGATIVE_REGULATION_OF_PHOSPHORYLATION,GOBP_NEGATIVE_REGULATION_OF_PHOSPHORYLATION,,117,0.4517914,1.4319152,0.0064205457,0.101040564,1.0,4754,"tags=37%, list=17%, signal=44%",
REACTOME_UPTAKE_AND_ACTIONS_OF_BACTERIAL_TOXINS,REACTOME_UPTAKE_AND_ACTIONS_OF_BACTERIAL_TOXINS,,28,0.57176673,1.4317518,0.049382716,0.101128876,1.0,6862,"tags=50%, list=25%, signal=66%",
GOBP_EOSINOPHIL_MIGRATION,GOBP_EOSINOPHIL_MIGRATION,,19,0.624011,1.4313806,0.07253886,0.1013877,1.0,2807,"tags=16%, list=10%, signal=18%",
GOBP_REGULATION_OF_HETEROCHROMATIN_ORGANIZATION,GOBP_REGULATION_OF_HETEROCHROMATIN_ORGANIZATION,,13,0.6645624,1.4311683,0.0647482,0.10151897,1.0,3445,"tags=31%, list=12%, signal=35%",
GOBP_NEGATIVE_REGULATION_OF_LIPID_METABOLIC_PROCESS,GOBP_NEGATIVE_REGULATION_OF_LIPID_METABOLIC_PROCESS,,89,0.46420106,1.4308258,0.021084337,0.1017457,1.0,2552,"tags=18%, list=9%, signal=20%",
GOBP_REGULATION_OF_G_PROTEIN_COUPLED_RECEPTOR_SIGNALING_PATHWAY,GOBP_REGULATION_OF_G_PROTEIN_COUPLED_RECEPTOR_SIGNALING_PATHWAY,,139,0.4431807,1.4304893,0.0045523522,0.101954654,1.0,5129,"tags=34%, list=18%, signal=41%",
GOBP_RESPONSE_TO_AXON_INJURY,GOBP_RESPONSE_TO_AXON_INJURY,,69,0.4835464,1.4303489,0.017944535,0.10201685,1.0,4849,"tags=35%, list=17%, signal=42%",
REACTOME_SYNTHESIS_OF_ACTIVE_UBIQUITIN_ROLES_OF_E1_AND_E2_ENZYMES,REACTOME_SYNTHESIS_OF_ACTIVE_UBIQUITIN_ROLES_OF_E1_AND_E2_ENZYMES,,30,0.5613229,1.429762,0.050434783,0.10243435,1.0,5718,"tags=57%, list=21%, signal=71%",
REACTOME_CYTOCHROME_C_MEDIATED_APOPTOTIC_RESPONSE,REACTOME_CYTOCHROME_C_MEDIATED_APOPTOTIC_RESPONSE,,13,0.6647215,1.4297539,0.06010929,0.10238781,1.0,4767,"tags=54%, list=17%, signal=65%",
GOBP_REGULATION_OF_CARBOHYDRATE_METABOLIC_PROCESS,GOBP_REGULATION_OF_CARBOHYDRATE_METABOLIC_PROCESS,,160,0.4321039,1.4293495,0.004457652,0.10265057,1.0,5192,"tags=34%, list=19%, signal=41%",
GOBP_AMEBOIDAL_TYPE_CELL_MIGRATION,GOBP_AMEBOIDAL_TYPE_CELL_MIGRATION,,204,0.4170329,1.4293201,0.0029325513,0.10263,1.0,5529,"tags=39%, list=20%, signal=49%",
REACTOME_NEDDYLATION,REACTOME_NEDDYLATION,,219,0.41633552,1.4292359,0.0014388489,0.10264251,1.0,5516,"tags=37%, list=20%, signal=46%",
GOBP_CARDIAC_CONDUCTION,GOBP_CARDIAC_CONDUCTION,,70,0.479244,1.4289899,0.024549918,0.102786265,1.0,5230,"tags=37%, list=19%, signal=46%",
GOBP_REGULATION_OF_T_HELPER_17_TYPE_IMMUNE_RESPONSE,GOBP_REGULATION_OF_T_HELPER_17_TYPE_IMMUNE_RESPONSE,,33,0.54968804,1.4287864,0.04778157,0.10290617,1.0,2455,"tags=36%, list=9%, signal=40%",
GOBP_NEGATIVE_REGULATION_OF_MYELOID_CELL_APOPTOTIC_PROCESS,GOBP_NEGATIVE_REGULATION_OF_MYELOID_CELL_APOPTOTIC_PROCESS,,14,0.65454125,1.428646,0.07835821,0.10296018,1.0,2306,"tags=43%, list=8%, signal=47%",
GOBP_DEVELOPMENTAL_MATURATION,GOBP_DEVELOPMENTAL_MATURATION,,296,0.40614069,1.42857,0.0013495276,0.1029594,1.0,4336,"tags=29%, list=16%, signal=34%",
GOBP_POSITIVE_REGULATION_OF_MONOCYTE_CHEMOTAXIS,GOBP_POSITIVE_REGULATION_OF_MONOCYTE_CHEMOTAXIS,,17,0.6227599,1.4285282,0.08127209,0.10294351,1.0,5129,"tags=47%, list=18%, signal=58%",
GOBP_CYTOSKELETON_DEPENDENT_CYTOKINESIS,GOBP_CYTOSKELETON_DEPENDENT_CYTOKINESIS,,125,0.4390132,1.4283757,0.013100437,0.103013925,1.0,5215,"tags=38%, list=19%, signal=47%",
GOBP_NEGATIVE_REGULATION_OF_MITOCHONDRIAL_OUTER_MEMBRANE_PERMEABILIZATION_INVOLVED_IN_APOPTOTIC_SIGNALING_PATHWAY,GOBP_NEGATIVE_REGULATION_OF_MITOCHONDRIAL_OUTER_MEMBRANE_PERMEABILIZATION_INVOLVED_IN_APOPTOTIC_SIGNALING_PATHWAY,,12,0.6771422,1.4280766,0.056497175,0.10321595,1.0,5036,"tags=50%, list=18%, signal=61%",
GOBP_POSITIVE_REGULATION_OF_SMOOTH_MUSCLE_CONTRACTION,GOBP_POSITIVE_REGULATION_OF_SMOOTH_MUSCLE_CONTRACTION,,22,0.5990391,1.4280764,0.052173913,0.10316174,1.0,3223,"tags=23%, list=12%, signal=26%",
GOBP_PRO_B_CELL_DIFFERENTIATION,GOBP_PRO_B_CELL_DIFFERENTIATION,,11,0.6980235,1.428074,0.06813996,0.103112355,1.0,4426,"tags=45%, list=16%, signal=54%",
GOBP_MAINTENANCE_OF_PROTEIN_LOCATION,GOBP_MAINTENANCE_OF_PROTEIN_LOCATION,,59,0.48945016,1.4280286,0.030560272,0.10310326,1.0,4958,"tags=34%, list=18%, signal=41%",
GOBP_ADENYLATE_CYCLASE_MODULATING_G_PROTEIN_COUPLED_RECEPTOR_SIGNALING_PATHWAY,GOBP_ADENYLATE_CYCLASE_MODULATING_G_PROTEIN_COUPLED_RECEPTOR_SIGNALING_PATHWAY,,197,0.42195994,1.4280131,0.004304161,0.10306347,1.0,4801,"tags=26%, list=17%, signal=31%",
GOBP_NEGATIVE_REGULATION_OF_CYTOKINE_PRODUCTION_INVOLVED_IN_IMMUNE_RESPONSE,GOBP_NEGATIVE_REGULATION_OF_CYTOKINE_PRODUCTION_INVOLVED_IN_IMMUNE_RESPONSE,,26,0.5725943,1.4278351,0.055172414,0.10317435,1.0,1325,"tags=42%, list=5%, signal=44%",
GOBP_NEGATIVE_REGULATION_OF_CALCINEURIN_MEDIATED_SIGNALING,GOBP_NEGATIVE_REGULATION_OF_CALCINEURIN_MEDIATED_SIGNALING,,13,0.66480863,1.4278157,0.04903678,0.10313861,1.0,2256,"tags=31%, list=8%, signal=33%",
GOBP_GONADOTROPIN_SECRETION,GOBP_GONADOTROPIN_SECRETION,,10,0.7080991,1.4272501,0.06284658,0.103567295,1.0,788,"tags=20%, list=3%, signal=21%",
GOBP_REGULATION_OF_PROTEIN_POLYUBIQUITINATION,GOBP_REGULATION_OF_PROTEIN_POLYUBIQUITINATION,,29,0.55130297,1.4270961,0.05263158,0.103636935,1.0,5395,"tags=34%, list=19%, signal=43%",
REACTOME_ANTIGEN_PROCESSING_UBIQUITINATION_PROTEASOME_DEGRADATION,REACTOME_ANTIGEN_PROCESSING_UBIQUITINATION_PROTEASOME_DEGRADATION,,281,0.40702623,1.42708,0.0013947001,0.10360102,1.0,5516,"tags=37%, list=20%, signal=46%",
GOBP_B_CELL_MEDIATED_IMMUNITY,GOBP_B_CELL_MEDIATED_IMMUNITY,,185,0.42519826,1.4266351,0.008836525,0.1039013,1.0,3356,"tags=24%, list=12%, signal=27%",
GOBP_SIGNAL_PEPTIDE_PROCESSING,GOBP_SIGNAL_PEPTIDE_PROCESSING,,11,0.6935574,1.4265697,0.059352517,0.10389797,1.0,4198,"tags=36%, list=15%, signal=43%",
GOBP_PENTOSE_PHOSPHATE_SHUNT,GOBP_PENTOSE_PHOSPHATE_SHUNT,,19,0.616585,1.4265374,0.05046729,0.103871495,1.0,3130,"tags=37%, list=11%, signal=41%",
GOBP_REGULATION_OF_CELL_COMMUNICATION_BY_ELECTRICAL_COUPLING,GOBP_REGULATION_OF_CELL_COMMUNICATION_BY_ELECTRICAL_COUPLING,,13,0.6518162,1.4265339,0.076045625,0.10381996,1.0,5230,"tags=54%, list=19%, signal=66%",
GOBP_ENDOTHELIAL_CELL_DIFFERENTIATION,GOBP_ENDOTHELIAL_CELL_DIFFERENTIATION,,103,0.45200372,1.4264871,0.024464833,0.103807785,1.0,5293,"tags=33%, list=19%, signal=41%",
GOBP_REGULATION_OF_NATURAL_KILLER_CELL_DIFFERENTIATION,GOBP_REGULATION_OF_NATURAL_KILLER_CELL_DIFFERENTIATION,,13,0.6723224,1.4263344,0.06629834,0.103878215,1.0,1693,"tags=46%, list=6%, signal=49%",
REACTOME_NEURONAL_SYSTEM,REACTOME_NEURONAL_SYSTEM,,306,0.40645936,1.426219,0.0,0.1039256,1.0,4834,"tags=30%, list=17%, signal=36%",
REACTOME_SIALIC_ACID_METABOLISM,REACTOME_SIALIC_ACID_METABOLISM,,28,0.5658828,1.4258672,0.048027445,0.104154326,1.0,2726,"tags=39%, list=10%, signal=44%",
REACTOME_RIBOSOME_QUALITY_CONTROL_RQC_COMPLEX_EXTRACTS_AND_DEGRADES_NASCENT_PEPTIDE,REACTOME_RIBOSOME_QUALITY_CONTROL_RQC_COMPLEX_EXTRACTS_AND_DEGRADES_NASCENT_PEPTIDE,,102,0.45926112,1.4258455,0.0143084265,0.10412042,1.0,5395,"tags=31%, list=19%, signal=39%",
REACTOME_INFECTION_WITH_ENTEROBACTERIA,REACTOME_INFECTION_WITH_ENTEROBACTERIA,,39,0.5273704,1.4257841,0.04137931,0.10411831,1.0,5831,"tags=54%, list=21%, signal=68%",
GOBP_BLOOD_VESSEL_REMODELING,GOBP_BLOOD_VESSEL_REMODELING,,40,0.5315289,1.4257731,0.042301185,0.10407297,1.0,4992,"tags=43%, list=18%, signal=52%",
REACTOME_PLASMA_LIPOPROTEIN_ASSEMBLY_REMODELING_AND_CLEARANCE,REACTOME_PLASMA_LIPOPROTEIN_ASSEMBLY_REMODELING_AND_CLEARANCE,,64,0.48828277,1.4257452,0.021172639,0.104047894,1.0,4360,"tags=39%, list=16%, signal=46%",
GOBP_CALCIUM_ION_TRANSPORT,GOBP_CALCIUM_ION_TRANSPORT,,357,0.40050647,1.4253834,0.0,0.10429015,1.0,5229,"tags=32%, list=19%, signal=40%",
GOBP_CEREBRAL_CORTEX_CELL_MIGRATION,GOBP_CEREBRAL_CORTEX_CELL_MIGRATION,,42,0.5211548,1.4251311,0.032986112,0.10444973,1.0,4459,"tags=38%, list=16%, signal=45%",
GOBP_POSITIVE_REGULATION_OF_P38MAPK_CASCADE,GOBP_POSITIVE_REGULATION_OF_P38MAPK_CASCADE,,22,0.600751,1.425105,0.06418919,0.10441513,1.0,2548,"tags=41%, list=9%, signal=45%",
GOBP_GLYCEROLIPID_METABOLIC_PROCESS,GOBP_GLYCEROLIPID_METABOLIC_PROCESS,,350,0.4018853,1.4250363,0.0013297872,0.10442303,1.0,4419,"tags=31%, list=16%, signal=37%",
GOBP_NEGATIVE_REGULATION_OF_LOCOMOTION,GOBP_NEGATIVE_REGULATION_OF_LOCOMOTION,,295,0.4079433,1.4249965,0.0,0.10440127,1.0,4931,"tags=34%, list=18%, signal=40%",
GOBP_CELL_SUBSTRATE_JUNCTION_DISASSEMBLY,GOBP_CELL_SUBSTRATE_JUNCTION_DISASSEMBLY,,13,0.6579642,1.4249961,0.07102804,0.10434853,1.0,4257,"tags=38%, list=15%, signal=45%",
GOBP_PHOSPHOLIPASE_C_ACTIVATING_G_PROTEIN_COUPLED_RECEPTOR_SIGNALING_PATHWAY,GOBP_PHOSPHOLIPASE_C_ACTIVATING_G_PROTEIN_COUPLED_RECEPTOR_SIGNALING_PATHWAY,,110,0.44623128,1.4245738,0.010719755,0.10465649,1.0,4736,"tags=29%, list=17%, signal=35%",
GOBP_AUTOPHAGY_OF_PEROXISOME,GOBP_AUTOPHAGY_OF_PEROXISOME,,16,0.6284348,1.4245261,0.062271062,0.10464948,1.0,4756,"tags=44%, list=17%, signal=53%",
GOBP_TOOTH_MINERALIZATION,GOBP_TOOTH_MINERALIZATION,,24,0.5716589,1.4241138,0.055350553,0.10494834,1.0,5222,"tags=38%, list=19%, signal=46%",
GOBP_NEGATIVE_REGULATION_OF_FIBROBLAST_MIGRATION,GOBP_NEGATIVE_REGULATION_OF_FIBROBLAST_MIGRATION,,10,0.705916,1.4234633,0.08377896,0.10542835,1.0,6098,"tags=70%, list=22%, signal=90%",
GOBP_LAMELLIPODIUM_MORPHOGENESIS,GOBP_LAMELLIPODIUM_MORPHOGENESIS,,17,0.636289,1.4230419,0.06642729,0.10572734,1.0,5758,"tags=65%, list=21%, signal=82%",
REACTOME_CHAPERONE_MEDIATED_AUTOPHAGY,REACTOME_CHAPERONE_MEDIATED_AUTOPHAGY,,21,0.5951935,1.4227736,0.05225225,0.10592171,1.0,4293,"tags=38%, list=15%, signal=45%",
GOBP_POSITIVE_REGULATION_OF_VIRAL_PROCESS,GOBP_POSITIVE_REGULATION_OF_VIRAL_PROCESS,,61,0.4906338,1.4224987,0.025466893,0.10607697,1.0,5318,"tags=34%, list=19%, signal=42%",
REACTOME_CELLULAR_RESPONSES_TO_MECHANICAL_STIMULI,REACTOME_CELLULAR_RESPONSES_TO_MECHANICAL_STIMULI,,91,0.45971316,1.4222444,0.020504732,0.10624802,1.0,4963,"tags=40%, list=18%, signal=48%",
GOBP_RESPONSE_TO_EPINEPHRINE,GOBP_RESPONSE_TO_EPINEPHRINE,,14,0.6659155,1.4220668,0.04903678,0.10632802,1.0,4368,"tags=50%, list=16%, signal=59%",
GOBP_RESPONSE_TO_NERVE_GROWTH_FACTOR,GOBP_RESPONSE_TO_NERVE_GROWTH_FACTOR,,44,0.51602054,1.4219266,0.037351444,0.106387794,1.0,3974,"tags=36%, list=14%, signal=42%",
GOBP_DICARBOXYLIC_ACID_METABOLIC_PROCESS,GOBP_DICARBOXYLIC_ACID_METABOLIC_PROCESS,,85,0.46727917,1.4218775,0.019512195,0.106373146,1.0,3425,"tags=25%, list=12%, signal=28%",
GOBP_POSITIVE_REGULATION_OF_TRANSMEMBRANE_TRANSPORT,GOBP_POSITIVE_REGULATION_OF_TRANSMEMBRANE_TRANSPORT,,151,0.43331254,1.4217606,0.005899705,0.10642002,1.0,5180,"tags=34%, list=19%, signal=42%",
GOBP_REGULATION_OF_RECEPTOR_RECYCLING,GOBP_REGULATION_OF_RECEPTOR_RECYCLING,,24,0.5801538,1.4217402,0.065743946,0.10638393,1.0,4680,"tags=50%, list=17%, signal=60%",
GOBP_CELLULAR_RESPONSE_TO_KETONE,GOBP_CELLULAR_RESPONSE_TO_KETONE,,99,0.45276695,1.42174,0.010819165,0.10632989,1.0,3770,"tags=29%, list=14%, signal=34%",
GOBP_TOLL_LIKE_RECEPTOR_9_SIGNALING_PATHWAY,GOBP_TOLL_LIKE_RECEPTOR_9_SIGNALING_PATHWAY,,20,0.60719097,1.4217308,0.05667276,0.106285915,1.0,3624,"tags=50%, list=13%, signal=57%",
GOBP_XENOBIOTIC_CATABOLIC_PROCESS,GOBP_XENOBIOTIC_CATABOLIC_PROCESS,,22,0.5948392,1.4214567,0.055077452,0.10646427,1.0,1673,"tags=23%, list=6%, signal=24%",
GOBP_FATTY_ACID_DERIVATIVE_BIOSYNTHETIC_PROCESS,GOBP_FATTY_ACID_DERIVATIVE_BIOSYNTHETIC_PROCESS,,48,0.5178539,1.4214342,0.037037037,0.10642692,1.0,3301,"tags=33%, list=12%, signal=38%",
GOBP_REGULATION_OF_MEMBRANE_INVAGINATION,GOBP_REGULATION_OF_MEMBRANE_INVAGINATION,,15,0.64568543,1.4211061,0.08935361,0.10665792,1.0,3520,"tags=53%, list=13%, signal=61%",
GOBP_NEGATIVE_REGULATION_OF_MAP_KINASE_ACTIVITY,GOBP_NEGATIVE_REGULATION_OF_MAP_KINASE_ACTIVITY,,16,0.63293755,1.4211017,0.07005254,0.10660451,1.0,3088,"tags=31%, list=11%, signal=35%",
GOBP_NEGATIVE_REGULATION_OF_ENDOTHELIAL_CELL_APOPTOTIC_PROCESS,GOBP_NEGATIVE_REGULATION_OF_ENDOTHELIAL_CELL_APOPTOTIC_PROCESS,,28,0.56393296,1.4210281,0.06535948,0.10660849,1.0,3014,"tags=18%, list=11%, signal=20%",
GOBP_ANGIOGENESIS_INVOLVED_IN_WOUND_HEALING,GOBP_ANGIOGENESIS_INVOLVED_IN_WOUND_HEALING,,23,0.57887524,1.4209993,0.03551402,0.10658313,1.0,2620,"tags=35%, list=9%, signal=38%",
GOBP_NOREPINEPHRINE_TRANSPORT,GOBP_NOREPINEPHRINE_TRANSPORT,,19,0.6022863,1.4209697,0.067768596,0.106556475,1.0,4905,"tags=47%, list=18%, signal=58%",
GOBP_POSITIVE_REGULATION_OF_FAT_CELL_DIFFERENTIATION,GOBP_POSITIVE_REGULATION_OF_FAT_CELL_DIFFERENTIATION,,58,0.4896244,1.4208877,0.028099174,0.10657446,1.0,5003,"tags=34%, list=18%, signal=42%",
GOBP_REGULATION_OF_CARDIAC_CONDUCTION,GOBP_REGULATION_OF_CARDIAC_CONDUCTION,,19,0.613373,1.4206898,0.05234657,0.106684916,1.0,5730,"tags=47%, list=21%, signal=60%",
GOBP_PLATELET_ACTIVATING_FACTOR_METABOLIC_PROCESS,GOBP_PLATELET_ACTIVATING_FACTOR_METABOLIC_PROCESS,,10,0.72084355,1.4202198,0.07368421,0.107015274,1.0,3454,"tags=50%, list=12%, signal=57%",
GOBP_DIOL_METABOLIC_PROCESS,GOBP_DIOL_METABOLIC_PROCESS,,33,0.55120844,1.4201801,0.043706294,0.106995806,1.0,2041,"tags=27%, list=7%, signal=29%",
GOBP_NUCLEOTIDE_SALVAGE,GOBP_NUCLEOTIDE_SALVAGE,,25,0.5744893,1.4200407,0.0656304,0.10706801,1.0,2093,"tags=28%, list=8%, signal=30%",
GOBP_MUSCLE_CONTRACTION,GOBP_MUSCLE_CONTRACTION,,330,0.39967686,1.4199822,0.0,0.10705379,1.0,5416,"tags=30%, list=20%, signal=37%",
GOBP_EXPORT_ACROSS_PLASMA_MEMBRANE,GOBP_EXPORT_ACROSS_PLASMA_MEMBRANE,,71,0.4744687,1.4198915,0.02157165,0.107088104,1.0,4905,"tags=37%, list=18%, signal=44%",
GOBP_MITOCHONDRIAL_FISSION,GOBP_MITOCHONDRIAL_FISSION,,42,0.51820916,1.4194374,0.05107084,0.107424654,1.0,3767,"tags=36%, list=14%, signal=41%",
GOBP_ESTABLISHMENT_OF_PROTEIN_LOCALIZATION_TO_MEMBRANE,GOBP_ESTABLISHMENT_OF_PROTEIN_LOCALIZATION_TO_MEMBRANE,,266,0.40796405,1.4194281,0.0041724616,0.10737847,1.0,4304,"tags=29%, list=16%, signal=34%",
GOBP_NEGATIVE_REGULATION_OF_PROTEIN_LOCALIZATION_TO_CHROMATIN,GOBP_NEGATIVE_REGULATION_OF_PROTEIN_LOCALIZATION_TO_CHROMATIN,,10,0.7073385,1.4192147,0.06967985,0.107503355,1.0,4029,"tags=50%, list=15%, signal=58%",
GOBP_STEROID_METABOLIC_PROCESS,GOBP_STEROID_METABOLIC_PROCESS,,272,0.40801215,1.4188384,0.0013736264,0.10776627,1.0,4385,"tags=28%, list=16%, signal=32%",
GOBP_NUCLEOSOME_ORGANIZATION,GOBP_NUCLEOSOME_ORGANIZATION,,115,0.44448,1.4186392,0.010463378,0.10789119,1.0,4761,"tags=29%, list=17%, signal=34%",
GOBP_FATTY_ACID_BETA_OXIDATION_USING_ACYL_COA_OXIDASE,GOBP_FATTY_ACID_BETA_OXIDATION_USING_ACYL_COA_OXIDASE,,14,0.65530044,1.418606,0.06294964,0.10786668,1.0,3826,"tags=43%, list=14%, signal=50%",
GOBP_REGULATION_OF_MYELINATION,GOBP_REGULATION_OF_MYELINATION,,40,0.5144779,1.4185919,0.03559322,0.10782377,1.0,4459,"tags=35%, list=16%, signal=42%",
GOBP_MITOCHONDRIAL_PROTEIN_CATABOLIC_PROCESS,GOBP_MITOCHONDRIAL_PROTEIN_CATABOLIC_PROCESS,,10,0.7081726,1.4185439,0.07381371,0.10780861,1.0,2913,"tags=50%, list=10%, signal=56%",
GOBP_REGULATION_OF_EPITHELIAL_CELL_APOPTOTIC_PROCESS,GOBP_REGULATION_OF_EPITHELIAL_CELL_APOPTOTIC_PROCESS,,26,0.5708642,1.4184461,0.046232875,0.10783182,1.0,4480,"tags=42%, list=16%, signal=50%",
GOBP_REGULATION_OF_PEPTIDYL_THREONINE_PHOSPHORYLATION,GOBP_REGULATION_OF_PEPTIDYL_THREONINE_PHOSPHORYLATION,,14,0.65019786,1.4184289,0.07090909,0.10779024,1.0,4297,"tags=50%, list=15%, signal=59%",
GOBP_NEGATIVE_REGULATION_OF_LIPOPROTEIN_PARTICLE_CLEARANCE,GOBP_NEGATIVE_REGULATION_OF_LIPOPROTEIN_PARTICLE_CLEARANCE,,13,0.6610861,1.4183981,0.078947365,0.10775733,1.0,3952,"tags=38%, list=14%, signal=45%",
GOBP_POSITIVE_REGULATION_OF_CELL_SUBSTRATE_JUNCTION_ORGANIZATION,GOBP_POSITIVE_REGULATION_OF_CELL_SUBSTRATE_JUNCTION_ORGANIZATION,,28,0.5633202,1.4182924,0.05631399,0.1077884,1.0,5293,"tags=46%, list=19%, signal=57%",
GOBP_NEGATIVE_REGULATION_OF_RESPONSE_TO_TUMOR_CELL,GOBP_NEGATIVE_REGULATION_OF_RESPONSE_TO_TUMOR_CELL,,11,0.68671376,1.418152,0.07249071,0.10784574,1.0,3178,"tags=45%, list=11%, signal=51%",
GOBP_LIPOPROTEIN_CATABOLIC_PROCESS,GOBP_LIPOPROTEIN_CATABOLIC_PROCESS,,13,0.6665595,1.4179766,0.06678383,0.10794727,1.0,4360,"tags=38%, list=16%, signal=46%",
GOBP_ACUTE_INFLAMMATORY_RESPONSE_TO_ANTIGENIC_STIMULUS,GOBP_ACUTE_INFLAMMATORY_RESPONSE_TO_ANTIGENIC_STIMULUS,,28,0.5623105,1.4176307,0.048013244,0.1081677,1.0,3614,"tags=46%, list=13%, signal=53%",
REACTOME_INTEGRIN_CELL_SURFACE_INTERACTIONS,REACTOME_INTEGRIN_CELL_SURFACE_INTERACTIONS,,74,0.4747421,1.4174926,0.02955665,0.108232476,1.0,5121,"tags=38%, list=18%, signal=46%",
GOBP_LYMPHOCYTE_CHEMOTAXIS,GOBP_LYMPHOCYTE_CHEMOTAXIS,,38,0.5230164,1.4174,0.044404972,0.10825732,1.0,4392,"tags=47%, list=16%, signal=56%",
GOBP_INFLAMMATORY_CELL_APOPTOTIC_PROCESS,GOBP_INFLAMMATORY_CELL_APOPTOTIC_PROCESS,,22,0.59711766,1.417259,0.04761905,0.10832344,1.0,4652,"tags=50%, list=17%, signal=60%",
REACTOME_SARS_COV_1_HOST_INTERACTIONS,REACTOME_SARS_COV_1_HOST_INTERACTIONS,,98,0.4522258,1.4166148,0.015822785,0.108810134,1.0,4397,"tags=27%, list=16%, signal=31%",
GOBP_NEGATIVE_REGULATION_OF_SIGNALING_RECEPTOR_ACTIVITY,GOBP_NEGATIVE_REGULATION_OF_SIGNALING_RECEPTOR_ACTIVITY,,12,0.6836641,1.4164883,0.06946983,0.10885106,1.0,3832,"tags=50%, list=14%, signal=58%",
GOBP_MUSCLE_CELL_MIGRATION,GOBP_MUSCLE_CELL_MIGRATION,,70,0.47487187,1.4163072,0.019169329,0.10893968,1.0,3426,"tags=30%, list=12%, signal=34%",
GOBP_CELLULAR_RESPONSE_TO_ESTRADIOL_STIMULUS,GOBP_CELLULAR_RESPONSE_TO_ESTRADIOL_STIMULUS,,30,0.5597074,1.4159931,0.05862069,0.10917075,1.0,3680,"tags=23%, list=13%, signal=27%",
GOBP_DEOXYRIBONUCLEOTIDE_CATABOLIC_PROCESS,GOBP_DEOXYRIBONUCLEOTIDE_CATABOLIC_PROCESS,,30,0.54877573,1.4159311,0.046428572,0.10916685,1.0,3381,"tags=43%, list=12%, signal=49%",
GOBP_GLIAL_CELL_DIFFERENTIATION,GOBP_GLIAL_CELL_DIFFERENTIATION,,219,0.41442582,1.4154531,0.0058651026,0.1095247,1.0,4483,"tags=29%, list=16%, signal=35%",
REACTOME_SIGNALING_BY_TGFB_FAMILY_MEMBERS,REACTOME_SIGNALING_BY_TGFB_FAMILY_MEMBERS,,147,0.43000323,1.4154489,0.0071225073,0.10947081,1.0,3651,"tags=33%, list=13%, signal=38%",
GOBP_PEPTIDYL_TYROSINE_DEPHOSPHORYLATION,GOBP_PEPTIDYL_TYROSINE_DEPHOSPHORYLATION,,18,0.6156161,1.4153223,0.08103448,0.10951906,1.0,4081,"tags=44%, list=15%, signal=52%",
GOBP_NEGATIVE_REGULATION_OF_LIPID_CATABOLIC_PROCESS,GOBP_NEGATIVE_REGULATION_OF_LIPID_CATABOLIC_PROCESS,,26,0.5647879,1.4150894,0.067768596,0.10967317,1.0,2280,"tags=23%, list=8%, signal=25%",
GOBP_OXYGEN_TRANSPORT,GOBP_OXYGEN_TRANSPORT,,12,0.6746742,1.4143555,0.07042254,0.11021954,1.0,5831,"tags=58%, list=21%, signal=74%",
GOBP_POSITIVE_REGULATION_OF_AUTOPHAGY_OF_MITOCHONDRION,GOBP_POSITIVE_REGULATION_OF_AUTOPHAGY_OF_MITOCHONDRION,,26,0.56794643,1.4141307,0.072106265,0.11035679,1.0,2177,"tags=27%, list=8%, signal=29%",
REACTOME_SYNTHESIS_OF_SUBSTRATES_IN_N_GLYCAN_BIOSYTHESIS,REACTOME_SYNTHESIS_OF_SUBSTRATES_IN_N_GLYCAN_BIOSYTHESIS,,60,0.4862713,1.4141126,0.026402641,0.11031434,1.0,3238,"tags=28%, list=12%, signal=32%",
GOBP_POSTSYNAPTIC_SIGNAL_TRANSDUCTION,GOBP_POSTSYNAPTIC_SIGNAL_TRANSDUCTION,,46,0.5088738,1.4141107,0.039344262,0.11025957,1.0,4680,"tags=30%, list=17%, signal=37%",
GOBP_NEGATIVE_REGULATION_OF_CELLULAR_RESPONSE_TO_INSULIN_STIMULUS,GOBP_NEGATIVE_REGULATION_OF_CELLULAR_RESPONSE_TO_INSULIN_STIMULUS,,42,0.5177171,1.4135654,0.048109967,0.11068081,1.0,3502,"tags=36%, list=13%, signal=41%",
GOBP_PROTEIN_TARGETING_TO_MEMBRANE,GOBP_PROTEIN_TARGETING_TO_MEMBRANE,,117,0.43650046,1.4128727,0.019667171,0.11119267,1.0,4304,"tags=31%, list=16%, signal=36%",
GOBP_CELLULAR_RESPONSE_TO_ABIOTIC_STIMULUS,GOBP_CELLULAR_RESPONSE_TO_ABIOTIC_STIMULUS,,316,0.40037847,1.4121948,0.0013495276,0.11172901,1.0,4510,"tags=27%, list=16%, signal=32%",
GOBP_FRUCTOSE_METABOLIC_PROCESS,GOBP_FRUCTOSE_METABOLIC_PROCESS,,13,0.6614072,1.4119762,0.08243728,0.11186972,1.0,2364,"tags=31%, list=9%, signal=34%",
REACTOME_FORMATION_OF_ATP_BY_CHEMIOSMOTIC_COUPLING,REACTOME_FORMATION_OF_ATP_BY_CHEMIOSMOTIC_COUPLING,,20,0.60471547,1.4118892,0.06317689,0.11188983,1.0,7167,"tags=65%, list=26%, signal=88%",
GOBP_PROTEIN_AUTOUBIQUITINATION,GOBP_PROTEIN_AUTOUBIQUITINATION,,71,0.47214693,1.4117382,0.030595813,0.111963905,1.0,4526,"tags=35%, list=16%, signal=42%",
GOBP_STEROL_HOMEOSTASIS,GOBP_STEROL_HOMEOSTASIS,,81,0.46528974,1.4117072,0.025276462,0.11193599,1.0,4360,"tags=35%, list=16%, signal=41%",
GOBP_REGULATION_OF_LEUKOCYTE_TETHERING_OR_ROLLING,GOBP_REGULATION_OF_LEUKOCYTE_TETHERING_OR_ROLLING,,13,0.6523673,1.4115872,0.09683099,0.11199238,1.0,1567,"tags=38%, list=6%, signal=41%",
GOBP_PROTEIN_HOMOOLIGOMERIZATION,GOBP_PROTEIN_HOMOOLIGOMERIZATION,,175,0.4215347,1.4114734,0.0058224164,0.11201744,1.0,3617,"tags=30%, list=13%, signal=35%",
GOBP_MATING_BEHAVIOR,GOBP_MATING_BEHAVIOR,,26,0.56166166,1.4112996,0.055062167,0.11212388,1.0,6412,"tags=42%, list=23%, signal=55%",
GOBP_NEGATIVE_REGULATION_OF_CALCIUM_ION_TRANSPORT,GOBP_NEGATIVE_REGULATION_OF_CALCIUM_ION_TRANSPORT,,38,0.5258155,1.4112937,0.038961038,0.112069786,1.0,5116,"tags=45%, list=18%, signal=55%",
GOBP_RESPONSE_TO_INTERFERON_ALPHA,GOBP_RESPONSE_TO_INTERFERON_ALPHA,,21,0.5984528,1.4110961,0.04753521,0.11219534,1.0,1998,"tags=43%, list=7%, signal=46%",
GOBP_CHOLESTEROL_STORAGE,GOBP_CHOLESTEROL_STORAGE,,23,0.58259803,1.4110389,0.0713073,0.112189904,1.0,4347,"tags=52%, list=16%, signal=62%",
GOBP_ENAMEL_MINERALIZATION,GOBP_ENAMEL_MINERALIZATION,,14,0.6522461,1.4106911,0.06846847,0.11242284,1.0,3329,"tags=36%, list=12%, signal=41%",
GOBP_CALCIUM_ION_EXPORT_ACROSS_PLASMA_MEMBRANE,GOBP_CALCIUM_ION_EXPORT_ACROSS_PLASMA_MEMBRANE,,12,0.6782284,1.4106605,0.06654991,0.112399094,1.0,4760,"tags=50%, list=17%, signal=60%",
GOBP_CELLULAR_HYPOTONIC_RESPONSE,GOBP_CELLULAR_HYPOTONIC_RESPONSE,,10,0.6958836,1.4106075,0.083179295,0.11238404,1.0,2911,"tags=50%, list=10%, signal=56%",
GOBP_REGULATION_OF_OXIDATIVE_STRESS_INDUCED_INTRINSIC_APOPTOTIC_SIGNALING_PATHWAY,GOBP_REGULATION_OF_OXIDATIVE_STRESS_INDUCED_INTRINSIC_APOPTOTIC_SIGNALING_PATHWAY,,39,0.5223493,1.4105448,0.037996545,0.11239074,1.0,4966,"tags=41%, list=18%, signal=50%",
GOBP_POSITIVE_REGULATION_OF_INTRACELLULAR_TRANSPORT,GOBP_POSITIVE_REGULATION_OF_INTRACELLULAR_TRANSPORT,,141,0.43174767,1.4104757,0.010542168,0.112384655,1.0,5400,"tags=34%, list=19%, signal=42%",
GOBP_HEPATICOBILIARY_SYSTEM_DEVELOPMENT,GOBP_HEPATICOBILIARY_SYSTEM_DEVELOPMENT,,127,0.4339512,1.4102294,0.013657056,0.11254614,1.0,4426,"tags=29%, list=16%, signal=35%",
GOBP_REGULATION_OF_AUTOPHAGOSOME_MATURATION,GOBP_REGULATION_OF_AUTOPHAGOSOME_MATURATION,,17,0.61478686,1.4102228,0.053407,0.11249919,1.0,1145,"tags=18%, list=4%, signal=18%",
GOBP_ENERGY_RESERVE_METABOLIC_PROCESS,GOBP_ENERGY_RESERVE_METABOLIC_PROCESS,,89,0.45340773,1.4100504,0.028257458,0.11259186,1.0,5049,"tags=35%, list=18%, signal=42%",
GOBP_TYPE_2_MITOPHAGY,GOBP_TYPE_2_MITOPHAGY,,16,0.62856895,1.4098845,0.06077348,0.11267852,1.0,2345,"tags=31%, list=8%, signal=34%",
GOBP_REGULATION_OF_HYDROGEN_PEROXIDE_METABOLIC_PROCESS,GOBP_REGULATION_OF_HYDROGEN_PEROXIDE_METABOLIC_PROCESS,,15,0.64195484,1.409811,0.08113208,0.11268962,1.0,2665,"tags=33%, list=10%, signal=37%",
REACTOME_CIRCADIAN_CLOCK,REACTOME_CIRCADIAN_CLOCK,,111,0.44377878,1.4091533,0.014106583,0.11323942,1.0,5323,"tags=40%, list=19%, signal=49%",
GOBP_ENDODERM_DEVELOPMENT,GOBP_ENDODERM_DEVELOPMENT,,69,0.47204536,1.4091421,0.034313727,0.11319669,1.0,4609,"tags=38%, list=17%, signal=45%",
GOBP_VASCULAR_TRANSPORT,GOBP_VASCULAR_TRANSPORT,,78,0.47192556,1.4087543,0.024077047,0.11346648,1.0,4905,"tags=36%, list=18%, signal=43%",
GOBP_APOPTOTIC_MITOCHONDRIAL_CHANGES,GOBP_APOPTOTIC_MITOCHONDRIAL_CHANGES,,106,0.4487677,1.4083158,0.01065449,0.11380506,1.0,4540,"tags=42%, list=16%, signal=49%",
GOBP_GLYCOSAMINOGLYCAN_METABOLIC_PROCESS,GOBP_GLYCOSAMINOGLYCAN_METABOLIC_PROCESS,,60,0.48810452,1.4081041,0.03442623,0.11393335,1.0,4114,"tags=30%, list=15%, signal=35%",
GOBP_POSITIVE_REGULATION_OF_FIBROBLAST_MIGRATION,GOBP_POSITIVE_REGULATION_OF_FIBROBLAST_MIGRATION,,14,0.6330348,1.4078879,0.06896552,0.11408422,1.0,3708,"tags=43%, list=13%, signal=49%",
GOBP_XENOPHAGY,GOBP_XENOPHAGY,,16,0.62583137,1.4074839,0.072438166,0.11438592,1.0,2007,"tags=38%, list=7%, signal=40%",
GOBP_ICOSANOID_TRANSPORT,GOBP_ICOSANOID_TRANSPORT,,41,0.51824886,1.4073032,0.03752039,0.11448358,1.0,5358,"tags=44%, list=19%, signal=54%",
REACTOME_ASSEMBLY_OF_THE_HIV_VIRION,REACTOME_ASSEMBLY_OF_THE_HIV_VIRION,,16,0.63720596,1.406742,0.06704981,0.11495228,1.0,5221,"tags=63%, list=19%, signal=77%",
GOBP_PROTEIN_K63_LINKED_UBIQUITINATION,GOBP_PROTEIN_K63_LINKED_UBIQUITINATION,,75,0.4654013,1.4066563,0.027070064,0.1149706,1.0,4759,"tags=33%, list=17%, signal=40%",
GOBP_PIGMENT_ACCUMULATION,GOBP_PIGMENT_ACCUMULATION,,12,0.669531,1.4065006,0.072463766,0.115064524,1.0,6965,"tags=75%, list=25%, signal=100%",
GOBP_POSITIVE_REGULATION_OF_NUCLEOTIDE_METABOLIC_PROCESS,GOBP_POSITIVE_REGULATION_OF_NUCLEOTIDE_METABOLIC_PROCESS,,36,0.523604,1.4064771,0.055077452,0.115030766,1.0,5526,"tags=36%, list=20%, signal=45%",
GOBP_REGULATION_OF_LEUKOCYTE_APOPTOTIC_PROCESS,GOBP_REGULATION_OF_LEUKOCYTE_APOPTOTIC_PROCESS,,80,0.4678465,1.4064339,0.028571429,0.11501758,1.0,4364,"tags=45%, list=16%, signal=53%",
REACTOME_RHOC_GTPASE_CYCLE,REACTOME_RHOC_GTPASE_CYCLE,,74,0.46619835,1.4063071,0.02725724,0.11508331,1.0,5411,"tags=36%, list=20%, signal=45%",
GOBP_CARDIAC_MUSCLE_CELL_MEMBRANE_REPOLARIZATION,GOBP_CARDIAC_MUSCLE_CELL_MEMBRANE_REPOLARIZATION,,29,0.55334413,1.406174,0.046178345,0.11514583,1.0,4494,"tags=41%, list=16%, signal=49%",
GOBP_PROTEIN_LIPID_COMPLEX_ORGANIZATION,GOBP_PROTEIN_LIPID_COMPLEX_ORGANIZATION,,40,0.5192791,1.4056225,0.037099496,0.11553666,1.0,5633,"tags=52%, list=20%, signal=66%",
GOBP_VASCULAR_ENDOTHELIAL_GROWTH_FACTOR_RECEPTOR_SIGNALING_PATHWAY,GOBP_VASCULAR_ENDOTHELIAL_GROWTH_FACTOR_RECEPTOR_SIGNALING_PATHWAY,,52,0.49348545,1.4054372,0.036243822,0.11563075,1.0,5529,"tags=52%, list=20%, signal=65%",
GOBP_BLOOD_VESSEL_ENDOTHELIAL_CELL_MIGRATION,GOBP_BLOOD_VESSEL_ENDOTHELIAL_CELL_MIGRATION,,115,0.43800527,1.4051278,0.02715655,0.11586201,1.0,6681,"tags=41%, list=24%, signal=54%",
GOBP_NEGATIVE_REGULATION_OF_BLOOD_VESSEL_ENDOTHELIAL_CELL_MIGRATION,GOBP_NEGATIVE_REGULATION_OF_BLOOD_VESSEL_ENDOTHELIAL_CELL_MIGRATION,,35,0.5296688,1.4050832,0.061962135,0.11584391,1.0,6365,"tags=43%, list=23%, signal=56%",
GOBP_POSITIVE_REGULATION_OF_SPROUTING_ANGIOGENESIS,GOBP_POSITIVE_REGULATION_OF_SPROUTING_ANGIOGENESIS,,20,0.5929751,1.4046422,0.06632653,0.116158046,1.0,3746,"tags=30%, list=14%, signal=35%",
REACTOME_ACYL_CHAIN_REMODELLING_OF_PE,REACTOME_ACYL_CHAIN_REMODELLING_OF_PE,,19,0.59801763,1.4037974,0.07433628,0.11684151,1.0,3572,"tags=42%, list=13%, signal=48%",
GOBP_MEMBRANE_REPOLARIZATION,GOBP_MEMBRANE_REPOLARIZATION,,39,0.5241099,1.4035314,0.045602605,0.117012724,1.0,4494,"tags=36%, list=16%, signal=43%",
GOBP_HYPOTONIC_RESPONSE,GOBP_HYPOTONIC_RESPONSE,,12,0.6890744,1.4034988,0.07789855,0.11698397,1.0,2911,"tags=42%, list=10%, signal=47%",
GOBP_LACTONE_METABOLIC_PROCESS,GOBP_LACTONE_METABOLIC_PROCESS,,12,0.66709024,1.403088,0.07235622,0.1172987,1.0,1289,"tags=25%, list=5%, signal=26%",
REACTOME_METABOLISM_OF_WATER_SOLUBLE_VITAMINS_AND_COFACTORS,REACTOME_METABOLISM_OF_WATER_SOLUBLE_VITAMINS_AND_COFACTORS,,118,0.43772992,1.402956,0.024577573,0.117356,1.0,2744,"tags=23%, list=10%, signal=25%",
REACTOME_TRANSCRIPTIONAL_REGULATION_BY_RUNX3,REACTOME_TRANSCRIPTIONAL_REGULATION_BY_RUNX3,,83,0.4582871,1.4026622,0.020186335,0.11756616,1.0,4890,"tags=45%, list=18%, signal=54%",
REACTOME_DISEASES_OF_HEMOSTASIS,REACTOME_DISEASES_OF_HEMOSTASIS,,16,0.630119,1.4025792,0.077586204,0.11758309,1.0,4586,"tags=50%, list=17%, signal=60%",
GOBP_REGULATION_OF_NK_T_CELL_ACTIVATION,GOBP_REGULATION_OF_NK_T_CELL_ACTIVATION,,12,0.6605358,1.4022748,0.085299455,0.11782466,1.0,1451,"tags=42%, list=5%, signal=44%",
GOBP_UBIQUITIN_DEPENDENT_PROTEIN_CATABOLIC_PROCESS_VIA_THE_MULTIVESICULAR_BODY_SORTING_PATHWAY,GOBP_UBIQUITIN_DEPENDENT_PROTEIN_CATABOLIC_PROCESS_VIA_THE_MULTIVESICULAR_BODY_SORTING_PATHWAY,,37,0.5213615,1.4016552,0.054237287,0.11831497,1.0,4759,"tags=57%, list=17%, signal=68%",
GOBP_POSITIVE_REGULATION_OF_LEUKOCYTE_ADHESION_TO_VASCULAR_ENDOTHELIAL_CELL,GOBP_POSITIVE_REGULATION_OF_LEUKOCYTE_ADHESION_TO_VASCULAR_ENDOTHELIAL_CELL,,24,0.56704795,1.401607,0.06469501,0.118302815,1.0,1919,"tags=33%, list=7%, signal=36%",
REACTOME_GPER1_SIGNALING,REACTOME_GPER1_SIGNALING,,38,0.5200047,1.4009893,0.051666666,0.118773915,1.0,4558,"tags=45%, list=16%, signal=53%",
GOBP_RECEPTOR_CATABOLIC_PROCESS,GOBP_RECEPTOR_CATABOLIC_PROCESS,,31,0.5456915,1.400919,0.070491806,0.11878648,1.0,3037,"tags=42%, list=11%, signal=47%",
REACTOME_TRANSMISSION_ACROSS_CHEMICAL_SYNAPSES,REACTOME_TRANSMISSION_ACROSS_CHEMICAL_SYNAPSES,,209,0.4108118,1.4008286,0.00433526,0.11880397,1.0,4832,"tags=29%, list=17%, signal=35%",
GOBP_REGULATION_OF_CHOLESTEROL_STORAGE,GOBP_REGULATION_OF_CHOLESTEROL_STORAGE,,17,0.61268014,1.40063,0.08679928,0.118923016,1.0,4028,"tags=59%, list=15%, signal=69%",
GOBP_SPHINGOID_METABOLIC_PROCESS,GOBP_SPHINGOID_METABOLIC_PROCESS,,24,0.5728403,1.4005828,0.051509768,0.118915655,1.0,1944,"tags=29%, list=7%, signal=31%",
GOBP_REGULATION_OF_AEROBIC_RESPIRATION,GOBP_REGULATION_OF_AEROBIC_RESPIRATION,,31,0.54727757,1.4005173,0.05676127,0.11891476,1.0,2194,"tags=29%, list=8%, signal=31%",
GOBP_CELLULAR_RESPONSE_TO_VASCULAR_ENDOTHELIAL_GROWTH_FACTOR_STIMULUS,GOBP_CELLULAR_RESPONSE_TO_VASCULAR_ENDOTHELIAL_GROWTH_FACTOR_STIMULUS,,68,0.4749449,1.4004346,0.025974026,0.118938595,1.0,4646,"tags=28%, list=17%, signal=33%",
GOBP_RESPONSE_TO_GRANULOCYTE_MACROPHAGE_COLONY_STIMULATING_FACTOR,GOBP_RESPONSE_TO_GRANULOCYTE_MACROPHAGE_COLONY_STIMULATING_FACTOR,,11,0.68877536,1.4002402,0.07832423,0.119050995,1.0,3690,"tags=45%, list=13%, signal=52%",
GOBP_GLYCEROLIPID_BIOSYNTHETIC_PROCESS,GOBP_GLYCEROLIPID_BIOSYNTHETIC_PROCESS,,225,0.4078847,1.3997238,0.002805049,0.11950547,1.0,4419,"tags=30%, list=16%, signal=36%",
GOBP_REGULATION_OF_PLASMA_MEMBRANE_ORGANIZATION,GOBP_REGULATION_OF_PLASMA_MEMBRANE_ORGANIZATION,,17,0.6181912,1.3995621,0.0625,0.11960359,1.0,5762,"tags=59%, list=21%, signal=74%",
GOBP_POSITIVE_REGULATION_OF_INTERLEUKIN_2_PRODUCTION,GOBP_POSITIVE_REGULATION_OF_INTERLEUKIN_2_PRODUCTION,,47,0.50332314,1.3994555,0.0446281,0.11963567,1.0,3469,"tags=51%, list=13%, signal=58%",
GOBP_REGULATION_OF_LIPOPOLYSACCHARIDE_MEDIATED_SIGNALING_PATHWAY,GOBP_REGULATION_OF_LIPOPOLYSACCHARIDE_MEDIATED_SIGNALING_PATHWAY,,28,0.54793483,1.3990579,0.0761062,0.11994655,1.0,3168,"tags=54%, list=11%, signal=60%",
GOBP_PROTEIN_DEGLYCOSYLATION,GOBP_PROTEIN_DEGLYCOSYLATION,,17,0.61208975,1.3990473,0.065836295,0.1198964,1.0,5048,"tags=35%, list=18%, signal=43%",
GOBP_POSITIVE_REGULATION_OF_MHC_CLASS_II_BIOSYNTHETIC_PROCESS,GOBP_POSITIVE_REGULATION_OF_MHC_CLASS_II_BIOSYNTHETIC_PROCESS,,14,0.6505519,1.3989806,0.08966862,0.11990809,1.0,3014,"tags=43%, list=11%, signal=48%",
GOBP_PHOSPHOLIPID_METABOLIC_PROCESS,GOBP_PHOSPHOLIPID_METABOLIC_PROCESS,,346,0.3919283,1.3988373,0.0,0.119992055,1.0,4419,"tags=31%, list=16%, signal=36%",
REACTOME_RHO_GTPASES_ACTIVATE_IQGAPS,REACTOME_RHO_GTPASES_ACTIVATE_IQGAPS,,31,0.5381906,1.3985823,0.057291668,0.120162345,1.0,5213,"tags=45%, list=19%, signal=56%",
REACTOME_MECP2_REGULATES_NEURONAL_RECEPTORS_AND_CHANNELS,REACTOME_MECP2_REGULATES_NEURONAL_RECEPTORS_AND_CHANNELS,,16,0.6254961,1.3980224,0.097826086,0.12063072,1.0,7090,"tags=50%, list=26%, signal=67%",
GOBP_PERK_MEDIATED_UNFOLDED_PROTEIN_RESPONSE,GOBP_PERK_MEDIATED_UNFOLDED_PROTEIN_RESPONSE,,23,0.5672443,1.397988,0.058303885,0.120602444,1.0,4934,"tags=48%, list=18%, signal=58%",
GOBP_REGULATION_OF_NUCLEOTIDE_BINDING_DOMAIN_LEUCINE_RICH_REPEAT_CONTAINING_RECEPTOR_SIGNALING_PATHWAY,GOBP_REGULATION_OF_NUCLEOTIDE_BINDING_DOMAIN_LEUCINE_RICH_REPEAT_CONTAINING_RECEPTOR_SIGNALING_PATHWAY,,14,0.6423291,1.3978442,0.09328358,0.120653614,1.0,1659,"tags=36%, list=6%, signal=38%",
GOBP_CELLULAR_RESPONSE_TO_OSMOTIC_STRESS,GOBP_CELLULAR_RESPONSE_TO_OSMOTIC_STRESS,,56,0.48616445,1.397469,0.035313003,0.12094522,1.0,3858,"tags=30%, list=14%, signal=35%",
GOBP_POSITIVE_REGULATION_OF_LEUKOCYTE_PROLIFERATION,GOBP_POSITIVE_REGULATION_OF_LEUKOCYTE_PROLIFERATION,,151,0.42327884,1.397455,0.0048076925,0.120899245,1.0,3476,"tags=34%, list=13%, signal=39%",
GOBP_TISSUE_HOMEOSTASIS,GOBP_TISSUE_HOMEOSTASIS,,236,0.40487194,1.3973691,0.0028735632,0.12090808,1.0,6044,"tags=39%, list=22%, signal=49%",
GOBP_PEPTIDYL_THREONINE_PHOSPHORYLATION,GOBP_PEPTIDYL_THREONINE_PHOSPHORYLATION,,34,0.5366271,1.3969734,0.046357617,0.12121805,1.0,4297,"tags=32%, list=15%, signal=38%",
GOBP_INTRINSIC_APOPTOTIC_SIGNALING_PATHWAY_IN_RESPONSE_TO_DNA_DAMAGE,GOBP_INTRINSIC_APOPTOTIC_SIGNALING_PATHWAY_IN_RESPONSE_TO_DNA_DAMAGE,,114,0.43750513,1.3969609,0.014195584,0.12116821,1.0,4364,"tags=36%, list=16%, signal=43%",
GOBP_MYD88_INDEPENDENT_TOLL_LIKE_RECEPTOR_SIGNALING_PATHWAY,GOBP_MYD88_INDEPENDENT_TOLL_LIKE_RECEPTOR_SIGNALING_PATHWAY,,16,0.6107873,1.396631,0.08390411,0.12141757,1.0,2305,"tags=31%, list=8%, signal=34%",
REACTOME_ASSOCIATION_OF_TRIC_CCT_WITH_TARGET_PROTEINS_DURING_BIOSYNTHESIS,REACTOME_ASSOCIATION_OF_TRIC_CCT_WITH_TARGET_PROTEINS_DURING_BIOSYNTHESIS,,39,0.5152346,1.3963286,0.047138046,0.12163451,1.0,3212,"tags=26%, list=12%, signal=29%",
GOBP_ANTIGEN_PROCESSING_AND_PRESENTATION_OF_EXOGENOUS_PEPTIDE_ANTIGEN_VIA_MHC_CLASS_II,GOBP_ANTIGEN_PROCESSING_AND_PRESENTATION_OF_EXOGENOUS_PEPTIDE_ANTIGEN_VIA_MHC_CLASS_II,,29,0.54007214,1.3962369,0.06632653,0.12165422,1.0,2738,"tags=24%, list=10%, signal=27%",
GOBP_DETECTION_OF_STIMULUS,GOBP_DETECTION_OF_STIMULUS,,232,0.40738836,1.3959597,0.0070921984,0.12182442,1.0,5088,"tags=28%, list=18%, signal=33%",
GOBP_CELL_CELL_ADHESION_MEDIATED_BY_INTEGRIN,GOBP_CELL_CELL_ADHESION_MEDIATED_BY_INTEGRIN,,27,0.5532349,1.395906,0.06725664,0.121820174,1.0,2027,"tags=33%, list=7%, signal=36%",
GOBP_REGULATION_OF_PROTEIN_UBIQUITINATION,GOBP_REGULATION_OF_PROTEIN_UBIQUITINATION,,186,0.4155387,1.3955376,0.0044182623,0.12210098,1.0,4480,"tags=28%, list=16%, signal=34%",
REACTOME_PEROXISOMAL_PROTEIN_IMPORT,REACTOME_PEROXISOMAL_PROTEIN_IMPORT,,58,0.47954077,1.395419,0.04893964,0.12215243,1.0,3826,"tags=26%, list=14%, signal=30%",
GOBP_PROTEIN_UNFOLDING,GOBP_PROTEIN_UNFOLDING,,12,0.6597968,1.3950999,0.092857145,0.12239619,1.0,6949,"tags=58%, list=25%, signal=78%",
GOBP_AMINOGLYCAN_METABOLIC_PROCESS,GOBP_AMINOGLYCAN_METABOLIC_PROCESS,,72,0.46783152,1.3948792,0.028391168,0.12253315,1.0,3776,"tags=29%, list=14%, signal=34%",
REACTOME_METABOLISM_OF_PORPHYRINS,REACTOME_METABOLISM_OF_PORPHYRINS,,22,0.5782739,1.394734,0.08181818,0.12260373,1.0,5358,"tags=45%, list=19%, signal=56%",
GOBP_POSITIVE_REGULATION_OF_ESTABLISHMENT_OF_PROTEIN_LOCALIZATION_TO_MITOCHONDRION,GOBP_POSITIVE_REGULATION_OF_ESTABLISHMENT_OF_PROTEIN_LOCALIZATION_TO_MITOCHONDRION,,37,0.52413344,1.3945746,0.060869563,0.122694865,1.0,4431,"tags=49%, list=16%, signal=58%",
GOBP_IRON_ION_TRANSMEMBRANE_TRANSPORT,GOBP_IRON_ION_TRANSMEMBRANE_TRANSPORT,,22,0.5811214,1.3944911,0.08318891,0.122718945,1.0,1825,"tags=23%, list=7%, signal=24%",
GOBP_CHEMOKINE_C_X_C_MOTIF_LIGAND_2_PRODUCTION,GOBP_CHEMOKINE_C_X_C_MOTIF_LIGAND_2_PRODUCTION,,17,0.60533345,1.3942163,0.08103131,0.12293313,1.0,1938,"tags=24%, list=7%, signal=25%",
GOBP_POSITIVE_REGULATION_OF_SMOOTH_MUSCLE_CELL_DIFFERENTIATION,GOBP_POSITIVE_REGULATION_OF_SMOOTH_MUSCLE_CELL_DIFFERENTIATION,,14,0.6332259,1.3939756,0.08050089,0.12309009,1.0,4426,"tags=50%, list=16%, signal=59%",
GOBP_REGULATION_OF_ACTIN_FILAMENT_LENGTH,GOBP_REGULATION_OF_ACTIN_FILAMENT_LENGTH,,139,0.42502868,1.393518,0.016871165,0.12347713,1.0,4367,"tags=38%, list=16%, signal=45%",
GOBP_NEGATIVE_REGULATION_OF_FATTY_ACID_BIOSYNTHETIC_PROCESS,GOBP_NEGATIVE_REGULATION_OF_FATTY_ACID_BIOSYNTHETIC_PROCESS,,19,0.60187703,1.3933154,0.07204117,0.12360502,1.0,3663,"tags=37%, list=13%, signal=42%",
GOBP_POSITIVE_REGULATION_OF_T_HELPER_1_TYPE_IMMUNE_RESPONSE,GOBP_POSITIVE_REGULATION_OF_T_HELPER_1_TYPE_IMMUNE_RESPONSE,,17,0.61099994,1.3932102,0.07846715,0.12364226,1.0,1451,"tags=47%, list=5%, signal=50%",
GOBP_RESPONSE_TO_MERCURY_ION,GOBP_RESPONSE_TO_MERCURY_ION,,10,0.6949788,1.3931344,0.07978723,0.12366094,1.0,5358,"tags=40%, list=19%, signal=50%",
GOBP_NEGATIVE_REGULATION_OF_CELL_MIGRATION_INVOLVED_IN_SPROUTING_ANGIOGENESIS,GOBP_NEGATIVE_REGULATION_OF_CELL_MIGRATION_INVOLVED_IN_SPROUTING_ANGIOGENESIS,,17,0.6102531,1.3928443,0.08422939,0.12387934,1.0,6365,"tags=47%, list=23%, signal=61%",
GOBP_ISOPRENOID_METABOLIC_PROCESS,GOBP_ISOPRENOID_METABOLIC_PROCESS,,91,0.4552203,1.3926286,0.0203125,0.124018684,1.0,4867,"tags=31%, list=18%, signal=37%",
GOBP_DEVELOPMENT_OF_PRIMARY_SEXUAL_CHARACTERISTICS,GOBP_DEVELOPMENT_OF_PRIMARY_SEXUAL_CHARACTERISTICS,,178,0.41327932,1.3926023,0.0088626295,0.12398734,1.0,4798,"tags=28%, list=17%, signal=33%",
REACTOME_METABOLISM_OF_STEROIDS,REACTOME_METABOLISM_OF_STEROIDS,,133,0.4278643,1.3925811,0.023400936,0.12394727,1.0,4978,"tags=30%, list=18%, signal=36%",
GOBP_L_ASCORBIC_ACID_METABOLIC_PROCESS,GOBP_L_ASCORBIC_ACID_METABOLIC_PROCESS,,11,0.67426616,1.3923453,0.08768657,0.124104865,1.0,1289,"tags=27%, list=5%, signal=29%",
GOBP_CELLULAR_RESPONSE_TO_HEAT,GOBP_CELLULAR_RESPONSE_TO_HEAT,,63,0.47268915,1.3921728,0.03529412,0.12422074,1.0,3525,"tags=29%, list=13%, signal=33%",
GOBP_INSULIN_SECRETION,GOBP_INSULIN_SECRETION,,170,0.41918427,1.3916892,0.008810572,0.124609776,1.0,5277,"tags=34%, list=19%, signal=41%",
REACTOME_TGF_BETA_RECEPTOR_SIGNALING_IN_EMT_EPITHELIAL_TO_MESENCHYMAL_TRANSITION,REACTOME_TGF_BETA_RECEPTOR_SIGNALING_IN_EMT_EPITHELIAL_TO_MESENCHYMAL_TRANSITION,,16,0.62066925,1.3915832,0.08892922,0.124655135,1.0,3531,"tags=50%, list=13%, signal=57%",
GOBP_PROTEASOME_MEDIATED_UBIQUITIN_DEPENDENT_PROTEIN_CATABOLIC_PROCESS,GOBP_PROTEASOME_MEDIATED_UBIQUITIN_DEPENDENT_PROTEIN_CATABOLIC_PROCESS,,496,0.38267633,1.391214,0.0012787724,0.124946855,1.0,4396,"tags=27%, list=16%, signal=32%",
GOBP_POSITIVE_REGULATION_OF_CD4_POSITIVE_ALPHA_BETA_T_CELL_DIFFERENTIATION,GOBP_POSITIVE_REGULATION_OF_CD4_POSITIVE_ALPHA_BETA_T_CELL_DIFFERENTIATION,,37,0.5136778,1.3909686,0.052991454,0.1251162,1.0,3421,"tags=41%, list=12%, signal=46%",
GOBP_GLYCEROLIPID_CATABOLIC_PROCESS,GOBP_GLYCEROLIPID_CATABOLIC_PROCESS,,55,0.48725814,1.3906671,0.047368422,0.12532663,1.0,2779,"tags=33%, list=10%, signal=36%",
GOBP_CELLULAR_RESPONSE_TO_MACROPHAGE_COLONY_STIMULATING_FACTOR_STIMULUS,GOBP_CELLULAR_RESPONSE_TO_MACROPHAGE_COLONY_STIMULATING_FACTOR_STIMULUS,,14,0.6400562,1.3906487,0.0881295,0.12528674,1.0,3690,"tags=50%, list=13%, signal=58%",
GOBP_LEUKOCYTE_MIGRATION_INVOLVED_IN_INFLAMMATORY_RESPONSE,GOBP_LEUKOCYTE_MIGRATION_INVOLVED_IN_INFLAMMATORY_RESPONSE,,16,0.61690056,1.3906418,0.092391305,0.12523262,1.0,2827,"tags=69%, list=10%, signal=77%",
GOBP_STEROID_BIOSYNTHETIC_PROCESS,GOBP_STEROID_BIOSYNTHETIC_PROCESS,,144,0.42665318,1.3903583,0.012251149,0.12541908,1.0,4385,"tags=28%, list=16%, signal=33%",
GOBP_REGULATION_OF_CALCIUM_ION_DEPENDENT_EXOCYTOSIS,GOBP_REGULATION_OF_CALCIUM_ION_DEPENDENT_EXOCYTOSIS,,36,0.52612656,1.390294,0.045138888,0.12543534,1.0,5324,"tags=33%, list=19%, signal=41%",
GOBP_DOPAMINE_METABOLIC_PROCESS,GOBP_DOPAMINE_METABOLIC_PROCESS,,34,0.5328838,1.3902198,0.060240965,0.12545107,1.0,4594,"tags=35%, list=17%, signal=42%",
GOBP_REGULATION_OF_CELL_MORPHOGENESIS,GOBP_REGULATION_OF_CELL_MORPHOGENESIS,,225,0.40557504,1.3893863,0.0028653296,0.12615664,1.0,4686,"tags=36%, list=17%, signal=43%",
GOBP_POSITIVE_REGULATION_OF_PROTEIN_CONTAINING_COMPLEX_ASSEMBLY,GOBP_POSITIVE_REGULATION_OF_PROTEIN_CONTAINING_COMPLEX_ASSEMBLY,,191,0.41249174,1.3892277,0.012857143,0.12625231,1.0,4367,"tags=35%, list=16%, signal=41%",
GOBP_REGULATION_OF_PROSTAGLANDIN_SECRETION,GOBP_REGULATION_OF_PROSTAGLANDIN_SECRETION,,12,0.66051877,1.3889577,0.10299625,0.12643148,1.0,2775,"tags=33%, list=10%, signal=37%",
REACTOME_SYNDECAN_INTERACTIONS,REACTOME_SYNDECAN_INTERACTIONS,,27,0.5490249,1.388895,0.07269503,0.12643807,1.0,4745,"tags=44%, list=17%, signal=54%",
GOBP_NEGATIVE_REGULATION_OF_PROTEIN_CATABOLIC_PROCESS,GOBP_NEGATIVE_REGULATION_OF_PROTEIN_CATABOLIC_PROCESS,,115,0.44023013,1.388817,0.010852713,0.12644899,1.0,4302,"tags=30%, list=16%, signal=35%",
GOBP_INDOLE_CONTAINING_COMPOUND_METABOLIC_PROCESS,GOBP_INDOLE_CONTAINING_COMPOUND_METABOLIC_PROCESS,,27,0.5535009,1.3887902,0.06394316,0.12641355,1.0,4594,"tags=37%, list=17%, signal=44%",
GOBP_NEGATIVE_REGULATION_OF_FIBRINOLYSIS,GOBP_NEGATIVE_REGULATION_OF_FIBRINOLYSIS,,10,0.6825389,1.3886945,0.10242086,0.12644729,1.0,2182,"tags=30%, list=8%, signal=33%",
GOBP_REGULATION_OF_B_CELL_DIFFERENTIATION,GOBP_REGULATION_OF_B_CELL_DIFFERENTIATION,,33,0.5299853,1.3886589,0.06920415,0.12641934,1.0,4006,"tags=58%, list=14%, signal=67%",
GOBP_PROTEIN_K27_LINKED_UBIQUITINATION,GOBP_PROTEIN_K27_LINKED_UBIQUITINATION,,14,0.63899887,1.3885833,0.08919383,0.12643525,1.0,943,"tags=29%, list=3%, signal=30%",
GOBP_POSITIVE_REGULATION_OF_MACROPHAGE_DERIVED_FOAM_CELL_DIFFERENTIATION,GOBP_POSITIVE_REGULATION_OF_MACROPHAGE_DERIVED_FOAM_CELL_DIFFERENTIATION,,14,0.6424327,1.3885562,0.077067666,0.1264055,1.0,4101,"tags=50%, list=15%, signal=59%",
GOBP_RELAXATION_OF_CARDIAC_MUSCLE,GOBP_RELAXATION_OF_CARDIAC_MUSCLE,,16,0.6225052,1.3882291,0.0855615,0.12663846,1.0,4024,"tags=44%, list=15%, signal=51%",
GOBP_REGULATION_OF_TRANSMISSION_OF_NERVE_IMPULSE,GOBP_REGULATION_OF_TRANSMISSION_OF_NERVE_IMPULSE,,12,0.6616053,1.3881527,0.085877866,0.12665294,1.0,1266,"tags=17%, list=5%, signal=17%",
REACTOME_SYNTHESIS_OF_PROSTAGLANDINS_PG_AND_THROMBOXANES_TX,REACTOME_SYNTHESIS_OF_PROSTAGLANDINS_PG_AND_THROMBOXANES_TX,,15,0.62281466,1.3881394,0.09471767,0.12660286,1.0,5003,"tags=33%, list=18%, signal=41%",
REACTOME_DEFENSINS,REACTOME_DEFENSINS,,12,0.6539396,1.3881334,0.104347825,0.12654608,1.0,1098,"tags=42%, list=4%, signal=43%",
GOBP_NEGATIVE_REGULATION_OF_INTERLEUKIN_17_PRODUCTION,GOBP_NEGATIVE_REGULATION_OF_INTERLEUKIN_17_PRODUCTION,,14,0.644346,1.3880503,0.081850536,0.1265624,1.0,3901,"tags=43%, list=14%, signal=50%",
GOBP_DE_NOVO_NADPLUS_BIOSYNTHETIC_PROCESS_FROM_L_TRYPTOPHAN,GOBP_DE_NOVO_NADPLUS_BIOSYNTHETIC_PROCESS_FROM_L_TRYPTOPHAN,,10,0.6838015,1.3876642,0.113970585,0.12687835,1.0,2093,"tags=40%, list=8%, signal=43%",
GOBP_ORGANELLE_INHERITANCE,GOBP_ORGANELLE_INHERITANCE,,16,0.63447297,1.3872927,0.089810014,0.12717801,1.0,5487,"tags=50%, list=20%, signal=62%",
REACTOME_GAMMA_CARBOXYLATION_TRANSPORT_AND_AMINO_TERMINAL_CLEAVAGE_OF_PROTEINS,REACTOME_GAMMA_CARBOXYLATION_TRANSPORT_AND_AMINO_TERMINAL_CLEAVAGE_OF_PROTEINS,,10,0.6991814,1.387121,0.08064516,0.12728675,1.0,4928,"tags=50%, list=18%, signal=61%",
GOBP_PLASMA_LIPOPROTEIN_PARTICLE_CLEARANCE,GOBP_PLASMA_LIPOPROTEIN_PARTICLE_CLEARANCE,,41,0.5047608,1.386922,0.03782895,0.12740009,1.0,4360,"tags=44%, list=16%, signal=52%",
GOBP_SMOOTH_MUSCLE_CELL_MIGRATION,GOBP_SMOOTH_MUSCLE_CELL_MIGRATION,,60,0.47479078,1.3868589,0.030206677,0.12740855,1.0,3426,"tags=30%, list=12%, signal=34%",
GOBP_NEGATIVE_REGULATION_OF_TRANSPORTER_ACTIVITY,GOBP_NEGATIVE_REGULATION_OF_TRANSPORTER_ACTIVITY,,17,0.6046716,1.3864454,0.09255898,0.12773478,1.0,2854,"tags=29%, list=10%, signal=33%",
GOBP_ORGANIC_ACID_TRANSPORT,GOBP_ORGANIC_ACID_TRANSPORT,,268,0.39751494,1.3862679,0.005722461,0.12785526,1.0,4824,"tags=30%, list=17%, signal=36%",
REACTOME_SLC_MEDIATED_TRANSPORT_OF_ORGANIC_ANIONS,REACTOME_SLC_MEDIATED_TRANSPORT_OF_ORGANIC_ANIONS,,25,0.56163925,1.3858994,0.08361775,0.12815744,1.0,2873,"tags=24%, list=10%, signal=27%",
GOBP_INTERLEUKIN_27_MEDIATED_SIGNALING_PATHWAY,GOBP_INTERLEUKIN_27_MEDIATED_SIGNALING_PATHWAY,,10,0.686332,1.3856932,0.07564576,0.12828605,1.0,385,"tags=20%, list=1%, signal=20%",
GOBP_MITOCHONDRIAL_ELECTRON_TRANSPORT_CYTOCHROME_C_TO_OXYGEN,GOBP_MITOCHONDRIAL_ELECTRON_TRANSPORT_CYTOCHROME_C_TO_OXYGEN,,19,0.59720135,1.3856597,0.084048025,0.12825936,1.0,6800,"tags=47%, list=25%, signal=63%",
GOBP_ACTIN_FILAMENT_SEVERING,GOBP_ACTIN_FILAMENT_SEVERING,,16,0.62224567,1.3852844,0.0689013,0.1285546,1.0,3987,"tags=56%, list=14%, signal=66%",
GOBP_CELLULAR_RESPONSE_TO_INTERLEUKIN_12,GOBP_CELLULAR_RESPONSE_TO_INTERLEUKIN_12,,11,0.65490115,1.3850372,0.10153256,0.12870863,1.0,2053,"tags=36%, list=7%, signal=39%",
REACTOME_INSULIN_RECEPTOR_SIGNALLING_CASCADE,REACTOME_INSULIN_RECEPTOR_SIGNALLING_CASCADE,,43,0.496359,1.3849198,0.051107325,0.12875064,1.0,2527,"tags=23%, list=9%, signal=26%",
GOBP_REGULATION_OF_OXIDOREDUCTASE_ACTIVITY,GOBP_REGULATION_OF_OXIDOREDUCTASE_ACTIVITY,,14,0.6333891,1.3846042,0.0882353,0.12899889,1.0,4032,"tags=43%, list=15%, signal=50%",
GOBP_LEUKOCYTE_ADHESION_TO_VASCULAR_ENDOTHELIAL_CELL,GOBP_LEUKOCYTE_ADHESION_TO_VASCULAR_ENDOTHELIAL_CELL,,49,0.4969178,1.3842422,0.052464228,0.12928613,1.0,1919,"tags=27%, list=7%, signal=28%",
GOBP_REGULATION_OF_THE_FORCE_OF_HEART_CONTRACTION,GOBP_REGULATION_OF_THE_FORCE_OF_HEART_CONTRACTION,,19,0.59281754,1.3840947,0.07363014,0.12936254,1.0,5729,"tags=47%, list=21%, signal=60%",
GOBP_MANGANESE_ION_TRANSPORT,GOBP_MANGANESE_ION_TRANSPORT,,10,0.6952653,1.3840344,0.08795411,0.12936223,1.0,824,"tags=30%, list=3%, signal=31%",
GOBP_ENDOSOME_TO_LYSOSOME_TRANSPORT_VIA_MULTIVESICULAR_BODY_SORTING_PATHWAY,GOBP_ENDOSOME_TO_LYSOSOME_TRANSPORT_VIA_MULTIVESICULAR_BODY_SORTING_PATHWAY,,19,0.60210717,1.3838316,0.06989247,0.12950315,1.0,5017,"tags=74%, list=18%, signal=90%",
GOBP_NEGATIVE_REGULATION_OF_TYPE_2_IMMUNE_RESPONSE,GOBP_NEGATIVE_REGULATION_OF_TYPE_2_IMMUNE_RESPONSE,,13,0.649702,1.3836888,0.097928435,0.12957875,1.0,3357,"tags=46%, list=12%, signal=52%",
GOBP_POSITIVE_REGULATION_OF_INSULIN_SECRETION_INVOLVED_IN_CELLULAR_RESPONSE_TO_GLUCOSE_STIMULUS,GOBP_POSITIVE_REGULATION_OF_INSULIN_SECRETION_INVOLVED_IN_CELLULAR_RESPONSE_TO_GLUCOSE_STIMULUS,,33,0.53273064,1.3832725,0.057793345,0.1299098,1.0,2547,"tags=30%, list=9%, signal=33%",
GOBP_CEREBRAL_CORTEX_RADIALLY_ORIENTED_CELL_MIGRATION,GOBP_CEREBRAL_CORTEX_RADIALLY_ORIENTED_CELL_MIGRATION,,32,0.5357649,1.3830075,0.06825939,0.13010854,1.0,4459,"tags=41%, list=16%, signal=48%",
REACTOME_DISEASES_OF_METABOLISM,REACTOME_DISEASES_OF_METABOLISM,,231,0.40353695,1.3824415,0.0028612304,0.13057561,1.0,4883,"tags=27%, list=18%, signal=33%",
REACTOME_M_PHASE,REACTOME_M_PHASE,,389,0.38625586,1.3822494,0.0013513514,0.1306822,1.0,4891,"tags=29%, list=18%, signal=34%",
GOBP_ACTIN_CROSSLINK_FORMATION,GOBP_ACTIN_CROSSLINK_FORMATION,,14,0.63796866,1.3818536,0.09786477,0.13102293,1.0,1360,"tags=29%, list=5%, signal=30%",
GOBP_REGULATION_OF_RETROGRADE_PROTEIN_TRANSPORT_ER_TO_CYTOSOL,GOBP_REGULATION_OF_RETROGRADE_PROTEIN_TRANSPORT_ER_TO_CYTOSOL,,13,0.6472019,1.3816236,0.08058608,0.13119365,1.0,2605,"tags=38%, list=9%, signal=42%",
REACTOME_SIGNALING_BY_NOTCH2,REACTOME_SIGNALING_BY_NOTCH2,,35,0.5274472,1.3812213,0.049488056,0.13152781,1.0,4300,"tags=34%, list=15%, signal=41%",
REACTOME_GP1B_IX_V_ACTIVATION_SIGNALLING,REACTOME_GP1B_IX_V_ACTIVATION_SIGNALLING,,11,0.6784763,1.3810184,0.079245284,0.13165738,1.0,4894,"tags=55%, list=18%, signal=66%",
GOBP_REGULATION_OF_CALCIUM_ION_TRANSPORT,GOBP_REGULATION_OF_CALCIUM_ION_TRANSPORT,,187,0.40872547,1.3807453,0.00736377,0.13185547,1.0,5229,"tags=37%, list=19%, signal=45%",
GOBP_RESPONSE_TO_INTERLEUKIN_7,GOBP_RESPONSE_TO_INTERLEUKIN_7,,22,0.5652604,1.3805294,0.06711409,0.13198906,1.0,3614,"tags=45%, list=13%, signal=52%",
GOBP_PHOSPHOLIPID_CATABOLIC_PROCESS,GOBP_PHOSPHOLIPID_CATABOLIC_PROCESS,,46,0.50246733,1.3804355,0.055944055,0.13201293,1.0,3469,"tags=37%, list=13%, signal=42%",
GOBP_NEUROTRANSMITTER_REUPTAKE,GOBP_NEUROTRANSMITTER_REUPTAKE,,24,0.55737746,1.3804351,0.06964286,0.13195206,1.0,4905,"tags=33%, list=18%, signal=40%",
GOBP_RESPONSE_TO_EPIDERMAL_GROWTH_FACTOR,GOBP_RESPONSE_TO_EPIDERMAL_GROWTH_FACTOR,,46,0.49513254,1.3803624,0.06678082,0.13196379,1.0,5529,"tags=50%, list=20%, signal=62%",
GOBP_ADRENERGIC_RECEPTOR_SIGNALING_PATHWAY,GOBP_ADRENERGIC_RECEPTOR_SIGNALING_PATHWAY,,21,0.5808197,1.3800354,0.087248325,0.13221315,1.0,3697,"tags=38%, list=13%, signal=44%",
GOBP_LABYRINTHINE_LAYER_DEVELOPMENT,GOBP_LABYRINTHINE_LAYER_DEVELOPMENT,,41,0.50650173,1.3797941,0.06197655,0.1323896,1.0,4783,"tags=44%, list=17%, signal=53%",
GOBP_LONG_CHAIN_FATTY_ACYL_COA_BIOSYNTHETIC_PROCESS,GOBP_LONG_CHAIN_FATTY_ACYL_COA_BIOSYNTHETIC_PROCESS,,19,0.5898685,1.3797346,0.08289242,0.13239333,1.0,3301,"tags=32%, list=12%, signal=36%",
REACTOME_TRYPTOPHAN_CATABOLISM,REACTOME_TRYPTOPHAN_CATABOLISM,,12,0.64894664,1.3792942,0.09457093,0.1327489,1.0,5287,"tags=58%, list=19%, signal=72%",
GOBP_MATERNAL_PROCESS_INVOLVED_IN_FEMALE_PREGNANCY,GOBP_MATERNAL_PROCESS_INVOLVED_IN_FEMALE_PREGNANCY,,48,0.4933232,1.3791897,0.07345576,0.13278076,1.0,3697,"tags=29%, list=13%, signal=34%",
REACTOME_METABOLIC_DISORDERS_OF_BIOLOGICAL_OXIDATION_ENZYMES,REACTOME_METABOLIC_DISORDERS_OF_BIOLOGICAL_OXIDATION_ENZYMES,,29,0.5388597,1.3785785,0.071174376,0.13332686,1.0,4594,"tags=34%, list=17%, signal=41%",
GOBP_ANIMAL_ORGAN_REGENERATION,GOBP_ANIMAL_ORGAN_REGENERATION,,43,0.5040868,1.378489,0.07401316,0.13334885,1.0,4426,"tags=33%, list=16%, signal=39%",
GOBP_POSITIVE_REGULATION_OF_NATURAL_KILLER_CELL_MEDIATED_IMMUNITY,GOBP_POSITIVE_REGULATION_OF_NATURAL_KILLER_CELL_MEDIATED_IMMUNITY,,35,0.5229493,1.3783869,0.06185567,0.13339494,1.0,2181,"tags=31%, list=8%, signal=34%",
GOBP_NEGATIVE_REGULATION_OF_LIPID_STORAGE,GOBP_NEGATIVE_REGULATION_OF_LIPID_STORAGE,,19,0.59647495,1.3782225,0.09739131,0.13349697,1.0,4709,"tags=63%, list=17%, signal=76%",
GOBP_DETECTION_OF_CHEMICAL_STIMULUS,GOBP_DETECTION_OF_CHEMICAL_STIMULUS,,99,0.44005406,1.3774419,0.018838305,0.13420536,1.0,5088,"tags=27%, list=18%, signal=33%",
GOBP_REGULATION_OF_MICROGLIAL_CELL_ACTIVATION,GOBP_REGULATION_OF_MICROGLIAL_CELL_ACTIVATION,,16,0.6079226,1.3771502,0.09778598,0.1344208,1.0,1976,"tags=44%, list=7%, signal=47%",
REACTOME_PROTEIN_PROTEIN_INTERACTIONS_AT_SYNAPSES,REACTOME_PROTEIN_PROTEIN_INTERACTIONS_AT_SYNAPSES,,68,0.4681053,1.3771302,0.06020067,0.13437483,1.0,5451,"tags=37%, list=20%, signal=46%",
GOBP_REGULATION_OF_TRANSFERASE_ACTIVITY,GOBP_REGULATION_OF_TRANSFERASE_ACTIVITY,,285,0.39613697,1.3765928,0.0027434842,0.13484448,1.0,4766,"tags=31%, list=17%, signal=36%",
GOBP_PROTEIN_HOMOTRIMERIZATION,GOBP_PROTEIN_HOMOTRIMERIZATION,,14,0.6283765,1.3762228,0.097328246,0.13512024,1.0,2181,"tags=36%, list=8%, signal=39%",
GOBP_REGULATION_OF_PERK_MEDIATED_UNFOLDED_PROTEIN_RESPONSE,GOBP_REGULATION_OF_PERK_MEDIATED_UNFOLDED_PROTEIN_RESPONSE,,15,0.6155747,1.3760982,0.092362344,0.13517605,1.0,4304,"tags=47%, list=16%, signal=55%",
GOBP_POSITIVE_REGULATION_OF_POST_TRANSLATIONAL_PROTEIN_MODIFICATION,GOBP_POSITIVE_REGULATION_OF_POST_TRANSLATIONAL_PROTEIN_MODIFICATION,,124,0.4293691,1.3760809,0.01236476,0.13512795,1.0,4480,"tags=29%, list=16%, signal=34%",
GOBP_NEUROTROPHIN_TRK_RECEPTOR_SIGNALING_PATHWAY,GOBP_NEUROTROPHIN_TRK_RECEPTOR_SIGNALING_PATHWAY,,22,0.58444184,1.376012,0.07885305,0.1351292,1.0,3479,"tags=23%, list=13%, signal=26%",
REACTOME_ERYTHROPOIETIN_ACTIVATES_RAS,REACTOME_ERYTHROPOIETIN_ACTIVATES_RAS,,14,0.6434979,1.3758037,0.08007449,0.1352877,1.0,4169,"tags=43%, list=15%, signal=50%",
REACTOME_RESPIRATORY_SYNCYTIAL_VIRUS_RSV_GENOME_REPLICATION_TRANSCRIPTION_AND_TRANSLATION,REACTOME_RESPIRATORY_SYNCYTIAL_VIRUS_RSV_GENOME_REPLICATION_TRANSCRIPTION_AND_TRANSLATION,,17,0.6046187,1.375533,0.09821428,0.13548665,1.0,3981,"tags=29%, list=14%, signal=34%",
GOBP_REGULATION_OF_MAP_KINASE_ACTIVITY,GOBP_REGULATION_OF_MAP_KINASE_ACTIVITY,,62,0.47052407,1.375445,0.042789225,0.13551158,1.0,4590,"tags=34%, list=17%, signal=40%",
GOBP_SYNAPTIC_TRANSMISSION_GLUTAMATERGIC,GOBP_SYNAPTIC_TRANSMISSION_GLUTAMATERGIC,,81,0.44822475,1.3753159,0.03482587,0.13557786,1.0,5451,"tags=31%, list=20%, signal=38%",
GOBP_POSITIVE_REGULATION_OF_LEUKOCYTE_CELL_CELL_ADHESION,GOBP_POSITIVE_REGULATION_OF_LEUKOCYTE_CELL_CELL_ADHESION,,264,0.39307806,1.3749884,0.0069252076,0.13585494,1.0,3680,"tags=32%, list=13%, signal=37%",
REACTOME_TICAM1_RIP1_MEDIATED_IKK_COMPLEX_RECRUITMENT,REACTOME_TICAM1_RIP1_MEDIATED_IKK_COMPLEX_RECRUITMENT,,19,0.5841984,1.3748846,0.09318996,0.13590018,1.0,5221,"tags=53%, list=19%, signal=65%",
GOBP_GOLGI_TO_PLASMA_MEMBRANE_TRANSPORT,GOBP_GOLGI_TO_PLASMA_MEMBRANE_TRANSPORT,,65,0.46298632,1.3748221,0.041204438,0.13591123,1.0,4359,"tags=31%, list=16%, signal=36%",
REACTOME_ACTIVATION_OF_AMPK_DOWNSTREAM_OF_NMDARS,REACTOME_ACTIVATION_OF_AMPK_DOWNSTREAM_OF_NMDARS,,27,0.55637705,1.3747729,0.07801419,0.13590308,1.0,5869,"tags=33%, list=21%, signal=42%",
GOBP_CELLULAR_RESPONSE_TO_VIRUS,GOBP_CELLULAR_RESPONSE_TO_VIRUS,,57,0.4740717,1.3744361,0.044303797,0.136155,1.0,4152,"tags=35%, list=15%, signal=41%",
REACTOME_REGULATION_OF_INNATE_IMMUNE_RESPONSES_TO_CYTOSOLIC_DNA,REACTOME_REGULATION_OF_INNATE_IMMUNE_RESPONSES_TO_CYTOSOLIC_DNA,,14,0.64109206,1.3743439,0.08671587,0.13617967,1.0,4185,"tags=50%, list=15%, signal=59%",
GOBP_MALE_MEIOSIS_I,GOBP_MALE_MEIOSIS_I,,23,0.5609072,1.3743241,0.073756434,0.13613859,1.0,3594,"tags=22%, list=13%, signal=25%",
REACTOME_SIGNALLING_TO_RAS,REACTOME_SIGNALLING_TO_RAS,,19,0.59467465,1.3734748,0.10037175,0.136923,1.0,4230,"tags=37%, list=15%, signal=43%",
REACTOME_DNA_REPLICATION,REACTOME_DNA_REPLICATION,,171,0.4124699,1.3734329,0.007267442,0.13690186,1.0,4761,"tags=33%, list=17%, signal=39%",
GOBP_NEGATIVE_REGULATION_OF_INTRACELLULAR_PROTEIN_TRANSPORT,GOBP_NEGATIVE_REGULATION_OF_INTRACELLULAR_PROTEIN_TRANSPORT,,37,0.5027401,1.3732547,0.05612245,0.13701557,1.0,5229,"tags=43%, list=19%, signal=53%",
GOBP_NEURAL_NUCLEUS_DEVELOPMENT,GOBP_NEURAL_NUCLEUS_DEVELOPMENT,,59,0.47206396,1.373104,0.029315962,0.1370854,1.0,5699,"tags=46%, list=21%, signal=57%",
REACTOME_CHONDROITIN_SULFATE_DERMATAN_SULFATE_METABOLISM,REACTOME_CHONDROITIN_SULFATE_DERMATAN_SULFATE_METABOLISM,,32,0.5327024,1.3730501,0.07325383,0.13706844,1.0,5079,"tags=41%, list=18%, signal=50%",
GOBP_NEGATIVE_REGULATION_OF_T_CELL_MEDIATED_CYTOTOXICITY,GOBP_NEGATIVE_REGULATION_OF_T_CELL_MEDIATED_CYTOTOXICITY,,10,0.6747488,1.3728348,0.11775701,0.13721634,1.0,2181,"tags=50%, list=8%, signal=54%",
GOBP_REGULATION_OF_NATURAL_KILLER_CELL_PROLIFERATION,GOBP_REGULATION_OF_NATURAL_KILLER_CELL_PROLIFERATION,,14,0.63126963,1.3727663,0.11567164,0.1372179,1.0,1693,"tags=43%, list=6%, signal=46%",
GOBP_COPULATION,GOBP_COPULATION,,13,0.6498984,1.3723812,0.09451796,0.1375368,1.0,1584,"tags=23%, list=6%, signal=24%",
GOBP_REGULATION_OF_TOLL_LIKE_RECEPTOR_3_SIGNALING_PATHWAY,GOBP_REGULATION_OF_TOLL_LIKE_RECEPTOR_3_SIGNALING_PATHWAY,,11,0.6549487,1.3723799,0.109318994,0.13747562,1.0,7659,"tags=64%, list=28%, signal=88%",
GOBP_REGULATION_OF_ACTIN_FILAMENT_POLYMERIZATION,GOBP_REGULATION_OF_ACTIN_FILAMENT_POLYMERIZATION,,118,0.42565584,1.3718967,0.015384615,0.13789225,1.0,4367,"tags=41%, list=16%, signal=48%",
REACTOME_CYCLIN_A_CDK2_ASSOCIATED_EVENTS_AT_S_PHASE_ENTRY,REACTOME_CYCLIN_A_CDK2_ASSOCIATED_EVENTS_AT_S_PHASE_ENTRY,,75,0.4569347,1.3714626,0.034810126,0.13824761,1.0,5323,"tags=43%, list=19%, signal=53%",
GOBP_SMOOTH_MUSCLE_CELL_PROLIFERATION,GOBP_SMOOTH_MUSCLE_CELL_PROLIFERATION,,120,0.42914605,1.3713346,0.017054264,0.13831693,1.0,3372,"tags=23%, list=12%, signal=26%",
GOBP_ICOSANOID_SECRETION,GOBP_ICOSANOID_SECRETION,,29,0.533368,1.3711317,0.0729927,0.13846561,1.0,5003,"tags=38%, list=18%, signal=46%",
REACTOME_PLASMA_LIPOPROTEIN_CLEARANCE,REACTOME_PLASMA_LIPOPROTEIN_CLEARANCE,,36,0.51708573,1.3710558,0.06132879,0.13848962,1.0,4360,"tags=47%, list=16%, signal=56%",
GOBP_LIPID_HOMEOSTASIS,GOBP_LIPID_HOMEOSTASIS,,151,0.41680446,1.3709688,0.013740458,0.13852721,1.0,4360,"tags=34%, list=16%, signal=41%",
GOBP_MITOCHONDRIAL_ELECTRON_TRANSPORT_NADH_TO_UBIQUINONE,GOBP_MITOCHONDRIAL_ELECTRON_TRANSPORT_NADH_TO_UBIQUINONE,,52,0.48539802,1.3708196,0.050736498,0.13862388,1.0,7818,"tags=42%, list=28%, signal=59%",
REACTOME_POTENTIAL_THERAPEUTICS_FOR_SARS,REACTOME_POTENTIAL_THERAPEUTICS_FOR_SARS,,151,0.4172812,1.3705058,0.018209409,0.13886799,1.0,3614,"tags=26%, list=13%, signal=30%",
REACTOME_GAB1_SIGNALOSOME,REACTOME_GAB1_SIGNALOSOME,,15,0.6256907,1.370082,0.07885305,0.13922422,1.0,9040,"tags=80%, list=33%, signal=119%",
GOBP_POSITIVE_REGULATION_OF_PEPTIDYL_TYROSINE_PHOSPHORYLATION,GOBP_POSITIVE_REGULATION_OF_PEPTIDYL_TYROSINE_PHOSPHORYLATION,,50,0.48933288,1.3700489,0.04180602,0.1391915,1.0,3421,"tags=38%, list=12%, signal=43%",
GOBP_VENTRICULAR_CARDIAC_MUSCLE_CELL_MEMBRANE_REPOLARIZATION,GOBP_VENTRICULAR_CARDIAC_MUSCLE_CELL_MEMBRANE_REPOLARIZATION,,20,0.5784185,1.3698014,0.08922559,0.13936815,1.0,5180,"tags=50%, list=19%, signal=61%",
GOBP_NEGATIVE_REGULATION_OF_TRANSCRIPTION_BY_RNA_POLYMERASE_I,GOBP_NEGATIVE_REGULATION_OF_TRANSCRIPTION_BY_RNA_POLYMERASE_I,,11,0.66398233,1.3697901,0.104811,0.13931473,1.0,3820,"tags=36%, list=14%, signal=42%",
GOBP_NEGATIVE_REGULATION_OF_VASCULAR_PERMEABILITY,GOBP_NEGATIVE_REGULATION_OF_VASCULAR_PERMEABILITY,,17,0.58926076,1.369642,0.08745247,0.13939978,1.0,6156,"tags=65%, list=22%, signal=83%",
GOBP_REGULATION_OF_CELL_MIGRATION_INVOLVED_IN_SPROUTING_ANGIOGENESIS,GOBP_REGULATION_OF_CELL_MIGRATION_INVOLVED_IN_SPROUTING_ANGIOGENESIS,,38,0.5131109,1.3693826,0.061619718,0.13959041,1.0,6365,"tags=42%, list=23%, signal=55%",
REACTOME_GABA_SYNTHESIS_RELEASE_REUPTAKE_AND_DEGRADATION,REACTOME_GABA_SYNTHESIS_RELEASE_REUPTAKE_AND_DEGRADATION,,13,0.65614206,1.3692671,0.10326087,0.13962328,1.0,1375,"tags=15%, list=5%, signal=16%",
REACTOME_FORMATION_OF_APOPTOSOME,REACTOME_FORMATION_OF_APOPTOSOME,,11,0.65209705,1.3691372,0.11463845,0.13968953,1.0,4767,"tags=55%, list=17%, signal=66%",
GOBP_NEGATIVE_REGULATION_OF_HIPPO_SIGNALING,GOBP_NEGATIVE_REGULATION_OF_HIPPO_SIGNALING,,25,0.54434043,1.3690839,0.08465608,0.13967621,1.0,4616,"tags=32%, list=17%, signal=38%",
GOBP_NEGATIVE_REGULATION_OF_MUSCLE_CONTRACTION,GOBP_NEGATIVE_REGULATION_OF_MUSCLE_CONTRACTION,,21,0.56069624,1.3690698,0.0952381,0.13962701,1.0,5868,"tags=62%, list=21%, signal=78%",
REACTOME_ERYTHROCYTES_TAKE_UP_CARBON_DIOXIDE_AND_RELEASE_OXYGEN,REACTOME_ERYTHROCYTES_TAKE_UP_CARBON_DIOXIDE_AND_RELEASE_OXYGEN,,13,0.63837296,1.3689549,0.1259542,0.13966504,1.0,6359,"tags=85%, list=23%, signal=110%",
GOBP_REGULATION_OF_LYMPHOCYTE_CHEMOTAXIS,GOBP_REGULATION_OF_LYMPHOCYTE_CHEMOTAXIS,,20,0.57830465,1.3688054,0.07846715,0.13976175,1.0,4324,"tags=40%, list=16%, signal=47%",
REACTOME_INSULIN_PROCESSING,REACTOME_INSULIN_PROCESSING,,23,0.558604,1.3686583,0.07560138,0.13985486,1.0,4512,"tags=30%, list=16%, signal=36%",
GOBP_RESPONSE_TO_GLUCAGON,GOBP_RESPONSE_TO_GLUCAGON,,24,0.5639085,1.3681607,0.076271184,0.14028352,1.0,4668,"tags=33%, list=17%, signal=40%",
REACTOME_SIGNALING_BY_WNT,REACTOME_SIGNALING_BY_WNT,,286,0.3929056,1.3680243,0.004137931,0.14035474,1.0,4971,"tags=36%, list=18%, signal=43%",
GOBP_RESPONSE_TO_ANTIBIOTIC,GOBP_RESPONSE_TO_ANTIBIOTIC,,34,0.5218012,1.3678789,0.06932409,0.14042865,1.0,1466,"tags=21%, list=5%, signal=22%",
GOBP_REGULATION_OF_CALCINEURIN_MEDIATED_SIGNALING,GOBP_REGULATION_OF_CALCINEURIN_MEDIATED_SIGNALING,,35,0.51723,1.3677408,0.07317073,0.14050215,1.0,3513,"tags=29%, list=13%, signal=33%",
REACTOME_NEF_MEDIATED_DOWNREGULATION_OF_MHC_CLASS_I_COMPLEX_CELL_SURFACE_EXPRESSION,REACTOME_NEF_MEDIATED_DOWNREGULATION_OF_MHC_CLASS_I_COMPLEX_CELL_SURFACE_EXPRESSION,,10,0.6825777,1.3676921,0.11259542,0.14048497,1.0,5047,"tags=60%, list=18%, signal=73%",
GOBP_ACTIVATION_OF_NF_KAPPAB_INDUCING_KINASE_ACTIVITY,GOBP_ACTIVATION_OF_NF_KAPPAB_INDUCING_KINASE_ACTIVITY,,15,0.62116086,1.3676378,0.0866426,0.14047848,1.0,703,"tags=27%, list=3%, signal=27%",
GOBP_POSITIVE_REGULATION_OF_LIPID_CATABOLIC_PROCESS,GOBP_POSITIVE_REGULATION_OF_LIPID_CATABOLIC_PROCESS,,22,0.56726974,1.3675767,0.074074075,0.14047904,1.0,2478,"tags=32%, list=9%, signal=35%",
GOBP_NEGATIVE_REGULATION_OF_VASCULATURE_DEVELOPMENT,GOBP_NEGATIVE_REGULATION_OF_VASCULATURE_DEVELOPMENT,,101,0.43509302,1.3675476,0.033492822,0.1404385,1.0,5041,"tags=33%, list=18%, signal=40%",
GOBP_ORGANIC_CATION_TRANSPORT,GOBP_ORGANIC_CATION_TRANSPORT,,94,0.4369718,1.3670936,0.020504732,0.14084984,1.0,4467,"tags=35%, list=16%, signal=42%",
GOBP_AMINO_SUGAR_CATABOLIC_PROCESS,GOBP_AMINO_SUGAR_CATABOLIC_PROCESS,,12,0.65389436,1.3668664,0.101899825,0.14102136,1.0,1494,"tags=50%, list=5%, signal=53%",
GOBP_POSITIVE_REGULATION_OF_INSULIN_SECRETION,GOBP_POSITIVE_REGULATION_OF_INSULIN_SECRETION,,72,0.45279345,1.3667893,0.029457364,0.14103268,1.0,4169,"tags=33%, list=15%, signal=39%",
GOBP_CELLULAR_RESPONSE_TO_MURAMYL_DIPEPTIDE,GOBP_CELLULAR_RESPONSE_TO_MURAMYL_DIPEPTIDE,,10,0.6756276,1.3665069,0.08955224,0.14126414,1.0,4417,"tags=70%, list=16%, signal=83%",
GOBP_REGULATION_OF_FIBRINOLYSIS,GOBP_REGULATION_OF_FIBRINOLYSIS,,14,0.64686704,1.3664626,0.094545454,0.1412421,1.0,4327,"tags=43%, list=16%, signal=51%",
GOBP_REPRODUCTIVE_BEHAVIOR,GOBP_REPRODUCTIVE_BEHAVIOR,,34,0.51772815,1.3659039,0.06678383,0.14173801,1.0,5129,"tags=35%, list=18%, signal=43%",
REACTOME_REGULATION_OF_TBK1_IKK_MEDIATED_ACTIVATION_OF_IRF3_IRF7_UPON_TLR3_LIGATION,REACTOME_REGULATION_OF_TBK1_IKK_MEDIATED_ACTIVATION_OF_IRF3_IRF7_UPON_TLR3_LIGATION,,11,0.6780346,1.3659033,0.105902776,0.14167538,1.0,5221,"tags=45%, list=19%, signal=56%",
GOBP_POSITIVE_REGULATION_OF_PROTEIN_POLYUBIQUITINATION,GOBP_POSITIVE_REGULATION_OF_PROTEIN_POLYUBIQUITINATION,,19,0.59189254,1.3658296,0.09929078,0.14169069,1.0,4982,"tags=37%, list=18%, signal=45%",
GOBP_ALDEHYDE_METABOLIC_PROCESS,GOBP_ALDEHYDE_METABOLIC_PROCESS,,65,0.46366304,1.3657441,0.04835924,0.14172226,1.0,6215,"tags=38%, list=22%, signal=49%",
GOBP_RESPONSE_TO_STEROL_DEPLETION,GOBP_RESPONSE_TO_STEROL_DEPLETION,,19,0.59616643,1.3656105,0.085454546,0.14180122,1.0,4716,"tags=32%, list=17%, signal=38%",
GOBP_EXTERNAL_ENCAPSULATING_STRUCTURE_ORGANIZATION,GOBP_EXTERNAL_ENCAPSULATING_STRUCTURE_ORGANIZATION,,277,0.38964576,1.3655279,0.0055478504,0.1418141,1.0,5892,"tags=38%, list=21%, signal=47%",
GOBP_REGENERATION,GOBP_REGENERATION,,149,0.41478172,1.3654622,0.010189229,0.14181817,1.0,4426,"tags=30%, list=16%, signal=35%",
GOBP_POSITIVE_REGULATION_OF_ATP_DEPENDENT_ACTIVITY,GOBP_POSITIVE_REGULATION_OF_ATP_DEPENDENT_ACTIVITY,,16,0.61745185,1.3653083,0.094017096,0.14189802,1.0,1262,"tags=31%, list=5%, signal=33%",
GOBP_HEPARIN_PROTEOGLYCAN_METABOLIC_PROCESS,GOBP_HEPARIN_PROTEOGLYCAN_METABOLIC_PROCESS,,18,0.59236413,1.3648419,0.08994709,0.14230181,1.0,724,"tags=17%, list=3%, signal=17%",
GOBP_EPITHELIAL_FLUID_TRANSPORT,GOBP_EPITHELIAL_FLUID_TRANSPORT,,10,0.677757,1.3646547,0.11580882,0.14241344,1.0,2419,"tags=30%, list=9%, signal=33%",
GOBP_HYDROGEN_PEROXIDE_BIOSYNTHETIC_PROCESS,GOBP_HYDROGEN_PEROXIDE_BIOSYNTHETIC_PROCESS,,15,0.62185687,1.3646388,0.10211267,0.14236936,1.0,1615,"tags=33%, list=6%, signal=35%",
REACTOME_TRIGLYCERIDE_METABOLISM,REACTOME_TRIGLYCERIDE_METABOLISM,,27,0.54336,1.3645053,0.07757167,0.14243828,1.0,4133,"tags=37%, list=15%, signal=43%",
GOBP_INTRACELLULAR_STEROL_TRANSPORT,GOBP_INTRACELLULAR_STEROL_TRANSPORT,,34,0.51125354,1.3644564,0.07427536,0.14242099,1.0,4104,"tags=35%, list=15%, signal=41%",
GOBP_REGULATION_OF_MITOTIC_SPINDLE_ASSEMBLY,GOBP_REGULATION_OF_MITOTIC_SPINDLE_ASSEMBLY,,26,0.55206096,1.3644514,0.081455804,0.14236246,1.0,4476,"tags=50%, list=16%, signal=60%",
REACTOME_RHOA_GTPASE_CYCLE,REACTOME_RHOA_GTPASE_CYCLE,,143,0.4167905,1.3639486,0.016344724,0.14279248,1.0,5460,"tags=37%, list=20%, signal=46%",
GOBP_POSITIVE_REGULATION_OF_PROTEIN_CONTAINING_COMPLEX_DISASSEMBLY,GOBP_POSITIVE_REGULATION_OF_PROTEIN_CONTAINING_COMPLEX_DISASSEMBLY,,39,0.5030522,1.3637347,0.06699347,0.14294465,1.0,4367,"tags=41%, list=16%, signal=49%",
GOBP_REGULATION_OF_ADIPOSE_TISSUE_DEVELOPMENT,GOBP_REGULATION_OF_ADIPOSE_TISSUE_DEVELOPMENT,,22,0.5613677,1.3637141,0.098958336,0.14290856,1.0,4664,"tags=41%, list=17%, signal=49%",
GOBP_REGULATION_OF_GOLGI_ORGANIZATION,GOBP_REGULATION_OF_GOLGI_ORGANIZATION,,17,0.5878181,1.3633419,0.09028961,0.14322051,1.0,3295,"tags=35%, list=12%, signal=40%",
REACTOME_PRE_NOTCH_PROCESSING_IN_GOLGI,REACTOME_PRE_NOTCH_PROCESSING_IN_GOLGI,,18,0.59976226,1.3633113,0.06654344,0.14318673,1.0,5171,"tags=61%, list=19%, signal=75%",
GOBP_DENDRITIC_CELL_CYTOKINE_PRODUCTION,GOBP_DENDRITIC_CELL_CYTOKINE_PRODUCTION,,16,0.61399573,1.3631346,0.0951526,0.14331146,1.0,4077,"tags=44%, list=15%, signal=51%",
GOBP_MAINTENANCE_OF_PROTEIN_LOCALIZATION_IN_ORGANELLE,GOBP_MAINTENANCE_OF_PROTEIN_LOCALIZATION_IN_ORGANELLE,,42,0.50089985,1.3627582,0.06621392,0.14363888,1.0,4716,"tags=38%, list=17%, signal=46%",
GOBP_POSITIVE_REGULATION_OF_HEAT_GENERATION,GOBP_POSITIVE_REGULATION_OF_HEAT_GENERATION,,10,0.6826236,1.3626496,0.11660777,0.14368498,1.0,6021,"tags=40%, list=22%, signal=51%",
GOBP_LOW_DENSITY_LIPOPROTEIN_PARTICLE_CLEARANCE,GOBP_LOW_DENSITY_LIPOPROTEIN_PARTICLE_CLEARANCE,,28,0.53555804,1.3624173,0.08743169,0.14386313,1.0,4347,"tags=50%, list=16%, signal=59%",
GOBP_NEGATIVE_REGULATION_OF_REACTIVE_OXYGEN_SPECIES_METABOLIC_PROCESS,GOBP_NEGATIVE_REGULATION_OF_REACTIVE_OXYGEN_SPECIES_METABOLIC_PROCESS,,37,0.5083748,1.3622992,0.07370184,0.14391351,1.0,2194,"tags=24%, list=8%, signal=26%",
GOBP_FATTY_ACYL_COA_METABOLIC_PROCESS,GOBP_FATTY_ACYL_COA_METABOLIC_PROCESS,,44,0.49814937,1.3622255,0.059210528,0.14391954,1.0,3826,"tags=30%, list=14%, signal=34%",
GOBP_REGULATION_OF_MITOCHONDRIAL_FISSION,GOBP_REGULATION_OF_MITOCHONDRIAL_FISSION,,30,0.53070736,1.3621898,0.06666667,0.1438843,1.0,4325,"tags=43%, list=16%, signal=51%",
GOBP_NEURON_PROJECTION_REGENERATION,GOBP_NEURON_PROJECTION_REGENERATION,,51,0.4827041,1.3621662,0.06506849,0.14384341,1.0,4849,"tags=33%, list=17%, signal=40%",
GOBP_ANGIOTENSIN_ACTIVATED_SIGNALING_PATHWAY,GOBP_ANGIOTENSIN_ACTIVATED_SIGNALING_PATHWAY,,14,0.6298444,1.361974,0.09191176,0.14397895,1.0,5301,"tags=50%, list=19%, signal=62%",
GOBP_POSITIVE_REGULATION_OF_T_HELPER_CELL_DIFFERENTIATION,GOBP_POSITIVE_REGULATION_OF_T_HELPER_CELL_DIFFERENTIATION,,25,0.54955065,1.3618664,0.08718861,0.14404021,1.0,4232,"tags=40%, list=15%, signal=47%",
GOBP_REGULATION_OF_PROTEIN_DEUBIQUITINATION,GOBP_REGULATION_OF_PROTEIN_DEUBIQUITINATION,,11,0.6684399,1.3618312,0.09001957,0.14401148,1.0,4255,"tags=55%, list=15%, signal=64%",
GOBP_INTESTINAL_EPITHELIAL_CELL_DEVELOPMENT,GOBP_INTESTINAL_EPITHELIAL_CELL_DEVELOPMENT,,11,0.68045914,1.3616767,0.09893993,0.14410621,1.0,5998,"tags=64%, list=22%, signal=81%",
REACTOME_NEUROTRANSMITTER_RECEPTORS_AND_POSTSYNAPTIC_SIGNAL_TRANSMISSION,REACTOME_NEUROTRANSMITTER_RECEPTORS_AND_POSTSYNAPTIC_SIGNAL_TRANSMISSION,,158,0.41508788,1.361395,0.013392857,0.14433369,1.0,4770,"tags=29%, list=17%, signal=35%",
GOBP_CELL_COMMUNICATION_BY_ELECTRICAL_COUPLING_INVOLVED_IN_CARDIAC_CONDUCTION,GOBP_CELL_COMMUNICATION_BY_ELECTRICAL_COUPLING_INVOLVED_IN_CARDIAC_CONDUCTION,,20,0.5826158,1.3613498,0.088339224,0.14431983,1.0,5230,"tags=50%, list=19%, signal=62%",
GOBP_CALCIUM_MEDIATED_SIGNALING,GOBP_CALCIUM_MEDIATED_SIGNALING,,206,0.40014932,1.3612024,0.005594406,0.14439712,1.0,3614,"tags=28%, list=13%, signal=32%",
GOBP_REGULATION_OF_PROTEIN_LOCALIZATION_TO_CELL_SURFACE,GOBP_REGULATION_OF_PROTEIN_LOCALIZATION_TO_CELL_SURFACE,,37,0.50966555,1.3608993,0.06677797,0.14461917,1.0,4459,"tags=43%, list=16%, signal=51%",
GOBP_CELLULAR_RESPONSE_TO_FATTY_ACID,GOBP_CELLULAR_RESPONSE_TO_FATTY_ACID,,33,0.5216415,1.360768,0.07312925,0.1446823,1.0,2745,"tags=27%, list=10%, signal=30%",
GOBP_APOPTOTIC_PROCESS_INVOLVED_IN_MORPHOGENESIS,GOBP_APOPTOTIC_PROCESS_INVOLVED_IN_MORPHOGENESIS,,22,0.5601505,1.3606758,0.09601449,0.14470811,1.0,2295,"tags=36%, list=8%, signal=40%",
GOBP_POSITIVE_REGULATION_OF_MUSCLE_CONTRACTION,GOBP_POSITIVE_REGULATION_OF_MUSCLE_CONTRACTION,,45,0.4941795,1.3604937,0.058631923,0.14481387,1.0,3747,"tags=27%, list=14%, signal=31%",
GOBP_RESPONSE_TO_TEMPERATURE_STIMULUS,GOBP_RESPONSE_TO_TEMPERATURE_STIMULUS,,150,0.41251406,1.360277,0.022421524,0.14497088,1.0,3278,"tags=23%, list=12%, signal=26%",
GOBP_NEGATIVE_REGULATION_OF_VIRAL_TRANSCRIPTION,GOBP_NEGATIVE_REGULATION_OF_VIRAL_TRANSCRIPTION,,16,0.6161788,1.3599689,0.10122164,0.14522238,1.0,1425,"tags=25%, list=5%, signal=26%",
REACTOME_STIMULI_SENSING_CHANNELS,REACTOME_STIMULI_SENSING_CHANNELS,,86,0.4418483,1.3597702,0.044728436,0.14537266,1.0,5344,"tags=37%, list=19%, signal=46%",
GOBP_POSITIVE_REGULATION_OF_GRANULOCYTE_CHEMOTAXIS,GOBP_POSITIVE_REGULATION_OF_GRANULOCYTE_CHEMOTAXIS,,23,0.5574498,1.359261,0.097103916,0.14582427,1.0,2665,"tags=35%, list=10%, signal=38%",
GOBP_POSITIVE_REGULATION_OF_VACUOLE_ORGANIZATION,GOBP_POSITIVE_REGULATION_OF_VACUOLE_ORGANIZATION,,26,0.5479165,1.359181,0.07853403,0.14584705,1.0,5173,"tags=50%, list=19%, signal=61%",
GOBP_FOREBRAIN_CELL_MIGRATION,GOBP_FOREBRAIN_CELL_MIGRATION,,53,0.47649047,1.3590267,0.049363058,0.14596812,1.0,4459,"tags=32%, list=16%, signal=38%",
GOBP_CELLULAR_RESPONSE_TO_GLUCOSE_STARVATION,GOBP_CELLULAR_RESPONSE_TO_GLUCOSE_STARVATION,,49,0.4754082,1.3586586,0.06397306,0.14628407,1.0,5118,"tags=45%, list=18%, signal=55%",
GOBP_NEURON_REMODELING,GOBP_NEURON_REMODELING,,10,0.6666886,1.3586174,0.11130435,0.14625677,1.0,1796,"tags=30%, list=6%, signal=32%",
REACTOME_REGULATION_OF_INSULIN_SECRETION,REACTOME_REGULATION_OF_INSULIN_SECRETION,,66,0.459491,1.3585835,0.047231272,0.14622551,1.0,4040,"tags=35%, list=15%, signal=41%",
GOBP_GOLGI_TO_PLASMA_MEMBRANE_PROTEIN_TRANSPORT,GOBP_GOLGI_TO_PLASMA_MEMBRANE_PROTEIN_TRANSPORT,,43,0.49113604,1.3584197,0.06965174,0.14632553,1.0,4268,"tags=35%, list=15%, signal=41%",
GOBP_POSITIVE_REGULATION_OF_MACROPHAGE_CHEMOTAXIS,GOBP_POSITIVE_REGULATION_OF_MACROPHAGE_CHEMOTAXIS,,19,0.59083587,1.3582715,0.0994575,0.14641714,1.0,2527,"tags=37%, list=9%, signal=41%",
REACTOME_GABA_B_RECEPTOR_ACTIVATION,REACTOME_GABA_B_RECEPTOR_ACTIVATION,,31,0.5315477,1.3579116,0.07468124,0.1467276,1.0,3384,"tags=39%, list=12%, signal=44%",
GOBP_REGULATION_OF_CELL_ADHESION_MEDIATED_BY_INTEGRIN,GOBP_REGULATION_OF_CELL_ADHESION_MEDIATED_BY_INTEGRIN,,43,0.4983266,1.3577383,0.07863248,0.14685021,1.0,2625,"tags=28%, list=9%, signal=31%",
GOBP_REGULATION_OF_UBIQUITIN_DEPENDENT_PROTEIN_CATABOLIC_PROCESS,GOBP_REGULATION_OF_UBIQUITIN_DEPENDENT_PROTEIN_CATABOLIC_PROCESS,,173,0.4054206,1.3575938,0.015151516,0.14693023,1.0,4515,"tags=29%, list=16%, signal=34%",
GOBP_REGULATION_OF_TOLL_LIKE_RECEPTOR_9_SIGNALING_PATHWAY,GOBP_REGULATION_OF_TOLL_LIKE_RECEPTOR_9_SIGNALING_PATHWAY,,13,0.637407,1.3571932,0.104779415,0.14726806,1.0,1053,"tags=38%, list=4%, signal=40%",
GOBP_MAINTENANCE_OF_CELL_POLARITY,GOBP_MAINTENANCE_OF_CELL_POLARITY,,13,0.6365282,1.357081,0.09424084,0.1473313,1.0,3589,"tags=46%, list=13%, signal=53%",
REACTOME_ACTIVATION_OF_THE_AP_1_FAMILY_OF_TRANSCRIPTION_FACTORS,REACTOME_ACTIVATION_OF_THE_AP_1_FAMILY_OF_TRANSCRIPTION_FACTORS,,10,0.66688615,1.3567901,0.11111111,0.14757094,1.0,3563,"tags=40%, list=13%, signal=46%",
REACTOME_BETA_CATENIN_INDEPENDENT_WNT_SIGNALING,REACTOME_BETA_CATENIN_INDEPENDENT_WNT_SIGNALING,,128,0.4240142,1.3564844,0.024242423,0.14783265,1.0,4459,"tags=38%, list=16%, signal=45%",
REACTOME_RHOD_GTPASE_CYCLE,REACTOME_RHOD_GTPASE_CYCLE,,52,0.47612846,1.3561629,0.05762712,0.14809929,1.0,2721,"tags=25%, list=10%, signal=28%",
GOBP_DECIDUALIZATION,GOBP_DECIDUALIZATION,,20,0.5763724,1.3552693,0.09540636,0.14896522,1.0,1564,"tags=30%, list=6%, signal=32%",
GOBP_LIPID_IMPORT_INTO_CELL,GOBP_LIPID_IMPORT_INTO_CELL,,20,0.5884135,1.3551427,0.118738405,0.14902593,1.0,6034,"tags=45%, list=22%, signal=57%",
GOBP_REGULATION_OF_HORMONE_SECRETION,GOBP_REGULATION_OF_HORMONE_SECRETION,,205,0.39690775,1.3545933,0.012802276,0.14955032,1.0,4385,"tags=27%, list=16%, signal=32%",
GOBP_OLEFINIC_COMPOUND_METABOLIC_PROCESS,GOBP_OLEFINIC_COMPOUND_METABOLIC_PROCESS,,132,0.41595334,1.3545688,0.02265861,0.14951093,1.0,4829,"tags=30%, list=17%, signal=36%",
GOBP_CELLULAR_RESPONSE_TO_ACID_CHEMICAL,GOBP_CELLULAR_RESPONSE_TO_ACID_CHEMICAL,,82,0.44625455,1.3544518,0.046623792,0.14955264,1.0,4938,"tags=33%, list=18%, signal=40%",
REACTOME_SUMOYLATION_OF_IMMUNE_RESPONSE_PROTEINS,REACTOME_SUMOYLATION_OF_IMMUNE_RESPONSE_PROTEINS,,12,0.6428727,1.3543735,0.1019678,0.14957526,1.0,6046,"tags=67%, list=22%, signal=85%",
GOBP_REGULATION_OF_CELL_MATURATION,GOBP_REGULATION_OF_CELL_MATURATION,,16,0.6066565,1.3543438,0.104377106,0.14953816,1.0,4144,"tags=38%, list=15%, signal=44%",
GOBP_TAIL_ANCHORED_MEMBRANE_PROTEIN_INSERTION_INTO_ER_MEMBRANE,GOBP_TAIL_ANCHORED_MEMBRANE_PROTEIN_INSERTION_INTO_ER_MEMBRANE,,17,0.597709,1.3537562,0.08992806,0.15010805,1.0,5360,"tags=47%, list=19%, signal=58%",
GOBP_REGULATORY_T_CELL_DIFFERENTIATION,GOBP_REGULATORY_T_CELL_DIFFERENTIATION,,57,0.46866047,1.3535362,0.04361874,0.15024933,1.0,3680,"tags=47%, list=13%, signal=55%",
GOBP_NEURON_MATURATION,GOBP_NEURON_MATURATION,,42,0.49483415,1.3534275,0.079866886,0.15030347,1.0,1796,"tags=21%, list=6%, signal=23%",
GOBP_REGULATION_OF_PROTEIN_K63_LINKED_UBIQUITINATION,GOBP_REGULATION_OF_PROTEIN_K63_LINKED_UBIQUITINATION,,13,0.63148224,1.3529123,0.10018904,0.1507821,1.0,3421,"tags=31%, list=12%, signal=35%",
REACTOME_ENDOGENOUS_STEROLS,REACTOME_ENDOGENOUS_STEROLS,,21,0.55458105,1.3527792,0.10178571,0.15085594,1.0,5037,"tags=38%, list=18%, signal=47%",
GOBP_REGULATION_OF_EARLY_ENDOSOME_TO_LATE_ENDOSOME_TRANSPORT,GOBP_REGULATION_OF_EARLY_ENDOSOME_TO_LATE_ENDOSOME_TRANSPORT,,19,0.58127964,1.3526671,0.10320285,0.15089396,1.0,5198,"tags=63%, list=19%, signal=78%",
GOBP_REGULATION_OF_VENTRICULAR_CARDIAC_MUSCLE_CELL_MEMBRANE_REPOLARIZATION,GOBP_REGULATION_OF_VENTRICULAR_CARDIAC_MUSCLE_CELL_MEMBRANE_REPOLARIZATION,,16,0.5940591,1.3523237,0.0994575,0.15118648,1.0,5180,"tags=56%, list=19%, signal=69%",
REACTOME_TRAFFICKING_OF_AMPA_RECEPTORS,REACTOME_TRAFFICKING_OF_AMPA_RECEPTORS,,25,0.5448894,1.3522564,0.09499136,0.15118007,1.0,5416,"tags=40%, list=20%, signal=50%",
GOBP_MAINTENANCE_OF_SISTER_CHROMATID_COHESION,GOBP_MAINTENANCE_OF_SISTER_CHROMATID_COHESION,,13,0.637865,1.3520786,0.11320755,0.15129267,1.0,3377,"tags=15%, list=12%, signal=18%",
GOBP_NEGATIVE_REGULATION_OF_PROTEIN_UBIQUITINATION,GOBP_NEGATIVE_REGULATION_OF_PROTEIN_UBIQUITINATION,,72,0.45810285,1.3520713,0.033840947,0.15123406,1.0,4255,"tags=31%, list=15%, signal=36%",
GOBP_RESPONSE_TO_OSMOTIC_STRESS,GOBP_RESPONSE_TO_OSMOTIC_STRESS,,82,0.44790807,1.3520045,0.030595813,0.15123726,1.0,4152,"tags=27%, list=15%, signal=31%",
GOBP_STRIATED_MUSCLE_CELL_APOPTOTIC_PROCESS,GOBP_STRIATED_MUSCLE_CELL_APOPTOTIC_PROCESS,,39,0.49437818,1.3515987,0.06271777,0.15160914,1.0,4977,"tags=33%, list=18%, signal=41%",
GOBP_HOMEOSTASIS_OF_NUMBER_OF_CELLS_WITHIN_A_TISSUE,GOBP_HOMEOSTASIS_OF_NUMBER_OF_CELLS_WITHIN_A_TISSUE,,36,0.510225,1.3515614,0.0699187,0.1515872,1.0,4796,"tags=36%, list=17%, signal=44%",
REACTOME_BETA_OXIDATION_OF_VERY_LONG_CHAIN_FATTY_ACIDS,REACTOME_BETA_OXIDATION_OF_VERY_LONG_CHAIN_FATTY_ACIDS,,11,0.65283614,1.3512042,0.11631945,0.15188493,1.0,3826,"tags=45%, list=14%, signal=53%",
REACTOME_STAT3_NUCLEAR_EVENTS_DOWNSTREAM_OF_ALK_SIGNALING,REACTOME_STAT3_NUCLEAR_EVENTS_DOWNSTREAM_OF_ALK_SIGNALING,,11,0.6761846,1.3508795,0.120300755,0.15215844,1.0,4966,"tags=55%, list=18%, signal=66%",
GOBP_ISOPRENOID_BIOSYNTHETIC_PROCESS,GOBP_ISOPRENOID_BIOSYNTHETIC_PROCESS,,26,0.53679,1.3506083,0.08290155,0.15236247,1.0,4546,"tags=27%, list=16%, signal=32%",
REACTOME_IRAK1_RECRUITS_IKK_COMPLEX,REACTOME_IRAK1_RECRUITS_IKK_COMPLEX,,14,0.62729496,1.3503759,0.112874776,0.15253232,1.0,5221,"tags=50%, list=19%, signal=62%",
GOBP_REGULATION_OF_TRANSLATION_IN_RESPONSE_TO_ENDOPLASMIC_RETICULUM_STRESS,GOBP_REGULATION_OF_TRANSLATION_IN_RESPONSE_TO_ENDOPLASMIC_RETICULUM_STRESS,,10,0.66204363,1.3503443,0.13893966,0.15249489,1.0,3005,"tags=40%, list=11%, signal=45%",
GOBP_VESICLE_TETHERING,GOBP_VESICLE_TETHERING,,32,0.51243955,1.3502504,0.077328645,0.15253097,1.0,5205,"tags=38%, list=19%, signal=46%",
GOBP_NEGATIVE_REGULATION_OF_ALCOHOL_BIOSYNTHETIC_PROCESS,GOBP_NEGATIVE_REGULATION_OF_ALCOHOL_BIOSYNTHETIC_PROCESS,,12,0.6441157,1.3495997,0.117338,0.1531447,1.0,4360,"tags=42%, list=16%, signal=49%",
GOBP_TELENCEPHALON_GLIAL_CELL_MIGRATION,GOBP_TELENCEPHALON_GLIAL_CELL_MIGRATION,,26,0.54395646,1.3495572,0.07312925,0.15312448,1.0,5724,"tags=50%, list=21%, signal=63%",
GOBP_POSITIVE_REGULATION_OF_IMMUNOGLOBULIN_PRODUCTION,GOBP_POSITIVE_REGULATION_OF_IMMUNOGLOBULIN_PRODUCTION,,55,0.47010487,1.3493633,0.05930807,0.15326433,1.0,3835,"tags=29%, list=14%, signal=34%",
GOBP_PROTEIN_TRIMERIZATION,GOBP_PROTEIN_TRIMERIZATION,,17,0.5787306,1.3492485,0.11942959,0.15333602,1.0,2181,"tags=29%, list=8%, signal=32%",
GOBP_REGULATION_OF_GTPASE_ACTIVITY,GOBP_REGULATION_OF_GTPASE_ACTIVITY,,117,0.4196505,1.3486855,0.027607363,0.15384595,1.0,5071,"tags=32%, list=18%, signal=40%",
GOBP_PROTEOGLYCAN_METABOLIC_PROCESS,GOBP_PROTEOGLYCAN_METABOLIC_PROCESS,,99,0.43338457,1.3482385,0.04,0.15425201,1.0,3704,"tags=26%, list=13%, signal=30%",
GOBP_PEPTIDYL_SERINE_MODIFICATION,GOBP_PEPTIDYL_SERINE_MODIFICATION,,67,0.45527273,1.3472009,0.061443932,0.15531155,1.0,5041,"tags=31%, list=18%, signal=38%",
GOBP_POSITIVE_REGULATION_OF_LIPID_METABOLIC_PROCESS,GOBP_POSITIVE_REGULATION_OF_LIPID_METABOLIC_PROCESS,,111,0.42778838,1.3469076,0.022617124,0.1555559,1.0,5003,"tags=34%, list=18%, signal=42%",
GOBP_CELLULAR_DEFENSE_RESPONSE,GOBP_CELLULAR_DEFENSE_RESPONSE,,45,0.49300072,1.3466135,0.077294685,0.1558046,1.0,3361,"tags=40%, list=12%, signal=45%",
REACTOME_TRANSLATION_OF_REPLICASE_AND_ASSEMBLY_OF_THE_REPLICATION_TRANSCRIPTION_COMPLEX,REACTOME_TRANSLATION_OF_REPLICASE_AND_ASSEMBLY_OF_THE_REPLICATION_TRANSCRIPTION_COMPLEX,,14,0.6112495,1.3465868,0.12169312,0.15577093,1.0,2006,"tags=50%, list=7%, signal=54%",
GOBP_REGULATION_OF_CELLULAR_COMPONENT_SIZE,GOBP_REGULATION_OF_CELLULAR_COMPONENT_SIZE,,323,0.3806105,1.3464152,0.0026666666,0.15588108,1.0,4400,"tags=33%, list=16%, signal=39%",
REACTOME_APOPTOTIC_EXECUTION_PHASE,REACTOME_APOPTOTIC_EXECUTION_PHASE,,49,0.48475537,1.3460753,0.058626465,0.15616466,1.0,5041,"tags=39%, list=18%, signal=47%",
GOBP_CARNITINE_METABOLIC_PROCESS,GOBP_CARNITINE_METABOLIC_PROCESS,,12,0.6435915,1.346038,0.11818182,0.15613374,1.0,4244,"tags=42%, list=15%, signal=49%",
GOBP_POSITIVE_REGULATION_OF_CYTOPLASMIC_TRANSLATION,GOBP_POSITIVE_REGULATION_OF_CYTOPLASMIC_TRANSLATION,,15,0.6132375,1.345972,0.11192661,0.15614477,1.0,3434,"tags=27%, list=12%, signal=30%",
GOBP_POSITIVE_REGULATION_OF_NUCLEOTIDE_CATABOLIC_PROCESS,GOBP_POSITIVE_REGULATION_OF_NUCLEOTIDE_CATABOLIC_PROCESS,,20,0.5722547,1.3456944,0.10409556,0.15638663,1.0,5192,"tags=40%, list=19%, signal=49%",
GOBP_VESICLE_FUSION_TO_PLASMA_MEMBRANE,GOBP_VESICLE_FUSION_TO_PLASMA_MEMBRANE,,25,0.55616874,1.3452606,0.08858603,0.15678869,1.0,5324,"tags=36%, list=19%, signal=45%",
GOBP_NEGATIVE_REGULATION_OF_AMYLOID_FIBRIL_FORMATION,GOBP_NEGATIVE_REGULATION_OF_AMYLOID_FIBRIL_FORMATION,,11,0.6595638,1.3451829,0.101265825,0.15679504,1.0,7498,"tags=64%, list=27%, signal=87%",
REACTOME_IKK_COMPLEX_RECRUITMENT_MEDIATED_BY_RIP1,REACTOME_IKK_COMPLEX_RECRUITMENT_MEDIATED_BY_RIP1,,23,0.5529633,1.3444594,0.102253035,0.15750296,1.0,5221,"tags=57%, list=19%, signal=70%",
REACTOME_DEPOLYMERIZATION_OF_THE_NUCLEAR_LAMINA,REACTOME_DEPOLYMERIZATION_OF_THE_NUCLEAR_LAMINA,,15,0.61081964,1.344048,0.09756097,0.15786889,1.0,3804,"tags=40%, list=14%, signal=46%",
GOBP_MEMBRANE_LIPID_BIOSYNTHETIC_PROCESS,GOBP_MEMBRANE_LIPID_BIOSYNTHETIC_PROCESS,,145,0.40846398,1.3438925,0.02435312,0.1579781,1.0,4104,"tags=28%, list=15%, signal=32%",
GOBP_ENDOPLASMIC_RETICULUM_CALCIUM_ION_HOMEOSTASIS,GOBP_ENDOPLASMIC_RETICULUM_CALCIUM_ION_HOMEOSTASIS,,25,0.54432184,1.3437028,0.08492201,0.15812774,1.0,4542,"tags=40%, list=16%, signal=48%",
GOBP_RESPONSE_TO_XENOBIOTIC_STIMULUS,GOBP_RESPONSE_TO_XENOBIOTIC_STIMULUS,,324,0.3767149,1.3436493,0.005319149,0.15810946,1.0,4516,"tags=26%, list=16%, signal=31%",
REACTOME_DEFECTIVE_INTRINSIC_PATHWAY_FOR_APOPTOSIS,REACTOME_DEFECTIVE_INTRINSIC_PATHWAY_FOR_APOPTOSIS,,24,0.5447521,1.3433224,0.09747899,0.15840457,1.0,5487,"tags=54%, list=20%, signal=67%",
GOBP_REGULATION_OF_TYPE_2_IMMUNE_RESPONSE,GOBP_REGULATION_OF_TYPE_2_IMMUNE_RESPONSE,,30,0.5299345,1.343276,0.09947644,0.15838504,1.0,3357,"tags=33%, list=12%, signal=38%",
REACTOME_BIOSYNTHESIS_OF_THE_N_GLYCAN_PRECURSOR_DOLICHOL_LIPID_LINKED_OLIGOSACCHARIDE_LLO_AND_TRANSFER_TO_A_NASCENT_PROTEIN,REACTOME_BIOSYNTHESIS_OF_THE_N_GLYCAN_PRECURSOR_DOLICHOL_LIPID_LINKED_OLIGOSACCHARIDE_LLO_AND_TRANSFER_TO_A_NASCENT_PROTEIN,,75,0.4428086,1.3431216,0.066246055,0.15848832,1.0,3238,"tags=24%, list=12%, signal=27%",
REACTOME_OTHER_INTERLEUKIN_SIGNALING,REACTOME_OTHER_INTERLEUKIN_SIGNALING,,22,0.5555082,1.3429977,0.113879,0.15856028,1.0,2214,"tags=32%, list=8%, signal=35%",
REACTOME_POSITIVE_EPIGENETIC_REGULATION_OF_RRNA_EXPRESSION,REACTOME_POSITIVE_EPIGENETIC_REGULATION_OF_RRNA_EXPRESSION,,92,0.4339414,1.3424493,0.030944625,0.15905397,1.0,3558,"tags=28%, list=13%, signal=32%",
GOBP_CDP_DIACYLGLYCEROL_METABOLIC_PROCESS,GOBP_CDP_DIACYLGLYCEROL_METABOLIC_PROCESS,,14,0.615891,1.3423884,0.11921708,0.1590464,1.0,2095,"tags=43%, list=8%, signal=46%",
REACTOME_AFLATOXIN_ACTIVATION_AND_DETOXIFICATION,REACTOME_AFLATOXIN_ACTIVATION_AND_DETOXIFICATION,,15,0.60451466,1.3423079,0.10351201,0.15906003,1.0,851,"tags=20%, list=3%, signal=21%",
GOBP_POSITIVE_REGULATION_OF_AMINE_TRANSPORT,GOBP_POSITIVE_REGULATION_OF_AMINE_TRANSPORT,,26,0.5289734,1.3419709,0.10623946,0.1593568,1.0,5324,"tags=35%, list=19%, signal=43%",
GOBP_N_ACETYLNEURAMINATE_METABOLIC_PROCESS,GOBP_N_ACETYLNEURAMINATE_METABOLIC_PROCESS,,13,0.6197725,1.3419536,0.11904762,0.15930355,1.0,1761,"tags=38%, list=6%, signal=41%",
GOBP_REGULATION_OF_CYTOSOLIC_CALCIUM_ION_CONCENTRATION,GOBP_REGULATION_OF_CYTOSOLIC_CALCIUM_ION_CONCENTRATION,,44,0.49024814,1.3418943,0.059130434,0.15930109,1.0,1314,"tags=16%, list=5%, signal=17%",
GOBP_REGULATION_OF_HEART_RATE_BY_CARDIAC_CONDUCTION,GOBP_REGULATION_OF_HEART_RATE_BY_CARDIAC_CONDUCTION,,33,0.5279548,1.3418379,0.0745234,0.15930296,1.0,2113,"tags=24%, list=8%, signal=26%",
GOBP_MORPHOGENESIS_OF_AN_ENDOTHELIUM,GOBP_MORPHOGENESIS_OF_AN_ENDOTHELIUM,,16,0.6051182,1.3416361,0.123636365,0.15945542,1.0,5101,"tags=69%, list=18%, signal=84%",
GOBP_NEGATIVE_REGULATION_OF_ORGANELLE_ASSEMBLY,GOBP_NEGATIVE_REGULATION_OF_ORGANELLE_ASSEMBLY,,49,0.4784869,1.3405151,0.0591133,0.16063596,1.0,4046,"tags=35%, list=15%, signal=41%",
GOBP_REGULATION_OF_SYNAPTIC_VESICLE_EXOCYTOSIS,GOBP_REGULATION_OF_SYNAPTIC_VESICLE_EXOCYTOSIS,,43,0.48822075,1.3400353,0.08950086,0.16107254,1.0,2881,"tags=26%, list=10%, signal=29%",
GOBP_REGULATION_OF_MACROPHAGE_DIFFERENTIATION,GOBP_REGULATION_OF_MACROPHAGE_DIFFERENTIATION,,20,0.566821,1.3399684,0.08839779,0.16107422,1.0,3210,"tags=45%, list=12%, signal=51%",
REACTOME_INTERLEUKIN_20_FAMILY_SIGNALING,REACTOME_INTERLEUKIN_20_FAMILY_SIGNALING,,20,0.5659524,1.3399073,0.102888085,0.16107523,1.0,2059,"tags=45%, list=7%, signal=49%",
REACTOME_ATF6_ATF6_ALPHA_ACTIVATES_CHAPERONES,REACTOME_ATF6_ATF6_ALPHA_ACTIVATES_CHAPERONES,,12,0.6364796,1.3398813,0.13307984,0.16102695,1.0,5350,"tags=50%, list=19%, signal=62%",
REACTOME_INTERLEUKIN_37_SIGNALING,REACTOME_INTERLEUKIN_37_SIGNALING,,19,0.57704747,1.3393476,0.104395606,0.16152208,1.0,2818,"tags=42%, list=10%, signal=47%",
GOBP_PROTEIN_LOCALIZATION_TO_CHROMOSOME_CENTROMERIC_REGION,GOBP_PROTEIN_LOCALIZATION_TO_CHROMOSOME_CENTROMERIC_REGION,,38,0.50108415,1.3392999,0.07641196,0.16150597,1.0,4029,"tags=26%, list=15%, signal=31%",
REACTOME_HEME_SIGNALING,REACTOME_HEME_SIGNALING,,48,0.47241133,1.3392946,0.093059935,0.16144253,1.0,6012,"tags=40%, list=22%, signal=50%",
GOBP_FAT_CELL_DIFFERENTIATION,GOBP_FAT_CELL_DIFFERENTIATION,,222,0.3932178,1.3387233,0.0070921984,0.16204081,1.0,4202,"tags=27%, list=15%, signal=32%",
GOBP_REGULATION_OF_VIRAL_TRANSCRIPTION,GOBP_REGULATION_OF_VIRAL_TRANSCRIPTION,,20,0.5718608,1.3384596,0.10545454,0.16225262,1.0,1425,"tags=20%, list=5%, signal=21%",
GOBP_L_AMINO_ACID_CATABOLIC_PROCESS,GOBP_L_AMINO_ACID_CATABOLIC_PROCESS,,74,0.44229937,1.3384008,0.03961965,0.16225159,1.0,2496,"tags=19%, list=9%, signal=21%",
GOBP_PROTEIN_FOLDING,GOBP_PROTEIN_FOLDING,,215,0.39071253,1.3381402,0.018544937,0.162465,1.0,3814,"tags=20%, list=14%, signal=24%",
REACTOME_CD209_DC_SIGN_SIGNALING,REACTOME_CD209_DC_SIGN_SIGNALING,,20,0.5673214,1.3379794,0.101899825,0.1625723,1.0,4334,"tags=45%, list=16%, signal=53%",
GOBP_SPLEEN_DEVELOPMENT,GOBP_SPLEEN_DEVELOPMENT,,34,0.51032877,1.3379261,0.08976661,0.16256613,1.0,4514,"tags=47%, list=16%, signal=56%",
GOBP_REGULATION_OF_POSTSYNAPTIC_MEMBRANE_NEUROTRANSMITTER_RECEPTOR_LEVELS,GOBP_REGULATION_OF_POSTSYNAPTIC_MEMBRANE_NEUROTRANSMITTER_RECEPTOR_LEVELS,,106,0.42645386,1.3377714,0.048361935,0.16267316,1.0,4025,"tags=26%, list=15%, signal=31%",
REACTOME_FCERI_MEDIATED_MAPK_ACTIVATION,REACTOME_FCERI_MEDIATED_MAPK_ACTIVATION,,87,0.43421754,1.3377208,0.038897894,0.16265476,1.0,4334,"tags=17%, list=16%, signal=20%",
GOBP_COMPLEMENT_ACTIVATION_LECTIN_PATHWAY,GOBP_COMPLEMENT_ACTIVATION_LECTIN_PATHWAY,,11,0.66291726,1.3374944,0.15053764,0.1628184,1.0,1347,"tags=27%, list=5%, signal=29%",
REACTOME_DS_GAG_BIOSYNTHESIS,REACTOME_DS_GAG_BIOSYNTHESIS,,10,0.6625697,1.3373631,0.12523021,0.16289118,1.0,911,"tags=30%, list=3%, signal=31%",
GOBP_PROTEIN_LOCALIZATION_TO_NUCLEUS,GOBP_PROTEIN_LOCALIZATION_TO_NUCLEUS,,306,0.37859377,1.3372167,0.0069348128,0.16298585,1.0,5229,"tags=29%, list=19%, signal=36%",
REACTOME_INTERLEUKIN_6_FAMILY_SIGNALING,REACTOME_INTERLEUKIN_6_FAMILY_SIGNALING,,22,0.54927367,1.3366817,0.11111111,0.16347261,1.0,4291,"tags=41%, list=15%, signal=48%",
GOBP_NEGATIVE_REGULATION_OF_FATTY_ACID_METABOLIC_PROCESS,GOBP_NEGATIVE_REGULATION_OF_FATTY_ACID_METABOLIC_PROCESS,,31,0.5217967,1.3366003,0.09137931,0.16348992,1.0,2552,"tags=26%, list=9%, signal=28%",
GOBP_NEGATIVE_REGULATION_OF_T_CELL_MEDIATED_IMMUNITY,GOBP_NEGATIVE_REGULATION_OF_T_CELL_MEDIATED_IMMUNITY,,34,0.5068693,1.3365175,0.097770154,0.16352694,1.0,2181,"tags=35%, list=8%, signal=38%",
GOBP_MONOCARBOXYLIC_ACID_CATABOLIC_PROCESS,GOBP_MONOCARBOXYLIC_ACID_CATABOLIC_PROCESS,,114,0.41924158,1.3365045,0.033639144,0.16347198,1.0,4244,"tags=25%, list=15%, signal=30%",
GOBP_POSITIVE_REGULATION_OF_CELL_GROWTH,GOBP_POSITIVE_REGULATION_OF_CELL_GROWTH,,142,0.4136094,1.3362546,0.033587787,0.16367741,1.0,4324,"tags=30%, list=16%, signal=36%",
REACTOME_INTERLEUKIN_2_SIGNALING,REACTOME_INTERLEUKIN_2_SIGNALING,,11,0.64582163,1.3360989,0.11690647,0.16379026,1.0,1887,"tags=55%, list=7%, signal=59%",
GOBP_REGULATION_OF_STRESS_ACTIVATED_PROTEIN_KINASE_SIGNALING_CASCADE,GOBP_REGULATION_OF_STRESS_ACTIVATED_PROTEIN_KINASE_SIGNALING_CASCADE,,39,0.49710828,1.3359643,0.079866886,0.16387409,1.0,5357,"tags=49%, list=19%, signal=60%",
GOBP_REGULATION_OF_T_CELL_CHEMOTAXIS,GOBP_REGULATION_OF_T_CELL_CHEMOTAXIS,,11,0.64463025,1.3359382,0.121212125,0.16383335,1.0,4324,"tags=45%, list=16%, signal=54%",
GOBP_CONNECTIVE_TISSUE_REPLACEMENT,GOBP_CONNECTIVE_TISSUE_REPLACEMENT,,15,0.5947674,1.335867,0.11743119,0.16383335,1.0,5041,"tags=47%, list=18%, signal=57%",
GOBP_PROTEIN_LOCALIZATION_TO_CELL_SURFACE,GOBP_PROTEIN_LOCALIZATION_TO_CELL_SURFACE,,59,0.45671573,1.3357192,0.063439064,0.16392103,1.0,5248,"tags=46%, list=19%, signal=56%",
GOBP_POSITIVE_REGULATION_OF_PEPTIDE_SECRETION,GOBP_POSITIVE_REGULATION_OF_PEPTIDE_SECRETION,,90,0.4363563,1.3355079,0.0481203,0.16407616,1.0,4169,"tags=31%, list=15%, signal=36%",
REACTOME_MITF_M_DEPENDENT_GENE_EXPRESSION,REACTOME_MITF_M_DEPENDENT_GENE_EXPRESSION,,100,0.4239633,1.3353655,0.04245283,0.16414937,1.0,3842,"tags=31%, list=14%, signal=36%",
GOBP_REGULATION_OF_RESPONSE_TO_TYPE_II_INTERFERON,GOBP_REGULATION_OF_RESPONSE_TO_TYPE_II_INTERFERON,,14,0.6103442,1.3352436,0.12797076,0.1642308,1.0,2979,"tags=57%, list=11%, signal=64%",
GOBP_CHONDROITIN_SULFATE_PROTEOGLYCAN_METABOLIC_PROCESS,GOBP_CHONDROITIN_SULFATE_PROTEOGLYCAN_METABOLIC_PROCESS,,35,0.5025895,1.3351822,0.0757315,0.16422288,1.0,3547,"tags=29%, list=13%, signal=33%",
REACTOME_CS_DS_DEGRADATION,REACTOME_CS_DS_DEGRADATION,,17,0.59224504,1.3347433,0.09717315,0.16461977,1.0,4325,"tags=35%, list=16%, signal=42%",
GOBP_INTERLEUKIN_17_PRODUCTION,GOBP_INTERLEUKIN_17_PRODUCTION,,36,0.50162673,1.3345354,0.09475465,0.16476539,1.0,4042,"tags=47%, list=15%, signal=55%",
REACTOME_EARLY_SARS_COV_2_INFECTION_EVENTS,REACTOME_EARLY_SARS_COV_2_INFECTION_EVENTS,,35,0.5082844,1.3345047,0.091388404,0.1647277,1.0,2738,"tags=31%, list=10%, signal=35%",
GOBP_REGULATION_OF_CARDIAC_MUSCLE_CELL_MEMBRANE_REPOLARIZATION,GOBP_REGULATION_OF_CARDIAC_MUSCLE_CELL_MEMBRANE_REPOLARIZATION,,20,0.55707586,1.3344686,0.12676056,0.16469009,1.0,5180,"tags=45%, list=19%, signal=55%",
GOBP_RESPONSE_TO_ACTIVITY,GOBP_RESPONSE_TO_ACTIVITY,,69,0.44212618,1.3340495,0.0521327,0.16506469,1.0,5035,"tags=38%, list=18%, signal=46%",
GOBP_SECRETORY_GRANULE_ORGANIZATION,GOBP_SECRETORY_GRANULE_ORGANIZATION,,66,0.4608152,1.3339491,0.0528,0.16510129,1.0,5071,"tags=38%, list=18%, signal=46%",
GOBP_MITOCHONDRIAL_ELECTRON_TRANSPORT_UBIQUINOL_TO_CYTOCHROME_C,GOBP_MITOCHONDRIAL_ELECTRON_TRANSPORT_UBIQUINOL_TO_CYTOCHROME_C,,14,0.6170782,1.3338681,0.13308688,0.16511495,1.0,6347,"tags=57%, list=23%, signal=74%",
GOBP_INSULIN_LIKE_GROWTH_FACTOR_RECEPTOR_SIGNALING_PATHWAY,GOBP_INSULIN_LIKE_GROWTH_FACTOR_RECEPTOR_SIGNALING_PATHWAY,,46,0.47827032,1.3335588,0.0704,0.16537239,1.0,2646,"tags=22%, list=10%, signal=24%",
GOBP_NEURONAL_ACTION_POTENTIAL,GOBP_NEURONAL_ACTION_POTENTIAL,,23,0.5466138,1.3332207,0.09982175,0.16568124,1.0,1786,"tags=17%, list=6%, signal=19%",
REACTOME_REGULATION_OF_CHOLESTEROL_BIOSYNTHESIS_BY_SREBP_SREBF,REACTOME_REGULATION_OF_CHOLESTEROL_BIOSYNTHESIS_BY_SREBP_SREBF,,55,0.46485716,1.3331901,0.07232705,0.16564658,1.0,4664,"tags=25%, list=17%, signal=31%",
GOBP_NEGATIVE_REGULATION_OF_TYPE_I_INTERFERON_PRODUCTION,GOBP_NEGATIVE_REGULATION_OF_TYPE_I_INTERFERON_PRODUCTION,,52,0.47363064,1.332982,0.06065574,0.16580236,1.0,3823,"tags=37%, list=14%, signal=42%",
GOBP_REGULATION_OF_MEMBRANE_PERMEABILITY,GOBP_REGULATION_OF_MEMBRANE_PERMEABILITY,,65,0.44225538,1.3326836,0.05815832,0.16604945,1.0,3525,"tags=34%, list=13%, signal=39%",
REACTOME_INTRINSIC_PATHWAY_OF_FIBRIN_CLOT_FORMATION,REACTOME_INTRINSIC_PATHWAY_OF_FIBRIN_CLOT_FORMATION,,19,0.56609213,1.3325881,0.10694184,0.16608956,1.0,4928,"tags=37%, list=18%, signal=45%",
GOBP_CAMKK_AMPK_SIGNALING_CASCADE,GOBP_CAMKK_AMPK_SIGNALING_CASCADE,,10,0.6526874,1.3325838,0.12662943,0.1660226,1.0,3356,"tags=40%, list=12%, signal=45%",
GOBP_NEGATIVE_REGULATION_OF_POTASSIUM_ION_TRANSPORT,GOBP_NEGATIVE_REGULATION_OF_POTASSIUM_ION_TRANSPORT,,21,0.5535672,1.3323137,0.12587413,0.16625428,1.0,4934,"tags=52%, list=18%, signal=64%",
GOBP_NEGATIVE_REGULATION_OF_PLATELET_DERIVED_GROWTH_FACTOR_RECEPTOR_SIGNALING_PATHWAY,GOBP_NEGATIVE_REGULATION_OF_PLATELET_DERIVED_GROWTH_FACTOR_RECEPTOR_SIGNALING_PATHWAY,,12,0.6371491,1.3321811,0.12695652,0.16632895,1.0,4360,"tags=58%, list=16%, signal=69%",
GOBP_SULFUR_AMINO_ACID_CATABOLIC_PROCESS,GOBP_SULFUR_AMINO_ACID_CATABOLIC_PROCESS,,10,0.66483605,1.331881,0.1184669,0.16657302,1.0,3931,"tags=50%, list=14%, signal=58%",
GOBP_NEGATIVE_REGULATION_OF_ORGANELLE_ORGANIZATION,GOBP_NEGATIVE_REGULATION_OF_ORGANELLE_ORGANIZATION,,349,0.37355924,1.3315991,0.010512483,0.16681346,1.0,4367,"tags=28%, list=16%, signal=33%",
GOBP_NEGATIVE_REGULATION_OF_MEMBRANE_POTENTIAL,GOBP_NEGATIVE_REGULATION_OF_MEMBRANE_POTENTIAL,,12,0.6300871,1.3315457,0.121442124,0.16679643,1.0,6134,"tags=50%, list=22%, signal=64%",
GOBP_PURINE_CONTAINING_COMPOUND_BIOSYNTHETIC_PROCESS,GOBP_PURINE_CONTAINING_COMPOUND_BIOSYNTHETIC_PROCESS,,257,0.38405776,1.3315005,0.011644833,0.1667783,1.0,5398,"tags=27%, list=19%, signal=33%",
GOBP_METABOLIC_COMPOUND_SALVAGE,GOBP_METABOLIC_COMPOUND_SALVAGE,,42,0.49023488,1.3314781,0.085141905,0.1667314,1.0,2093,"tags=24%, list=8%, signal=26%",
GOBP_REGULATION_OF_PROTEIN_IMPORT_INTO_NUCLEUS,GOBP_REGULATION_OF_PROTEIN_IMPORT_INTO_NUCLEUS,,57,0.4648123,1.331447,0.05882353,0.16669151,1.0,3021,"tags=26%, list=11%, signal=29%",
REACTOME_RET_SIGNALING,REACTOME_RET_SIGNALING,,35,0.5075685,1.3313751,0.0754386,0.1666908,1.0,5126,"tags=34%, list=18%, signal=42%",
GOBP_PEPTIDYL_CYSTEINE_MODIFICATION,GOBP_PEPTIDYL_CYSTEINE_MODIFICATION,,21,0.5638251,1.331136,0.13953489,0.16689214,1.0,2334,"tags=38%, list=8%, signal=42%",
GOBP_REGULATION_OF_ADENYLATE_CYCLASE_ACTIVITY,GOBP_REGULATION_OF_ADENYLATE_CYCLASE_ACTIVITY,,20,0.5644641,1.3310082,0.12237762,0.16696633,1.0,2547,"tags=35%, list=9%, signal=39%",
GOBP_PRIMARY_ALCOHOL_METABOLIC_PROCESS,GOBP_PRIMARY_ALCOHOL_METABOLIC_PROCESS,,84,0.43515047,1.3309623,0.047468353,0.16694538,1.0,4385,"tags=31%, list=16%, signal=37%",
GOBP_CORTICAL_ACTIN_CYTOSKELETON_ORGANIZATION,GOBP_CORTICAL_ACTIN_CYTOSKELETON_ORGANIZATION,,40,0.48380157,1.330607,0.06980803,0.16729237,1.0,5353,"tags=48%, list=19%, signal=59%",
GOBP_ENSHEATHMENT_OF_NEURONS,GOBP_ENSHEATHMENT_OF_NEURONS,,142,0.40673426,1.3304119,0.035825547,0.16743553,1.0,4258,"tags=29%, list=15%, signal=34%",
GOBP_POSITIVE_REGULATION_OF_OSTEOBLAST_PROLIFERATION,GOBP_POSITIVE_REGULATION_OF_OSTEOBLAST_PROLIFERATION,,13,0.61602014,1.3303277,0.1375,0.16745129,1.0,2608,"tags=31%, list=9%, signal=34%",
GOBP_POSITIVE_REGULATION_OF_CELL_SUBSTRATE_ADHESION,GOBP_POSITIVE_REGULATION_OF_CELL_SUBSTRATE_ADHESION,,100,0.4257036,1.330245,0.038580246,0.16746326,1.0,5293,"tags=41%, list=19%, signal=50%",
GOBP_ENDOSOME_TO_PLASMA_MEMBRANE_PROTEIN_TRANSPORT,GOBP_ENDOSOME_TO_PLASMA_MEMBRANE_PROTEIN_TRANSPORT,,19,0.572805,1.3302419,0.10499139,0.16739728,1.0,3767,"tags=47%, list=14%, signal=55%",
REACTOME_VXPX_CARGO_TARGETING_TO_CILIUM,REACTOME_VXPX_CARGO_TARGETING_TO_CILIUM,,20,0.5530821,1.3301424,0.11460259,0.1674508,1.0,4512,"tags=50%, list=16%, signal=60%",
GOBP_CELL_ADHESION_MOLECULE_PRODUCTION,GOBP_CELL_ADHESION_MOLECULE_PRODUCTION,,11,0.6357842,1.330015,0.1402214,0.16752651,1.0,4426,"tags=27%, list=16%, signal=32%",
GOBP_SMALL_GTPASE_MEDIATED_SIGNAL_TRANSDUCTION,GOBP_SMALL_GTPASE_MEDIATED_SIGNAL_TRANSDUCTION,,487,0.3666291,1.329944,0.0012738854,0.16753522,1.0,4426,"tags=32%, list=16%, signal=38%",
GOBP_ACTIVATION_OF_GTPASE_ACTIVITY,GOBP_ACTIVATION_OF_GTPASE_ACTIVITY,,22,0.5560873,1.3298918,0.09565217,0.1675196,1.0,3755,"tags=32%, list=14%, signal=37%",
REACTOME_ACTIVATION_OF_GENE_EXPRESSION_BY_SREBF_SREBP,REACTOME_ACTIVATION_OF_GENE_EXPRESSION_BY_SREBF_SREBP,,42,0.4817054,1.3297504,0.083333336,0.16760775,1.0,4664,"tags=29%, list=17%, signal=34%",
REACTOME_BMAL1_CLOCK_NPAS2_ACTIVATES_CIRCADIAN_EXPRESSION,REACTOME_BMAL1_CLOCK_NPAS2_ACTIVATES_CIRCADIAN_EXPRESSION,,26,0.5311767,1.3285811,0.12054329,0.16889182,1.0,4664,"tags=31%, list=17%, signal=37%",
GOBP_VACUOLE_FUSION,GOBP_VACUOLE_FUSION,,14,0.5993072,1.3278728,0.1368421,0.16966262,1.0,4476,"tags=79%, list=16%, signal=94%",
GOBP_REGULATION_OF_CELLULAR_RESPONSE_TO_GROWTH_FACTOR_STIMULUS,GOBP_REGULATION_OF_CELLULAR_RESPONSE_TO_GROWTH_FACTOR_STIMULUS,,279,0.37721244,1.3272727,0.010943913,0.17025031,1.0,5113,"tags=32%, list=18%, signal=39%",
GOBP_FAS_SIGNALING_PATHWAY,GOBP_FAS_SIGNALING_PATHWAY,,10,0.6596819,1.3270738,0.13824058,0.17041697,1.0,2734,"tags=50%, list=10%, signal=55%",
GOBP_GOLGI_RIBBON_FORMATION,GOBP_GOLGI_RIBBON_FORMATION,,11,0.6352425,1.3270727,0.13392857,0.1703468,1.0,5487,"tags=36%, list=20%, signal=45%",
REACTOME_ORC1_REMOVAL_FROM_CHROMATIN,REACTOME_ORC1_REMOVAL_FROM_CHROMATIN,,58,0.46479,1.3270113,0.07345576,0.17034248,1.0,5323,"tags=43%, list=19%, signal=53%",
REACTOME_STING_MEDIATED_INDUCTION_OF_HOST_IMMUNE_RESPONSES,REACTOME_STING_MEDIATED_INDUCTION_OF_HOST_IMMUNE_RESPONSES,,15,0.60462606,1.3264211,0.11343805,0.17094113,1.0,4185,"tags=47%, list=15%, signal=55%",
GOBP_REGULATION_OF_ATP_DEPENDENT_ACTIVITY,GOBP_REGULATION_OF_ATP_DEPENDENT_ACTIVITY,,28,0.53257346,1.3263967,0.0950764,0.17090689,1.0,5171,"tags=50%, list=19%, signal=61%",
GOBP_NEGATIVE_REGULATION_OF_BLOOD_PRESSURE,GOBP_NEGATIVE_REGULATION_OF_BLOOD_PRESSURE,,29,0.5207887,1.3257726,0.11072665,0.17151415,1.0,2603,"tags=17%, list=9%, signal=19%",
GOBP_HEMATOPOIETIC_OR_LYMPHOID_ORGAN_DEVELOPMENT,GOBP_HEMATOPOIETIC_OR_LYMPHOID_ORGAN_DEVELOPMENT,,89,0.43266007,1.3257653,0.053658538,0.1714523,1.0,2790,"tags=30%, list=10%, signal=34%",
GOBP_MELANOSOME_ASSEMBLY,GOBP_MELANOSOME_ASSEMBLY,,19,0.565043,1.3253517,0.11531532,0.1718561,1.0,5047,"tags=47%, list=18%, signal=58%",
GOBP_REGULATION_OF_SKELETAL_MUSCLE_CELL_PROLIFERATION,GOBP_REGULATION_OF_SKELETAL_MUSCLE_CELL_PROLIFERATION,,11,0.6390215,1.3251911,0.13143872,0.17195478,1.0,1478,"tags=27%, list=5%, signal=29%",
REACTOME_MET_RECEPTOR_RECYCLING,REACTOME_MET_RECEPTOR_RECYCLING,,10,0.66142017,1.3250946,0.12989324,0.17198667,1.0,6971,"tags=50%, list=25%, signal=67%",
GOBP_HEPATOCYTE_APOPTOTIC_PROCESS,GOBP_HEPATOCYTE_APOPTOTIC_PROCESS,,16,0.5887962,1.3248355,0.10862069,0.17219654,1.0,4943,"tags=50%, list=18%, signal=61%",
GOBP_LONG_CHAIN_FATTY_ACID_IMPORT_INTO_CELL,GOBP_LONG_CHAIN_FATTY_ACID_IMPORT_INTO_CELL,,17,0.5925797,1.3248153,0.10862069,0.17214465,1.0,4704,"tags=35%, list=17%, signal=42%",
GOBP_POSITIVE_REGULATION_OF_ENDOTHELIAL_CELL_MIGRATION,GOBP_POSITIVE_REGULATION_OF_ENDOTHELIAL_CELL_MIGRATION,,104,0.42164746,1.324641,0.037617553,0.172257,1.0,3612,"tags=26%, list=13%, signal=30%",
GOBP_DOSAGE_COMPENSATION_BY_INACTIVATION_OF_X_CHROMOSOME,GOBP_DOSAGE_COMPENSATION_BY_INACTIVATION_OF_X_CHROMOSOME,,22,0.5487331,1.3243461,0.11383538,0.17253426,1.0,5539,"tags=45%, list=20%, signal=57%",
GOBP_SEQUESTERING_OF_CALCIUM_ION,GOBP_SEQUESTERING_OF_CALCIUM_ION,,114,0.41763717,1.3241899,0.048245613,0.17263746,1.0,5223,"tags=39%, list=19%, signal=47%",
GOBP_SULFUR_COMPOUND_BIOSYNTHETIC_PROCESS,GOBP_SULFUR_COMPOUND_BIOSYNTHETIC_PROCESS,,114,0.4207457,1.3241508,0.038748138,0.17260954,1.0,3301,"tags=20%, list=12%, signal=23%",
GOBP_SYNAPSE_PRUNING,GOBP_SYNAPSE_PRUNING,,15,0.58872336,1.3236501,0.13499112,0.1730868,1.0,3356,"tags=47%, list=12%, signal=53%",
GOBP_ACYLGLYCEROL_HOMEOSTASIS,GOBP_ACYLGLYCEROL_HOMEOSTASIS,,32,0.5172742,1.3235502,0.097247705,0.17314078,1.0,5243,"tags=41%, list=19%, signal=50%",
REACTOME_PEPTIDE_LIGAND_BINDING_RECEPTORS,REACTOME_PEPTIDE_LIGAND_BINDING_RECEPTORS,,124,0.4123046,1.3235135,0.02878788,0.17311442,1.0,4174,"tags=26%, list=15%, signal=30%",
GOBP_NUCLEOSIDE_TRIPHOSPHATE_BIOSYNTHETIC_PROCESS,GOBP_NUCLEOSIDE_TRIPHOSPHATE_BIOSYNTHETIC_PROCESS,,128,0.40632397,1.3234653,0.038109757,0.17309234,1.0,6464,"tags=36%, list=23%, signal=47%",
GOBP_REGULATION_OF_SUPRAMOLECULAR_FIBER_ORGANIZATION,GOBP_REGULATION_OF_SUPRAMOLECULAR_FIBER_ORGANIZATION,,358,0.36804968,1.3232617,0.003984064,0.17326853,1.0,4828,"tags=33%, list=17%, signal=39%",
GOBP_POSITIVE_REGULATION_OF_SYNAPTIC_TRANSMISSION,GOBP_POSITIVE_REGULATION_OF_SYNAPTIC_TRANSMISSION,,139,0.4055452,1.3231944,0.025835866,0.17327425,1.0,5129,"tags=33%, list=18%, signal=40%",
GOBP_CALCIUM_ION_TRANSMEMBRANE_TRANSPORT,GOBP_CALCIUM_ION_TRANSMEMBRANE_TRANSPORT,,277,0.3795567,1.3223758,0.008152174,0.17411822,1.0,5229,"tags=33%, list=19%, signal=40%",
REACTOME_RNA_POLYMERASE_I_TRANSCRIPTION,REACTOME_RNA_POLYMERASE_I_TRANSCRIPTION,,97,0.4277988,1.3221056,0.041666668,0.17435482,1.0,4116,"tags=30%, list=15%, signal=35%",
GOBP_VASCULAR_ENDOTHELIAL_CELL_RESPONSE_TO_LAMINAR_FLUID_SHEAR_STRESS,GOBP_VASCULAR_ENDOTHELIAL_CELL_RESPONSE_TO_LAMINAR_FLUID_SHEAR_STRESS,,19,0.57352847,1.3213931,0.12730318,0.17510171,1.0,4519,"tags=32%, list=16%, signal=38%",
GOBP_POST_TRANSLATIONAL_PROTEIN_TARGETING_TO_MEMBRANE_TRANSLOCATION,GOBP_POST_TRANSLATIONAL_PROTEIN_TARGETING_TO_MEMBRANE_TRANSLOCATION,,12,0.6299202,1.3213291,0.125,0.17510234,1.0,5145,"tags=50%, list=19%, signal=61%",
GOBP_GLYCOPROTEIN_METABOLIC_PROCESS,GOBP_GLYCOPROTEIN_METABOLIC_PROCESS,,343,0.37231028,1.3211883,0.004016064,0.17519969,1.0,4104,"tags=24%, list=15%, signal=28%",
REACTOME_METABOLISM_OF_COFACTORS,REACTOME_METABOLISM_OF_COFACTORS,,25,0.5369308,1.3208015,0.10507881,0.17556722,1.0,2984,"tags=24%, list=11%, signal=27%",
GOBP_POSITIVE_REGULATION_OF_VASOCONSTRICTION,GOBP_POSITIVE_REGULATION_OF_VASOCONSTRICTION,,20,0.56261724,1.3205997,0.112436116,0.17573239,1.0,1919,"tags=20%, list=7%, signal=21%",
REACTOME_CLASS_A_1_RHODOPSIN_LIKE_RECEPTORS,REACTOME_CLASS_A_1_RHODOPSIN_LIKE_RECEPTORS,,218,0.3867429,1.3205358,0.023188407,0.17572905,1.0,3828,"tags=23%, list=14%, signal=26%",
REACTOME_NUCLEAR_EVENTS_KINASE_AND_TRANSCRIPTION_FACTOR_ACTIVATION,REACTOME_NUCLEAR_EVENTS_KINASE_AND_TRANSCRIPTION_FACTOR_ACTIVATION,,56,0.4596841,1.3203404,0.08760331,0.17587806,1.0,4336,"tags=30%, list=16%, signal=36%",
GOBP_REGULATION_OF_SYNAPTIC_TRANSMISSION_GLUTAMATERGIC,GOBP_REGULATION_OF_SYNAPTIC_TRANSMISSION_GLUTAMATERGIC,,56,0.46876663,1.3199104,0.07037643,0.17632379,1.0,2982,"tags=21%, list=11%, signal=24%",
GOBP_NEGATIVE_REGULATION_OF_LIPID_BIOSYNTHETIC_PROCESS,GOBP_NEGATIVE_REGULATION_OF_LIPID_BIOSYNTHETIC_PROCESS,,55,0.46438804,1.3196433,0.08674304,0.17656937,1.0,4360,"tags=25%, list=16%, signal=30%",
GOBP_POSITIVE_REGULATION_OF_PROTEIN_SERINE_THREONINE_KINASE_ACTIVITY,GOBP_POSITIVE_REGULATION_OF_PROTEIN_SERINE_THREONINE_KINASE_ACTIVITY,,51,0.46898127,1.3196223,0.08094435,0.17652637,1.0,2889,"tags=24%, list=10%, signal=26%",
REACTOME_TNFR2_NON_CANONICAL_NF_KB_PATHWAY,REACTOME_TNFR2_NON_CANONICAL_NF_KB_PATHWAY,,85,0.43175188,1.3195764,0.048929665,0.17650361,1.0,4396,"tags=40%, list=16%, signal=47%",
GOBP_GOLGI_VESICLE_BUDDING,GOBP_GOLGI_VESICLE_BUDDING,,10,0.6502645,1.3195478,0.14716981,0.17646272,1.0,4716,"tags=40%, list=17%, signal=48%",
REACTOME_SLC_MEDIATED_TRANSPORT_OF_NEUROTRANSMITTERS,REACTOME_SLC_MEDIATED_TRANSPORT_OF_NEUROTRANSMITTERS,,10,0.6575925,1.3194584,0.13812155,0.17649673,1.0,6716,"tags=50%, list=24%, signal=66%",
GOBP_GLYCERALDEHYDE_3_PHOSPHATE_METABOLIC_PROCESS,GOBP_GLYCERALDEHYDE_3_PHOSPHATE_METABOLIC_PROCESS,,11,0.6413429,1.3193483,0.14685315,0.17654847,1.0,2542,"tags=27%, list=9%, signal=30%",
GOBP_RIG_I_SIGNALING_PATHWAY,GOBP_RIG_I_SIGNALING_PATHWAY,,28,0.52484363,1.319252,0.11324042,0.1765776,1.0,5266,"tags=43%, list=19%, signal=53%",
REACTOME_HIV_INFECTION,REACTOME_HIV_INFECTION,,218,0.38478148,1.319117,0.020618556,0.17665774,1.0,5127,"tags=36%, list=18%, signal=44%",
GOBP_VIRAL_PROTEIN_PROCESSING,GOBP_VIRAL_PROTEIN_PROCESSING,,30,0.5126077,1.319105,0.112026356,0.1765984,1.0,3877,"tags=43%, list=14%, signal=50%",
REACTOME_DEGRADATION_OF_BETA_CATENIN_BY_THE_DESTRUCTION_COMPLEX,REACTOME_DEGRADATION_OF_BETA_CATENIN_BY_THE_DESTRUCTION_COMPLEX,,72,0.44813284,1.3190731,0.06178862,0.17656496,1.0,5493,"tags=54%, list=20%, signal=67%",
GOBP_NEGATIVE_REGULATION_OF_BMP_SIGNALING_PATHWAY,GOBP_NEGATIVE_REGULATION_OF_BMP_SIGNALING_PATHWAY,,49,0.47143465,1.318946,0.07118644,0.17663492,1.0,5410,"tags=37%, list=20%, signal=46%",
GOBP_CALCIUM_ION_REGULATED_EXOCYTOSIS_OF_NEUROTRANSMITTER,GOBP_CALCIUM_ION_REGULATED_EXOCYTOSIS_OF_NEUROTRANSMITTER,,13,0.6145589,1.3187026,0.13824058,0.17685528,1.0,5324,"tags=38%, list=19%, signal=48%",
GOBP_POSITIVE_REGULATION_OF_DNA_BINDING,GOBP_POSITIVE_REGULATION_OF_DNA_BINDING,,21,0.5556954,1.3186742,0.115248226,0.17681658,1.0,4646,"tags=43%, list=17%, signal=51%",
GOBP_NEGATIVE_REGULATION_OF_PRODUCTION_OF_MOLECULAR_MEDIATOR_OF_IMMUNE_RESPONSE,GOBP_NEGATIVE_REGULATION_OF_PRODUCTION_OF_MOLECULAR_MEDIATOR_OF_IMMUNE_RESPONSE,,34,0.50018734,1.3185594,0.08934708,0.17686692,1.0,1325,"tags=38%, list=5%, signal=40%",
GOBP_NEGATIVE_REGULATION_OF_CELLULAR_RESPONSE_TO_GROWTH_FACTOR_STIMULUS,GOBP_NEGATIVE_REGULATION_OF_CELLULAR_RESPONSE_TO_GROWTH_FACTOR_STIMULUS,,89,0.42768183,1.318536,0.0504886,0.17682077,1.0,5529,"tags=37%, list=20%, signal=46%",
GOBP_PROTEIN_MONOUBIQUITINATION,GOBP_PROTEIN_MONOUBIQUITINATION,,53,0.45819446,1.3184077,0.07450331,0.17690048,1.0,5951,"tags=43%, list=21%, signal=55%",
GOBP_AXON_ENSHEATHMENT_IN_CENTRAL_NERVOUS_SYSTEM,GOBP_AXON_ENSHEATHMENT_IN_CENTRAL_NERVOUS_SYSTEM,,21,0.538227,1.3181192,0.09965636,0.17716587,1.0,1515,"tags=19%, list=5%, signal=20%",
GOBP_ACYL_COA_METABOLIC_PROCESS,GOBP_ACYL_COA_METABOLIC_PROCESS,,97,0.41575402,1.3179085,0.04200323,0.17734908,1.0,3301,"tags=21%, list=12%, signal=23%",
GOBP_DETECTION_OF_CALCIUM_ION,GOBP_DETECTION_OF_CALCIUM_ION,,12,0.62207615,1.3177899,0.124333926,0.17741542,1.0,5324,"tags=58%, list=19%, signal=72%",
REACTOME_HOST_INTERACTIONS_OF_HIV_FACTORS,REACTOME_HOST_INTERACTIONS_OF_HIV_FACTORS,,118,0.41142207,1.317769,0.043026708,0.17736812,1.0,5323,"tags=42%, list=19%, signal=51%",
GOBP_POSITIVE_REGULATION_OF_SMALL_MOLECULE_METABOLIC_PROCESS,GOBP_POSITIVE_REGULATION_OF_SMALL_MOLECULE_METABOLIC_PROCESS,,134,0.40254462,1.3177111,0.02887538,0.17736629,1.0,5192,"tags=33%, list=19%, signal=40%",
GOBP_REGULATION_OF_ACTIN_FILAMENT_ORGANIZATION,GOBP_REGULATION_OF_ACTIN_FILAMENT_ORGANIZATION,,243,0.38294384,1.3173132,0.023192361,0.17774485,1.0,4430,"tags=35%, list=16%, signal=41%",
REACTOME_PLATELET_ADHESION_TO_EXPOSED_COLLAGEN,REACTOME_PLATELET_ADHESION_TO_EXPOSED_COLLAGEN,,15,0.5980896,1.3169657,0.13652483,0.17808717,1.0,4586,"tags=47%, list=17%, signal=56%",
GOBP_POSITIVE_REGULATION_OF_EXECUTION_PHASE_OF_APOPTOSIS,GOBP_POSITIVE_REGULATION_OF_EXECUTION_PHASE_OF_APOPTOSIS,,19,0.5664694,1.3169383,0.12043796,0.17805386,1.0,4783,"tags=58%, list=17%, signal=70%",
GOBP_EMBRYO_IMPLANTATION,GOBP_EMBRYO_IMPLANTATION,,52,0.4606097,1.316506,0.07321131,0.17847829,1.0,3169,"tags=31%, list=11%, signal=35%",
GOBP_POSITIVE_REGULATION_OF_ERBB_SIGNALING_PATHWAY,GOBP_POSITIVE_REGULATION_OF_ERBB_SIGNALING_PATHWAY,,30,0.5149276,1.3159057,0.09330986,0.17912625,1.0,3279,"tags=37%, list=12%, signal=42%",
GOBP_MACROPINOCYTOSIS,GOBP_MACROPINOCYTOSIS,,11,0.63107026,1.3158656,0.15009041,0.17910095,1.0,3934,"tags=55%, list=14%, signal=64%",
GOBP_ORGANIC_ANION_TRANSPORT,GOBP_ORGANIC_ANION_TRANSPORT,,361,0.36938587,1.3158258,0.008196721,0.17907989,1.0,4824,"tags=28%, list=17%, signal=33%",
GOBP_REGULATION_OF_ACTIN_FILAMENT_BASED_PROCESS,GOBP_REGULATION_OF_ACTIN_FILAMENT_BASED_PROCESS,,354,0.36899486,1.3156757,0.0041958042,0.17916948,1.0,4368,"tags=31%, list=16%, signal=37%",
GOBP_REGULATION_OF_LYMPHOCYTE_MIGRATION,GOBP_REGULATION_OF_LYMPHOCYTE_MIGRATION,,64,0.4487662,1.3153896,0.07026144,0.17941517,1.0,3417,"tags=33%, list=12%, signal=37%",
GOBP_POSITIVE_REGULATION_OF_MEMBRANE_PERMEABILITY,GOBP_POSITIVE_REGULATION_OF_MEMBRANE_PERMEABILITY,,41,0.4903761,1.3152934,0.09484193,0.17945199,1.0,2420,"tags=34%, list=9%, signal=37%",
GOBP_CELLULAR_RESPONSE_TO_XENOBIOTIC_STIMULUS,GOBP_CELLULAR_RESPONSE_TO_XENOBIOTIC_STIMULUS,,145,0.40557945,1.3151087,0.049382716,0.17960705,1.0,4516,"tags=26%, list=16%, signal=30%",
GOBP_NEGATIVE_REGULATION_OF_PROTEIN_TYROSINE_KINASE_ACTIVITY,GOBP_NEGATIVE_REGULATION_OF_PROTEIN_TYROSINE_KINASE_ACTIVITY,,11,0.63608444,1.3149388,0.12454873,0.17972572,1.0,3604,"tags=36%, list=13%, signal=42%",
GOBP_RHO_PROTEIN_SIGNAL_TRANSDUCTION,GOBP_RHO_PROTEIN_SIGNAL_TRANSDUCTION,,133,0.40726104,1.3148056,0.03939394,0.17980643,1.0,5381,"tags=40%, list=19%, signal=49%",
GOBP_NEGATIVE_REGULATION_OF_GENE_SILENCING_BY_REGULATORY_NCRNA,GOBP_NEGATIVE_REGULATION_OF_GENE_SILENCING_BY_REGULATORY_NCRNA,,17,0.57787675,1.3141387,0.1482821,0.18050806,1.0,4924,"tags=47%, list=18%, signal=57%",
GOBP_SULFUR_COMPOUND_CATABOLIC_PROCESS,GOBP_SULFUR_COMPOUND_CATABOLIC_PROCESS,,36,0.48807073,1.3139856,0.10576923,0.18061306,1.0,4217,"tags=33%, list=15%, signal=39%",
GOBP_REGULATION_OF_T_CELL_MIGRATION,GOBP_REGULATION_OF_T_CELL_MIGRATION,,45,0.47249478,1.3139611,0.071428575,0.18056852,1.0,3417,"tags=38%, list=12%, signal=43%",
GOBP_NEGATIVE_REGULATION_OF_PROGRAMMED_NECROTIC_CELL_DEATH,GOBP_NEGATIVE_REGULATION_OF_PROGRAMMED_NECROTIC_CELL_DEATH,,20,0.5607925,1.313942,0.12969925,0.18052183,1.0,3225,"tags=40%, list=12%, signal=45%",
GOBP_INDOLE_CONTAINING_COMPOUND_CATABOLIC_PROCESS,GOBP_INDOLE_CONTAINING_COMPOUND_CATABOLIC_PROCESS,,10,0.65586823,1.3138862,0.14210527,0.18051511,1.0,321,"tags=20%, list=1%, signal=20%",
GOBP_CERAMIDE_TRANSPORT,GOBP_CERAMIDE_TRANSPORT,,18,0.56673515,1.3138514,0.12321428,0.18048681,1.0,4104,"tags=44%, list=15%, signal=52%",
GOBP_NEGATIVE_REGULATION_OF_RHO_PROTEIN_SIGNAL_TRANSDUCTION,GOBP_NEGATIVE_REGULATION_OF_RHO_PROTEIN_SIGNAL_TRANSDUCTION,,20,0.5545119,1.3135568,0.12984823,0.18078047,1.0,3755,"tags=35%, list=14%, signal=40%",
GOBP_TORC1_SIGNALING,GOBP_TORC1_SIGNALING,,113,0.41373363,1.3133998,0.04976672,0.18088268,1.0,3547,"tags=29%, list=13%, signal=33%",
GOBP_PEPTIDE_CROSS_LINKING,GOBP_PEPTIDE_CROSS_LINKING,,13,0.6117458,1.3132356,0.13644524,0.18101019,1.0,5724,"tags=54%, list=21%, signal=68%",
REACTOME_TELOMERE_MAINTENANCE,REACTOME_TELOMERE_MAINTENANCE,,102,0.41760865,1.3130691,0.050161812,0.18113191,1.0,3834,"tags=25%, list=14%, signal=29%",
GOBP_TIGHT_JUNCTION_ORGANIZATION,GOBP_TIGHT_JUNCTION_ORGANIZATION,,66,0.44608435,1.3127782,0.08108108,0.18140182,1.0,5594,"tags=36%, list=20%, signal=45%",
GOBP_PROSTANOID_BIOSYNTHETIC_PROCESS,GOBP_PROSTANOID_BIOSYNTHETIC_PROCESS,,29,0.5146782,1.3122965,0.12456747,0.18185163,1.0,3503,"tags=17%, list=13%, signal=20%",
REACTOME_OPIOID_SIGNALLING,REACTOME_OPIOID_SIGNALLING,,80,0.43202436,1.3121967,0.06260032,0.18189768,1.0,4040,"tags=34%, list=15%, signal=39%",
GOBP_NEURON_INTRINSIC_APOPTOTIC_SIGNALING_PATHWAY_IN_RESPONSE_TO_OXIDATIVE_STRESS,GOBP_NEURON_INTRINSIC_APOPTOTIC_SIGNALING_PATHWAY_IN_RESPONSE_TO_OXIDATIVE_STRESS,,22,0.55051756,1.3120383,0.12921348,0.18199843,1.0,4966,"tags=50%, list=18%, signal=61%",
GOBP_REGULATION_OF_ACYL_COA_BIOSYNTHETIC_PROCESS,GOBP_REGULATION_OF_ACYL_COA_BIOSYNTHETIC_PROCESS,,11,0.62965816,1.3114969,0.14669052,0.18254629,1.0,929,"tags=27%, list=3%, signal=28%",
GOBP_CALCIUM_ION_REGULATED_EXOCYTOSIS,GOBP_CALCIUM_ION_REGULATED_EXOCYTOSIS,,56,0.45346424,1.3111142,0.078947365,0.18295282,1.0,5515,"tags=34%, list=20%, signal=42%",
GOBP_PROTEIN_K48_LINKED_UBIQUITINATION,GOBP_PROTEIN_K48_LINKED_UBIQUITINATION,,103,0.41711256,1.3110951,0.050535988,0.18290645,1.0,6101,"tags=38%, list=22%, signal=48%",
GOBP_NON_LYTIC_VIRAL_RELEASE,GOBP_NON_LYTIC_VIRAL_RELEASE,,15,0.5960212,1.3109922,0.12068965,0.1829457,1.0,4476,"tags=73%, list=16%, signal=87%",
GOBP_NUCLEAR_TRANSPORT,GOBP_NUCLEAR_TRANSPORT,,324,0.3710158,1.3107057,0.009186352,0.18319686,1.0,4943,"tags=28%, list=18%, signal=34%",
REACTOME_GABA_RECEPTOR_ACTIVATION,REACTOME_GABA_RECEPTOR_ACTIVATION,,35,0.49785596,1.3102224,0.103270225,0.18368901,1.0,4631,"tags=46%, list=17%, signal=55%",
GOBP_POSITIVE_REGULATION_OF_SYNAPTIC_VESICLE_FUSION_TO_PRESYNAPTIC_ACTIVE_ZONE_MEMBRANE,GOBP_POSITIVE_REGULATION_OF_SYNAPTIC_VESICLE_FUSION_TO_PRESYNAPTIC_ACTIVE_ZONE_MEMBRANE,,12,0.6224282,1.3100286,0.14886165,0.18383566,1.0,5324,"tags=42%, list=19%, signal=52%",
GOBP_MEMBRANE_RAFT_ASSEMBLY,GOBP_MEMBRANE_RAFT_ASSEMBLY,,11,0.62722695,1.3100034,0.15167548,0.1837938,1.0,4430,"tags=73%, list=16%, signal=87%",
REACTOME_REGULATION_OF_SIGNALING_BY_CBL,REACTOME_REGULATION_OF_SIGNALING_BY_CBL,,22,0.5452437,1.3099575,0.12280702,0.18377735,1.0,4192,"tags=50%, list=15%, signal=59%",
GOBP_REGULATION_OF_SPROUTING_ANGIOGENESIS,GOBP_REGULATION_OF_SPROUTING_ANGIOGENESIS,,40,0.4853312,1.3098685,0.09747899,0.18380572,1.0,4850,"tags=43%, list=17%, signal=51%",
GOBP_REGULATION_OF_PEPTIDE_TRANSPORT,GOBP_REGULATION_OF_PEPTIDE_TRANSPORT,,167,0.3949591,1.3095856,0.029717682,0.18404774,1.0,4287,"tags=28%, list=15%, signal=32%",
GOBP_HIGH_DENSITY_LIPOPROTEIN_PARTICLE_REMODELING,GOBP_HIGH_DENSITY_LIPOPROTEIN_PARTICLE_REMODELING,,13,0.60633135,1.3093545,0.123674914,0.18424621,1.0,5633,"tags=38%, list=20%, signal=48%",
REACTOME_MYOGENESIS,REACTOME_MYOGENESIS,,24,0.5357461,1.3093184,0.110707805,0.18421045,1.0,2511,"tags=29%, list=9%, signal=32%",
GOBP_NEGATIVE_REGULATION_OF_LOW_DENSITY_LIPOPROTEIN_PARTICLE_CLEARANCE,GOBP_NEGATIVE_REGULATION_OF_LOW_DENSITY_LIPOPROTEIN_PARTICLE_CLEARANCE,,11,0.6323464,1.3091576,0.15272728,0.18432315,1.0,3952,"tags=36%, list=14%, signal=42%",
GOBP_CELLULAR_RESPONSE_TO_CALCIUM_ION,GOBP_CELLULAR_RESPONSE_TO_CALCIUM_ION,,71,0.43518597,1.3090428,0.06771654,0.18438405,1.0,4153,"tags=28%, list=15%, signal=33%",
GOBP_POSITIVE_REGULATION_OF_CALCIUM_ION_DEPENDENT_EXOCYTOSIS,GOBP_POSITIVE_REGULATION_OF_CALCIUM_ION_DEPENDENT_EXOCYTOSIS,,15,0.5843303,1.3089693,0.13105924,0.18439297,1.0,5324,"tags=33%, list=19%, signal=41%",
GOBP_HEMOGLOBIN_METABOLIC_PROCESS,GOBP_HEMOGLOBIN_METABOLIC_PROCESS,,18,0.5724769,1.3086554,0.12714776,0.18469286,1.0,4966,"tags=50%, list=18%, signal=61%",
GOBP_OLIGOPEPTIDE_TRANSMEMBRANE_TRANSPORT,GOBP_OLIGOPEPTIDE_TRANSMEMBRANE_TRANSPORT,,14,0.600217,1.3086165,0.14018692,0.18465911,1.0,5262,"tags=50%, list=19%, signal=62%",
GOBP_POSITIVE_REGULATION_OF_NATURAL_KILLER_CELL_MEDIATED_CYTOTOXICITY,GOBP_POSITIVE_REGULATION_OF_NATURAL_KILLER_CELL_MEDIATED_CYTOTOXICITY,,30,0.50521404,1.3086103,0.11815068,0.1845911,1.0,1793,"tags=30%, list=6%, signal=32%",
GOBP_REGULATION_OF_PROTEIN_LOCALIZATION_TO_NUCLEUS,GOBP_REGULATION_OF_PROTEIN_LOCALIZATION_TO_NUCLEUS,,141,0.3999318,1.3085438,0.036809817,0.1846051,1.0,5229,"tags=30%, list=19%, signal=37%",
REACTOME_NUCLEOTIDE_SALVAGE,REACTOME_NUCLEOTIDE_SALVAGE,,23,0.5511477,1.308068,0.118136436,0.18509218,1.0,3802,"tags=35%, list=14%, signal=40%",
GOBP_MIDBRAIN_DEVELOPMENT,GOBP_MIDBRAIN_DEVELOPMENT,,77,0.43213937,1.3078324,0.06331169,0.18529072,1.0,4760,"tags=38%, list=17%, signal=45%",
GOBP_RECEPTOR_LOCALIZATION_TO_SYNAPSE,GOBP_RECEPTOR_LOCALIZATION_TO_SYNAPSE,,71,0.43800908,1.3076862,0.078464106,0.18540132,1.0,5807,"tags=37%, list=21%, signal=46%",
GOBP_DENDRITIC_CELL_MIGRATION,GOBP_DENDRITIC_CELL_MIGRATION,,33,0.49228057,1.3074709,0.10207613,0.18557917,1.0,3411,"tags=48%, list=12%, signal=55%",
GOBP_COLUMNAR_CUBOIDAL_EPITHELIAL_CELL_DEVELOPMENT,GOBP_COLUMNAR_CUBOIDAL_EPITHELIAL_CELL_DEVELOPMENT,,17,0.5741006,1.3071882,0.14234234,0.18584856,1.0,6956,"tags=65%, list=25%, signal=86%",
GOBP_MALE_SEX_DIFFERENTIATION,GOBP_MALE_SEX_DIFFERENTIATION,,126,0.40584722,1.3071737,0.036036037,0.1857906,1.0,6335,"tags=38%, list=23%, signal=49%",
GOBP_AMINO_ACID_BETAINE_METABOLIC_PROCESS,GOBP_AMINO_ACID_BETAINE_METABOLIC_PROCESS,,15,0.60170066,1.3069845,0.12874779,0.18593375,1.0,4244,"tags=33%, list=15%, signal=39%",
REACTOME_THE_ROLE_OF_NEF_IN_HIV_1_REPLICATION_AND_DISEASE_PATHOGENESIS,REACTOME_THE_ROLE_OF_NEF_IN_HIV_1_REPLICATION_AND_DISEASE_PATHOGENESIS,,28,0.5093128,1.3069777,0.117132865,0.18587224,1.0,3095,"tags=43%, list=11%, signal=48%",
GOBP_MRNA_TRANSCRIPTION,GOBP_MRNA_TRANSCRIPTION,,51,0.46810699,1.3069398,0.105785124,0.18583353,1.0,4934,"tags=33%, list=18%, signal=40%",
GOBP_REGULATION_OF_MACROPHAGE_MIGRATION,GOBP_REGULATION_OF_MACROPHAGE_MIGRATION,,40,0.4843178,1.3068565,0.08361204,0.18586023,1.0,2775,"tags=38%, list=10%, signal=42%",
GOBP_NEGATIVE_REGULATION_OF_TOLL_LIKE_RECEPTOR_SIGNALING_PATHWAY,GOBP_NEGATIVE_REGULATION_OF_TOLL_LIKE_RECEPTOR_SIGNALING_PATHWAY,,19,0.5694353,1.3067092,0.12765957,0.18597154,1.0,2430,"tags=42%, list=9%, signal=46%",
GOBP_RESPONSE_TO_PROGESTERONE,GOBP_RESPONSE_TO_PROGESTERONE,,28,0.5167585,1.3065902,0.110526316,0.18602912,1.0,4664,"tags=36%, list=17%, signal=43%",
REACTOME_FORMATION_OF_THE_BETA_CATENIN_TCF_TRANSACTIVATING_COMPLEX,REACTOME_FORMATION_OF_THE_BETA_CATENIN_TCF_TRANSACTIVATING_COMPLEX,,79,0.4284804,1.3065778,0.048231512,0.18597029,1.0,4761,"tags=42%, list=17%, signal=50%",
GOBP_L_ASPARTATE_TRANSMEMBRANE_TRANSPORT,GOBP_L_ASPARTATE_TRANSMEMBRANE_TRANSPORT,,10,0.6569943,1.3064921,0.14440434,0.18600278,1.0,3637,"tags=30%, list=13%, signal=35%",
GOBP_REGULATION_OF_MEMBRANE_REPOLARIZATION,GOBP_REGULATION_OF_MEMBRANE_REPOLARIZATION,,29,0.5234947,1.3064896,0.10472973,0.18593165,1.0,4494,"tags=34%, list=16%, signal=41%",
GOBP_NEGATIVE_REGULATION_OF_NEURON_APOPTOTIC_PROCESS,GOBP_NEGATIVE_REGULATION_OF_NEURON_APOPTOTIC_PROCESS,,141,0.4011581,1.3060205,0.05381166,0.18642081,1.0,5053,"tags=29%, list=18%, signal=35%",
GOBP_PURINE_NUCLEOSIDE_BISPHOSPHATE_METABOLIC_PROCESS,GOBP_PURINE_NUCLEOSIDE_BISPHOSPHATE_METABOLIC_PROCESS,,14,0.60039115,1.3059005,0.11512028,0.18648753,1.0,4055,"tags=36%, list=15%, signal=42%",
GOBP_REGULATION_OF_OSTEOCLAST_DEVELOPMENT,GOBP_REGULATION_OF_OSTEOCLAST_DEVELOPMENT,,11,0.6462632,1.3058592,0.15185185,0.18647388,1.0,3737,"tags=45%, list=13%, signal=53%",
GOBP_CATECHOLAMINE_TRANSPORT,GOBP_CATECHOLAMINE_TRANSPORT,,44,0.47118297,1.3058374,0.077279754,0.18643138,1.0,4302,"tags=32%, list=16%, signal=38%",
REACTOME_APOPTOTIC_CLEAVAGE_OF_CELLULAR_PROTEINS,REACTOME_APOPTOTIC_CLEAVAGE_OF_CELLULAR_PROTEINS,,36,0.48326808,1.3057774,0.10963455,0.18642238,1.0,5041,"tags=36%, list=18%, signal=44%",
GOBP_REGULATION_OF_MACROPHAGE_CHEMOTAXIS,GOBP_REGULATION_OF_MACROPHAGE_CHEMOTAXIS,,28,0.5204014,1.3056947,0.08896797,0.18644924,1.0,2527,"tags=36%, list=9%, signal=39%",
REACTOME_BETA_CATENIN_PHOSPHORYLATION_CASCADE,REACTOME_BETA_CATENIN_PHOSPHORYLATION_CASCADE,,17,0.5651359,1.3056917,0.13718411,0.18638068,1.0,4459,"tags=47%, list=16%, signal=56%",
REACTOME_SEALING_OF_THE_NUCLEAR_ENVELOPE_NE_BY_ESCRT_III,REACTOME_SEALING_OF_THE_NUCLEAR_ENVELOPE_NE_BY_ESCRT_III,,31,0.49731895,1.3052126,0.10452962,0.18687634,1.0,5213,"tags=39%, list=19%, signal=48%",
GOBP_CRD_MEDIATED_MRNA_STABILIZATION,GOBP_CRD_MEDIATED_MRNA_STABILIZATION,,10,0.63951606,1.3050494,0.15647481,0.18701497,1.0,5684,"tags=40%, list=20%, signal=50%",
GOBP_OPSONIZATION,GOBP_OPSONIZATION,,16,0.5904821,1.305019,0.14756945,0.1869766,1.0,2026,"tags=25%, list=7%, signal=27%",
GOBP_CELL_COMMUNICATION_INVOLVED_IN_CARDIAC_CONDUCTION,GOBP_CELL_COMMUNICATION_INVOLVED_IN_CARDIAC_CONDUCTION,,41,0.47369555,1.3048238,0.104166664,0.18712127,1.0,5230,"tags=37%, list=19%, signal=45%",
REACTOME_EPHRIN_SIGNALING,REACTOME_EPHRIN_SIGNALING,,18,0.5746891,1.3046466,0.12432432,0.18725,1.0,1119,"tags=22%, list=4%, signal=23%",
GOBP_NEGATIVE_REGULATION_OF_RECEPTOR_INTERNALIZATION,GOBP_NEGATIVE_REGULATION_OF_RECEPTOR_INTERNALIZATION,,16,0.59390455,1.3046101,0.14010508,0.18721142,1.0,3676,"tags=56%, list=13%, signal=65%",
REACTOME_SYNTHESIS_OF_VERY_LONG_CHAIN_FATTY_ACYL_COAS,REACTOME_SYNTHESIS_OF_VERY_LONG_CHAIN_FATTY_ACYL_COAS,,22,0.5330098,1.3044045,0.13184932,0.18737265,1.0,3301,"tags=32%, list=12%, signal=36%",
GOBP_POSITIVE_REGULATION_OF_CYTOSOLIC_CALCIUM_ION_CONCENTRATION,GOBP_POSITIVE_REGULATION_OF_CYTOSOLIC_CALCIUM_ION_CONCENTRATION,,132,0.4061628,1.3038404,0.057184752,0.18799594,1.0,2775,"tags=23%, list=10%, signal=25%",
GOBP_REGULATION_OF_CARBOHYDRATE_BIOSYNTHETIC_PROCESS,GOBP_REGULATION_OF_CARBOHYDRATE_BIOSYNTHETIC_PROCESS,,86,0.4241766,1.3036667,0.06269593,0.18812361,1.0,4302,"tags=33%, list=16%, signal=38%",
GOBP_MUSCLE_ADAPTATION,GOBP_MUSCLE_ADAPTATION,,92,0.4229534,1.3035016,0.056692913,0.18823205,1.0,3874,"tags=28%, list=14%, signal=33%",
REACTOME_PYRIMIDINE_CATABOLISM,REACTOME_PYRIMIDINE_CATABOLISM,,10,0.6514399,1.303483,0.13680154,0.18818094,1.0,3381,"tags=60%, list=12%, signal=68%",
GOBP_NEGATIVE_REGULATION_OF_SYSTEMIC_ARTERIAL_BLOOD_PRESSURE,GOBP_NEGATIVE_REGULATION_OF_SYSTEMIC_ARTERIAL_BLOOD_PRESSURE,,15,0.5965376,1.3024461,0.125,0.1893548,1.0,3953,"tags=27%, list=14%, signal=31%",
GOBP_RESPONSE_TO_COLD,GOBP_RESPONSE_TO_COLD,,40,0.4811765,1.3014259,0.09457093,0.19050324,1.0,5354,"tags=35%, list=19%, signal=43%",
GOBP_HUMORAL_IMMUNE_RESPONSE_MEDIATED_BY_CIRCULATING_IMMUNOGLOBULIN,GOBP_HUMORAL_IMMUNE_RESPONSE_MEDIATED_BY_CIRCULATING_IMMUNOGLOBULIN,,44,0.47007334,1.3010756,0.09074074,0.19083026,1.0,2293,"tags=30%, list=8%, signal=32%",
GOBP_ORGANELLE_DISASSEMBLY,GOBP_ORGANELLE_DISASSEMBLY,,75,0.4377662,1.3009282,0.068580545,0.19092679,1.0,4006,"tags=24%, list=14%, signal=28%",
REACTOME_PKR_MEDIATED_SIGNALING,REACTOME_PKR_MEDIATED_SIGNALING,,75,0.430327,1.3009057,0.052892562,0.19087736,1.0,5493,"tags=33%, list=20%, signal=41%",
GOBP_OSSIFICATION,GOBP_OSSIFICATION,,360,0.3638472,1.3008193,0.011464968,0.19091421,1.0,4966,"tags=30%, list=18%, signal=36%",
GOBP_EMBRYONIC_PLACENTA_DEVELOPMENT,GOBP_EMBRYONIC_PLACENTA_DEVELOPMENT,,76,0.4290659,1.3007224,0.061417323,0.19096111,1.0,5139,"tags=38%, list=19%, signal=47%",
REACTOME_ACETYLCHOLINE_REGULATES_INSULIN_SECRETION,REACTOME_ACETYLCHOLINE_REGULATES_INSULIN_SECRETION,,10,0.64032775,1.300687,0.15180266,0.19093208,1.0,5425,"tags=50%, list=20%, signal=62%",
GOBP_POSITIVE_REGULATION_OF_PROTEIN_LOCALIZATION_TO_PLASMA_MEMBRANE,GOBP_POSITIVE_REGULATION_OF_PROTEIN_LOCALIZATION_TO_PLASMA_MEMBRANE,,58,0.44860673,1.3004285,0.0777027,0.19118227,1.0,3356,"tags=26%, list=12%, signal=29%",
GOBP_POSITIVE_REGULATION_OF_HIPPO_SIGNALING,GOBP_POSITIVE_REGULATION_OF_HIPPO_SIGNALING,,14,0.59681714,1.3003985,0.13405797,0.1911373,1.0,1614,"tags=21%, list=6%, signal=23%",
GOBP_REGULATION_OF_DEFENSE_RESPONSE_TO_BACTERIUM,GOBP_REGULATION_OF_DEFENSE_RESPONSE_TO_BACTERIUM,,14,0.5942422,1.3003278,0.14594595,0.19115268,1.0,3178,"tags=50%, list=11%, signal=56%",
GOBP_BENZENE_CONTAINING_COMPOUND_METABOLIC_PROCESS,GOBP_BENZENE_CONTAINING_COMPOUND_METABOLIC_PROCESS,,20,0.55521435,1.2999362,0.14991182,0.19156532,1.0,1774,"tags=25%, list=6%, signal=27%",
GOBP_POSITIVE_REGULATION_OF_RECEPTOR_RECYCLING,GOBP_POSITIVE_REGULATION_OF_RECEPTOR_RECYCLING,,14,0.5926787,1.2997117,0.15315315,0.19175938,1.0,4302,"tags=57%, list=16%, signal=68%",
GOBP_MITOCHONDRIAL_FRAGMENTATION_INVOLVED_IN_APOPTOTIC_PROCESS,GOBP_MITOCHONDRIAL_FRAGMENTATION_INVOLVED_IN_APOPTOTIC_PROCESS,,10,0.63607895,1.2997088,0.1577061,0.19168788,1.0,4152,"tags=40%, list=15%, signal=47%",
REACTOME_GAP_JUNCTION_ASSEMBLY,REACTOME_GAP_JUNCTION_ASSEMBLY,,26,0.51970905,1.2993784,0.1273666,0.19202645,1.0,5869,"tags=31%, list=21%, signal=39%",
GOBP_TRANSPORT_OF_VIRUS,GOBP_TRANSPORT_OF_VIRUS,,10,0.6404947,1.2993591,0.15828678,0.19197725,1.0,2265,"tags=30%, list=8%, signal=33%",
GOBP_POSITIVE_REGULATION_OF_CD4_POSITIVE_ALPHA_BETA_T_CELL_ACTIVATION,GOBP_POSITIVE_REGULATION_OF_CD4_POSITIVE_ALPHA_BETA_T_CELL_ACTIVATION,,43,0.46914712,1.2992909,0.096610166,0.19198953,1.0,3421,"tags=37%, list=12%, signal=42%",
GOBP_REGULATION_OF_INSULIN_SECRETION,GOBP_REGULATION_OF_INSULIN_SECRETION,,139,0.399534,1.2992277,0.041538462,0.19200031,1.0,4287,"tags=28%, list=15%, signal=33%",
GOBP_POSITIVE_REGULATION_OF_HUMORAL_IMMUNE_RESPONSE,GOBP_POSITIVE_REGULATION_OF_HUMORAL_IMMUNE_RESPONSE,,16,0.58013856,1.2989976,0.14285715,0.19220206,1.0,3356,"tags=44%, list=12%, signal=50%",
GOBP_POSITIVE_REGULATION_OF_ALPHA_BETA_T_CELL_DIFFERENTIATION,GOBP_POSITIVE_REGULATION_OF_ALPHA_BETA_T_CELL_DIFFERENTIATION,,54,0.45407784,1.298956,0.09152542,0.19218448,1.0,3421,"tags=39%, list=12%, signal=44%",
GOBP_VENTRICULAR_CARDIAC_MUSCLE_CELL_DIFFERENTIATION,GOBP_VENTRICULAR_CARDIAC_MUSCLE_CELL_DIFFERENTIATION,,14,0.60112745,1.2988952,0.14821763,0.1921814,1.0,6573,"tags=43%, list=24%, signal=56%",
GOBP_POSITIVE_REGULATION_OF_STEROL_TRANSPORT,GOBP_POSITIVE_REGULATION_OF_STEROL_TRANSPORT,,30,0.5004634,1.2985613,0.12413793,0.19251817,1.0,4360,"tags=57%, list=16%, signal=67%",
GOBP_GROWTH_PLATE_CARTILAGE_DEVELOPMENT,GOBP_GROWTH_PLATE_CARTILAGE_DEVELOPMENT,,18,0.5604151,1.2985206,0.14028777,0.19249265,1.0,3786,"tags=44%, list=14%, signal=51%",
GOBP_RESPONSE_TO_ZINC_ION,GOBP_RESPONSE_TO_ZINC_ION,,36,0.48540115,1.2981488,0.117338,0.19287077,1.0,4829,"tags=50%, list=17%, signal=60%",
REACTOME_PLASMA_LIPOPROTEIN_REMODELING,REACTOME_PLASMA_LIPOPROTEIN_REMODELING,,25,0.5223108,1.29786,0.121107265,0.19315013,1.0,5350,"tags=40%, list=19%, signal=50%",
GOBP_PROTEIN_DEMANNOSYLATION,GOBP_PROTEIN_DEMANNOSYLATION,,15,0.5993687,1.2975951,0.14583333,0.19341956,1.0,5048,"tags=33%, list=18%, signal=41%",
REACTOME_PROTEIN_FOLDING,REACTOME_PROTEIN_FOLDING,,94,0.4190473,1.2972629,0.07290016,0.19376813,1.0,3550,"tags=22%, list=13%, signal=26%",
GOBP_NEGATIVE_REGULATION_OF_KINASE_ACTIVITY,GOBP_NEGATIVE_REGULATION_OF_KINASE_ACTIVITY,,73,0.42848223,1.2971356,0.07378336,0.19385295,1.0,4754,"tags=36%, list=17%, signal=43%",
GOBP_GLIAL_CELL_PROLIFERATION,GOBP_GLIAL_CELL_PROLIFERATION,,43,0.47347867,1.2971282,0.09897611,0.19378513,1.0,4426,"tags=28%, list=16%, signal=33%",
REACTOME_PLATELET_HOMEOSTASIS,REACTOME_PLATELET_HOMEOSTASIS,,76,0.42829707,1.2970916,0.066450566,0.19375485,1.0,3690,"tags=34%, list=13%, signal=39%",
GOBP_NEUTROPHIL_HOMEOSTASIS,GOBP_NEUTROPHIL_HOMEOSTASIS,,21,0.5461902,1.2966895,0.13111888,0.19418992,1.0,4652,"tags=48%, list=17%, signal=57%",
GOBP_POSITIVE_REGULATION_OF_MYELOID_LEUKOCYTE_DIFFERENTIATION,GOBP_POSITIVE_REGULATION_OF_MYELOID_LEUKOCYTE_DIFFERENTIATION,,56,0.450696,1.2963651,0.09298532,0.1945259,1.0,4397,"tags=34%, list=16%, signal=40%",
GOBP_REGULATION_OF_PROTEIN_DEPOLYMERIZATION,GOBP_REGULATION_OF_PROTEIN_DEPOLYMERIZATION,,93,0.41861367,1.2961808,0.06230032,0.19467682,1.0,5006,"tags=35%, list=18%, signal=43%",
REACTOME_BASE_EXCISION_REPAIR,REACTOME_BASE_EXCISION_REPAIR,,80,0.42654023,1.2961404,0.06969206,0.19465065,1.0,3413,"tags=25%, list=12%, signal=28%",
GOBP_BLEB_ASSEMBLY,GOBP_BLEB_ASSEMBLY,,10,0.6435564,1.2953804,0.13308688,0.19551983,1.0,5970,"tags=60%, list=22%, signal=76%",
REACTOME_COLLAGEN_BIOSYNTHESIS_AND_MODIFYING_ENZYMES,REACTOME_COLLAGEN_BIOSYNTHESIS_AND_MODIFYING_ENZYMES,,58,0.4535381,1.2953684,0.08688524,0.19545355,1.0,6151,"tags=41%, list=22%, signal=53%",
GOBP_REGULATION_OF_HYPERSENSITIVITY,GOBP_REGULATION_OF_HYPERSENSITIVITY,,11,0.6267728,1.2952135,0.15957446,0.19557202,1.0,1567,"tags=36%, list=6%, signal=39%",
GOBP_NEGATIVE_REGULATION_OF_MYOTUBE_DIFFERENTIATION,GOBP_NEGATIVE_REGULATION_OF_MYOTUBE_DIFFERENTIATION,,14,0.59749556,1.2950579,0.15140845,0.1956771,1.0,4480,"tags=36%, list=16%, signal=43%",
GOBP_PIGMENT_GRANULE_LOCALIZATION,GOBP_PIGMENT_GRANULE_LOCALIZATION,,24,0.52976376,1.2949746,0.13605443,0.19571112,1.0,925,"tags=21%, list=3%, signal=22%",
REACTOME_HOMOLOGY_DIRECTED_REPAIR,REACTOME_HOMOLOGY_DIRECTED_REPAIR,,134,0.39837518,1.2944896,0.039881833,0.19621687,1.0,3834,"tags=22%, list=14%, signal=26%",
GOBP_ETHER_LIPID_METABOLIC_PROCESS,GOBP_ETHER_LIPID_METABOLIC_PROCESS,,24,0.5242443,1.2941014,0.118353345,0.1966383,1.0,3762,"tags=42%, list=14%, signal=48%",
GOBP_C21_STEROID_HORMONE_METABOLIC_PROCESS,GOBP_C21_STEROID_HORMONE_METABOLIC_PROCESS,,31,0.50077593,1.2940563,0.11072056,0.19662204,1.0,3109,"tags=23%, list=11%, signal=25%",
REACTOME_NEUREXINS_AND_NEUROLIGINS,REACTOME_NEUREXINS_AND_NEUROLIGINS,,46,0.46333975,1.2940118,0.09105691,0.19660173,1.0,5451,"tags=37%, list=20%, signal=46%",
GOBP_NEGATIVE_REGULATION_OF_NUCLEOCYTOPLASMIC_TRANSPORT,GOBP_NEGATIVE_REGULATION_OF_NUCLEOCYTOPLASMIC_TRANSPORT,,30,0.5119135,1.2937889,0.11375212,0.19680463,1.0,5229,"tags=43%, list=19%, signal=53%",
GOBP_MYOFIBROBLAST_DIFFERENTIATION,GOBP_MYOFIBROBLAST_DIFFERENTIATION,,10,0.6304946,1.2937297,0.17540687,0.19681038,1.0,2790,"tags=40%, list=10%, signal=44%",
GOBP_NEGATIVE_REGULATION_OF_POST_TRANSCRIPTIONAL_GENE_SILENCING,GOBP_NEGATIVE_REGULATION_OF_POST_TRANSCRIPTIONAL_GENE_SILENCING,,14,0.58250767,1.2934508,0.15260324,0.19708882,1.0,4924,"tags=50%, list=18%, signal=61%",
GOBP_POSITIVE_REGULATION_OF_NEUROBLAST_PROLIFERATION,GOBP_POSITIVE_REGULATION_OF_NEUROBLAST_PROLIFERATION,,18,0.5604374,1.293404,0.14507772,0.19707854,1.0,4966,"tags=33%, list=18%, signal=41%",
GOBP_MELANOCYTE_DIFFERENTIATION,GOBP_MELANOCYTE_DIFFERENTIATION,,19,0.5601565,1.2932943,0.15162455,0.19714557,1.0,2159,"tags=32%, list=8%, signal=34%",
REACTOME_SYNTHESIS_OF_BILE_ACIDS_AND_BILE_SALTS_VIA_7ALPHA_HYDROXYCHOLESTEROL,REACTOME_SYNTHESIS_OF_BILE_ACIDS_AND_BILE_SALTS_VIA_7ALPHA_HYDROXYCHOLESTEROL,,19,0.55713505,1.293167,0.15061297,0.19723631,1.0,4664,"tags=42%, list=17%, signal=51%",
REACTOME_MITOTIC_METAPHASE_AND_ANAPHASE,REACTOME_MITOTIC_METAPHASE_AND_ANAPHASE,,221,0.37676793,1.2928984,0.022824537,0.19749983,1.0,5323,"tags=29%, list=19%, signal=36%",
REACTOME_DEVELOPMENTAL_LINEAGE_OF_MAMMARY_GLAND_MYOEPITHELIAL_CELLS,REACTOME_DEVELOPMENTAL_LINEAGE_OF_MAMMARY_GLAND_MYOEPITHELIAL_CELLS,,19,0.5551161,1.2920595,0.14634146,0.198444,1.0,3288,"tags=37%, list=12%, signal=42%",
REACTOME_PHASE_I_FUNCTIONALIZATION_OF_COMPOUNDS,REACTOME_PHASE_I_FUNCTIONALIZATION_OF_COMPOUNDS,,77,0.42853278,1.2917345,0.07666667,0.19877043,1.0,4664,"tags=30%, list=17%, signal=36%",
GOBP_RESPONSE_TO_FOOD,GOBP_RESPONSE_TO_FOOD,,40,0.4795081,1.2916268,0.09841828,0.19880986,1.0,4072,"tags=25%, list=15%, signal=29%",
GOBP_MEMBRANE_REPOLARIZATION_DURING_ACTION_POTENTIAL,GOBP_MEMBRANE_REPOLARIZATION_DURING_ACTION_POTENTIAL,,21,0.5418504,1.2914327,0.14700855,0.19896245,1.0,4494,"tags=43%, list=16%, signal=51%",
GOBP_EPIDERMIS_DEVELOPMENT,GOBP_EPIDERMIS_DEVELOPMENT,,283,0.37011996,1.2913853,0.015027323,0.1989418,1.0,5041,"tags=28%, list=18%, signal=33%",
REACTOME_JNK_C_JUN_KINASES_PHOSPHORYLATION_AND_ACTIVATION_MEDIATED_BY_ACTIVATED_HUMAN_TAK1,REACTOME_JNK_C_JUN_KINASES_PHOSPHORYLATION_AND_ACTIVATION_MEDIATED_BY_ACTIVATED_HUMAN_TAK1,,22,0.5249204,1.2912011,0.1358885,0.19909939,1.0,5221,"tags=36%, list=19%, signal=45%",
GOBP_POSITIVE_REGULATION_OF_GAMMA_DELTA_T_CELL_ACTIVATION,GOBP_POSITIVE_REGULATION_OF_GAMMA_DELTA_T_CELL_ACTIVATION,,11,0.6240402,1.2909343,0.15196998,0.19935331,1.0,1976,"tags=64%, list=7%, signal=68%",
REACTOME_SIGNALING_BY_NOTCH1_PEST_DOMAIN_MUTANTS_IN_CANCER,REACTOME_SIGNALING_BY_NOTCH1_PEST_DOMAIN_MUTANTS_IN_CANCER,,57,0.44601417,1.2908884,0.08688524,0.19932555,1.0,4578,"tags=32%, list=17%, signal=38%",
GOBP_POSITIVE_REGULATION_OF_NUCLEOTIDE_BIOSYNTHETIC_PROCESS,GOBP_POSITIVE_REGULATION_OF_NUCLEOTIDE_BIOSYNTHETIC_PROCESS,,14,0.59416175,1.2902321,0.14564832,0.20006685,1.0,3356,"tags=29%, list=12%, signal=32%",
GOBP_POSITIVE_REGULATION_OF_PROTEASOMAL_PROTEIN_CATABOLIC_PROCESS,GOBP_POSITIVE_REGULATION_OF_PROTEASOMAL_PROTEIN_CATABOLIC_PROCESS,,107,0.40567827,1.2901732,0.074418604,0.20005392,1.0,4515,"tags=30%, list=16%, signal=36%",
REACTOME_BILE_ACID_AND_BILE_SALT_METABOLISM,REACTOME_BILE_ACID_AND_BILE_SALT_METABOLISM,,34,0.48732227,1.2901156,0.11703958,0.20004526,1.0,4978,"tags=41%, list=18%, signal=50%",
GOBP_LIPID_EXPORT_FROM_CELL,GOBP_LIPID_EXPORT_FROM_CELL,,42,0.4750705,1.2900313,0.10641892,0.20007026,1.0,5003,"tags=33%, list=18%, signal=41%",
GOBP_ESTABLISHMENT_OF_PROTEIN_LOCALIZATION_TO_MITOCHONDRION,GOBP_ESTABLISHMENT_OF_PROTEIN_LOCALIZATION_TO_MITOCHONDRION,,128,0.40224454,1.2898957,0.04491018,0.20018144,1.0,4482,"tags=31%, list=16%, signal=37%",
GOBP_REGULATION_OF_CELLULAR_RESPONSE_TO_VASCULAR_ENDOTHELIAL_GROWTH_FACTOR_STIMULUS,GOBP_REGULATION_OF_CELLULAR_RESPONSE_TO_VASCULAR_ENDOTHELIAL_GROWTH_FACTOR_STIMULUS,,30,0.50310683,1.289798,0.1409396,0.20021683,1.0,5756,"tags=33%, list=21%, signal=42%",
GOBP_MITOTIC_METAPHASE_CHROMOSOME_ALIGNMENT,GOBP_MITOTIC_METAPHASE_CHROMOSOME_ALIGNMENT,,70,0.42855683,1.2897809,0.08443709,0.2001594,1.0,4538,"tags=33%, list=16%, signal=39%",
GOBP_CELLULAR_RESPONSE_TO_ETHER,GOBP_CELLULAR_RESPONSE_TO_ETHER,,10,0.6416556,1.2895751,0.16728625,0.20032856,1.0,2455,"tags=30%, list=9%, signal=33%",
GOBP_POSITIVE_REGULATION_OF_PROTEIN_IMPORT_INTO_NUCLEUS,GOBP_POSITIVE_REGULATION_OF_PROTEIN_IMPORT_INTO_NUCLEUS,,35,0.48990765,1.2894851,0.09682804,0.2003731,1.0,2455,"tags=23%, list=9%, signal=25%",
GOBP_TRIGLYCERIDE_CATABOLIC_PROCESS,GOBP_TRIGLYCERIDE_CATABOLIC_PROCESS,,21,0.5415941,1.2894326,0.13019891,0.2003531,1.0,2478,"tags=33%, list=9%, signal=37%",
GOBP_POSITIVE_REGULATION_OF_GROWTH,GOBP_POSITIVE_REGULATION_OF_GROWTH,,215,0.37742004,1.2893934,0.03380282,0.20032178,1.0,4609,"tags=28%, list=17%, signal=34%",
GOBP_GLUTATHIONE_TRANSPORT,GOBP_GLUTATHIONE_TRANSPORT,,10,0.6402197,1.2892512,0.16254418,0.2004387,1.0,5358,"tags=50%, list=19%, signal=62%",
GOBP_PYRUVATE_DECARBOXYLATION_TO_ACETYL_COA,GOBP_PYRUVATE_DECARBOXYLATION_TO_ACETYL_COA,,16,0.5717236,1.289158,0.14177693,0.20046546,1.0,929,"tags=19%, list=3%, signal=19%",
GOBP_REGULATION_OF_LAMELLIPODIUM_ASSEMBLY,GOBP_REGULATION_OF_LAMELLIPODIUM_ASSEMBLY,,36,0.47638455,1.2886778,0.114982575,0.20100819,1.0,3857,"tags=44%, list=14%, signal=52%",
GOBP_REGULATION_OF_PEPTIDYL_SERINE_PHOSPHORYLATION,GOBP_REGULATION_OF_PEPTIDYL_SERINE_PHOSPHORYLATION,,30,0.51231176,1.2885317,0.13111888,0.20111166,1.0,5357,"tags=37%, list=19%, signal=45%",
GOBP_POSITIVE_REGULATION_OF_T_CELL_PROLIFERATION,GOBP_POSITIVE_REGULATION_OF_T_CELL_PROLIFERATION,,99,0.40957883,1.2879274,0.04976672,0.20178798,1.0,3476,"tags=36%, list=13%, signal=41%",
REACTOME_REGULATION_OF_ENDOGENOUS_RETROELEMENTS_BY_KRAB_ZFP_PROTEINS,REACTOME_REGULATION_OF_ENDOGENOUS_RETROELEMENTS_BY_KRAB_ZFP_PROTEINS,,92,0.41651732,1.2873793,0.06864274,0.20239766,1.0,3558,"tags=25%, list=13%, signal=29%",
GOBP_NUCLEOSIDE_PHOSPHATE_BIOSYNTHETIC_PROCESS,GOBP_NUCLEOSIDE_PHOSPHATE_BIOSYNTHETIC_PROCESS,,312,0.36596963,1.287342,0.017881706,0.20237046,1.0,5398,"tags=26%, list=19%, signal=32%",
GOBP_PIGMENT_GRANULE_ORGANIZATION,GOBP_PIGMENT_GRANULE_ORGANIZATION,,39,0.48137128,1.2870305,0.13582343,0.20269491,1.0,5407,"tags=49%, list=19%, signal=60%",
GOBP_REGULATION_OF_TYPE_2_MITOPHAGY,GOBP_REGULATION_OF_TYPE_2_MITOPHAGY,,13,0.60961264,1.2865647,0.15539305,0.20317845,1.0,2345,"tags=31%, list=8%, signal=34%",
GOBP_ENDOCRINE_HORMONE_SECRETION,GOBP_ENDOCRINE_HORMONE_SECRETION,,45,0.4606415,1.2862079,0.09683099,0.20355347,1.0,2574,"tags=24%, list=9%, signal=27%",
REACTOME_TYPE_I_HEMIDESMOSOME_ASSEMBLY,REACTOME_TYPE_I_HEMIDESMOSOME_ASSEMBLY,,10,0.63001597,1.2861096,0.16123189,0.20360014,1.0,5349,"tags=50%, list=19%, signal=62%",
GOBP_XENOBIOTIC_TRANSPORT,GOBP_XENOBIOTIC_TRANSPORT,,44,0.46790937,1.2857829,0.11037891,0.20392796,1.0,5358,"tags=43%, list=19%, signal=53%",
GOBP_LAYER_FORMATION_IN_CEREBRAL_CORTEX,GOBP_LAYER_FORMATION_IN_CEREBRAL_CORTEX,,15,0.5886644,1.2857362,0.16753927,0.20391048,1.0,5724,"tags=60%, list=21%, signal=76%",
GOBP_T_CELL_DIFFERENTIATION,GOBP_T_CELL_DIFFERENTIATION,,327,0.3623326,1.2854667,0.014844804,0.20418538,1.0,3287,"tags=29%, list=12%, signal=33%",
GOBP_PANCREATIC_JUICE_SECRETION,GOBP_PANCREATIC_JUICE_SECRETION,,10,0.6400731,1.2853158,0.17120622,0.20429778,1.0,2602,"tags=40%, list=9%, signal=44%",
GOBP_NEGATIVE_REGULATION_OF_DNA_BINDING_TRANSCRIPTION_FACTOR_ACTIVITY,GOBP_NEGATIVE_REGULATION_OF_DNA_BINDING_TRANSCRIPTION_FACTOR_ACTIVITY,,60,0.44189867,1.2848939,0.10194175,0.20472416,1.0,3178,"tags=32%, list=11%, signal=36%",
REACTOME_ONCOGENE_INDUCED_SENESCENCE,REACTOME_ONCOGENE_INDUCED_SENESCENCE,,33,0.4936217,1.2845608,0.11340206,0.20505413,1.0,5833,"tags=58%, list=21%, signal=73%",
GOBP_SYNAPTIC_VESICLE_BUDDING,GOBP_SYNAPTIC_VESICLE_BUDDING,,12,0.61141896,1.28443,0.17948718,0.20514417,1.0,6108,"tags=75%, list=22%, signal=96%",
GOBP_ENDOTHELIAL_CELL_APOPTOTIC_PROCESS,GOBP_ENDOTHELIAL_CELL_APOPTOTIC_PROCESS,,57,0.4505803,1.2840488,0.08674304,0.2055603,1.0,3133,"tags=21%, list=11%, signal=24%",
REACTOME_NEF_MEDIATES_DOWN_MODULATION_OF_CELL_SURFACE_RECEPTORS_BY_RECRUITING_THEM_TO_CLATHRIN_ADAPTERS,REACTOME_NEF_MEDIATES_DOWN_MODULATION_OF_CELL_SURFACE_RECEPTORS_BY_RECRUITING_THEM_TO_CLATHRIN_ADAPTERS,,21,0.536591,1.2838645,0.16448598,0.20570558,1.0,2541,"tags=43%, list=9%, signal=47%",
GOBP_PROTEIN_NEDDYLATION,GOBP_PROTEIN_NEDDYLATION,,25,0.5238597,1.283642,0.15582192,0.20590161,1.0,4966,"tags=44%, list=18%, signal=54%",
REACTOME_NFE2L2_REGULATING_TUMORIGENIC_GENES,REACTOME_NFE2L2_REGULATING_TUMORIGENIC_GENES,,11,0.6160867,1.2836356,0.19243987,0.2058318,1.0,471,"tags=18%, list=2%, signal=18%",
GOBP_IMPORT_INTO_NUCLEUS,GOBP_IMPORT_INTO_NUCLEUS,,167,0.38138387,1.2827566,0.04054054,0.20685403,1.0,4516,"tags=28%, list=16%, signal=33%",
GOBP_HEMATOPOIETIC_STEM_CELL_MIGRATION,GOBP_HEMATOPOIETIC_STEM_CELL_MIGRATION,,10,0.6362394,1.2826308,0.16487455,0.20692883,1.0,3404,"tags=50%, list=12%, signal=57%",
GOBP_L_GLUTAMATE_IMPORT_ACROSS_PLASMA_MEMBRANE,GOBP_L_GLUTAMATE_IMPORT_ACROSS_PLASMA_MEMBRANE,,16,0.5801408,1.2823353,0.14751287,0.2072329,1.0,4652,"tags=31%, list=17%, signal=38%",
GOBP_DENDRITIC_CELL_ANTIGEN_PROCESSING_AND_PRESENTATION,GOBP_DENDRITIC_CELL_ANTIGEN_PROCESSING_AND_PRESENTATION,,14,0.58402896,1.282319,0.17595819,0.207176,1.0,2009,"tags=36%, list=7%, signal=38%",
GOBP_NEGATIVE_REGULATION_OF_MACROPHAGE_ACTIVATION,GOBP_NEGATIVE_REGULATION_OF_MACROPHAGE_ACTIVATION,,14,0.5738571,1.2822343,0.15607986,0.2072025,1.0,2602,"tags=50%, list=9%, signal=55%",
GOBP_REGULATION_OF_TRANS_SYNAPTIC_SIGNALING,GOBP_REGULATION_OF_TRANS_SYNAPTIC_SIGNALING,,427,0.355666,1.2822168,0.011842106,0.2071471,1.0,4964,"tags=27%, list=18%, signal=33%",
GOBP_REGULATION_OF_PROTEIN_CATABOLIC_PROCESS_IN_THE_VACUOLE,GOBP_REGULATION_OF_PROTEIN_CATABOLIC_PROCESS_IN_THE_VACUOLE,,13,0.5982359,1.2820302,0.16880734,0.20730975,1.0,3767,"tags=46%, list=14%, signal=53%",
GOBP_REGULATION_OF_INTRACELLULAR_MRNA_LOCALIZATION,GOBP_REGULATION_OF_INTRACELLULAR_MRNA_LOCALIZATION,,10,0.62822026,1.2818016,0.18245614,0.20751701,1.0,4197,"tags=40%, list=15%, signal=47%",
GOBP_LONG_CHAIN_FATTY_ACID_IMPORT_ACROSS_PLASMA_MEMBRANE,GOBP_LONG_CHAIN_FATTY_ACID_IMPORT_ACROSS_PLASMA_MEMBRANE,,10,0.62095094,1.2815905,0.17367458,0.20770957,1.0,4704,"tags=50%, list=17%, signal=60%",
REACTOME_SYNTHESIS_OF_PIPS_AT_THE_PLASMA_MEMBRANE,REACTOME_SYNTHESIS_OF_PIPS_AT_THE_PLASMA_MEMBRANE,,53,0.45094234,1.2809569,0.118421055,0.2084333,1.0,3502,"tags=30%, list=13%, signal=34%",
GOBP_RESPONSE_TO_NITROSATIVE_STRESS,GOBP_RESPONSE_TO_NITROSATIVE_STRESS,,10,0.6261044,1.2805386,0.17572464,0.2088877,1.0,3359,"tags=40%, list=12%, signal=45%",
GOBP_VASCULAR_ASSOCIATED_SMOOTH_MUSCLE_CELL_APOPTOTIC_PROCESS,GOBP_VASCULAR_ASSOCIATED_SMOOTH_MUSCLE_CELL_APOPTOTIC_PROCESS,,11,0.62401843,1.2798738,0.18478261,0.20970234,1.0,4934,"tags=45%, list=18%, signal=55%",
GOBP_CGAS_STING_SIGNALING_PATHWAY,GOBP_CGAS_STING_SIGNALING_PATHWAY,,27,0.5062885,1.2792751,0.11564626,0.21035096,1.0,4185,"tags=41%, list=15%, signal=48%",
GOBP_SKELETAL_MUSCLE_CELL_PROLIFERATION,GOBP_SKELETAL_MUSCLE_CELL_PROLIFERATION,,16,0.56949174,1.2787374,0.15647481,0.21098106,1.0,3563,"tags=31%, list=13%, signal=36%",
GOBP_REGULATION_OF_OLIGODENDROCYTE_DIFFERENTIATION,GOBP_REGULATION_OF_OLIGODENDROCYTE_DIFFERENTIATION,,30,0.4924008,1.2777417,0.12678571,0.21222715,1.0,5920,"tags=43%, list=21%, signal=55%",
GOBP_ESTABLISHMENT_OF_PIGMENT_GRANULE_LOCALIZATION,GOBP_ESTABLISHMENT_OF_PIGMENT_GRANULE_LOCALIZATION,,22,0.5312164,1.2775097,0.14157706,0.21244882,1.0,925,"tags=23%, list=3%, signal=23%",
GOBP_NEGATIVE_REGULATION_OF_INFLAMMASOME_MEDIATED_SIGNALING_PATHWAY,GOBP_NEGATIVE_REGULATION_OF_INFLAMMASOME_MEDIATED_SIGNALING_PATHWAY,,19,0.5469076,1.2771808,0.15780142,0.21279483,1.0,4144,"tags=42%, list=15%, signal=49%",
GOBP_POSITIVE_REGULATION_OF_PROTEIN_UBIQUITINATION,GOBP_POSITIVE_REGULATION_OF_PROTEIN_UBIQUITINATION,,101,0.40238503,1.2770563,0.07097792,0.2128721,1.0,4480,"tags=28%, list=16%, signal=33%",
GOBP_MONOSACCHARIDE_BIOSYNTHETIC_PROCESS,GOBP_MONOSACCHARIDE_BIOSYNTHETIC_PROCESS,,87,0.4169192,1.2763789,0.07097792,0.21367092,1.0,3704,"tags=29%, list=13%, signal=33%",
GOBP_OLIGODENDROCYTE_DIFFERENTIATION,GOBP_OLIGODENDROCYTE_DIFFERENTIATION,,85,0.41506433,1.2763643,0.07154213,0.2136084,1.0,4459,"tags=27%, list=16%, signal=32%",
GOBP_EMBRYONIC_PLACENTA_MORPHOGENESIS,GOBP_EMBRYONIC_PLACENTA_MORPHOGENESIS,,23,0.5202721,1.276299,0.13402061,0.21361701,1.0,4716,"tags=52%, list=17%, signal=63%",
GOBP_NUCLEOBASE_CONTAINING_SMALL_MOLECULE_CATABOLIC_PROCESS,GOBP_NUCLEOBASE_CONTAINING_SMALL_MOLECULE_CATABOLIC_PROCESS,,16,0.5650486,1.2762383,0.1732852,0.21361665,1.0,3287,"tags=31%, list=12%, signal=35%",
GOBP_REGULATION_OF_ER_TO_GOLGI_VESICLE_MEDIATED_TRANSPORT,GOBP_REGULATION_OF_ER_TO_GOLGI_VESICLE_MEDIATED_TRANSPORT,,21,0.5335268,1.2760183,0.16727273,0.21383081,1.0,6182,"tags=43%, list=22%, signal=55%",
GOBP_RESPONSE_TO_INTERLEUKIN_2,GOBP_RESPONSE_TO_INTERLEUKIN_2,,10,0.631582,1.275992,0.15686275,0.21377967,1.0,2506,"tags=60%, list=9%, signal=66%",
GOBP_COLLAGEN_FIBRIL_ORGANIZATION,GOBP_COLLAGEN_FIBRIL_ORGANIZATION,,66,0.42501777,1.2755032,0.10769231,0.21433842,1.0,5097,"tags=38%, list=18%, signal=46%",
GOBP_EXECUTION_PHASE_OF_APOPTOSIS,GOBP_EXECUTION_PHASE_OF_APOPTOSIS,,69,0.43008125,1.275225,0.069510266,0.21464391,1.0,5514,"tags=42%, list=20%, signal=52%",
GOBP_NEGATIVE_REGULATION_OF_SUBSTRATE_ADHESION_DEPENDENT_CELL_SPREADING,GOBP_NEGATIVE_REGULATION_OF_SUBSTRATE_ADHESION_DEPENDENT_CELL_SPREADING,,12,0.6113608,1.2749609,0.1886121,0.21491916,1.0,3708,"tags=25%, list=13%, signal=29%",
GOBP_AMINE_METABOLIC_PROCESS,GOBP_AMINE_METABOLIC_PROCESS,,78,0.42053434,1.2748995,0.101123594,0.21492147,1.0,4594,"tags=29%, list=17%, signal=35%",
GOBP_NEGATIVE_REGULATION_OF_INTERLEUKIN_12_PRODUCTION,GOBP_NEGATIVE_REGULATION_OF_INTERLEUKIN_12_PRODUCTION,,16,0.57008123,1.2748277,0.13620071,0.21493486,1.0,1504,"tags=44%, list=5%, signal=46%",
GOBP_POSITIVE_REGULATION_OF_MYOBLAST_FUSION,GOBP_POSITIVE_REGULATION_OF_MYOBLAST_FUSION,,13,0.5964501,1.2746193,0.16811092,0.2151265,1.0,4072,"tags=46%, list=15%, signal=54%",
GOBP_NEGATIVE_REGULATION_OF_POTASSIUM_ION_TRANSMEMBRANE_TRANSPORT,GOBP_NEGATIVE_REGULATION_OF_POTASSIUM_ION_TRANSMEMBRANE_TRANSPORT,,16,0.55073434,1.2741688,0.17657343,0.21564679,1.0,4759,"tags=56%, list=17%, signal=68%",
GOBP_REGULATION_OF_CELLULAR_RESPIRATION,GOBP_REGULATION_OF_CELLULAR_RESPIRATION,,45,0.46228644,1.2739402,0.11620294,0.21586771,1.0,2194,"tags=27%, list=8%, signal=29%",
GOBP_VASCULAR_ASSOCIATED_SMOOTH_MUSCLE_CELL_PROLIFERATION,GOBP_VASCULAR_ASSOCIATED_SMOOTH_MUSCLE_CELL_PROLIFERATION,,53,0.44736177,1.2724875,0.11129568,0.2177067,1.0,3372,"tags=25%, list=12%, signal=28%",
GOBP_CELLULAR_RESPONSE_TO_INSULIN_LIKE_GROWTH_FACTOR_STIMULUS,GOBP_CELLULAR_RESPONSE_TO_INSULIN_LIKE_GROWTH_FACTOR_STIMULUS,,12,0.60527366,1.272118,0.18165137,0.21807437,1.0,3417,"tags=33%, list=12%, signal=38%",
GOBP_CARDIAC_VENTRICLE_MORPHOGENESIS,GOBP_CARDIAC_VENTRICLE_MORPHOGENESIS,,58,0.4389497,1.2719079,0.11111111,0.21826877,1.0,5218,"tags=38%, list=19%, signal=47%",
GOBP_AORTA_DEVELOPMENT,GOBP_AORTA_DEVELOPMENT,,59,0.43531513,1.2716074,0.11375212,0.21860018,1.0,5724,"tags=37%, list=21%, signal=47%",
GOBP_B_CELL_HOMEOSTASIS,GOBP_B_CELL_HOMEOSTASIS,,34,0.49035257,1.2715639,0.13597246,0.21857756,1.0,5541,"tags=44%, list=20%, signal=55%",
GOBP_KERATINOCYTE_DIFFERENTIATION,GOBP_KERATINOCYTE_DIFFERENTIATION,,110,0.3986462,1.2715541,0.06420546,0.21851224,1.0,5041,"tags=30%, list=18%, signal=37%",
GOBP_RESPONSE_TO_MANGANESE_ION,GOBP_RESPONSE_TO_MANGANESE_ION,,14,0.58097625,1.2714013,0.18294849,0.21862318,1.0,543,"tags=21%, list=2%, signal=22%",
REACTOME_PYRIMIDINE_SALVAGE,REACTOME_PYRIMIDINE_SALVAGE,,11,0.6222648,1.2713155,0.17090909,0.2186586,1.0,1007,"tags=36%, list=4%, signal=38%",
GOBP_REGULATION_OF_CELL_JUNCTION_ASSEMBLY,GOBP_REGULATION_OF_CELL_JUNCTION_ASSEMBLY,,226,0.3687388,1.2711602,0.03102962,0.21880242,1.0,4745,"tags=27%, list=17%, signal=33%",
GOBP_G_PROTEIN_COUPLED_ACETYLCHOLINE_RECEPTOR_SIGNALING_PATHWAY,GOBP_G_PROTEIN_COUPLED_ACETYLCHOLINE_RECEPTOR_SIGNALING_PATHWAY,,18,0.55214846,1.2710869,0.15357143,0.21881638,1.0,6084,"tags=44%, list=22%, signal=57%",
GOBP_FORMATION_OF_PRIMARY_GERM_LAYER,GOBP_FORMATION_OF_PRIMARY_GERM_LAYER,,103,0.40565124,1.2710406,0.072530866,0.21880105,1.0,5652,"tags=35%, list=20%, signal=44%",
GOBP_FATTY_ACYL_COA_BIOSYNTHETIC_PROCESS,GOBP_FATTY_ACYL_COA_BIOSYNTHETIC_PROCESS,,28,0.5081207,1.2709831,0.15508021,0.21881063,1.0,1981,"tags=21%, list=7%, signal=23%",
GOBP_COLLAGEN_ACTIVATED_SIGNALING_PATHWAY,GOBP_COLLAGEN_ACTIVATED_SIGNALING_PATHWAY,,15,0.56577927,1.2707988,0.1627907,0.21896727,1.0,4276,"tags=60%, list=15%, signal=71%",
GOBP_GLYCEROPHOSPHOLIPID_METABOLIC_PROCESS,GOBP_GLYCEROPHOSPHOLIPID_METABOLIC_PROCESS,,276,0.36563334,1.2707726,0.035063114,0.21892084,1.0,4419,"tags=30%, list=16%, signal=35%",
GOBP_EPHRIN_RECEPTOR_SIGNALING_PATHWAY,GOBP_EPHRIN_RECEPTOR_SIGNALING_PATHWAY,,45,0.45960718,1.270193,0.10745234,0.21961832,1.0,4230,"tags=22%, list=15%, signal=26%",
GOBP_MEMBRANE_REPOLARIZATION_DURING_VENTRICULAR_CARDIAC_MUSCLE_CELL_ACTION_POTENTIAL,GOBP_MEMBRANE_REPOLARIZATION_DURING_VENTRICULAR_CARDIAC_MUSCLE_CELL_ACTION_POTENTIAL,,11,0.61691797,1.2700483,0.17367458,0.21971722,1.0,4494,"tags=55%, list=16%, signal=65%",
GOBP_FATTY_ACID_CATABOLIC_PROCESS,GOBP_FATTY_ACID_CATABOLIC_PROCESS,,97,0.408098,1.2698228,0.07644306,0.21994689,1.0,4244,"tags=26%, list=15%, signal=30%",
REACTOME_DEFECTIVE_GALNT3_CAUSES_HFTC,REACTOME_DEFECTIVE_GALNT3_CAUSES_HFTC,,10,0.6194146,1.269765,0.17605634,0.21993017,1.0,6631,"tags=60%, list=24%, signal=79%",
REACTOME_REGULATION_BY_C_FLIP,REACTOME_REGULATION_BY_C_FLIP,,11,0.6182895,1.2696395,0.1786372,0.22001338,1.0,2421,"tags=45%, list=9%, signal=50%",
REACTOME_EGFR_DOWNREGULATION,REACTOME_EGFR_DOWNREGULATION,,27,0.5098727,1.2696084,0.15436241,0.21997643,1.0,6334,"tags=63%, list=23%, signal=82%",
REACTOME_PYRUVATE_METABOLISM,REACTOME_PYRUVATE_METABOLISM,,46,0.4614919,1.2686318,0.13131313,0.22120318,1.0,6158,"tags=41%, list=22%, signal=53%",
GOBP_REGULATION_OF_BINDING,GOBP_REGULATION_OF_BINDING,,90,0.4115393,1.2683189,0.07728706,0.22155026,1.0,3542,"tags=26%, list=13%, signal=29%",
GOBP_CYTOKINESIS,GOBP_CYTOKINESIS,,180,0.3762476,1.2683059,0.05376344,0.22148375,1.0,5215,"tags=34%, list=19%, signal=42%",
GOBP_PHOSPHATIDYLGLYCEROL_METABOLIC_PROCESS,GOBP_PHOSPHATIDYLGLYCEROL_METABOLIC_PROCESS,,27,0.5037151,1.2681658,0.15570934,0.22157632,1.0,2005,"tags=26%, list=7%, signal=28%",
GOBP_REGULATION_OF_PROTEIN_SERINE_THREONINE_KINASE_ACTIVITY,GOBP_REGULATION_OF_PROTEIN_SERINE_THREONINE_KINASE_ACTIVITY,,114,0.39849824,1.2676145,0.06259542,0.22221684,1.0,4766,"tags=29%, list=17%, signal=35%",
GOBP_REGULATION_OF_TORC2_SIGNALING,GOBP_REGULATION_OF_TORC2_SIGNALING,,12,0.59927183,1.2672942,0.16300367,0.22254768,1.0,5272,"tags=42%, list=19%, signal=51%",
REACTOME_TRANSCRIPTIONAL_REGULATION_OF_WHITE_ADIPOCYTE_DIFFERENTIATION,REACTOME_TRANSCRIPTIONAL_REGULATION_OF_WHITE_ADIPOCYTE_DIFFERENTIATION,,79,0.42416555,1.2671213,0.079877116,0.22270584,1.0,5631,"tags=30%, list=20%, signal=38%",
GOBP_EMBRYONIC_DIGESTIVE_TRACT_MORPHOGENESIS,GOBP_EMBRYONIC_DIGESTIVE_TRACT_MORPHOGENESIS,,10,0.62963325,1.2668635,0.18817204,0.22297512,1.0,7815,"tags=50%, list=28%, signal=70%",
GOBP_POSITIVE_REGULATION_OF_FATTY_ACID_METABOLIC_PROCESS,GOBP_POSITIVE_REGULATION_OF_FATTY_ACID_METABOLIC_PROCESS,,32,0.48711494,1.2668581,0.13427562,0.22289714,1.0,4169,"tags=38%, list=15%, signal=44%",
REACTOME_G_ALPHA_S_SIGNALLING_EVENTS,REACTOME_G_ALPHA_S_SIGNALLING_EVENTS,,106,0.40137357,1.266837,0.07028754,0.2228438,1.0,4801,"tags=29%, list=17%, signal=35%",
REACTOME_SEPARATION_OF_SISTER_CHROMATIDS,REACTOME_SEPARATION_OF_SISTER_CHROMATIDS,,176,0.37716946,1.2667042,0.048529413,0.22294152,1.0,6304,"tags=32%, list=23%, signal=42%",
GOBP_REGULATION_OF_TROPHOBLAST_CELL_MIGRATION,GOBP_REGULATION_OF_TROPHOBLAST_CELL_MIGRATION,,13,0.5856212,1.2665391,0.16141002,0.2230822,1.0,4958,"tags=38%, list=18%, signal=47%",
GOBP_IMPORT_ACROSS_PLASMA_MEMBRANE,GOBP_IMPORT_ACROSS_PLASMA_MEMBRANE,,181,0.37515062,1.266409,0.04978038,0.2231757,1.0,4788,"tags=28%, list=17%, signal=34%",
GOBP_ACYL_COA_BIOSYNTHETIC_PROCESS,GOBP_ACYL_COA_BIOSYNTHETIC_PROCESS,,57,0.4374293,1.2661943,0.116693676,0.22338985,1.0,2674,"tags=19%, list=10%, signal=21%",
GOBP_INOSITOL_PHOSPHATE_BIOSYNTHETIC_PROCESS,GOBP_INOSITOL_PHOSPHATE_BIOSYNTHETIC_PROCESS,,20,0.54509926,1.2660311,0.16724738,0.22352152,1.0,4402,"tags=40%, list=16%, signal=48%",
GOBP_NEGATIVE_REGULATION_OF_FERROPTOSIS,GOBP_NEGATIVE_REGULATION_OF_FERROPTOSIS,,18,0.55429846,1.2657963,0.16901408,0.2237553,1.0,3110,"tags=28%, list=11%, signal=31%",
REACTOME_SIGNALING_BY_FGFR1_IN_DISEASE,REACTOME_SIGNALING_BY_FGFR1_IN_DISEASE,,33,0.47881627,1.2653478,0.1285956,0.22428527,1.0,1693,"tags=21%, list=6%, signal=23%",
GOBP_POSITIVE_REGULATION_OF_NEURON_PROJECTION_DEVELOPMENT,GOBP_POSITIVE_REGULATION_OF_NEURON_PROJECTION_DEVELOPMENT,,128,0.38902736,1.2647858,0.06715328,0.2249504,1.0,4360,"tags=30%, list=16%, signal=36%",
GOBP_SURFACTANT_HOMEOSTASIS,GOBP_SURFACTANT_HOMEOSTASIS,,15,0.57200587,1.264009,0.17615658,0.22595239,1.0,4103,"tags=40%, list=15%, signal=47%",
GOBP_DEOXYRIBONUCLEOSIDE_METABOLIC_PROCESS,GOBP_DEOXYRIBONUCLEOSIDE_METABOLIC_PROCESS,,11,0.6176421,1.2639812,0.1758437,0.22590153,1.0,3287,"tags=36%, list=12%, signal=41%",
REACTOME_SYNTHESIS_OF_BILE_ACIDS_AND_BILE_SALTS_VIA_27_HYDROXYCHOLESTEROL,REACTOME_SYNTHESIS_OF_BILE_ACIDS_AND_BILE_SALTS_VIA_27_HYDROXYCHOLESTEROL,,11,0.6142467,1.2639306,0.18705036,0.22588141,1.0,4664,"tags=36%, list=17%, signal=44%",
GOBP_LEUKOCYTE_AGGREGATION,GOBP_LEUKOCYTE_AGGREGATION,,11,0.6100486,1.2638311,0.18181819,0.22594433,1.0,3195,"tags=55%, list=12%, signal=62%",
GOBP_REGULATION_OF_TRANSLATION_IN_RESPONSE_TO_STRESS,GOBP_REGULATION_OF_TRANSLATION_IN_RESPONSE_TO_STRESS,,21,0.5364299,1.2637731,0.1486014,0.22594015,1.0,3981,"tags=38%, list=14%, signal=44%",
GOBP_VASCULOGENESIS,GOBP_VASCULOGENESIS,,65,0.42963085,1.2634695,0.1104,0.2262443,1.0,5293,"tags=31%, list=19%, signal=38%",
GOBP_ANTEROGRADE_AXONAL_TRANSPORT,GOBP_ANTEROGRADE_AXONAL_TRANSPORT,,46,0.45845115,1.2633908,0.12351946,0.22627224,1.0,3671,"tags=26%, list=13%, signal=30%",
GOBP_REGULATION_OF_DENDRITIC_SPINE_MAINTENANCE,GOBP_REGULATION_OF_DENDRITIC_SPINE_MAINTENANCE,,13,0.59334445,1.2631757,0.18327402,0.22649926,1.0,5560,"tags=62%, list=20%, signal=77%",
GOBP_T_HELPER_CELL_LINEAGE_COMMITMENT,GOBP_T_HELPER_CELL_LINEAGE_COMMITMENT,,28,0.49754137,1.2630413,0.15156795,0.22659707,1.0,1597,"tags=32%, list=6%, signal=34%",
GOBP_NEGATIVE_REGULATION_OF_ENDOTHELIAL_CELL_MIGRATION,GOBP_NEGATIVE_REGULATION_OF_ENDOTHELIAL_CELL_MIGRATION,,48,0.45243946,1.2628348,0.1307947,0.22679505,1.0,6365,"tags=44%, list=23%, signal=57%",
GOBP_EPIDERMAL_CELL_DIFFERENTIATION,GOBP_EPIDERMAL_CELL_DIFFERENTIATION,,168,0.37650135,1.2627228,0.055636898,0.22687481,1.0,5041,"tags=29%, list=18%, signal=35%",
GOBP_POSITIVE_REGULATION_OF_MITOCHONDRIAL_MEMBRANE_PERMEABILITY,GOBP_POSITIVE_REGULATION_OF_MITOCHONDRIAL_MEMBRANE_PERMEABILITY,,38,0.47095346,1.2627088,0.12622951,0.22681138,1.0,2420,"tags=34%, list=9%, signal=37%",
GOBP_REGULATION_OF_CALCIUM_ION_TRANSMEMBRANE_TRANSPORT,GOBP_REGULATION_OF_CALCIUM_ION_TRANSMEMBRANE_TRANSPORT,,120,0.38982558,1.2621245,0.0668693,0.22748971,1.0,5229,"tags=39%, list=19%, signal=48%",
REACTOME_REGULATION_OF_PYRUVATE_METABOLISM,REACTOME_REGULATION_OF_PYRUVATE_METABOLISM,,32,0.48680955,1.2619493,0.14067796,0.2276504,1.0,6092,"tags=50%, list=22%, signal=64%",
GOBP_REELIN_MEDIATED_SIGNALING_PATHWAY,GOBP_REELIN_MEDIATED_SIGNALING_PATHWAY,,12,0.5941471,1.261852,0.18505338,0.22770822,1.0,4286,"tags=42%, list=15%, signal=49%",
REACTOME_G_ALPHA_I_SIGNALLING_EVENTS,REACTOME_G_ALPHA_I_SIGNALLING_EVENTS,,233,0.36938238,1.2616619,0.039215688,0.22786415,1.0,4120,"tags=26%, list=15%, signal=30%",
GOBP_NEGATIVE_REGULATION_OF_TRANSCRIPTION_BY_COMPETITIVE_PROMOTER_BINDING,GOBP_NEGATIVE_REGULATION_OF_TRANSCRIPTION_BY_COMPETITIVE_PROMOTER_BINDING,,12,0.58746284,1.261493,0.17266187,0.22801748,1.0,2616,"tags=33%, list=9%, signal=37%",
GOBP_KERATAN_SULFATE_PROTEOGLYCAN_METABOLIC_PROCESS,GOBP_KERATAN_SULFATE_PROTEOGLYCAN_METABOLIC_PROCESS,,16,0.5696329,1.26132,0.18402778,0.22817808,1.0,1516,"tags=31%, list=5%, signal=33%",
GOBP_REGULATION_OF_GENE_SILENCING_BY_REGULATORY_NCRNA,GOBP_REGULATION_OF_GENE_SILENCING_BY_REGULATORY_NCRNA,,36,0.46934223,1.2612767,0.13675214,0.22814386,1.0,4182,"tags=31%, list=15%, signal=36%",
GOBP_CELLULAR_RESPONSE_TO_CORTICOSTEROID_STIMULUS,GOBP_CELLULAR_RESPONSE_TO_CORTICOSTEROID_STIMULUS,,47,0.45368978,1.2612287,0.12543555,0.22812212,1.0,3858,"tags=36%, list=14%, signal=42%",
GOBP_SEX_DIFFERENTIATION,GOBP_SEX_DIFFERENTIATION,,210,0.36690184,1.2610629,0.033946253,0.2282694,1.0,4798,"tags=26%, list=17%, signal=31%",
GOBP_NEGATIVE_REGULATION_OF_PROTEIN_LOCALIZATION_TO_CELL_SURFACE,GOBP_NEGATIVE_REGULATION_OF_PROTEIN_LOCALIZATION_TO_CELL_SURFACE,,10,0.63093305,1.2610382,0.19141324,0.22822334,1.0,3934,"tags=50%, list=14%, signal=58%",
GOBP_REGULATION_OF_JNK_CASCADE,GOBP_REGULATION_OF_JNK_CASCADE,,138,0.3889647,1.2608714,0.08567208,0.22836372,1.0,4550,"tags=33%, list=16%, signal=40%",
GOBP_DEPHOSPHORYLATION,GOBP_DEPHOSPHORYLATION,,135,0.38824224,1.2603246,0.055732485,0.22902003,1.0,4514,"tags=33%, list=16%, signal=40%",
GOBP_MULTIVESICULAR_BODY_LYSOSOME_FUSION,GOBP_MULTIVESICULAR_BODY_LYSOSOME_FUSION,,12,0.60522676,1.2599951,0.20068611,0.2293851,1.0,4476,"tags=83%, list=16%, signal=99%",
REACTOME_CS_GAG_BIOSYNTHESIS,REACTOME_CS_GAG_BIOSYNTHESIS,,17,0.55214614,1.2599726,0.17770036,0.22932905,1.0,5079,"tags=47%, list=18%, signal=58%",
GOBP_PLACENTA_DEVELOPMENT,GOBP_PLACENTA_DEVELOPMENT,,133,0.38920292,1.2598815,0.060150377,0.22937068,1.0,5139,"tags=33%, list=19%, signal=40%",
REACTOME_EXTRA_NUCLEAR_ESTROGEN_SIGNALING,REACTOME_EXTRA_NUCLEAR_ESTROGEN_SIGNALING,,67,0.42146623,1.2597623,0.12086093,0.22944269,1.0,3563,"tags=27%, list=13%, signal=31%",
GOBP_NEGATIVE_REGULATION_OF_VASCULAR_ENDOTHELIAL_GROWTH_FACTOR_RECEPTOR_SIGNALING_PATHWAY,GOBP_NEGATIVE_REGULATION_OF_VASCULAR_ENDOTHELIAL_GROWTH_FACTOR_RECEPTOR_SIGNALING_PATHWAY,,11,0.6049901,1.2596067,0.18505338,0.22956216,1.0,5529,"tags=73%, list=20%, signal=91%",
GOBP_NEGATIVE_REGULATION_OF_CILIUM_ASSEMBLY,GOBP_NEGATIVE_REGULATION_OF_CILIUM_ASSEMBLY,,25,0.5032911,1.2596031,0.1658031,0.2294848,1.0,4764,"tags=32%, list=17%, signal=39%",
GOBP_GALACTOSE_METABOLIC_PROCESS,GOBP_GALACTOSE_METABOLIC_PROCESS,,14,0.584899,1.2595123,0.15867159,0.22951925,1.0,3314,"tags=50%, list=12%, signal=57%",
GOBP_CELL_PROLIFERATION_INVOLVED_IN_HEART_MORPHOGENESIS,GOBP_CELL_PROLIFERATION_INVOLVED_IN_HEART_MORPHOGENESIS,,12,0.5916266,1.2594947,0.1875,0.22945908,1.0,5815,"tags=42%, list=21%, signal=53%",
GOBP_CELL_GROWTH,GOBP_CELL_GROWTH,,428,0.3476019,1.2593976,0.010443864,0.22949965,1.0,4558,"tags=28%, list=16%, signal=33%",
GOBP_NEGATIVE_REGULATION_OF_PROTEIN_CONTAINING_COMPLEX_ASSEMBLY,GOBP_NEGATIVE_REGULATION_OF_PROTEIN_CONTAINING_COMPLEX_ASSEMBLY,,137,0.38535586,1.2593522,0.067381315,0.22947851,1.0,4400,"tags=34%, list=16%, signal=41%",
REACTOME_SIGNAL_AMPLIFICATION,REACTOME_SIGNAL_AMPLIFICATION,,29,0.49026,1.2591244,0.14867257,0.22969414,1.0,3384,"tags=38%, list=12%, signal=43%",
GOBP_ASTROCYTE_DIFFERENTIATION,GOBP_ASTROCYTE_DIFFERENTIATION,,77,0.4221904,1.2588028,0.096721314,0.23005904,1.0,3356,"tags=27%, list=12%, signal=31%",
GOBP_POTASSIUM_ION_TRANSPORT,GOBP_POTASSIUM_ION_TRANSPORT,,166,0.37772098,1.2586411,0.060471978,0.23018965,1.0,4796,"tags=31%, list=17%, signal=38%",
REACTOME_HATS_ACETYLATE_HISTONES,REACTOME_HATS_ACETYLATE_HISTONES,,124,0.3898386,1.2582011,0.077760495,0.23072253,1.0,5539,"tags=35%, list=20%, signal=43%",
REACTOME_RHOF_GTPASE_CYCLE,REACTOME_RHOF_GTPASE_CYCLE,,42,0.4607254,1.2578588,0.1118421,0.23110065,1.0,5690,"tags=40%, list=21%, signal=51%",
GOBP_REGULATION_OF_HIPPO_SIGNALING,GOBP_REGULATION_OF_HIPPO_SIGNALING,,43,0.45870847,1.2574674,0.13166666,0.23159075,1.0,5624,"tags=35%, list=20%, signal=44%",
GOBP_CARDIOCYTE_DIFFERENTIATION,GOBP_CARDIOCYTE_DIFFERENTIATION,,125,0.39110368,1.2571678,0.08566978,0.2319286,1.0,6074,"tags=31%, list=22%, signal=40%",
GOBP_RENAL_SYSTEM_PROCESS_INVOLVED_IN_REGULATION_OF_SYSTEMIC_ARTERIAL_BLOOD_PRESSURE,GOBP_RENAL_SYSTEM_PROCESS_INVOLVED_IN_REGULATION_OF_SYSTEMIC_ARTERIAL_BLOOD_PRESSURE,,17,0.5520464,1.2571015,0.18198198,0.2319325,1.0,3733,"tags=41%, list=13%, signal=48%",
GOBP_TRANSCYTOSIS,GOBP_TRANSCYTOSIS,,18,0.53813595,1.2570537,0.18378378,0.23190857,1.0,2712,"tags=50%, list=10%, signal=55%",
GOBP_POSITIVE_REGULATION_OF_FIBROBLAST_PROLIFERATION,GOBP_POSITIVE_REGULATION_OF_FIBROBLAST_PROLIFERATION,,44,0.4571852,1.2566931,0.15296052,0.23232223,1.0,3021,"tags=25%, list=11%, signal=28%",
REACTOME_SARS_COV_2_TARGETS_HOST_INTRACELLULAR_SIGNALLING_AND_REGULATORY_PATHWAYS,REACTOME_SARS_COV_2_TARGETS_HOST_INTRACELLULAR_SIGNALLING_AND_REGULATORY_PATHWAYS,,12,0.59624386,1.2563924,0.18706293,0.23262572,1.0,2581,"tags=33%, list=9%, signal=37%",
GOBP_EPITHELIAL_CELL_DEVELOPMENT,GOBP_EPITHELIAL_CELL_DEVELOPMENT,,187,0.3745383,1.256384,0.049132947,0.23255767,1.0,5198,"tags=31%, list=19%, signal=38%",
GOBP_INTRACELLULAR_MRNA_LOCALIZATION,GOBP_INTRACELLULAR_MRNA_LOCALIZATION,,20,0.5282267,1.2558358,0.183391,0.23323351,1.0,4197,"tags=40%, list=15%, signal=47%",
GOBP_POSITIVE_REGULATION_OF_ALPHA_BETA_T_CELL_ACTIVATION,GOBP_POSITIVE_REGULATION_OF_ALPHA_BETA_T_CELL_ACTIVATION,,70,0.42835927,1.2555274,0.10501567,0.23358971,1.0,3421,"tags=37%, list=12%, signal=42%",
GOBP_POSITIVE_REGULATION_OF_EPITHELIAL_CELL_PROLIFERATION,GOBP_POSITIVE_REGULATION_OF_EPITHELIAL_CELL_PROLIFERATION,,152,0.38148978,1.2554039,0.06861314,0.23368287,1.0,5112,"tags=33%, list=18%, signal=40%",
GOBP_NUCLEOPHAGY,GOBP_NUCLEOPHAGY,,23,0.5215673,1.254628,0.1554054,0.23467097,1.0,4756,"tags=39%, list=17%, signal=47%",
GOBP_NUCLEOTIDE_BIOSYNTHETIC_PROCESS,GOBP_NUCLEOTIDE_BIOSYNTHETIC_PROCESS,,217,0.36812547,1.2545936,0.03883495,0.23463678,1.0,5771,"tags=29%, list=21%, signal=36%",
GOBP_NEGATIVE_REGULATION_OF_CELL_CYCLE_G2_M_PHASE_TRANSITION,GOBP_NEGATIVE_REGULATION_OF_CELL_CYCLE_G2_M_PHASE_TRANSITION,,73,0.41903886,1.2544373,0.10387597,0.23475835,1.0,1679,"tags=16%, list=6%, signal=17%",
GOBP_REGULATION_OF_NEUROTRANSMITTER_UPTAKE,GOBP_REGULATION_OF_NEUROTRANSMITTER_UPTAKE,,14,0.57819253,1.2543195,0.17967331,0.23484172,1.0,1773,"tags=21%, list=6%, signal=23%",
REACTOME_SERINE_METABOLISM,REACTOME_SERINE_METABOLISM,,10,0.62170786,1.2540442,0.17770036,0.23513055,1.0,3466,"tags=40%, list=12%, signal=46%",
GOBP_REGULATION_OF_CALCIUM_MEDIATED_SIGNALING,GOBP_REGULATION_OF_CALCIUM_MEDIATED_SIGNALING,,81,0.41242653,1.253805,0.08283132,0.23538789,1.0,3513,"tags=28%, list=13%, signal=32%",
GOBP_REGULATION_OF_SMALL_GTPASE_MEDIATED_SIGNAL_TRANSDUCTION,GOBP_REGULATION_OF_SMALL_GTPASE_MEDIATED_SIGNAL_TRANSDUCTION,,304,0.35398117,1.2528272,0.04317549,0.23666924,1.0,4426,"tags=30%, list=16%, signal=36%",
REACTOME_ACTIVATION_OF_RAC1,REACTOME_ACTIVATION_OF_RAC1,,12,0.598853,1.2528249,0.22141561,0.23658815,1.0,4334,"tags=33%, list=16%, signal=39%",
GOBP_UBIQUITIN_DEPENDENT_PROTEIN_CATABOLIC_PROCESS_VIA_THE_C_END_DEGRON_RULE_PATHWAY,GOBP_UBIQUITIN_DEPENDENT_PROTEIN_CATABOLIC_PROCESS_VIA_THE_C_END_DEGRON_RULE_PATHWAY,,16,0.5692074,1.2525094,0.20152092,0.2369515,1.0,4924,"tags=31%, list=18%, signal=38%",
GOBP_MITOTIC_G2_DNA_DAMAGE_CHECKPOINT_SIGNALING,GOBP_MITOTIC_G2_DNA_DAMAGE_CHECKPOINT_SIGNALING,,36,0.46604934,1.2524955,0.13207547,0.23688692,1.0,1679,"tags=22%, list=6%, signal=24%",
GOBP_NUCLEAR_EXPORT,GOBP_NUCLEAR_EXPORT,,173,0.37270012,1.2524759,0.05037037,0.2368289,1.0,4628,"tags=24%, list=17%, signal=29%",
GOBP_MEDIUM_CHAIN_FATTY_ACID_METABOLIC_PROCESS,GOBP_MEDIUM_CHAIN_FATTY_ACID_METABOLIC_PROCESS,,12,0.59016377,1.2524756,0.18297102,0.23674412,1.0,4002,"tags=42%, list=14%, signal=49%",
GOBP_PYRIMIDINE_NUCLEOSIDE_METABOLIC_PROCESS,GOBP_PYRIMIDINE_NUCLEOSIDE_METABOLIC_PROCESS,,12,0.603374,1.2524565,0.21561338,0.23668857,1.0,3381,"tags=50%, list=12%, signal=57%",
GOBP_REGULATION_OF_CYTOPLASMIC_TRANSLATION,GOBP_REGULATION_OF_CYTOPLASMIC_TRANSLATION,,37,0.46666846,1.2521007,0.15239726,0.2371044,1.0,3434,"tags=27%, list=12%, signal=31%",
GOBP_REGULATION_OF_SYNAPTIC_VESICLE_MEMBRANE_ORGANIZATION,GOBP_REGULATION_OF_SYNAPTIC_VESICLE_MEMBRANE_ORGANIZATION,,17,0.54524726,1.2519759,0.18827708,0.23718296,1.0,5324,"tags=29%, list=19%, signal=36%",
REACTOME_REDUCTION_OF_CYTOSOLIC_CA_LEVELS,REACTOME_REDUCTION_OF_CYTOSOLIC_CA_LEVELS,,12,0.5906513,1.2512478,0.17514125,0.23811297,1.0,5730,"tags=42%, list=21%, signal=52%",
REACTOME_FORMATION_OF_PARAXIAL_MESODERM,REACTOME_FORMATION_OF_PARAXIAL_MESODERM,,55,0.4377779,1.2512292,0.11532386,0.23804955,1.0,4890,"tags=45%, list=18%, signal=55%",
REACTOME_HIGH_LAMINAR_FLOW_SHEAR_STRESS_ACTIVATES_SIGNALING_BY_PIEZO1_AND_PECAM1_CDH5_KDR_IN_ENDOTHELIAL_CELLS,REACTOME_HIGH_LAMINAR_FLOW_SHEAR_STRESS_ACTIVATES_SIGNALING_BY_PIEZO1_AND_PECAM1_CDH5_KDR_IN_ENDOTHELIAL_CELLS,,61,0.43255353,1.250894,0.10339257,0.23843467,1.0,4945,"tags=38%, list=18%, signal=46%",
GOBP_COMPLEMENT_ACTIVATION_ALTERNATIVE_PATHWAY,GOBP_COMPLEMENT_ACTIVATION_ALTERNATIVE_PATHWAY,,11,0.6002976,1.2503242,0.20400728,0.23915613,1.0,2026,"tags=36%, list=7%, signal=39%",
GOBP_ANATOMICAL_STRUCTURE_MATURATION,GOBP_ANATOMICAL_STRUCTURE_MATURATION,,227,0.3656258,1.2502208,0.056577086,0.23921852,1.0,4144,"tags=27%, list=15%, signal=31%",
GOBP_TRIPEPTIDE_TRANSPORT,GOBP_TRIPEPTIDE_TRANSPORT,,11,0.6014074,1.250204,0.20527308,0.23915508,1.0,5358,"tags=45%, list=19%, signal=56%",
GOBP_NEGATIVE_REGULATION_OF_B_CELL_ACTIVATION,GOBP_NEGATIVE_REGULATION_OF_B_CELL_ACTIVATION,,32,0.47618896,1.2500367,0.15816326,0.23929378,1.0,3614,"tags=38%, list=13%, signal=43%",
REACTOME_P38MAPK_EVENTS,REACTOME_P38MAPK_EVENTS,,13,0.5931593,1.2499956,0.1922366,0.23926185,1.0,4230,"tags=46%, list=15%, signal=54%",
GOBP_GERMINAL_CENTER_FORMATION,GOBP_GERMINAL_CENTER_FORMATION,,13,0.5923069,1.2497995,0.19741698,0.2394766,1.0,5541,"tags=62%, list=20%, signal=77%",
REACTOME_IRAK2_MEDIATED_ACTIVATION_OF_TAK1_COMPLEX,REACTOME_IRAK2_MEDIATED_ACTIVATION_OF_TAK1_COMPLEX,,10,0.61298084,1.2492813,0.21150278,0.2400757,1.0,5221,"tags=40%, list=19%, signal=49%",
GOBP_AORTA_MORPHOGENESIS,GOBP_AORTA_MORPHOGENESIS,,29,0.48621637,1.2491636,0.15423729,0.24015866,1.0,6365,"tags=45%, list=23%, signal=58%",
GOBP_PROTEIN_COMPLEX_OLIGOMERIZATION,GOBP_PROTEIN_COMPLEX_OLIGOMERIZATION,,246,0.36132017,1.2491231,0.03529412,0.24013162,1.0,3617,"tags=26%, list=13%, signal=30%",
GOBP_INNER_EAR_RECEPTOR_CELL_DEVELOPMENT,GOBP_INNER_EAR_RECEPTOR_CELL_DEVELOPMENT,,43,0.45449942,1.2488526,0.12671232,0.24041206,1.0,5406,"tags=35%, list=19%, signal=43%",
GOBP_REGULATION_OF_POTASSIUM_ION_TRANSPORT,GOBP_REGULATION_OF_POTASSIUM_ION_TRANSPORT,,61,0.43338323,1.2485001,0.119476266,0.24080266,1.0,5248,"tags=39%, list=19%, signal=48%",
GOBP_ARTERY_DEVELOPMENT,GOBP_ARTERY_DEVELOPMENT,,92,0.40904656,1.2483721,0.1098546,0.24089578,1.0,5724,"tags=38%, list=21%, signal=48%",
GOBP_GLOMERULAR_EPITHELIUM_DEVELOPMENT,GOBP_GLOMERULAR_EPITHELIUM_DEVELOPMENT,,24,0.50663614,1.2483202,0.17021276,0.24088539,1.0,4646,"tags=33%, list=17%, signal=40%",
GOBP_REGULATION_OF_MEMBRANE_POTENTIAL,GOBP_REGULATION_OF_MEMBRANE_POTENTIAL,,350,0.3523823,1.2476864,0.025,0.24170075,1.0,4514,"tags=26%, list=16%, signal=30%",
GOBP_NEGATIVE_REGULATION_OF_OXIDATIVE_STRESS_INDUCED_INTRINSIC_APOPTOTIC_SIGNALING_PATHWAY,GOBP_NEGATIVE_REGULATION_OF_OXIDATIVE_STRESS_INDUCED_INTRINSIC_APOPTOTIC_SIGNALING_PATHWAY,,27,0.49921685,1.2474211,0.17926186,0.24198118,1.0,4966,"tags=41%, list=18%, signal=50%",
REACTOME_RHOH_GTPASE_CYCLE,REACTOME_RHOH_GTPASE_CYCLE,,35,0.47069743,1.2456375,0.13028169,0.24439035,1.0,2103,"tags=29%, list=8%, signal=31%",
GOBP_REGULATION_OF_FERTILIZATION,GOBP_REGULATION_OF_FERTILIZATION,,12,0.5887276,1.2454283,0.19272727,0.24460071,1.0,691,"tags=17%, list=2%, signal=17%",
GOBP_UBIQUITIN_RECYCLING,GOBP_UBIQUITIN_RECYCLING,,14,0.5642288,1.2452523,0.19888476,0.24476533,1.0,4297,"tags=36%, list=15%, signal=42%",
GOBP_TYPE_2_IMMUNE_RESPONSE,GOBP_TYPE_2_IMMUNE_RESPONSE,,41,0.46587655,1.2451905,0.16260162,0.24476317,1.0,3357,"tags=32%, list=12%, signal=36%",
GOBP_PEPTIDYL_AMINO_ACID_MODIFICATION,GOBP_PEPTIDYL_AMINO_ACID_MODIFICATION,,384,0.3466499,1.245186,0.022397893,0.24468604,1.0,3708,"tags=24%, list=13%, signal=27%",
REACTOME_LDL_CLEARANCE,REACTOME_LDL_CLEARANCE,,19,0.54641753,1.2451191,0.19029851,0.24469188,1.0,1867,"tags=37%, list=7%, signal=39%",
GOBP_SUPPRESSION_OF_VIRAL_RELEASE_BY_HOST,GOBP_SUPPRESSION_OF_VIRAL_RELEASE_BY_HOST,,17,0.5594131,1.2449178,0.1878453,0.24490848,1.0,2813,"tags=35%, list=10%, signal=39%",
GOBP_NEGATIVE_REGULATION_OF_CANONICAL_NF_KAPPAB_SIGNAL_TRANSDUCTION,GOBP_NEGATIVE_REGULATION_OF_CANONICAL_NF_KAPPAB_SIGNAL_TRANSDUCTION,,83,0.4086687,1.2446713,0.10543131,0.24516416,1.0,3443,"tags=33%, list=12%, signal=37%",
GOBP_POLYSACCHARIDE_BIOSYNTHETIC_PROCESS,GOBP_POLYSACCHARIDE_BIOSYNTHETIC_PROCESS,,48,0.44469112,1.2440225,0.14851485,0.2459722,1.0,4169,"tags=40%, list=15%, signal=47%",
GOBP_RESPONSE_TO_STEROID_HORMONE,GOBP_RESPONSE_TO_STEROID_HORMONE,,282,0.35255817,1.2440039,0.047489822,0.24590552,1.0,4875,"tags=30%, list=18%, signal=36%",
GOBP_STRIATED_MUSCLE_CELL_PROLIFERATION,GOBP_STRIATED_MUSCLE_CELL_PROLIFERATION,,58,0.4318527,1.2439708,0.11551155,0.24586919,1.0,4646,"tags=28%, list=17%, signal=33%",
GOBP_REGULATION_OF_RHO_PROTEIN_SIGNAL_TRANSDUCTION,GOBP_REGULATION_OF_RHO_PROTEIN_SIGNAL_TRANSDUCTION,,85,0.4051148,1.243842,0.09250399,0.24594727,1.0,5357,"tags=38%, list=19%, signal=47%",
GOBP_MYOBLAST_DIFFERENTIATION,GOBP_MYOBLAST_DIFFERENTIATION,,88,0.40634805,1.2435795,0.118892506,0.24623781,1.0,3858,"tags=26%, list=14%, signal=30%",
GOBP_INORGANIC_ANION_TRANSPORT,GOBP_INORGANIC_ANION_TRANSPORT,,122,0.3871159,1.2435185,0.084529504,0.24624217,1.0,4591,"tags=26%, list=17%, signal=31%",
GOBP_NEGATIVE_REGULATION_OF_PHOSPHATIDYLINOSITOL_3_KINASE_PROTEIN_KINASE_B_SIGNAL_TRANSDUCTION,GOBP_NEGATIVE_REGULATION_OF_PHOSPHATIDYLINOSITOL_3_KINASE_PROTEIN_KINASE_B_SIGNAL_TRANSDUCTION,,58,0.42632794,1.2434707,0.12244898,0.24622485,1.0,3356,"tags=33%, list=12%, signal=37%",
REACTOME_CYTOSOLIC_SULFONATION_OF_SMALL_MOLECULES,REACTOME_CYTOSOLIC_SULFONATION_OF_SMALL_MOLECULES,,13,0.5853603,1.2434287,0.18761726,0.24620034,1.0,3008,"tags=31%, list=11%, signal=34%",
REACTOME_NPAS4_REGULATES_EXPRESSION_OF_TARGET_GENES,REACTOME_NPAS4_REGULATES_EXPRESSION_OF_TARGET_GENES,,19,0.5331959,1.2430695,0.17102967,0.2466201,1.0,3682,"tags=32%, list=13%, signal=36%",
GOBP_RIBONUCLEOSIDE_MONOPHOSPHATE_CATABOLIC_PROCESS,GOBP_RIBONUCLEOSIDE_MONOPHOSPHATE_CATABOLIC_PROCESS,,16,0.5510327,1.2429198,0.18998273,0.24674524,1.0,3381,"tags=38%, list=12%, signal=43%",
REACTOME_POST_TRANSLATIONAL_MODIFICATION_SYNTHESIS_OF_GPI_ANCHORED_PROTEINS,REACTOME_POST_TRANSLATIONAL_MODIFICATION_SYNTHESIS_OF_GPI_ANCHORED_PROTEINS,,69,0.41955423,1.2415296,0.1203252,0.24859342,1.0,5022,"tags=26%, list=18%, signal=32%",
GOBP_CELL_JUNCTION_ASSEMBLY,GOBP_CELL_JUNCTION_ASSEMBLY,,411,0.34474578,1.2412318,0.028097063,0.24895608,1.0,4745,"tags=28%, list=17%, signal=33%",
GOBP_ENDOTHELIAL_CELL_PROLIFERATION,GOBP_ENDOTHELIAL_CELL_PROLIFERATION,,137,0.38025463,1.2411561,0.08083832,0.24897438,1.0,6200,"tags=36%, list=22%, signal=47%",
GOBP_PROTON_TRANSPORTING_TWO_SECTOR_ATPASE_COMPLEX_ASSEMBLY,GOBP_PROTON_TRANSPORTING_TWO_SECTOR_ATPASE_COMPLEX_ASSEMBLY,,15,0.5572347,1.2408671,0.20781527,0.24928054,1.0,5279,"tags=33%, list=19%, signal=41%",
GOBP_INSULIN_SECRETION_INVOLVED_IN_CELLULAR_RESPONSE_TO_GLUCOSE_STIMULUS,GOBP_INSULIN_SECRETION_INVOLVED_IN_CELLULAR_RESPONSE_TO_GLUCOSE_STIMULUS,,63,0.4288658,1.2407113,0.10491803,0.24940377,1.0,5199,"tags=38%, list=19%, signal=47%",
GOBP_REGULATION_OF_PHOSPHOLIPID_BIOSYNTHETIC_PROCESS,GOBP_REGULATION_OF_PHOSPHOLIPID_BIOSYNTHETIC_PROCESS,,15,0.55379283,1.2405726,0.19928825,0.2495194,1.0,4959,"tags=40%, list=18%, signal=49%",
GOBP_REGULATION_OF_ENDOCRINE_PROCESS,GOBP_REGULATION_OF_ENDOCRINE_PROCESS,,28,0.49078044,1.2404429,0.18388791,0.24962848,1.0,4385,"tags=29%, list=16%, signal=34%",
GOBP_REGULATION_OF_PHOSPHOLIPID_METABOLIC_PROCESS,GOBP_REGULATION_OF_PHOSPHOLIPID_METABOLIC_PROCESS,,32,0.4751041,1.2404003,0.1764706,0.24959934,1.0,1981,"tags=16%, list=7%, signal=17%",
REACTOME_ACTIVATION_OF_NMDA_RECEPTORS_AND_POSTSYNAPTIC_EVENTS,REACTOME_ACTIVATION_OF_NMDA_RECEPTORS_AND_POSTSYNAPTIC_EVENTS,,84,0.39760146,1.2401434,0.116693676,0.24989735,1.0,5451,"tags=30%, list=20%, signal=37%",
GOBP_MAINTENANCE_OF_GASTROINTESTINAL_EPITHELIUM,GOBP_MAINTENANCE_OF_GASTROINTESTINAL_EPITHELIUM,,17,0.54524076,1.2401264,0.21166667,0.24982879,1.0,2751,"tags=24%, list=10%, signal=26%",
REACTOME_PROLACTIN_RECEPTOR_SIGNALING,REACTOME_PROLACTIN_RECEPTOR_SIGNALING,,12,0.5902679,1.2401153,0.22759856,0.24975836,1.0,1693,"tags=25%, list=6%, signal=27%",
GOBP_NEGATIVE_REGULATION_OF_JNK_CASCADE,GOBP_NEGATIVE_REGULATION_OF_JNK_CASCADE,,35,0.4652072,1.2399917,0.15485996,0.24984759,1.0,4550,"tags=34%, list=16%, signal=41%",
GOBP_NEGATIVE_REGULATION_OF_CALCIUM_ION_TRANSMEMBRANE_TRANSPORT,GOBP_NEGATIVE_REGULATION_OF_CALCIUM_ION_TRANSMEMBRANE_TRANSPORT,,29,0.48611504,1.2397009,0.14471243,0.25018018,1.0,5116,"tags=41%, list=18%, signal=51%",
GOBP_POSITIVE_REGULATION_OF_MUSCLE_CELL_DIFFERENTIATION,GOBP_POSITIVE_REGULATION_OF_MUSCLE_CELL_DIFFERENTIATION,,58,0.4217221,1.239639,0.11164274,0.25017995,1.0,1935,"tags=16%, list=7%, signal=17%",
GOBP_REGULATION_OF_DENDRITIC_CELL_ANTIGEN_PROCESSING_AND_PRESENTATION,GOBP_REGULATION_OF_DENDRITIC_CELL_ANTIGEN_PROCESSING_AND_PRESENTATION,,10,0.62020624,1.2395984,0.23571429,0.25015348,1.0,1627,"tags=40%, list=6%, signal=42%",
GOBP_RESPONSE_TO_HEPATOCYTE_GROWTH_FACTOR,GOBP_RESPONSE_TO_HEPATOCYTE_GROWTH_FACTOR,,17,0.552108,1.2390572,0.18312387,0.25084266,1.0,6046,"tags=53%, list=22%, signal=68%",
GOBP_POSITIVE_REGULATION_OF_NEUROGENESIS,GOBP_POSITIVE_REGULATION_OF_NEUROGENESIS,,188,0.36618927,1.2383916,0.059270516,0.2517475,1.0,4678,"tags=27%, list=17%, signal=32%",
GOBP_REGULATION_OF_XENOPHAGY,GOBP_REGULATION_OF_XENOPHAGY,,12,0.58439827,1.238361,0.20913884,0.25169557,1.0,3421,"tags=33%, list=12%, signal=38%",
GOBP_NATURAL_KILLER_CELL_DIFFERENTIATION,GOBP_NATURAL_KILLER_CELL_DIFFERENTIATION,,25,0.49998173,1.2382182,0.18685122,0.25180674,1.0,4305,"tags=48%, list=16%, signal=57%",
GOBP_CELL_MATURATION,GOBP_CELL_MATURATION,,170,0.37337896,1.2381884,0.07335329,0.25176215,1.0,4144,"tags=26%, list=15%, signal=31%",
REACTOME_DEVELOPMENTAL_CELL_LINEAGES_OF_THE_EXOCRINE_PANCREAS,REACTOME_DEVELOPMENTAL_CELL_LINEAGES_OF_THE_EXOCRINE_PANCREAS,,57,0.43138808,1.2380835,0.1426146,0.25182557,1.0,6439,"tags=47%, list=23%, signal=62%",
REACTOME_SURFACTANT_METABOLISM,REACTOME_SURFACTANT_METABOLISM,,23,0.49770224,1.2377629,0.175,0.25221908,1.0,5987,"tags=39%, list=22%, signal=50%",
GOBP_JNK_CASCADE,GOBP_JNK_CASCADE,,172,0.36987418,1.2376641,0.076258995,0.25228298,1.0,4577,"tags=32%, list=16%, signal=38%",
REACTOME_O_GLYCOSYLATION_OF_TSR_DOMAIN_CONTAINING_PROTEINS,REACTOME_O_GLYCOSYLATION_OF_TSR_DOMAIN_CONTAINING_PROTEINS,,30,0.4725533,1.2375927,0.15964912,0.25230926,1.0,1192,"tags=13%, list=4%, signal=14%",
GOBP_POSITIVE_REGULATION_OF_MITOCHONDRIAL_FISSION,GOBP_POSITIVE_REGULATION_OF_MITOCHONDRIAL_FISSION,,21,0.5164809,1.2375823,0.1780822,0.25223842,1.0,4325,"tags=43%, list=16%, signal=51%",
REACTOME_RHOBTB3_ATPASE_CYCLE,REACTOME_RHOBTB3_ATPASE_CYCLE,,10,0.6071132,1.2375157,0.20620438,0.25223696,1.0,3741,"tags=40%, list=13%, signal=46%",
REACTOME_GLYCOGEN_STORAGE_DISEASES,REACTOME_GLYCOGEN_STORAGE_DISEASES,,12,0.5906138,1.2374338,0.20522387,0.2522531,1.0,5221,"tags=58%, list=19%, signal=72%",
GOBP_POSITIVE_REGULATION_OF_AXON_EXTENSION,GOBP_POSITIVE_REGULATION_OF_AXON_EXTENSION,,33,0.472195,1.2362782,0.13414635,0.25377813,1.0,5381,"tags=39%, list=19%, signal=49%",
GOBP_REGULATION_OF_NEURAL_PRECURSOR_CELL_PROLIFERATION,GOBP_REGULATION_OF_NEURAL_PRECURSOR_CELL_PROLIFERATION,,70,0.412878,1.2361045,0.108766235,0.25392774,1.0,4966,"tags=31%, list=18%, signal=38%",
GOBP_POLYAMINE_TRANSPORT,GOBP_POLYAMINE_TRANSPORT,,15,0.56800616,1.2359132,0.19485295,0.25411236,1.0,4754,"tags=47%, list=17%, signal=56%",
REACTOME_GLUCONEOGENESIS,REACTOME_GLUCONEOGENESIS,,19,0.52702796,1.2358171,0.17383513,0.25416347,1.0,2542,"tags=32%, list=9%, signal=35%",
GOBP_POSITIVE_REGULATION_OF_CELLULAR_RESPONSE_TO_TRANSFORMING_GROWTH_FACTOR_BETA_STIMULUS,GOBP_POSITIVE_REGULATION_OF_CELLULAR_RESPONSE_TO_TRANSFORMING_GROWTH_FACTOR_BETA_STIMULUS,,29,0.48659658,1.2357727,0.18552876,0.25414127,1.0,3259,"tags=31%, list=12%, signal=35%",
GOBP_MITOCHONDRIAL_DEPOLARIZATION,GOBP_MITOCHONDRIAL_DEPOLARIZATION,,26,0.4968497,1.2356272,0.17863397,0.2542551,1.0,4796,"tags=35%, list=17%, signal=42%",
REACTOME_DEFECTIVE_C1GALT1C1_CAUSES_TNPS,REACTOME_DEFECTIVE_C1GALT1C1_CAUSES_TNPS,,11,0.6017096,1.235491,0.19699812,0.2543423,1.0,6631,"tags=64%, list=24%, signal=84%",
GOBP_LIPID_OXIDATION,GOBP_LIPID_OXIDATION,,105,0.38981223,1.2353809,0.095679015,0.25441915,1.0,4244,"tags=29%, list=15%, signal=34%",
REACTOME_CYCLIN_D_ASSOCIATED_EVENTS_IN_G1,REACTOME_CYCLIN_D_ASSOCIATED_EVENTS_IN_G1,,47,0.44750783,1.2350559,0.1345515,0.25482404,1.0,4230,"tags=36%, list=15%, signal=43%",
REACTOME_HS_GAG_DEGRADATION,REACTOME_HS_GAG_DEGRADATION,,19,0.5286847,1.2350497,0.21532847,0.25474432,1.0,2738,"tags=26%, list=10%, signal=29%",
GOBP_REGULATION_OF_EXECUTION_PHASE_OF_APOPTOSIS,GOBP_REGULATION_OF_EXECUTION_PHASE_OF_APOPTOSIS,,22,0.51116484,1.2349774,0.17474048,0.25476608,1.0,4783,"tags=55%, list=17%, signal=66%",
GOBP_L_TRYPTOPHAN_METABOLIC_PROCESS,GOBP_L_TRYPTOPHAN_METABOLIC_PROCESS,,14,0.573333,1.2349533,0.19107144,0.254707,1.0,2093,"tags=29%, list=8%, signal=31%",
GOBP_NEGATIVE_REGULATION_OF_DEFENSE_RESPONSE_TO_VIRUS,GOBP_NEGATIVE_REGULATION_OF_DEFENSE_RESPONSE_TO_VIRUS,,18,0.53506184,1.2349243,0.18053098,0.25466537,1.0,4265,"tags=33%, list=15%, signal=39%",
GOBP_NEGATIVE_REGULATION_OF_GLIAL_CELL_PROLIFERATION,GOBP_NEGATIVE_REGULATION_OF_GLIAL_CELL_PROLIFERATION,,12,0.5930087,1.2347112,0.20332718,0.25488538,1.0,6209,"tags=58%, list=22%, signal=75%",
GOBP_CHLORIDE_TRANSPORT,GOBP_CHLORIDE_TRANSPORT,,87,0.396822,1.2346716,0.11295181,0.2548521,1.0,4591,"tags=25%, list=17%, signal=30%",
GOBP_INTRACELLULAR_LIPID_TRANSPORT,GOBP_INTRACELLULAR_LIPID_TRANSPORT,,49,0.4406067,1.2346505,0.15245901,0.25479499,1.0,4244,"tags=33%, list=15%, signal=38%",
GOBP_DITERPENOID_METABOLIC_PROCESS,GOBP_DITERPENOID_METABOLIC_PROCESS,,66,0.42436922,1.2346185,0.11409396,0.25474933,1.0,4347,"tags=29%, list=16%, signal=34%",
GOBP_GLUTAMATE_METABOLIC_PROCESS,GOBP_GLUTAMATE_METABOLIC_PROCESS,,25,0.49891278,1.2342469,0.18600683,0.25519264,1.0,3159,"tags=32%, list=11%, signal=36%",
GOBP_REGULATION_OF_LIPOPROTEIN_METABOLIC_PROCESS,GOBP_REGULATION_OF_LIPOPROTEIN_METABOLIC_PROCESS,,16,0.5546126,1.2340055,0.17531306,0.2554393,1.0,4400,"tags=31%, list=16%, signal=37%",
GOBP_NEGATIVE_REGULATION_OF_G_PROTEIN_COUPLED_RECEPTOR_SIGNALING_PATHWAY,GOBP_NEGATIVE_REGULATION_OF_G_PROTEIN_COUPLED_RECEPTOR_SIGNALING_PATHWAY,,64,0.41466475,1.2337861,0.13556619,0.25566128,1.0,5129,"tags=31%, list=18%, signal=38%",
GOBP_NEGATIVE_REGULATION_OF_STRIATED_MUSCLE_CELL_DIFFERENTIATION,GOBP_NEGATIVE_REGULATION_OF_STRIATED_MUSCLE_CELL_DIFFERENTIATION,,34,0.48149335,1.2336473,0.15652174,0.2557855,1.0,4480,"tags=32%, list=16%, signal=39%",
GOBP_REGULATION_OF_CELL_GROWTH,GOBP_REGULATION_OF_CELL_GROWTH,,360,0.34594953,1.2334118,0.027173912,0.2560375,1.0,4558,"tags=29%, list=16%, signal=34%",
GOBP_REGULATION_OF_BMP_SIGNALING_PATHWAY,GOBP_REGULATION_OF_BMP_SIGNALING_PATHWAY,,86,0.39545,1.233152,0.11163522,0.25633544,1.0,5113,"tags=33%, list=18%, signal=40%",
GOBP_PEPTIDE_ANTIGEN_ASSEMBLY_WITH_MHC_PROTEIN_COMPLEX,GOBP_PEPTIDE_ANTIGEN_ASSEMBLY_WITH_MHC_PROTEIN_COMPLEX,,19,0.5287361,1.2328087,0.19115044,0.2567547,1.0,2163,"tags=21%, list=8%, signal=23%",
GOBP_LYMPHOCYTE_MIGRATION,GOBP_LYMPHOCYTE_MIGRATION,,105,0.38908103,1.2328044,0.099518456,0.25667158,1.0,4392,"tags=36%, list=16%, signal=43%",
GOBP_REGULATION_OF_MITOCHONDRIAL_DEPOLARIZATION,GOBP_REGULATION_OF_MITOCHONDRIAL_DEPOLARIZATION,,20,0.5239594,1.2326458,0.20035149,0.2568166,1.0,4796,"tags=40%, list=17%, signal=48%",
REACTOME_FCGR3A_MEDIATED_IL10_SYNTHESIS,REACTOME_FCGR3A_MEDIATED_IL10_SYNTHESIS,,92,0.40285677,1.2324687,0.120743036,0.25699705,1.0,3469,"tags=14%, list=13%, signal=16%",
GOBP_FATTY_ACID_DERIVATIVE_CATABOLIC_PROCESS,GOBP_FATTY_ACID_DERIVATIVE_CATABOLIC_PROCESS,,19,0.5309519,1.2324457,0.19371727,0.25694668,1.0,5032,"tags=37%, list=18%, signal=45%",
GOBP_LEARNING_OR_MEMORY,GOBP_LEARNING_OR_MEMORY,,235,0.35611355,1.232298,0.05874126,0.25707144,1.0,5495,"tags=32%, list=20%, signal=40%",
GOBP_REGULATION_OF_NECROPTOTIC_PROCESS,GOBP_REGULATION_OF_NECROPTOTIC_PROCESS,,32,0.47500297,1.2321359,0.16695653,0.2572164,1.0,3225,"tags=31%, list=12%, signal=35%",
GOBP_EOSINOPHIL_MEDIATED_IMMUNITY,GOBP_EOSINOPHIL_MEDIATED_IMMUNITY,,10,0.6218872,1.2318609,0.21178637,0.25755176,1.0,3616,"tags=40%, list=13%, signal=46%",
GOBP_STRIATED_MUSCLE_CONTRACTION,GOBP_STRIATED_MUSCLE_CONTRACTION,,203,0.35929966,1.2317067,0.060648803,0.2576916,1.0,4574,"tags=24%, list=16%, signal=28%",
GOBP_KETONE_CATABOLIC_PROCESS,GOBP_KETONE_CATABOLIC_PROCESS,,15,0.5703244,1.23157,0.20072992,0.25779235,1.0,4812,"tags=47%, list=17%, signal=56%",
GOBP_T_CELL_APOPTOTIC_PROCESS,GOBP_T_CELL_APOPTOTIC_PROCESS,,51,0.43612581,1.2314217,0.12721416,0.25791654,1.0,4364,"tags=43%, list=16%, signal=51%",
GOBP_L_GLUTAMATE_TRANSMEMBRANE_TRANSPORT,GOBP_L_GLUTAMATE_TRANSMEMBRANE_TRANSPORT,,29,0.48025566,1.2310174,0.1559322,0.25840765,1.0,4652,"tags=24%, list=17%, signal=29%",
REACTOME_NEUROTRANSMITTER_RELEASE_CYCLE,REACTOME_NEUROTRANSMITTER_RELEASE_CYCLE,,39,0.46139863,1.2310007,0.15771231,0.25833923,1.0,5324,"tags=28%, list=19%, signal=35%",
GOBP_NEUROMUSCULAR_PROCESS_CONTROLLING_BALANCE,GOBP_NEUROMUSCULAR_PROCESS_CONTROLLING_BALANCE,,47,0.44380063,1.2307286,0.13220339,0.2586236,1.0,3676,"tags=21%, list=13%, signal=24%",
REACTOME_RIBOSOME_ASSOCIATED_QUALITY_CONTROL,REACTOME_RIBOSOME_ASSOCIATED_QUALITY_CONTROL,,144,0.37437883,1.2307066,0.084848486,0.25857228,1.0,5395,"tags=25%, list=19%, signal=31%",
REACTOME_PHENYLALANINE_AND_TYROSINE_METABOLISM,REACTOME_PHENYLALANINE_AND_TYROSINE_METABOLISM,,10,0.61246383,1.2304513,0.23144877,0.2588572,1.0,6760,"tags=50%, list=24%, signal=66%",
GOBP_POSITIVE_REGULATION_OF_HEART_RATE,GOBP_POSITIVE_REGULATION_OF_HEART_RATE,,21,0.514036,1.2299932,0.18887015,0.2594178,1.0,5045,"tags=33%, list=18%, signal=41%",
GOBP_NEGATIVE_REGULATION_OF_RESPONSE_TO_OXIDATIVE_STRESS,GOBP_NEGATIVE_REGULATION_OF_RESPONSE_TO_OXIDATIVE_STRESS,,10,0.61912435,1.2298311,0.22135922,0.25956368,1.0,58,"tags=20%, list=0%, signal=20%",
GOBP_NEGATIVE_REGULATION_OF_ANTIGEN_RECEPTOR_MEDIATED_SIGNALING_PATHWAY,GOBP_NEGATIVE_REGULATION_OF_ANTIGEN_RECEPTOR_MEDIATED_SIGNALING_PATHWAY,,49,0.44176707,1.2298096,0.15210356,0.25950584,1.0,2506,"tags=31%, list=9%, signal=34%",
GOBP_DIGESTION,GOBP_DIGESTION,,99,0.3928166,1.2295355,0.10845295,0.25982586,1.0,3172,"tags=21%, list=11%, signal=24%",
GOBP_SULFUR_COMPOUND_TRANSPORT,GOBP_SULFUR_COMPOUND_TRANSPORT,,59,0.43251592,1.2293171,0.12786885,0.26007572,1.0,4704,"tags=27%, list=17%, signal=33%",
GOBP_POSITIVE_REGULATION_OF_PROTEIN_SUMOYLATION,GOBP_POSITIVE_REGULATION_OF_PROTEIN_SUMOYLATION,,12,0.5910449,1.2291911,0.22007042,0.26016754,1.0,2177,"tags=33%, list=8%, signal=36%",
GOBP_GTP_METABOLIC_PROCESS,GOBP_GTP_METABOLIC_PROCESS,,24,0.50909704,1.2288727,0.16949153,0.26055267,1.0,2462,"tags=21%, list=9%, signal=23%",
GOBP_ALDEHYDE_CATABOLIC_PROCESS,GOBP_ALDEHYDE_CATABOLIC_PROCESS,,10,0.5987919,1.2287766,0.22,0.26060018,1.0,5806,"tags=70%, list=21%, signal=88%",
GOBP_VITAMIN_D_RECEPTOR_SIGNALING_PATHWAY,GOBP_VITAMIN_D_RECEPTOR_SIGNALING_PATHWAY,,13,0.57331544,1.2284615,0.22118959,0.26096126,1.0,4177,"tags=38%, list=15%, signal=45%",
GOBP_NEGATIVE_REGULATION_OF_ENDOPLASMIC_RETICULUM_UNFOLDED_PROTEIN_RESPONSE,GOBP_NEGATIVE_REGULATION_OF_ENDOPLASMIC_RETICULUM_UNFOLDED_PROTEIN_RESPONSE,,22,0.510889,1.2282835,0.19244604,0.26111823,1.0,4644,"tags=36%, list=17%, signal=44%",
GOBP_MUSCLE_HYPERTROPHY,GOBP_MUSCLE_HYPERTROPHY,,74,0.4104758,1.2277116,0.1088,0.2618637,1.0,4426,"tags=30%, list=16%, signal=35%",
GOBP_LONG_CHAIN_FATTY_ACID_TRANSPORT,GOBP_LONG_CHAIN_FATTY_ACID_TRANSPORT,,47,0.43883052,1.2271851,0.163606,0.26258868,1.0,4704,"tags=32%, list=17%, signal=38%",
GOBP_REGULATION_OF_LAMELLIPODIUM_ORGANIZATION,GOBP_REGULATION_OF_LAMELLIPODIUM_ORGANIZATION,,49,0.4409347,1.2267996,0.13764511,0.26306447,1.0,5353,"tags=49%, list=19%, signal=61%",
GOBP_NEGATIVE_REGULATION_OF_ATP_DEPENDENT_ACTIVITY,GOBP_NEGATIVE_REGULATION_OF_ATP_DEPENDENT_ACTIVITY,,11,0.5881946,1.2267616,0.22504537,0.26302916,1.0,4915,"tags=55%, list=18%, signal=66%",
GOBP_GLYCEROPHOSPHOLIPID_BIOSYNTHETIC_PROCESS,GOBP_GLYCEROPHOSPHOLIPID_BIOSYNTHETIC_PROCESS,,193,0.36229956,1.2262003,0.062228654,0.26376912,1.0,4419,"tags=28%, list=16%, signal=33%",
GOBP_CALCIUM_ION_TRANSMEMBRANE_IMPORT_INTO_CYTOSOL,GOBP_CALCIUM_ION_TRANSMEMBRANE_IMPORT_INTO_CYTOSOL,,156,0.37162814,1.2260176,0.069666184,0.26394597,1.0,5223,"tags=35%, list=19%, signal=42%",
GOBP_REGULATION_OF_BONE_REMODELING,GOBP_REGULATION_OF_BONE_REMODELING,,42,0.4525682,1.225956,0.15017065,0.26394334,1.0,5112,"tags=48%, list=18%, signal=58%",
GOBP_NEGATIVE_REGULATION_OF_AMINE_TRANSPORT,GOBP_NEGATIVE_REGULATION_OF_AMINE_TRANSPORT,,16,0.5467994,1.2254354,0.20320855,0.26463094,1.0,4500,"tags=38%, list=16%, signal=45%",
GOBP_OVULATION_CYCLE_PROCESS,GOBP_OVULATION_CYCLE_PROCESS,,37,0.4578107,1.2249781,0.18196458,0.26522264,1.0,1711,"tags=19%, list=6%, signal=20%",
GOBP_REGULATION_OF_ORGANELLE_ASSEMBLY,GOBP_REGULATION_OF_ORGANELLE_ASSEMBLY,,247,0.35298526,1.2249669,0.06382979,0.26514658,1.0,4764,"tags=27%, list=17%, signal=32%",
REACTOME_CARDIAC_CONDUCTION,REACTOME_CARDIAC_CONDUCTION,,101,0.3843611,1.2248034,0.11041991,0.26529986,1.0,5301,"tags=33%, list=19%, signal=40%",
GOBP_LYMPHOCYTE_DIFFERENTIATION,GOBP_LYMPHOCYTE_DIFFERENTIATION,,431,0.33851945,1.2247556,0.042857144,0.26527053,1.0,3287,"tags=29%, list=12%, signal=32%",
GOBP_L_GLUTAMATE_IMPORT,GOBP_L_GLUTAMATE_IMPORT,,39,0.4516787,1.2244523,0.17369309,0.2656511,1.0,6514,"tags=33%, list=23%, signal=44%",
REACTOME_DOWNREGULATION_OF_ERBB2_SIGNALING,REACTOME_DOWNREGULATION_OF_ERBB2_SIGNALING,,26,0.49297327,1.2239013,0.1891892,0.26636532,1.0,6173,"tags=42%, list=22%, signal=54%",
GOBP_REGULATION_OF_PROTEIN_POLYMERIZATION,GOBP_REGULATION_OF_PROTEIN_POLYMERIZATION,,186,0.3631568,1.2237965,0.06942393,0.26642945,1.0,4367,"tags=32%, list=16%, signal=37%",
REACTOME_METABOLISM_OF_NUCLEOTIDES,REACTOME_METABOLISM_OF_NUCLEOTIDES,,95,0.39458868,1.223742,0.11128284,0.26641375,1.0,3381,"tags=23%, list=12%, signal=26%",
GOBP_NEGATIVE_REGULATION_OF_VASCULAR_ASSOCIATED_SMOOTH_MUSCLE_CELL_PROLIFERATION,GOBP_NEGATIVE_REGULATION_OF_VASCULAR_ASSOCIATED_SMOOTH_MUSCLE_CELL_PROLIFERATION,,20,0.51235604,1.2235214,0.21428572,0.2666395,1.0,4134,"tags=35%, list=15%, signal=41%",
REACTOME_RHOBTB1_GTPASE_CYCLE,REACTOME_RHOBTB1_GTPASE_CYCLE,,23,0.5057369,1.2232661,0.19859402,0.2669159,1.0,5636,"tags=35%, list=20%, signal=44%",
GOBP_POSITIVE_REGULATION_OF_SISTER_CHROMATID_COHESION,GOBP_POSITIVE_REGULATION_OF_SISTER_CHROMATID_COHESION,,10,0.6093227,1.2232016,0.22994652,0.266925,1.0,58,"tags=10%, list=0%, signal=10%",
REACTOME_STRIATED_MUSCLE_CONTRACTION,REACTOME_STRIATED_MUSCLE_CONTRACTION,,30,0.48548928,1.2228602,0.16977929,0.267355,1.0,5896,"tags=47%, list=21%, signal=59%",
GOBP_RESPONSE_TO_ELECTRICAL_STIMULUS,GOBP_RESPONSE_TO_ELECTRICAL_STIMULUS,,27,0.487128,1.2227299,0.19275123,0.26746082,1.0,1711,"tags=19%, list=6%, signal=20%",
GOBP_REGULATION_OF_HETEROTYPIC_CELL_CELL_ADHESION,GOBP_REGULATION_OF_HETEROTYPIC_CELL_CELL_ADHESION,,16,0.53064567,1.2225362,0.22719142,0.26765677,1.0,3014,"tags=38%, list=11%, signal=42%",
GOBP_MITOCHONDRION_ORGANIZATION,GOBP_MITOCHONDRION_ORGANIZATION,,403,0.33800727,1.2222102,0.036649216,0.2680476,1.0,4796,"tags=26%, list=17%, signal=30%",
REACTOME_G_ALPHA_Z_SIGNALLING_EVENTS,REACTOME_G_ALPHA_Z_SIGNALLING_EVENTS,,40,0.45106947,1.2221687,0.16923077,0.26801977,1.0,3384,"tags=35%, list=12%, signal=40%",
GOBP_PLASMA_MEMBRANE_RAFT_ORGANIZATION,GOBP_PLASMA_MEMBRANE_RAFT_ORGANIZATION,,11,0.6002366,1.2219164,0.22898032,0.26830032,1.0,3583,"tags=55%, list=13%, signal=63%",
GOBP_HEMATOPOIETIC_PROGENITOR_CELL_DIFFERENTIATION,GOBP_HEMATOPOIETIC_PROGENITOR_CELL_DIFFERENTIATION,,115,0.38115925,1.2217474,0.09467456,0.268431,1.0,3754,"tags=24%, list=14%, signal=28%",
GOBP_GROOMING_BEHAVIOR,GOBP_GROOMING_BEHAVIOR,,14,0.56781906,1.2217101,0.22202797,0.2683982,1.0,6367,"tags=36%, list=23%, signal=46%",
GOBP_PROTEIN_TRANSMEMBRANE_TRANSPORT,GOBP_PROTEIN_TRANSMEMBRANE_TRANSPORT,,78,0.40437958,1.2216672,0.13476263,0.26836807,1.0,5407,"tags=27%, list=19%, signal=33%",
GOBP_INNER_EAR_AUDITORY_RECEPTOR_CELL_DIFFERENTIATION,GOBP_INNER_EAR_AUDITORY_RECEPTOR_CELL_DIFFERENTIATION,,38,0.45376372,1.2216362,0.1558669,0.26832718,1.0,5406,"tags=37%, list=19%, signal=46%",
GOBP_STRIATED_MUSCLE_CELL_DIFFERENTIATION,GOBP_STRIATED_MUSCLE_CELL_DIFFERENTIATION,,298,0.34651795,1.2214184,0.037815128,0.26856133,1.0,4673,"tags=22%, list=17%, signal=27%",
GOBP_POTASSIUM_ION_EXPORT_ACROSS_PLASMA_MEMBRANE,GOBP_POTASSIUM_ION_EXPORT_ACROSS_PLASMA_MEMBRANE,,17,0.5347462,1.2213072,0.19141324,0.26863036,1.0,4759,"tags=41%, list=17%, signal=50%",
GOBP_AZOLE_TRANSMEMBRANE_TRANSPORT,GOBP_AZOLE_TRANSMEMBRANE_TRANSPORT,,10,0.6171467,1.2211765,0.23021583,0.26873273,1.0,3248,"tags=30%, list=12%, signal=34%",
GOBP_ADENYLATE_CYCLASE_ACTIVATING_ADRENERGIC_RECEPTOR_SIGNALING_PATHWAY,GOBP_ADENYLATE_CYCLASE_ACTIVATING_ADRENERGIC_RECEPTOR_SIGNALING_PATHWAY,,12,0.5802279,1.2210848,0.22758621,0.2687672,1.0,2592,"tags=33%, list=9%, signal=37%",
REACTOME_GLUTATHIONE_SYNTHESIS_AND_RECYCLING,REACTOME_GLUTATHIONE_SYNTHESIS_AND_RECYCLING,,11,0.59858006,1.2208409,0.243762,0.2690654,1.0,1744,"tags=36%, list=6%, signal=39%",
GOBP_POSITIVE_REGULATION_OF_PROTEASOMAL_UBIQUITIN_DEPENDENT_PROTEIN_CATABOLIC_PROCESS,GOBP_POSITIVE_REGULATION_OF_PROTEASOMAL_UBIQUITIN_DEPENDENT_PROTEIN_CATABOLIC_PROCESS,,78,0.40595508,1.2202975,0.117549665,0.26978493,1.0,4515,"tags=31%, list=16%, signal=37%",
GOBP_RETINOIC_ACID_RECEPTOR_SIGNALING_PATHWAY,GOBP_RETINOIC_ACID_RECEPTOR_SIGNALING_PATHWAY,,34,0.47256568,1.22027,0.1791531,0.2697372,1.0,3253,"tags=26%, list=12%, signal=30%",
GOBP_REGULATION_OF_MYOTUBE_DIFFERENTIATION,GOBP_REGULATION_OF_MYOTUBE_DIFFERENTIATION,,35,0.45594585,1.220061,0.1769616,0.26994205,1.0,4480,"tags=29%, list=16%, signal=34%",
GOBP_REGULATION_OF_PROTEIN_TYROSINE_KINASE_ACTIVITY,GOBP_REGULATION_OF_PROTEIN_TYROSINE_KINASE_ACTIVITY,,20,0.5178869,1.2198511,0.20959148,0.27016672,1.0,3604,"tags=40%, list=13%, signal=46%",
GOBP_NEGATIVE_REGULATION_OF_STEROL_TRANSPORT,GOBP_NEGATIVE_REGULATION_OF_STEROL_TRANSPORT,,12,0.58026195,1.2193854,0.22183098,0.27081153,1.0,4360,"tags=42%, list=16%, signal=49%",
REACTOME_GPCR_LIGAND_BINDING,REACTOME_GPCR_LIGAND_BINDING,,301,0.3428724,1.2189758,0.053793103,0.27133042,1.0,3829,"tags=21%, list=14%, signal=24%",
GOBP_REGULATION_OF_STEROID_METABOLIC_PROCESS,GOBP_REGULATION_OF_STEROID_METABOLIC_PROCESS,,89,0.39562172,1.2188628,0.10832025,0.27141514,1.0,4385,"tags=27%, list=16%, signal=32%",
REACTOME_CD28_DEPENDENT_VAV1_PATHWAY,REACTOME_CD28_DEPENDENT_VAV1_PATHWAY,,12,0.58060557,1.2187047,0.22393163,0.2715608,1.0,1488,"tags=50%, list=5%, signal=53%",
GOBP_RESPONSE_TO_MISFOLDED_PROTEIN,GOBP_RESPONSE_TO_MISFOLDED_PROTEIN,,20,0.52111816,1.2178589,0.21350364,0.2727755,1.0,3266,"tags=30%, list=12%, signal=34%",
REACTOME_AQUAPORIN_MEDIATED_TRANSPORT,REACTOME_AQUAPORIN_MEDIATED_TRANSPORT,,40,0.45075074,1.2168541,0.1697479,0.27418482,1.0,3384,"tags=35%, list=12%, signal=40%",
REACTOME_SYNAPTIC_ADHESION_LIKE_MOLECULES,REACTOME_SYNAPTIC_ADHESION_LIKE_MOLECULES,,19,0.51463634,1.2168026,0.19494584,0.27416626,1.0,3676,"tags=32%, list=13%, signal=36%",
GOBP_REGULATION_OF_B_CELL_MEDIATED_IMMUNITY,GOBP_REGULATION_OF_B_CELL_MEDIATED_IMMUNITY,,60,0.42288524,1.2166884,0.1364366,0.2742392,1.0,3614,"tags=28%, list=13%, signal=33%",
REACTOME_TNFR1_INDUCED_PROAPOPTOTIC_SIGNALING,REACTOME_TNFR1_INDUCED_PROAPOPTOTIC_SIGNALING,,25,0.49359986,1.216655,0.1969178,0.27418908,1.0,5267,"tags=44%, list=19%, signal=54%",
GOBP_SYNCYTIUM_FORMATION,GOBP_SYNCYTIUM_FORMATION,,101,0.38797265,1.2162627,0.1201248,0.2746827,1.0,4072,"tags=20%, list=15%, signal=23%",
GOBP_CELL_MIGRATION_INVOLVED_IN_SPROUTING_ANGIOGENESIS,GOBP_CELL_MIGRATION_INVOLVED_IN_SPROUTING_ANGIOGENESIS,,56,0.42919642,1.2161267,0.1525974,0.27480254,1.0,6607,"tags=39%, list=24%, signal=51%",
GOBP_ACTIN_FILAMENT_BASED_MOVEMENT,GOBP_ACTIN_FILAMENT_BASED_MOVEMENT,,113,0.38198248,1.2160609,0.11818182,0.27481297,1.0,6718,"tags=42%, list=24%, signal=56%",
GOBP_REGULATION_OF_CELL_PROJECTION_ASSEMBLY,GOBP_REGULATION_OF_CELL_PROJECTION_ASSEMBLY,,225,0.35406962,1.215943,0.068085104,0.27489752,1.0,5422,"tags=34%, list=20%, signal=42%",
GOBP_POSITIVE_REGULATION_OF_ERAD_PATHWAY,GOBP_POSITIVE_REGULATION_OF_ERAD_PATHWAY,,18,0.5307058,1.2159213,0.19520548,0.27484152,1.0,3193,"tags=33%, list=12%, signal=38%",
GOBP_VENTRICULAR_CARDIAC_MUSCLE_TISSUE_MORPHOGENESIS,GOBP_VENTRICULAR_CARDIAC_MUSCLE_TISSUE_MORPHOGENESIS,,40,0.45599505,1.2152833,0.17766498,0.2757439,1.0,5639,"tags=43%, list=20%, signal=53%",
GOBP_NEURON_PROJECTION_MAINTENANCE,GOBP_NEURON_PROJECTION_MAINTENANCE,,12,0.57269305,1.2152685,0.2559415,0.2756707,1.0,2194,"tags=25%, list=8%, signal=27%",
REACTOME_ELASTIC_FIBRE_FORMATION,REACTOME_ELASTIC_FIBRE_FORMATION,,38,0.44849455,1.2150714,0.16372392,0.27589154,1.0,3746,"tags=32%, list=14%, signal=36%",
GOBP_RESPONSE_TO_CALCIUM_ION,GOBP_RESPONSE_TO_CALCIUM_ION,,120,0.3753916,1.2150314,0.08295626,0.27585816,1.0,5324,"tags=33%, list=19%, signal=41%",
GOBP_REGULATION_OF_MUSCLE_ADAPTATION,GOBP_REGULATION_OF_MUSCLE_ADAPTATION,,70,0.40797508,1.2149,0.13321799,0.27595767,1.0,3874,"tags=27%, list=14%, signal=31%",
GOBP_IMMUNOLOGICAL_MEMORY_PROCESS,GOBP_IMMUNOLOGICAL_MEMORY_PROCESS,,20,0.52070206,1.2140477,0.20925926,0.27715576,1.0,1627,"tags=25%, list=6%, signal=27%",
GOBP_POSITIVE_REGULATION_OF_DOUBLE_STRAND_BREAK_REPAIR_VIA_NONHOMOLOGOUS_END_JOINING,GOBP_POSITIVE_REGULATION_OF_DOUBLE_STRAND_BREAK_REPAIR_VIA_NONHOMOLOGOUS_END_JOINING,,17,0.53861344,1.2139499,0.2,0.27720976,1.0,2250,"tags=18%, list=8%, signal=19%",
GOBP_CELLULAR_RESPONSE_TO_VITAMIN_D,GOBP_CELLULAR_RESPONSE_TO_VITAMIN_D,,21,0.5118985,1.2137576,0.20203735,0.2774092,1.0,5723,"tags=38%, list=21%, signal=48%",
GOBP_COENZYME_A_BIOSYNTHETIC_PROCESS,GOBP_COENZYME_A_BIOSYNTHETIC_PROCESS,,10,0.6111689,1.2136517,0.23703703,0.2774804,1.0,2744,"tags=30%, list=10%, signal=33%",
GOBP_REGULATION_OF_VASCULAR_PERMEABILITY,GOBP_REGULATION_OF_VASCULAR_PERMEABILITY,,45,0.43457514,1.2136191,0.16838488,0.277428,1.0,6206,"tags=44%, list=22%, signal=57%",
GOBP_PROTEIN_CONTAINING_COMPLEX_LOCALIZATION,GOBP_PROTEIN_CONTAINING_COMPLEX_LOCALIZATION,,85,0.40321544,1.2135719,0.13190185,0.27741095,1.0,3910,"tags=28%, list=14%, signal=33%",
GOBP_SKIN_DEVELOPMENT,GOBP_SKIN_DEVELOPMENT,,229,0.35430488,1.2130259,0.05431755,0.27815095,1.0,4943,"tags=26%, list=18%, signal=32%",
GOBP_PROTEIN_O_LINKED_GLYCOSYLATION_VIA_N_ACETYL_GALACTOSAMINE,GOBP_PROTEIN_O_LINKED_GLYCOSYLATION_VIA_N_ACETYL_GALACTOSAMINE,,34,0.45551804,1.212997,0.16751269,0.27810597,1.0,1257,"tags=21%, list=5%, signal=22%",
GOBP_FAT_CELL_PROLIFERATION,GOBP_FAT_CELL_PROLIFERATION,,15,0.5505087,1.2129426,0.21052632,0.27809587,1.0,4347,"tags=53%, list=16%, signal=63%",
GOBP_BONE_GROWTH,GOBP_BONE_GROWTH,,30,0.47479835,1.2129356,0.20100503,0.2780098,1.0,4278,"tags=33%, list=15%, signal=39%",
GOBP_SIGNAL_TRANSDUCTION_IN_RESPONSE_TO_DNA_DAMAGE,GOBP_SIGNAL_TRANSDUCTION_IN_RESPONSE_TO_DNA_DAMAGE,,196,0.35560915,1.2128177,0.06465517,0.27808914,1.0,4212,"tags=21%, list=15%, signal=25%",
REACTOME_SIGNALING_BY_FGFR3,REACTOME_SIGNALING_BY_FGFR3,,35,0.46759492,1.2124535,0.16229509,0.27858,1.0,6396,"tags=46%, list=23%, signal=59%",
GOBP_POSITIVE_REGULATION_OF_T_CELL_CYTOKINE_PRODUCTION,GOBP_POSITIVE_REGULATION_OF_T_CELL_CYTOKINE_PRODUCTION,,28,0.48638943,1.2124298,0.18965517,0.27852473,1.0,2163,"tags=32%, list=8%, signal=35%",
GOBP_POSITIVE_REGULATION_OF_STEROID_BIOSYNTHETIC_PROCESS,GOBP_POSITIVE_REGULATION_OF_STEROID_BIOSYNTHETIC_PROCESS,,24,0.49541366,1.2123964,0.1923077,0.27848098,1.0,4385,"tags=33%, list=16%, signal=40%",
GOBP_INCLUSION_BODY_ASSEMBLY,GOBP_INCLUSION_BODY_ASSEMBLY,,27,0.48544332,1.2123415,0.20882852,0.2784774,1.0,6018,"tags=37%, list=22%, signal=47%",
GOBP_POSITIVE_REGULATION_OF_BLOOD_VESSEL_ENDOTHELIAL_CELL_MIGRATION,GOBP_POSITIVE_REGULATION_OF_BLOOD_VESSEL_ENDOTHELIAL_CELL_MIGRATION,,57,0.42652047,1.2123377,0.15823817,0.27839097,1.0,6105,"tags=39%, list=22%, signal=49%",
GOBP_NEUROMUSCULAR_PROCESS,GOBP_NEUROMUSCULAR_PROCESS,,153,0.37089935,1.2115898,0.10487445,0.27945468,1.0,3767,"tags=21%, list=14%, signal=24%",
GOBP_MDA_5_SIGNALING_PATHWAY,GOBP_MDA_5_SIGNALING_PATHWAY,,10,0.59797287,1.2114801,0.25266904,0.2795249,1.0,6215,"tags=50%, list=22%, signal=64%",
GOBP_OLIGODENDROCYTE_DEVELOPMENT,GOBP_OLIGODENDROCYTE_DEVELOPMENT,,39,0.44249615,1.2111485,0.17114094,0.27994108,1.0,1690,"tags=15%, list=6%, signal=16%",
REACTOME_TICAM1_TRAF6_DEPENDENT_INDUCTION_OF_TAK1_COMPLEX,REACTOME_TICAM1_TRAF6_DEPENDENT_INDUCTION_OF_TAK1_COMPLEX,,11,0.5822168,1.2110429,0.22128378,0.2799973,1.0,6580,"tags=45%, list=24%, signal=60%",
GOBP_PROTEIN_AUTOPROCESSING,GOBP_PROTEIN_AUTOPROCESSING,,22,0.506867,1.2106509,0.21174377,0.28050166,1.0,4327,"tags=36%, list=16%, signal=43%",
GOBP_CYCLIC_NUCLEOTIDE_BIOSYNTHETIC_PROCESS,GOBP_CYCLIC_NUCLEOTIDE_BIOSYNTHETIC_PROCESS,,16,0.53366387,1.2105384,0.21985815,0.28059244,1.0,3224,"tags=25%, list=12%, signal=28%",
REACTOME_SWITCHING_OF_ORIGINS_TO_A_POST_REPLICATIVE_STATE,REACTOME_SWITCHING_OF_ORIGINS_TO_A_POST_REPLICATIVE_STATE,,79,0.3984043,1.2102789,0.13474026,0.2809005,1.0,5323,"tags=35%, list=19%, signal=44%",
REACTOME_PI_METABOLISM,REACTOME_PI_METABOLISM,,82,0.39591545,1.2101243,0.13504823,0.2810576,1.0,3502,"tags=28%, list=13%, signal=32%",
REACTOME_GLUCAGON_SIGNALING_IN_METABOLIC_REGULATION,REACTOME_GLUCAGON_SIGNALING_IN_METABOLIC_REGULATION,,26,0.48455703,1.209945,0.18612522,0.28125274,1.0,3384,"tags=38%, list=12%, signal=44%",
GOBP_POSITIVE_REGULATION_OF_ORGANELLE_ORGANIZATION,GOBP_POSITIVE_REGULATION_OF_ORGANELLE_ORGANIZATION,,470,0.3344324,1.209664,0.039011702,0.28159785,1.0,4459,"tags=25%, list=16%, signal=29%",
GOBP_DEOXYRIBONUCLEOTIDE_METABOLIC_PROCESS,GOBP_DEOXYRIBONUCLEOTIDE_METABOLIC_PROCESS,,46,0.42570072,1.209446,0.16724138,0.28184354,1.0,3431,"tags=30%, list=12%, signal=35%",
REACTOME_BIOSYNTHESIS_OF_SPECIALIZED_PRORESOLVING_MEDIATORS_SPMS,REACTOME_BIOSYNTHESIS_OF_SPECIALIZED_PRORESOLVING_MEDIATORS_SPMS,,17,0.5375523,1.2093725,0.21302816,0.2818664,1.0,3110,"tags=35%, list=11%, signal=40%",
GOBP_GLYCEROPHOSPHOLIPID_CATABOLIC_PROCESS,GOBP_GLYCEROPHOSPHOLIPID_CATABOLIC_PROCESS,,30,0.48055312,1.207781,0.18197879,0.2842459,1.0,3352,"tags=37%, list=12%, signal=42%",
GOBP_REGULATION_OF_POTASSIUM_ION_TRANSMEMBRANE_TRANSPORT,GOBP_REGULATION_OF_POTASSIUM_ION_TRANSMEMBRANE_TRANSPORT,,48,0.42693335,1.2072587,0.17206132,0.28499287,1.0,5248,"tags=40%, list=19%, signal=49%",
GOBP_OSTEOBLAST_DIFFERENTIATION,GOBP_OSTEOBLAST_DIFFERENTIATION,,205,0.35591763,1.2071682,0.068249255,0.28503808,1.0,4958,"tags=29%, list=18%, signal=35%",
GOBP_NUCLEOSIDE_TRIPHOSPHATE_CATABOLIC_PROCESS,GOBP_NUCLEOSIDE_TRIPHOSPHATE_CATABOLIC_PROCESS,,14,0.5425113,1.2069525,0.23917137,0.28525558,1.0,2264,"tags=21%, list=8%, signal=23%",
GOBP_RESPONSE_TO_REDOX_STATE,GOBP_RESPONSE_TO_REDOX_STATE,,14,0.5501925,1.2069446,0.21579961,0.28517607,1.0,4652,"tags=50%, list=17%, signal=60%",
GOBP_REGULATION_OF_T_CELL_RECEPTOR_SIGNALING_PATHWAY,GOBP_REGULATION_OF_T_CELL_RECEPTOR_SIGNALING_PATHWAY,,61,0.41305432,1.2066611,0.1672355,0.28551763,1.0,3196,"tags=31%, list=12%, signal=35%",
REACTOME_MET_PROMOTES_CELL_MOTILITY,REACTOME_MET_PROMOTES_CELL_MOTILITY,,41,0.43808496,1.2066382,0.17875211,0.28545302,1.0,6048,"tags=46%, list=22%, signal=59%",
REACTOME_SIGNALING_BY_ALK,REACTOME_SIGNALING_BY_ALK,,27,0.4779686,1.2065176,0.17777778,0.28554848,1.0,4966,"tags=41%, list=18%, signal=50%",
GOBP_APOPTOTIC_PROCESS_INVOLVED_IN_DEVELOPMENT,GOBP_APOPTOTIC_PROCESS_INVOLVED_IN_DEVELOPMENT,,30,0.4762297,1.2063943,0.184514,0.28564218,1.0,2295,"tags=27%, list=8%, signal=29%",
GOBP_CORNIFICATION,GOBP_CORNIFICATION,,11,0.5920734,1.2063504,0.2576923,0.28560674,1.0,4452,"tags=36%, list=16%, signal=43%",
GOBP_T_CELL_CHEMOTAXIS,GOBP_T_CELL_CHEMOTAXIS,,23,0.49611676,1.2060466,0.19930676,0.28595138,1.0,4392,"tags=48%, list=16%, signal=57%",
GOBP_REGULATION_OF_ACTION_POTENTIAL,GOBP_REGULATION_OF_ACTION_POTENTIAL,,45,0.43021312,1.2058002,0.17077465,0.2862363,1.0,5229,"tags=31%, list=19%, signal=38%",
GOBP_HEART_FORMATION,GOBP_HEART_FORMATION,,20,0.511157,1.205245,0.22758621,0.28700966,1.0,4459,"tags=45%, list=16%, signal=54%",
GOBP_REGULATION_OF_GONAD_DEVELOPMENT,GOBP_REGULATION_OF_GONAD_DEVELOPMENT,,10,0.5834167,1.2050458,0.23917137,0.28722605,1.0,4126,"tags=40%, list=15%, signal=47%",
GOBP_REGULATION_OF_VASCULAR_ENDOTHELIAL_GROWTH_FACTOR_RECEPTOR_SIGNALING_PATHWAY,GOBP_REGULATION_OF_VASCULAR_ENDOTHELIAL_GROWTH_FACTOR_RECEPTOR_SIGNALING_PATHWAY,,31,0.4679112,1.2049854,0.18549748,0.2872251,1.0,5529,"tags=58%, list=20%, signal=72%",
GOBP_CELLULAR_DETOXIFICATION_OF_ALDEHYDE,GOBP_CELLULAR_DETOXIFICATION_OF_ALDEHYDE,,11,0.58635545,1.2043816,0.23327306,0.28806263,1.0,5806,"tags=64%, list=21%, signal=80%",
GOBP_ACTOMYOSIN_CONTRACTILE_RING_ORGANIZATION,GOBP_ACTOMYOSIN_CONTRACTILE_RING_ORGANIZATION,,10,0.5886488,1.2042925,0.26335877,0.28810057,1.0,5215,"tags=50%, list=19%, signal=62%",
GOBP_ESTABLISHMENT_OF_ENDOTHELIAL_INTESTINAL_BARRIER,GOBP_ESTABLISHMENT_OF_ENDOTHELIAL_INTESTINAL_BARRIER,,13,0.5574006,1.2042596,0.24381626,0.2880549,1.0,1993,"tags=31%, list=7%, signal=33%",
GOBP_IMMUNE_SYSTEM_DEVELOPMENT,GOBP_IMMUNE_SYSTEM_DEVELOPMENT,,196,0.3559103,1.2035335,0.09143686,0.28911486,1.0,3178,"tags=26%, list=11%, signal=29%",
GOBP_DNA_DAMAGE_RESPONSE_SIGNAL_TRANSDUCTION_BY_P53_CLASS_MEDIATOR,GOBP_DNA_DAMAGE_RESPONSE_SIGNAL_TRANSDUCTION_BY_P53_CLASS_MEDIATOR,,73,0.39752302,1.2032351,0.12685338,0.2895026,1.0,4046,"tags=25%, list=15%, signal=29%",
GOBP_REGULATION_OF_POSTSYNAPTIC_DENSITY_ORGANIZATION,GOBP_REGULATION_OF_POSTSYNAPTIC_DENSITY_ORGANIZATION,,19,0.5179546,1.2029792,0.22260274,0.28980973,1.0,2795,"tags=21%, list=10%, signal=23%",
GOBP_SENSORY_PERCEPTION_OF_PAIN,GOBP_SENSORY_PERCEPTION_OF_PAIN,,63,0.41381675,1.2026299,0.15986949,0.2902405,1.0,3172,"tags=22%, list=11%, signal=25%",
GOBP_CLATHRIN_DEPENDENT_ENDOCYTOSIS,GOBP_CLATHRIN_DEPENDENT_ENDOCYTOSIS,,48,0.42930758,1.2024213,0.1879085,0.29047117,1.0,7028,"tags=63%, list=25%, signal=84%",
GOBP_RESPONSE_TO_FORSKOLIN,GOBP_RESPONSE_TO_FORSKOLIN,,16,0.54178894,1.202186,0.22120658,0.29075673,1.0,3563,"tags=25%, list=13%, signal=29%",
GOBP_CENTROSOME_SEPARATION,GOBP_CENTROSOME_SEPARATION,,15,0.5444277,1.2021707,0.25411335,0.2906885,1.0,2890,"tags=20%, list=10%, signal=22%",
GOBP_INOSITOL_TRISPHOSPHATE_METABOLIC_PROCESS,GOBP_INOSITOL_TRISPHOSPHATE_METABOLIC_PROCESS,,11,0.58976036,1.2019155,0.26003492,0.2909903,1.0,3469,"tags=45%, list=13%, signal=52%",
GOBP_MECHANORECEPTOR_DIFFERENTIATION,GOBP_MECHANORECEPTOR_DIFFERENTIATION,,63,0.41473946,1.2014965,0.15645161,0.29156718,1.0,5406,"tags=32%, list=19%, signal=39%",
GOBP_PHASIC_SMOOTH_MUSCLE_CONTRACTION,GOBP_PHASIC_SMOOTH_MUSCLE_CONTRACTION,,12,0.57927704,1.2001579,0.23633157,0.29356873,1.0,1266,"tags=17%, list=5%, signal=17%",
REACTOME_MATURATION_OF_SARS_COV_2_SPIKE_PROTEIN,REACTOME_MATURATION_OF_SARS_COV_2_SPIKE_PROTEIN,,40,0.44454157,1.1997087,0.19115044,0.2941629,1.0,2569,"tags=28%, list=9%, signal=30%",
GOBP_TRICARBOXYLIC_ACID_CYCLE,GOBP_TRICARBOXYLIC_ACID_CYCLE,,31,0.4692306,1.1997055,0.21079259,0.29406938,1.0,6922,"tags=35%, list=25%, signal=47%",
GOBP_NEGATIVE_REGULATION_OF_PROTEIN_LOCALIZATION_TO_NUCLEUS,GOBP_NEGATIVE_REGULATION_OF_PROTEIN_LOCALIZATION_TO_NUCLEUS,,41,0.44199902,1.1996354,0.17168142,0.2940857,1.0,5229,"tags=41%, list=19%, signal=51%",
GOBP_POSITIVE_REGULATION_OF_PROTEIN_LOCALIZATION_TO_NUCLEUS,GOBP_POSITIVE_REGULATION_OF_PROTEIN_LOCALIZATION_TO_NUCLEUS,,88,0.39206666,1.1995413,0.1398374,0.29412994,1.0,4552,"tags=24%, list=16%, signal=28%",
REACTOME_SYNTHESIS_OF_PIPS_AT_THE_LATE_ENDOSOME_MEMBRANE,REACTOME_SYNTHESIS_OF_PIPS_AT_THE_LATE_ENDOSOME_MEMBRANE,,11,0.58191526,1.1993725,0.2389706,0.29431146,1.0,1793,"tags=18%, list=6%, signal=19%",
GOBP_CELL_CELL_JUNCTION_ASSEMBLY,GOBP_CELL_CELL_JUNCTION_ASSEMBLY,,119,0.37605917,1.1984761,0.14021571,0.2956511,1.0,5700,"tags=35%, list=21%, signal=44%",
REACTOME_SIGNALING_BY_NODAL,REACTOME_SIGNALING_BY_NODAL,,16,0.52802116,1.1980795,0.22262774,0.29617694,1.0,3515,"tags=44%, list=13%, signal=50%",
GOBP_REGULATION_OF_MITOTIC_CELL_CYCLE,GOBP_REGULATION_OF_MITOTIC_CELL_CYCLE,,494,0.32835025,1.1979733,0.039948452,0.29624227,1.0,4480,"tags=23%, list=16%, signal=27%",
GOBP_T_CELL_SELECTION,GOBP_T_CELL_SELECTION,,77,0.39791387,1.1978916,0.15384616,0.29627725,1.0,3285,"tags=38%, list=12%, signal=43%",
GOBP_CALCINEURIN_MEDIATED_SIGNALING,GOBP_CALCINEURIN_MEDIATED_SIGNALING,,49,0.42407897,1.1975855,0.18499127,0.29668534,1.0,3513,"tags=27%, list=13%, signal=30%",
REACTOME_NEGATIVE_REGULATION_OF_THE_PI3K_AKT_NETWORK,REACTOME_NEGATIVE_REGULATION_OF_THE_PI3K_AKT_NETWORK,,102,0.38978678,1.1972775,0.14490446,0.2970931,1.0,4397,"tags=30%, list=16%, signal=36%",
GOBP_CELLULAR_RESPONSE_TO_ALCOHOL,GOBP_CELLULAR_RESPONSE_TO_ALCOHOL,,93,0.38516796,1.1970581,0.14940828,0.29736084,1.0,4028,"tags=27%, list=15%, signal=31%",
GOBP_CELLULAR_RESPONSE_TO_LEPTIN_STIMULUS,GOBP_CELLULAR_RESPONSE_TO_LEPTIN_STIMULUS,,16,0.53072536,1.1969904,0.22695035,0.29737437,1.0,2477,"tags=19%, list=9%, signal=21%",
GOBP_REGULATION_OF_LEUKOCYTE_ADHESION_TO_VASCULAR_ENDOTHELIAL_CELL,GOBP_REGULATION_OF_LEUKOCYTE_ADHESION_TO_VASCULAR_ENDOTHELIAL_CELL,,29,0.47729996,1.1967986,0.21116929,0.29758465,1.0,1919,"tags=28%, list=7%, signal=30%",
GOBP_MONOCYTE_DIFFERENTIATION,GOBP_MONOCYTE_DIFFERENTIATION,,38,0.4520934,1.1965065,0.18074325,0.2979731,1.0,4337,"tags=37%, list=16%, signal=44%",
GOBP_CARBOHYDRATE_MEDIATED_SIGNALING,GOBP_CARBOHYDRATE_MEDIATED_SIGNALING,,10,0.591715,1.1964738,0.24906367,0.29792845,1.0,2257,"tags=40%, list=8%, signal=44%",
GOBP_POSITIVE_REGULATION_OF_CELLULAR_RESPIRATION,GOBP_POSITIVE_REGULATION_OF_CELLULAR_RESPIRATION,,14,0.54682434,1.1963817,0.22623575,0.29796767,1.0,3359,"tags=43%, list=12%, signal=49%",
GOBP_NEGATIVE_REGULATION_OF_SMOOTH_MUSCLE_CELL_PROLIFERATION,GOBP_NEGATIVE_REGULATION_OF_SMOOTH_MUSCLE_CELL_PROLIFERATION,,45,0.42977697,1.1959839,0.20098847,0.29851416,1.0,5281,"tags=36%, list=19%, signal=44%",
GOBP_IMMUNOGLOBULIN_PRODUCTION,GOBP_IMMUNOGLOBULIN_PRODUCTION,,106,0.3774446,1.1959645,0.14421552,0.29844388,1.0,3104,"tags=24%, list=11%, signal=26%",
GOBP_REGULATION_OF_CELLULAR_RESPONSE_TO_HEAT,GOBP_REGULATION_OF_CELLULAR_RESPONSE_TO_HEAT,,16,0.52532375,1.1959075,0.22504537,0.2984479,1.0,2512,"tags=25%, list=9%, signal=27%",
GOBP_POSITIVE_REGULATION_OF_CELL_PROJECTION_ORGANIZATION,GOBP_POSITIVE_REGULATION_OF_CELL_PROJECTION_ORGANIZATION,,315,0.33731923,1.1958569,0.06684857,0.2984305,1.0,5533,"tags=36%, list=20%, signal=44%",
GOBP_DICARBOXYLIC_ACID_BIOSYNTHETIC_PROCESS,GOBP_DICARBOXYLIC_ACID_BIOSYNTHETIC_PROCESS,,12,0.5595972,1.1953614,0.2777778,0.29914573,1.0,321,"tags=17%, list=1%, signal=17%",
GOBP_POSITIVE_REGULATION_OF_EXTRINSIC_APOPTOTIC_SIGNALING_PATHWAY_IN_ABSENCE_OF_LIGAND,GOBP_POSITIVE_REGULATION_OF_EXTRINSIC_APOPTOTIC_SIGNALING_PATHWAY_IN_ABSENCE_OF_LIGAND,,11,0.58232576,1.1953319,0.24590164,0.29909438,1.0,4931,"tags=36%, list=18%, signal=44%",
GOBP_PRIMARY_ALCOHOL_CATABOLIC_PROCESS,GOBP_PRIMARY_ALCOHOL_CATABOLIC_PROCESS,,13,0.55886066,1.1951149,0.24096386,0.29936174,1.0,3008,"tags=38%, list=11%, signal=43%",
GOBP_PEPTIDYL_L_CYSTEINE_S_PALMITOYLATION,GOBP_PEPTIDYL_L_CYSTEINE_S_PALMITOYLATION,,15,0.53820765,1.1948195,0.23144877,0.29974508,1.0,1316,"tags=33%, list=5%, signal=35%",
GOBP_VENTRICULAR_CARDIAC_MUSCLE_TISSUE_DEVELOPMENT,GOBP_VENTRICULAR_CARDIAC_MUSCLE_TISSUE_DEVELOPMENT,,52,0.41851905,1.1946746,0.17268446,0.29986972,1.0,5815,"tags=42%, list=21%, signal=53%",
GOBP_REGULATION_OF_CELL_SIZE,GOBP_REGULATION_OF_CELL_SIZE,,159,0.36107665,1.1944287,0.10582822,0.30016273,1.0,5504,"tags=36%, list=20%, signal=45%",
GOBP_CATECHOL_CONTAINING_COMPOUND_METABOLIC_PROCESS,GOBP_CATECHOL_CONTAINING_COMPOUND_METABOLIC_PROCESS,,42,0.42894667,1.1943126,0.19343697,0.3002473,1.0,7090,"tags=45%, list=26%, signal=61%",
GOBP_ALKALOID_METABOLIC_PROCESS,GOBP_ALKALOID_METABOLIC_PROCESS,,14,0.5471949,1.1936646,0.2321755,0.30122557,1.0,2657,"tags=29%, list=10%, signal=32%",
GOBP_POSITIVE_REGULATION_OF_CELLULAR_COMPONENT_BIOGENESIS,GOBP_POSITIVE_REGULATION_OF_CELLULAR_COMPONENT_BIOGENESIS,,457,0.32842982,1.1932942,0.046511628,0.3017194,1.0,4796,"tags=28%, list=17%, signal=34%",
REACTOME_RAP1_SIGNALLING,REACTOME_RAP1_SIGNALLING,,15,0.5293687,1.193238,0.24561404,0.30173305,1.0,5135,"tags=53%, list=19%, signal=65%",
GOBP_REGULATION_OF_FAT_CELL_PROLIFERATION,GOBP_REGULATION_OF_FAT_CELL_PROLIFERATION,,10,0.5895774,1.1928036,0.2647585,0.30232266,1.0,4142,"tags=50%, list=15%, signal=59%",
REACTOME_CHK1_CHK2_CDS1_MEDIATED_INACTIVATION_OF_CYCLIN_B_CDK1_COMPLEX,REACTOME_CHK1_CHK2_CDS1_MEDIATED_INACTIVATION_OF_CYCLIN_B_CDK1_COMPLEX,,15,0.54613644,1.1927546,0.22013652,0.3022976,1.0,4894,"tags=40%, list=18%, signal=49%",
GOBP_CALCIUM_ION_TRANSPORT_INTO_CYTOSOL,GOBP_CALCIUM_ION_TRANSPORT_INTO_CYTOSOL,,22,0.49284476,1.192463,0.23021583,0.30268195,1.0,4796,"tags=50%, list=17%, signal=60%",
REACTOME_FOXO_MEDIATED_TRANSCRIPTION,REACTOME_FOXO_MEDIATED_TRANSCRIPTION,,57,0.41496465,1.1924624,0.17377049,0.30258363,1.0,2836,"tags=21%, list=10%, signal=23%",
REACTOME_CRISTAE_FORMATION,REACTOME_CRISTAE_FORMATION,,33,0.44797057,1.1921811,0.20812182,0.30292976,1.0,4637,"tags=30%, list=17%, signal=36%",
REACTOME_TETRAHYDROBIOPTERIN_BH4_SYNTHESIS_RECYCLING_SALVAGE_AND_REGULATION,REACTOME_TETRAHYDROBIOPTERIN_BH4_SYNTHESIS_RECYCLING_SALVAGE_AND_REGULATION,,10,0.5949594,1.1919992,0.2552381,0.30311117,1.0,2041,"tags=20%, list=7%, signal=22%",
GOBP_EXCITATORY_SYNAPSE_ASSEMBLY,GOBP_EXCITATORY_SYNAPSE_ASSEMBLY,,35,0.44884372,1.1917069,0.22164048,0.30346742,1.0,4709,"tags=37%, list=17%, signal=45%",
REACTOME_NEGATIVE_REGULATION_OF_MAPK_PATHWAY,REACTOME_NEGATIVE_REGULATION_OF_MAPK_PATHWAY,,42,0.44235423,1.1915554,0.18121912,0.30362222,1.0,3641,"tags=36%, list=13%, signal=41%",
GOBP_POSITIVE_REGULATION_OF_TYPE_2_MITOPHAGY,GOBP_POSITIVE_REGULATION_OF_TYPE_2_MITOPHAGY,,11,0.5796342,1.19111,0.23828125,0.30424896,1.0,2177,"tags=27%, list=8%, signal=30%",
REACTOME_TRAF6_MEDIATED_INDUCTION_OF_TAK1_COMPLEX_WITHIN_TLR4_COMPLEX,REACTOME_TRAF6_MEDIATED_INDUCTION_OF_TAK1_COMPLEX_WITHIN_TLR4_COMPLEX,,16,0.52615446,1.1909214,0.24390244,0.30445305,1.0,1469,"tags=25%, list=5%, signal=26%",
GOBP_GASTRO_INTESTINAL_SYSTEM_SMOOTH_MUSCLE_CONTRACTION,GOBP_GASTRO_INTESTINAL_SYSTEM_SMOOTH_MUSCLE_CONTRACTION,,10,0.58873385,1.1909195,0.27728087,0.30435526,1.0,8879,"tags=70%, list=32%, signal=103%",
GOBP_POSITIVE_REGULATION_OF_GLYCOPROTEIN_METABOLIC_PROCESS,GOBP_POSITIVE_REGULATION_OF_GLYCOPROTEIN_METABOLIC_PROCESS,,18,0.52447885,1.190663,0.24686942,0.30468732,1.0,4459,"tags=44%, list=16%, signal=53%",
GOBP_MODIFICATION_OF_POSTSYNAPTIC_STRUCTURE,GOBP_MODIFICATION_OF_POSTSYNAPTIC_STRUCTURE,,29,0.46413788,1.1904132,0.19377163,0.3049944,1.0,4613,"tags=38%, list=17%, signal=45%",
GOBP_COENZYME_A_METABOLIC_PROCESS,GOBP_COENZYME_A_METABOLIC_PROCESS,,18,0.51994336,1.190366,0.24356775,0.3049657,1.0,5175,"tags=33%, list=19%, signal=41%",
GOBP_REGULATION_OF_RIBOSOME_BIOGENESIS,GOBP_REGULATION_OF_RIBOSOME_BIOGENESIS,,11,0.57978535,1.1902931,0.2580645,0.30498126,1.0,1358,"tags=18%, list=5%, signal=19%",
REACTOME_DOWNSTREAM_SIGNAL_TRANSDUCTION,REACTOME_DOWNSTREAM_SIGNAL_TRANSDUCTION,,29,0.46182963,1.1902776,0.21288015,0.30490348,1.0,4230,"tags=31%, list=15%, signal=37%",
GOBP_POSITIVE_REGULATION_OF_CELL_ADHESION_MEDIATED_BY_INTEGRIN,GOBP_POSITIVE_REGULATION_OF_CELL_ADHESION_MEDIATED_BY_INTEGRIN,,20,0.4985965,1.1896232,0.22751322,0.30589148,1.0,2625,"tags=30%, list=9%, signal=33%",
REACTOME_O_LINKED_GLYCOSYLATION_OF_MUCINS,REACTOME_O_LINKED_GLYCOSYLATION_OF_MUCINS,,51,0.42533213,1.1895792,0.18481848,0.3058627,1.0,6234,"tags=43%, list=22%, signal=56%",
GOBP_MULTICELLULAR_ORGANISMAL_LEVEL_WATER_HOMEOSTASIS,GOBP_MULTICELLULAR_ORGANISMAL_LEVEL_WATER_HOMEOSTASIS,,33,0.45335472,1.1894386,0.19669421,0.30600286,1.0,3404,"tags=30%, list=12%, signal=35%",
GOBP_ANIMAL_ORGAN_FORMATION,GOBP_ANIMAL_ORGAN_FORMATION,,41,0.42955917,1.1893836,0.18480138,0.30598676,1.0,4609,"tags=34%, list=17%, signal=41%",
GOBP_AUDITORY_RECEPTOR_CELL_DEVELOPMENT,GOBP_AUDITORY_RECEPTOR_CELL_DEVELOPMENT,,25,0.47497976,1.1891516,0.23351158,0.30625713,1.0,5406,"tags=40%, list=19%, signal=50%",
REACTOME_PROTEIN_LOCALIZATION,REACTOME_PROTEIN_LOCALIZATION,,157,0.36275804,1.1889534,0.11922504,0.30647862,1.0,3826,"tags=20%, list=14%, signal=23%",
REACTOME_EICOSANOID_LIGAND_BINDING_RECEPTORS,REACTOME_EICOSANOID_LIGAND_BINDING_RECEPTORS,,15,0.53451747,1.1884413,0.25,0.30720505,1.0,6387,"tags=47%, list=23%, signal=61%",
GOBP_NEGATIVE_REGULATION_OF_PLATELET_ACTIVATION,GOBP_NEGATIVE_REGULATION_OF_PLATELET_ACTIVATION,,17,0.5269035,1.1881629,0.21391304,0.3075442,1.0,2318,"tags=24%, list=8%, signal=26%",
REACTOME_JOSEPHIN_DOMAIN_DUBS,REACTOME_JOSEPHIN_DOMAIN_DUBS,,11,0.57665795,1.1881132,0.25708884,0.30752593,1.0,5221,"tags=45%, list=19%, signal=56%",
GOBP_PROTEIN_DEPOLYMERIZATION,GOBP_PROTEIN_DEPOLYMERIZATION,,117,0.37367824,1.1880851,0.13751869,0.3074626,1.0,4367,"tags=29%, list=16%, signal=34%",
REACTOME_SENSORY_PROCESSING_OF_SOUND,REACTOME_SENSORY_PROCESSING_OF_SOUND,,66,0.4040568,1.1880602,0.17088607,0.30740136,1.0,5730,"tags=39%, list=21%, signal=50%",
GOBP_REGULATION_OF_NERVOUS_SYSTEM_DEVELOPMENT,GOBP_REGULATION_OF_NERVOUS_SYSTEM_DEVELOPMENT,,356,0.33403343,1.1878649,0.076819405,0.30761203,1.0,4733,"tags=27%, list=17%, signal=32%",
REACTOME_TRANSCRIPTIONAL_REGULATION_BY_TP53,REACTOME_TRANSCRIPTIONAL_REGULATION_BY_TP53,,353,0.33332068,1.1878588,0.08026316,0.3075226,1.0,4154,"tags=22%, list=15%, signal=26%",
GOBP_LEUKOCYTE_TETHERING_OR_ROLLING,GOBP_LEUKOCYTE_TETHERING_OR_ROLLING,,29,0.4690718,1.1872516,0.22295082,0.30838647,1.0,1567,"tags=24%, list=6%, signal=26%",
GOBP_MITOCHONDRIAL_FUSION,GOBP_MITOCHONDRIAL_FUSION,,35,0.45056465,1.187152,0.21588947,0.30844674,1.0,4661,"tags=34%, list=17%, signal=41%",
GOBP_NEGATIVE_REGULATION_OF_TRANSMEMBRANE_RECEPTOR_PROTEIN_SERINE_THREONINE_KINASE_SIGNALING_PATHWAY,GOBP_NEGATIVE_REGULATION_OF_TRANSMEMBRANE_RECEPTOR_PROTEIN_SERINE_THREONINE_KINASE_SIGNALING_PATHWAY,,138,0.36449623,1.1871128,0.11844078,0.30841354,1.0,5113,"tags=30%, list=18%, signal=36%",
GOBP_MOTOR_NEURON_APOPTOTIC_PROCESS,GOBP_MOTOR_NEURON_APOPTOTIC_PROCESS,,13,0.54820913,1.1870506,0.24347825,0.30841777,1.0,3993,"tags=38%, list=14%, signal=45%",
GOBP_SUBSTRATE_DEPENDENT_CELL_MIGRATION_CELL_EXTENSION,GOBP_SUBSTRATE_DEPENDENT_CELL_MIGRATION_CELL_EXTENSION,,10,0.5774164,1.1870301,0.26943943,0.30835217,1.0,6573,"tags=60%, list=24%, signal=79%",
GOBP_NEGATIVE_REGULATION_OF_CELL_CELL_ADHESION_MEDIATED_BY_CADHERIN,GOBP_NEGATIVE_REGULATION_OF_CELL_CELL_ADHESION_MEDIATED_BY_CADHERIN,,11,0.5942189,1.1868452,0.28176796,0.3085406,1.0,6200,"tags=64%, list=22%, signal=82%",
GOBP_POSITIVE_REGULATION_OF_RESPONSE_TO_TUMOR_CELL,GOBP_POSITIVE_REGULATION_OF_RESPONSE_TO_TUMOR_CELL,,16,0.53559345,1.1868134,0.24823944,0.3084988,1.0,698,"tags=13%, list=3%, signal=13%",
REACTOME_PI3K_AKT_SIGNALING_IN_CANCER,REACTOME_PI3K_AKT_SIGNALING_IN_CANCER,,96,0.38154116,1.1865635,0.15580286,0.30880648,1.0,4230,"tags=30%, list=15%, signal=36%",
GOBP_LYMPHOCYTE_APOPTOTIC_PROCESS,GOBP_LYMPHOCYTE_APOPTOTIC_PROCESS,,75,0.39497247,1.1862704,0.15829529,0.30917707,1.0,4364,"tags=41%, list=16%, signal=49%",
GOBP_REGULATION_OF_ACUTE_INFLAMMATORY_RESPONSE_TO_ANTIGENIC_STIMULUS,GOBP_REGULATION_OF_ACUTE_INFLAMMATORY_RESPONSE_TO_ANTIGENIC_STIMULUS,,14,0.5443418,1.185815,0.24825175,0.30981138,1.0,3614,"tags=43%, list=13%, signal=49%",
GOBP_REGULATION_OF_NEURON_PROJECTION_DEVELOPMENT,GOBP_REGULATION_OF_NEURON_PROJECTION_DEVELOPMENT,,382,0.33064112,1.1856295,0.06994819,0.3100187,1.0,5529,"tags=32%, list=20%, signal=39%",
REACTOME_G_PROTEIN_BETA_GAMMA_SIGNALLING,REACTOME_G_PROTEIN_BETA_GAMMA_SIGNALLING,,29,0.4637639,1.1855243,0.22375216,0.31008765,1.0,4040,"tags=45%, list=15%, signal=52%",
GOBP_RESPONSE_TO_CAMP,GOBP_RESPONSE_TO_CAMP,,76,0.392342,1.1852946,0.15962441,0.31037322,1.0,4550,"tags=32%, list=16%, signal=38%",
REACTOME_SIGNALING_BY_NOTCH1_HD_DOMAIN_MUTANTS_IN_CANCER,REACTOME_SIGNALING_BY_NOTCH1_HD_DOMAIN_MUTANTS_IN_CANCER,,15,0.5345475,1.1848441,0.2582897,0.31101382,1.0,5221,"tags=47%, list=19%, signal=57%",
GOBP_SPROUTING_ANGIOGENESIS,GOBP_SPROUTING_ANGIOGENESIS,,126,0.36445788,1.1843444,0.14133738,0.31174403,1.0,5374,"tags=29%, list=19%, signal=36%",
GOBP_POSITIVE_REGULATION_OF_PROTEIN_LOCALIZATION_TO_CELL_PERIPHERY,GOBP_POSITIVE_REGULATION_OF_PROTEIN_LOCALIZATION_TO_CELL_PERIPHERY,,69,0.3984659,1.1842782,0.18042813,0.31175444,1.0,3356,"tags=23%, list=12%, signal=26%",
REACTOME_REGULATION_OF_KIT_SIGNALING,REACTOME_REGULATION_OF_KIT_SIGNALING,,15,0.5334194,1.184278,0.26306307,0.31165284,1.0,4230,"tags=53%, list=15%, signal=63%",
REACTOME_SIGNALING_BY_WNT_IN_CANCER,REACTOME_SIGNALING_BY_WNT_IN_CANCER,,32,0.45272437,1.183639,0.21466905,0.31260937,1.0,4459,"tags=31%, list=16%, signal=37%",
GOBP_NEGATIVE_REGULATION_OF_GLYCOPROTEIN_METABOLIC_PROCESS,GOBP_NEGATIVE_REGULATION_OF_GLYCOPROTEIN_METABOLIC_PROCESS,,17,0.5111868,1.1833372,0.23948811,0.31299356,1.0,4273,"tags=35%, list=15%, signal=42%",
GOBP_RESPONSE_TO_PLATELET_DERIVED_GROWTH_FACTOR,GOBP_RESPONSE_TO_PLATELET_DERIVED_GROWTH_FACTOR,,26,0.4691384,1.1830698,0.21389396,0.3133321,1.0,4230,"tags=38%, list=15%, signal=45%",
GOBP_PHYSIOLOGICAL_CARDIAC_MUSCLE_HYPERTROPHY,GOBP_PHYSIOLOGICAL_CARDIAC_MUSCLE_HYPERTROPHY,,17,0.5147841,1.1828997,0.24542125,0.3135195,1.0,3697,"tags=35%, list=13%, signal=41%",
GOBP_INOSITOL_PHOSPHATE_METABOLIC_PROCESS,GOBP_INOSITOL_PHOSPHATE_METABOLIC_PROCESS,,35,0.4474676,1.1827632,0.2125,0.31365675,1.0,4402,"tags=26%, list=16%, signal=31%",
GOBP_RESPONSE_TO_ALCOHOL,GOBP_RESPONSE_TO_ALCOHOL,,231,0.34139693,1.1821988,0.11527377,0.3144999,1.0,4148,"tags=22%, list=15%, signal=26%",
GOBP_FARNESYL_DIPHOSPHATE_METABOLIC_PROCESS,GOBP_FARNESYL_DIPHOSPHATE_METABOLIC_PROCESS,,11,0.56815016,1.1809167,0.27458256,0.31655988,1.0,4231,"tags=36%, list=15%, signal=43%",
GOBP_POSITIVE_REGULATION_OF_MONOATOMIC_ION_TRANSPORT,GOBP_POSITIVE_REGULATION_OF_MONOATOMIC_ION_TRANSPORT,,153,0.35743308,1.1808726,0.12671755,0.31652158,1.0,5390,"tags=31%, list=19%, signal=39%",
GOBP_FIBROBLAST_APOPTOTIC_PROCESS,GOBP_FIBROBLAST_APOPTOTIC_PROCESS,,19,0.50020725,1.1808628,0.2390925,0.31643686,1.0,2454,"tags=37%, list=9%, signal=40%",
REACTOME_TRANSCRIPTIONAL_REGULATION_BY_MECP2,REACTOME_TRANSCRIPTIONAL_REGULATION_BY_MECP2,,51,0.41573918,1.1808474,0.1773913,0.31635693,1.0,4480,"tags=29%, list=16%, signal=35%",
REACTOME_DEVELOPMENTAL_LINEAGE_OF_PANCREATIC_DUCTAL_CELLS,REACTOME_DEVELOPMENTAL_LINEAGE_OF_PANCREATIC_DUCTAL_CELLS,,40,0.42967853,1.1805893,0.20719178,0.31668743,1.0,7971,"tags=60%, list=29%, signal=84%",
GOBP_CELL_SURFACE_RECEPTOR_PROTEIN_SERINE_THREONINE_KINASE_SIGNALING_PATHWAY,GOBP_CELL_SURFACE_RECEPTOR_PROTEIN_SERINE_THREONINE_KINASE_SIGNALING_PATHWAY,,330,0.3322941,1.1805263,0.077852346,0.3166977,1.0,4813,"tags=28%, list=17%, signal=34%",
GOBP_PULMONARY_VALVE_DEVELOPMENT,GOBP_PULMONARY_VALVE_DEVELOPMENT,,19,0.49299675,1.1805217,0.23776224,0.31660125,1.0,4426,"tags=32%, list=16%, signal=38%",
GOBP_MYOFIBRIL_ASSEMBLY,GOBP_MYOFIBRIL_ASSEMBLY,,60,0.40842086,1.1804744,0.18464053,0.3165737,1.0,6727,"tags=38%, list=24%, signal=50%",
GOBP_REGULATION_OF_PROTEASOMAL_UBIQUITIN_DEPENDENT_PROTEIN_CATABOLIC_PROCESS,GOBP_REGULATION_OF_PROTEASOMAL_UBIQUITIN_DEPENDENT_PROTEIN_CATABOLIC_PROCESS,,131,0.36167,1.1802975,0.12808642,0.31675512,1.0,4515,"tags=28%, list=16%, signal=34%",
GOBP_MITOTIC_CELL_CYCLE_PHASE_TRANSITION,GOBP_MITOTIC_CELL_CYCLE_PHASE_TRANSITION,,436,0.32632557,1.1802667,0.06546855,0.31670213,1.0,4476,"tags=24%, list=16%, signal=28%",
GOBP_LYSOSOMAL_MEMBRANE_ORGANIZATION,GOBP_LYSOSOMAL_MEMBRANE_ORGANIZATION,,20,0.500468,1.1801466,0.24777183,0.31679857,1.0,4476,"tags=75%, list=16%, signal=89%",
GOBP_POSITIVE_REGULATION_OF_INTERLEUKIN_17_PRODUCTION,GOBP_POSITIVE_REGULATION_OF_INTERLEUKIN_17_PRODUCTION,,24,0.4730792,1.1794953,0.21863799,0.3178029,1.0,1604,"tags=38%, list=6%, signal=40%",
GOBP_ORGAN_GROWTH,GOBP_ORGAN_GROWTH,,139,0.35796028,1.1790496,0.11461318,0.31843984,1.0,4646,"tags=29%, list=17%, signal=34%",
REACTOME_GLUCOSE_METABOLISM,REACTOME_GLUCOSE_METABOLISM,,76,0.3958425,1.1789174,0.17341977,0.31855127,1.0,3293,"tags=28%, list=12%, signal=31%",
GOBP_ADENYLATE_CYCLASE_ACTIVATING_G_PROTEIN_COUPLED_RECEPTOR_SIGNALING_PATHWAY,GOBP_ADENYLATE_CYCLASE_ACTIVATING_G_PROTEIN_COUPLED_RECEPTOR_SIGNALING_PATHWAY,,129,0.3640768,1.1785489,0.13394216,0.31905788,1.0,5129,"tags=26%, list=18%, signal=32%",
GOBP_ARP2_3_COMPLEX_MEDIATED_ACTIN_NUCLEATION,GOBP_ARP2_3_COMPLEX_MEDIATED_ACTIN_NUCLEATION,,46,0.41960305,1.1785047,0.20915033,0.319037,1.0,4828,"tags=50%, list=17%, signal=60%",
GOBP_MUSCLE_CELL_DIFFERENTIATION,GOBP_MUSCLE_CELL_DIFFERENTIATION,,393,0.32655007,1.1782873,0.0634715,0.3193161,1.0,4519,"tags=21%, list=16%, signal=25%",
GOBP_DE_NOVO_PROTEIN_FOLDING,GOBP_DE_NOVO_PROTEIN_FOLDING,,12,0.55890894,1.1781601,0.26855123,0.31943932,1.0,4122,"tags=33%, list=15%, signal=39%",
GOBP_EPITHELIAL_CELL_PROLIFERATION,GOBP_EPITHELIAL_CELL_PROLIFERATION,,343,0.33317477,1.1775818,0.07377049,0.3202799,1.0,4966,"tags=29%, list=18%, signal=35%",
REACTOME_METABOLISM_OF_AMINO_ACIDS_AND_DERIVATIVES,REACTOME_METABOLISM_OF_AMINO_ACIDS_AND_DERIVATIVES,,324,0.33343515,1.1772541,0.085639,0.32073495,1.0,4681,"tags=23%, list=17%, signal=28%",
GOBP_PHENOL_CONTAINING_COMPOUND_METABOLIC_PROCESS,GOBP_PHENOL_CONTAINING_COMPOUND_METABOLIC_PROCESS,,90,0.3800046,1.1772344,0.15742129,0.32066664,1.0,4753,"tags=28%, list=17%, signal=33%",
GOBP_MUSCLE_CELL_APOPTOTIC_PROCESS,GOBP_MUSCLE_CELL_APOPTOTIC_PROCESS,,74,0.39236614,1.1772296,0.19800332,0.32057315,1.0,4977,"tags=30%, list=18%, signal=36%",
GOBP_COGNITION,GOBP_COGNITION,,276,0.33617365,1.1770041,0.10228802,0.32084936,1.0,5495,"tags=31%, list=20%, signal=38%",
GOBP_RESPONSE_TO_AMINO_ACID_STARVATION,GOBP_RESPONSE_TO_AMINO_ACID_STARVATION,,55,0.41313064,1.1761847,0.20098847,0.32210138,1.0,3694,"tags=33%, list=13%, signal=38%",
GOBP_ETHANOL_METABOLIC_PROCESS,GOBP_ETHANOL_METABOLIC_PROCESS,,12,0.56373996,1.1760969,0.2890909,0.32214344,1.0,3008,"tags=42%, list=11%, signal=47%",
GOBP_STRESS_GRANULE_ASSEMBLY,GOBP_STRESS_GRANULE_ASSEMBLY,,33,0.45575172,1.1759112,0.22696246,0.32235128,1.0,4146,"tags=24%, list=15%, signal=28%",
GOBP_SELF_PROTEOLYSIS,GOBP_SELF_PROTEOLYSIS,,10,0.5879027,1.1756427,0.32394367,0.32269904,1.0,4783,"tags=40%, list=17%, signal=48%",
GOBP_CD4_POSITIVE_OR_CD8_POSITIVE_ALPHA_BETA_T_CELL_LINEAGE_COMMITMENT,GOBP_CD4_POSITIVE_OR_CD8_POSITIVE_ALPHA_BETA_T_CELL_LINEAGE_COMMITMENT,,34,0.4493029,1.175564,0.2161235,0.32272848,1.0,1597,"tags=26%, list=6%, signal=28%",
GOBP_NEGATIVE_REGULATION_OF_OXIDATIVE_STRESS_INDUCED_NEURON_INTRINSIC_APOPTOTIC_SIGNALING_PATHWAY,GOBP_NEGATIVE_REGULATION_OF_OXIDATIVE_STRESS_INDUCED_NEURON_INTRINSIC_APOPTOTIC_SIGNALING_PATHWAY,,14,0.54908997,1.1754907,0.2589928,0.322743,1.0,6058,"tags=57%, list=22%, signal=73%",
GOBP_GALACTOSE_CATABOLIC_PROCESS,GOBP_GALACTOSE_CATABOLIC_PROCESS,,10,0.5949935,1.1754607,0.27683616,0.3226868,1.0,3314,"tags=60%, list=12%, signal=68%",
GOBP_PLASMA_MEMBRANE_FUSION,GOBP_PLASMA_MEMBRANE_FUSION,,19,0.50810105,1.1752352,0.2621528,0.32295457,1.0,3725,"tags=32%, list=13%, signal=36%",
GOBP_RESPONSE_TO_MINERALOCORTICOID,GOBP_RESPONSE_TO_MINERALOCORTICOID,,31,0.46173188,1.1744276,0.21858864,0.32419914,1.0,3974,"tags=35%, list=14%, signal=41%",
REACTOME_SLC_MEDIATED_TRANSPORT_OF_AMINO_ACIDS,REACTOME_SLC_MEDIATED_TRANSPORT_OF_AMINO_ACIDS,,30,0.45892313,1.1741613,0.24086379,0.32454562,1.0,4652,"tags=37%, list=17%, signal=44%",
GOBP_POSITIVE_REGULATION_OF_ORGAN_GROWTH,GOBP_POSITIVE_REGULATION_OF_ORGAN_GROWTH,,37,0.43892047,1.173918,0.22241087,0.32485363,1.0,4609,"tags=32%, list=17%, signal=39%",
GOBP_POSITIVE_REGULATION_OF_LAMELLIPODIUM_ORGANIZATION,GOBP_POSITIVE_REGULATION_OF_LAMELLIPODIUM_ORGANIZATION,,34,0.44471085,1.1738676,0.21682848,0.3248281,1.0,5353,"tags=56%, list=19%, signal=69%",
GOBP_NATURAL_KILLER_CELL_MEDIATED_IMMUNE_RESPONSE_TO_TUMOR_CELL,GOBP_NATURAL_KILLER_CELL_MEDIATED_IMMUNE_RESPONSE_TO_TUMOR_CELL,,11,0.5631846,1.1737958,0.26034483,0.3248495,1.0,5527,"tags=45%, list=20%, signal=57%",
GOBP_REGULATION_OF_FILOPODIUM_ASSEMBLY,GOBP_REGULATION_OF_FILOPODIUM_ASSEMBLY,,42,0.42984784,1.1732496,0.22385621,0.32569718,1.0,5920,"tags=45%, list=21%, signal=57%",
GOBP_CELL_PROLIFERATION_IN_HINDBRAIN,GOBP_CELL_PROLIFERATION_IN_HINDBRAIN,,10,0.5888751,1.1729398,0.27155963,0.3261169,1.0,6173,"tags=50%, list=22%, signal=64%",
GOBP_POSITIVE_REGULATION_OF_JNK_CASCADE,GOBP_POSITIVE_REGULATION_OF_JNK_CASCADE,,94,0.37782252,1.1727918,0.17563291,0.3262594,1.0,4397,"tags=35%, list=16%, signal=42%",
GOBP_MITOCHONDRIAL_OUTER_MEMBRANE_PERMEABILIZATION,GOBP_MITOCHONDRIAL_OUTER_MEMBRANE_PERMEABILIZATION,,31,0.45621014,1.1722183,0.21147542,0.3271021,1.0,2420,"tags=32%, list=9%, signal=35%",
GOBP_REGULATION_OF_INTRINSIC_APOPTOTIC_SIGNALING_PATHWAY_IN_RESPONSE_TO_DNA_DAMAGE,GOBP_REGULATION_OF_INTRINSIC_APOPTOTIC_SIGNALING_PATHWAY_IN_RESPONSE_TO_DNA_DAMAGE,,38,0.43127263,1.1721449,0.2151463,0.32712153,1.0,4248,"tags=32%, list=15%, signal=37%",
GOBP_MEMBRANE_DEPOLARIZATION,GOBP_MEMBRANE_DEPOLARIZATION,,86,0.38499528,1.1721122,0.15508886,0.32707936,1.0,2775,"tags=19%, list=10%, signal=21%",
GOBP_NEGATIVE_REGULATION_OF_LEUKOCYTE_APOPTOTIC_PROCESS,GOBP_NEGATIVE_REGULATION_OF_LEUKOCYTE_APOPTOTIC_PROCESS,,46,0.424643,1.1718701,0.23115578,0.32735875,1.0,2739,"tags=30%, list=10%, signal=34%",
GOBP_RENAL_SYSTEM_VASCULATURE_DEVELOPMENT,GOBP_RENAL_SYSTEM_VASCULATURE_DEVELOPMENT,,26,0.47032607,1.171787,0.23646209,0.32739872,1.0,4426,"tags=35%, list=16%, signal=41%",
GOBP_RESPONSE_TO_HEAT,GOBP_RESPONSE_TO_HEAT,,91,0.37915698,1.1714786,0.17901234,0.32780382,1.0,3525,"tags=23%, list=13%, signal=26%",
REACTOME_CASPASE_MEDIATED_CLEAVAGE_OF_CYTOSKELETAL_PROTEINS,REACTOME_CASPASE_MEDIATED_CLEAVAGE_OF_CYTOSKELETAL_PROTEINS,,12,0.5580151,1.1714001,0.27949184,0.32784042,1.0,4783,"tags=42%, list=17%, signal=50%",
GOBP_HOST_MEDIATED_ACTIVATION_OF_VIRAL_PROCESS,GOBP_HOST_MEDIATED_ACTIVATION_OF_VIRAL_PROCESS,,38,0.43171644,1.1713017,0.2249135,0.3279185,1.0,5071,"tags=45%, list=18%, signal=55%",
GOBP_NEGATIVE_REGULATION_OF_TOR_SIGNALING,GOBP_NEGATIVE_REGULATION_OF_TOR_SIGNALING,,71,0.39487752,1.1711615,0.17795275,0.32804126,1.0,3682,"tags=28%, list=13%, signal=32%",
GOBP_REGULATION_OF_GRANULOCYTE_DIFFERENTIATION,GOBP_REGULATION_OF_GRANULOCYTE_DIFFERENTIATION,,14,0.5438596,1.1710495,0.28877005,0.32814437,1.0,3253,"tags=50%, list=12%, signal=57%",
GOBP_REGULATION_OF_NEUROGENESIS,GOBP_REGULATION_OF_NEUROGENESIS,,295,0.335839,1.1709223,0.08938547,0.32825473,1.0,5410,"tags=32%, list=20%, signal=40%",
REACTOME_DISEASES_OF_GLYCOSYLATION,REACTOME_DISEASES_OF_GLYCOSYLATION,,121,0.366158,1.1707468,0.16796267,0.32844982,1.0,4867,"tags=26%, list=18%, signal=31%",
REACTOME_SARS_COV_1_TARGETS_HOST_INTRACELLULAR_SIGNALLING_AND_REGULATORY_PATHWAYS,REACTOME_SARS_COV_1_TARGETS_HOST_INTRACELLULAR_SIGNALLING_AND_REGULATORY_PATHWAYS,,16,0.5168328,1.1705514,0.25268817,0.32868767,1.0,2581,"tags=31%, list=9%, signal=34%",
GOBP_REGULATION_OF_EPITHELIAL_CELL_DIFFERENTIATION,GOBP_REGULATION_OF_EPITHELIAL_CELL_DIFFERENTIATION,,128,0.3633234,1.1704593,0.14992504,0.32872424,1.0,5041,"tags=30%, list=18%, signal=36%",
GOBP_POSITIVE_REGULATION_OF_ENDOTHELIAL_CELL_PROLIFERATION,GOBP_POSITIVE_REGULATION_OF_ENDOTHELIAL_CELL_PROLIFERATION,,80,0.3858096,1.1699579,0.1792,0.32944068,1.0,5037,"tags=35%, list=18%, signal=43%",
GOBP_ENGULFMENT_OF_APOPTOTIC_CELL,GOBP_ENGULFMENT_OF_APOPTOTIC_CELL,,10,0.582462,1.1698221,0.27708703,0.3295685,1.0,3520,"tags=50%, list=13%, signal=57%",
GOBP_PROTEASOME_ASSEMBLY,GOBP_PROTEASOME_ASSEMBLY,,15,0.524961,1.1696473,0.2728938,0.32976565,1.0,5323,"tags=40%, list=19%, signal=49%",
GOBP_REGULATION_OF_MITOCHONDRIAL_MEMBRANE_PERMEABILITY,GOBP_REGULATION_OF_MITOCHONDRIAL_MEMBRANE_PERMEABILITY,,52,0.41834262,1.1693436,0.2092257,0.33017734,1.0,2420,"tags=31%, list=9%, signal=34%",
GOBP_L_ALPHA_AMINO_ACID_TRANSMEMBRANE_TRANSPORT,GOBP_L_ALPHA_AMINO_ACID_TRANSMEMBRANE_TRANSPORT,,61,0.39995155,1.1691526,0.2017094,0.3303865,1.0,4652,"tags=28%, list=17%, signal=33%",
GOBP_NEURAL_PRECURSOR_CELL_PROLIFERATION,GOBP_NEURAL_PRECURSOR_CELL_PROLIFERATION,,128,0.36476672,1.1691387,0.16951789,0.3303105,1.0,4966,"tags=27%, list=18%, signal=33%",
GOBP_ECTODERMAL_PLACODE_DEVELOPMENT,GOBP_ECTODERMAL_PLACODE_DEVELOPMENT,,10,0.5759214,1.1690778,0.25660378,0.33030456,1.0,5815,"tags=40%, list=21%, signal=51%",
GOBP_AMINO_ACID_CATABOLIC_PROCESS,GOBP_AMINO_ACID_CATABOLIC_PROCESS,,94,0.3766372,1.1688657,0.18181819,0.3305818,1.0,3120,"tags=19%, list=11%, signal=22%",
GOBP_FIBROBLAST_PROLIFERATION,GOBP_FIBROBLAST_PROLIFERATION,,79,0.38539076,1.1684316,0.17420435,0.33124208,1.0,3021,"tags=23%, list=11%, signal=25%",
GOBP_RESOLUTION_OF_MEIOTIC_RECOMBINATION_INTERMEDIATES,GOBP_RESOLUTION_OF_MEIOTIC_RECOMBINATION_INTERMEDIATES,,15,0.5212713,1.168398,0.2557252,0.3311876,1.0,569,"tags=7%, list=2%, signal=7%",
GOBP_MEMBRANE_DEPOLARIZATION_DURING_CARDIAC_MUSCLE_CELL_ACTION_POTENTIAL,GOBP_MEMBRANE_DEPOLARIZATION_DURING_CARDIAC_MUSCLE_CELL_ACTION_POTENTIAL,,18,0.5010525,1.1683507,0.26595744,0.33116573,1.0,2113,"tags=22%, list=8%, signal=24%",
REACTOME_NITRIC_OXIDE_STIMULATES_GUANYLATE_CYCLASE,REACTOME_NITRIC_OXIDE_STIMULATES_GUANYLATE_CYCLASE,,18,0.50977033,1.1681684,0.2457786,0.33137488,1.0,3690,"tags=39%, list=13%, signal=45%",
REACTOME_CONSTITUTIVE_SIGNALING_BY_AKT1_E17K_IN_CANCER,REACTOME_CONSTITUTIVE_SIGNALING_BY_AKT1_E17K_IN_CANCER,,26,0.4702695,1.1680672,0.23011844,0.3314306,1.0,3770,"tags=35%, list=14%, signal=40%",
GOBP_GASTRULATION,GOBP_GASTRULATION,,156,0.349889,1.1679097,0.1341108,0.331595,1.0,5652,"tags=31%, list=20%, signal=38%",
GOBP_ACTIN_NUCLEATION,GOBP_ACTIN_NUCLEATION,,57,0.4116743,1.1678096,0.21464226,0.33165067,1.0,5758,"tags=51%, list=21%, signal=64%",
GOBP_CARDIAC_MUSCLE_TISSUE_DEVELOPMENT,GOBP_CARDIAC_MUSCLE_TISSUE_DEVELOPMENT,,184,0.34287566,1.1668841,0.12735167,0.3331062,1.0,4673,"tags=26%, list=17%, signal=31%",
GOBP_ASPARTATE_TRANSMEMBRANE_TRANSPORT,GOBP_ASPARTATE_TRANSMEMBRANE_TRANSPORT,,17,0.5180126,1.1667466,0.2478185,0.33322242,1.0,3637,"tags=24%, list=13%, signal=27%",
GOBP_POSITIVE_REGULATION_OF_MONOCYTE_DIFFERENTIATION,GOBP_POSITIVE_REGULATION_OF_MONOCYTE_DIFFERENTIATION,,10,0.5826301,1.1658812,0.28107074,0.33461097,1.0,5167,"tags=40%, list=19%, signal=49%",
REACTOME_SODIUM_CALCIUM_EXCHANGERS,REACTOME_SODIUM_CALCIUM_EXCHANGERS,,10,0.5709285,1.1657747,0.2797834,0.33469623,1.0,6124,"tags=60%, list=22%, signal=77%",
GOBP_REGULATION_OF_SYNCYTIUM_FORMATION_BY_PLASMA_MEMBRANE_FUSION,GOBP_REGULATION_OF_SYNCYTIUM_FORMATION_BY_PLASMA_MEMBRANE_FUSION,,69,0.39401743,1.1655651,0.19557823,0.3349613,1.0,4072,"tags=19%, list=15%, signal=22%",
GOBP_KERATINIZATION,GOBP_KERATINIZATION,,34,0.44009927,1.1653092,0.225,0.33528933,1.0,6791,"tags=35%, list=24%, signal=47%",
GOBP_HAIR_CELL_DIFFERENTIATION,GOBP_HAIR_CELL_DIFFERENTIATION,,43,0.425364,1.1650478,0.22390573,0.33564427,1.0,5406,"tags=37%, list=19%, signal=46%",
GOBP_FORMATION_OF_EXTRACHROMOSOMAL_CIRCULAR_DNA,GOBP_FORMATION_OF_EXTRACHROMOSOMAL_CIRCULAR_DNA,,15,0.5275239,1.164783,0.28176796,0.33600113,1.0,3780,"tags=20%, list=14%, signal=23%",
GOBP_NEGATIVE_REGULATION_OF_INTERFERON_BETA_PRODUCTION,GOBP_NEGATIVE_REGULATION_OF_INTERFERON_BETA_PRODUCTION,,17,0.51497364,1.1644783,0.24385965,0.33638966,1.0,3438,"tags=47%, list=12%, signal=54%",
GOBP_REGULATION_OF_PROTEIN_STABILITY,GOBP_REGULATION_OF_PROTEIN_STABILITY,,362,0.32327497,1.1637955,0.09066306,0.33746275,1.0,4483,"tags=25%, list=16%, signal=29%",
GOBP_POSITIVE_REGULATION_OF_VASCULAR_ASSOCIATED_SMOOTH_MUSCLE_CELL_MIGRATION,GOBP_POSITIVE_REGULATION_OF_VASCULAR_ASSOCIATED_SMOOTH_MUSCLE_CELL_MIGRATION,,14,0.5331594,1.1634082,0.2740472,0.3380106,1.0,1209,"tags=21%, list=4%, signal=22%",
GOBP_NON_PROTEINOGENIC_AMINO_ACID_METABOLIC_PROCESS,GOBP_NON_PROTEINOGENIC_AMINO_ACID_METABOLIC_PROCESS,,50,0.41610712,1.1631643,0.22110553,0.33833072,1.0,3637,"tags=30%, list=13%, signal=34%",
GOBP_RESPONSE_TO_GAMMA_RADIATION,GOBP_RESPONSE_TO_GAMMA_RADIATION,,48,0.42013735,1.1631641,0.22452505,0.3382235,1.0,2987,"tags=29%, list=11%, signal=33%",
GOBP_DERMATAN_SULFATE_PROTEOGLYCAN_METABOLIC_PROCESS,GOBP_DERMATAN_SULFATE_PROTEOGLYCAN_METABOLIC_PROCESS,,17,0.50995994,1.163154,0.26785713,0.33813033,1.0,1495,"tags=24%, list=5%, signal=25%",
GOBP_NICOTINATE_METABOLIC_PROCESS,GOBP_NICOTINATE_METABOLIC_PROCESS,,10,0.57678616,1.1630883,0.3,0.3381471,1.0,2657,"tags=30%, list=10%, signal=33%",
GOBP_PORPHYRIN_CONTAINING_COMPOUND_METABOLIC_PROCESS,GOBP_PORPHYRIN_CONTAINING_COMPOUND_METABOLIC_PROCESS,,47,0.41677,1.1629751,0.20979021,0.3382287,1.0,5358,"tags=38%, list=19%, signal=47%",
GOBP_REGULATION_OF_TRANSMEMBRANE_RECEPTOR_PROTEIN_SERINE_THREONINE_KINASE_SIGNALING_PATHWAY,GOBP_REGULATION_OF_TRANSMEMBRANE_RECEPTOR_PROTEIN_SERINE_THREONINE_KINASE_SIGNALING_PATHWAY,,238,0.33633038,1.16272,0.12290503,0.33855057,1.0,5113,"tags=30%, list=18%, signal=37%",
GOBP_REGULATION_OF_POSTSYNAPSE_ORGANIZATION,GOBP_REGULATION_OF_POSTSYNAPSE_ORGANIZATION,,127,0.36042604,1.1626334,0.1578125,0.33858386,1.0,2887,"tags=20%, list=10%, signal=22%",
GOBP_EXTRAEMBRYONIC_MEMBRANE_DEVELOPMENT,GOBP_EXTRAEMBRYONIC_MEMBRANE_DEVELOPMENT,,10,0.58908266,1.1623745,0.28648648,0.33893043,1.0,5139,"tags=60%, list=19%, signal=74%",
GOBP_REGULATION_OF_CELL_CELL_ADHESION_MEDIATED_BY_CADHERIN,GOBP_REGULATION_OF_CELL_CELL_ADHESION_MEDIATED_BY_CADHERIN,,17,0.51920676,1.1622694,0.26885247,0.3390008,1.0,6200,"tags=47%, list=22%, signal=61%",
GOBP_INHIBITORY_SYNAPSE_ASSEMBLY,GOBP_INHIBITORY_SYNAPSE_ASSEMBLY,,14,0.52430123,1.1621532,0.27175844,0.3391066,1.0,5807,"tags=50%, list=21%, signal=63%",
GOBP_POSITIVE_REGULATION_OF_CELL_CYCLE_CHECKPOINT,GOBP_POSITIVE_REGULATION_OF_CELL_CYCLE_CHECKPOINT,,27,0.46731973,1.1621219,0.2665535,0.3390552,1.0,5133,"tags=30%, list=19%, signal=36%",
REACTOME_SYNTHESIS_OF_BILE_ACIDS_AND_BILE_SALTS,REACTOME_SYNTHESIS_OF_BILE_ACIDS_AND_BILE_SALTS,,27,0.46669874,1.1620748,0.2625418,0.33902395,1.0,4978,"tags=44%, list=18%, signal=54%",
GOBP_BODY_FLUID_SECRETION,GOBP_BODY_FLUID_SECRETION,,76,0.38483036,1.1615312,0.1923077,0.33982855,1.0,2602,"tags=18%, list=9%, signal=20%",
REACTOME_THE_ACTIVATION_OF_ARYLSULFATASES,REACTOME_THE_ACTIVATION_OF_ARYLSULFATASES,,10,0.5769157,1.1610298,0.284153,0.34061798,1.0,5061,"tags=60%, list=18%, signal=73%",
REACTOME_NR1H3_NR1H2_REGULATE_GENE_EXPRESSION_LINKED_TO_CHOLESTEROL_TRANSPORT_AND_EFFLUX,REACTOME_NR1H3_NR1H2_REGULATE_GENE_EXPRESSION_LINKED_TO_CHOLESTEROL_TRANSPORT_AND_EFFLUX,,34,0.4449177,1.1606778,0.2547332,0.3411632,1.0,6676,"tags=50%, list=24%, signal=66%",
GOBP_POSITIVE_REGULATION_OF_PROTEIN_LOCALIZATION_TO_MEMBRANE,GOBP_POSITIVE_REGULATION_OF_PROTEIN_LOCALIZATION_TO_MEMBRANE,,79,0.3840318,1.1606355,0.19476268,0.3411319,1.0,1981,"tags=18%, list=7%, signal=19%",
REACTOME_RUNX2_REGULATES_BONE_DEVELOPMENT,REACTOME_RUNX2_REGULATES_BONE_DEVELOPMENT,,28,0.45916516,1.1605387,0.28214285,0.34118992,1.0,4829,"tags=36%, list=17%, signal=43%",
GOBP_REGULATION_OF_B_CELL_ACTIVATION,GOBP_REGULATION_OF_B_CELL_ACTIVATION,,133,0.3621151,1.1605297,0.17014925,0.34110007,1.0,3343,"tags=30%, list=12%, signal=34%",
GOBP_HOST_MEDIATED_SUPPRESSION_OF_VIRAL_GENOME_REPLICATION,GOBP_HOST_MEDIATED_SUPPRESSION_OF_VIRAL_GENOME_REPLICATION,,11,0.55911344,1.1599594,0.27017543,0.34196982,1.0,5630,"tags=45%, list=20%, signal=57%",
GOBP_OVARIAN_FOLLICLE_DEVELOPMENT,GOBP_OVARIAN_FOLLICLE_DEVELOPMENT,,49,0.40813586,1.1593813,0.20733653,0.34283897,1.0,2762,"tags=22%, list=10%, signal=25%",
GOBP_CORONARY_VASCULATURE_MORPHOGENESIS,GOBP_CORONARY_VASCULATURE_MORPHOGENESIS,,14,0.5374594,1.1592491,0.29528984,0.34295234,1.0,8251,"tags=57%, list=30%, signal=81%",
REACTOME_FATTY_ACYL_COA_BIOSYNTHESIS,REACTOME_FATTY_ACYL_COA_BIOSYNTHESIS,,35,0.44096014,1.1592385,0.25714287,0.34286156,1.0,3301,"tags=26%, list=12%, signal=29%",
GOBP_RESPONSE_TO_TRANSFORMING_GROWTH_FACTOR_BETA,GOBP_RESPONSE_TO_TRANSFORMING_GROWTH_FACTOR_BETA,,249,0.33266225,1.1589576,0.111908175,0.34326282,1.0,5113,"tags=31%, list=18%, signal=38%",
GOBP_DIGESTIVE_SYSTEM_PROCESS,GOBP_DIGESTIVE_SYSTEM_PROCESS,,86,0.37642068,1.1589178,0.18376723,0.3432239,1.0,3172,"tags=22%, list=11%, signal=25%",
GOBP_OPTIC_NERVE_DEVELOPMENT,GOBP_OPTIC_NERVE_DEVELOPMENT,,13,0.5387304,1.1588756,0.28169015,0.34320253,1.0,3404,"tags=23%, list=12%, signal=26%",
GOBP_REGULATION_OF_HORMONE_BIOSYNTHETIC_PROCESS,GOBP_REGULATION_OF_HORMONE_BIOSYNTHETIC_PROCESS,,20,0.48903656,1.1586397,0.25659052,0.34351075,1.0,7595,"tags=55%, list=27%, signal=76%",
REACTOME_AGGREPHAGY,REACTOME_AGGREPHAGY,,42,0.42479292,1.1586157,0.23666666,0.34344655,1.0,5221,"tags=29%, list=19%, signal=35%",
GOBP_REGULATION_OF_PINOCYTOSIS,GOBP_REGULATION_OF_PINOCYTOSIS,,12,0.55395544,1.1581868,0.29668412,0.34409443,1.0,2602,"tags=33%, list=9%, signal=37%",
REACTOME_REVERSIBLE_HYDRATION_OF_CARBON_DIOXIDE,REACTOME_REVERSIBLE_HYDRATION_OF_CARBON_DIOXIDE,,10,0.5758194,1.1580915,0.29872495,0.344154,1.0,2161,"tags=30%, list=8%, signal=33%",
GOBP_T_CELL_MIGRATION,GOBP_T_CELL_MIGRATION,,70,0.3905509,1.1580118,0.19471948,0.34417653,1.0,4392,"tags=39%, list=16%, signal=46%",
GOBP_PHOSPHATE_ION_HOMEOSTASIS,GOBP_PHOSPHATE_ION_HOMEOSTASIS,,12,0.5539065,1.1579818,0.2867784,0.34412673,1.0,5142,"tags=33%, list=19%, signal=41%",
GOBP_HEART_TRABECULA_FORMATION,GOBP_HEART_TRABECULA_FORMATION,,12,0.54243064,1.157736,0.30727273,0.34444666,1.0,6034,"tags=42%, list=22%, signal=53%",
GOBP_NEGATIVE_REGULATION_OF_TRIGLYCERIDE_METABOLIC_PROCESS,GOBP_NEGATIVE_REGULATION_OF_TRIGLYCERIDE_METABOLIC_PROCESS,,13,0.53921336,1.1576359,0.27407408,0.34450653,1.0,4360,"tags=23%, list=16%, signal=27%",
GOBP_POSITIVE_REGULATION_OF_FOCAL_ADHESION_ASSEMBLY,GOBP_POSITIVE_REGULATION_OF_FOCAL_ADHESION_ASSEMBLY,,21,0.48925567,1.1576134,0.24548736,0.34444803,1.0,5293,"tags=48%, list=19%, signal=59%",
GOBP_POSITIVE_REGULATION_OF_B_CELL_ACTIVATION,GOBP_POSITIVE_REGULATION_OF_B_CELL_ACTIVATION,,83,0.37621042,1.1575624,0.1856,0.34442264,1.0,3343,"tags=31%, list=12%, signal=36%",
GOBP_NEGATIVE_REGULATION_OF_PROTEIN_IMPORT_INTO_NUCLEUS,GOBP_NEGATIVE_REGULATION_OF_PROTEIN_IMPORT_INTO_NUCLEUS,,19,0.4956385,1.1571027,0.26296958,0.34513342,1.0,5229,"tags=47%, list=19%, signal=58%",
GOBP_ARTERY_MORPHOGENESIS,GOBP_ARTERY_MORPHOGENESIS,,58,0.3986002,1.1567572,0.22063492,0.34561527,1.0,5724,"tags=41%, list=21%, signal=52%",
GOBP_ESTABLISHMENT_OF_SKIN_BARRIER,GOBP_ESTABLISHMENT_OF_SKIN_BARRIER,,29,0.44943902,1.1567435,0.23986487,0.34553424,1.0,4659,"tags=34%, list=17%, signal=41%",
GOBP_REGULATION_OF_SYNAPSE_STRUCTURE_OR_ACTIVITY,GOBP_REGULATION_OF_SYNAPSE_STRUCTURE_OR_ACTIVITY,,270,0.33295637,1.1566046,0.13617021,0.34565696,1.0,5731,"tags=30%, list=21%, signal=37%",
GOBP_GANGLIOSIDE_BIOSYNTHETIC_PROCESS,GOBP_GANGLIOSIDE_BIOSYNTHETIC_PROCESS,,12,0.5495784,1.1565629,0.27845883,0.34561586,1.0,2726,"tags=42%, list=10%, signal=46%",
GOBP_AMINO_ACID_TRANSMEMBRANE_TRANSPORT,GOBP_AMINO_ACID_TRANSMEMBRANE_TRANSPORT,,85,0.37671423,1.1564615,0.18666667,0.3456847,1.0,4788,"tags=28%, list=17%, signal=34%",
GOBP_ACETYL_COA_BIOSYNTHETIC_PROCESS,GOBP_ACETYL_COA_BIOSYNTHETIC_PROCESS,,23,0.48053935,1.1563216,0.25724638,0.34581405,1.0,929,"tags=17%, list=3%, signal=18%",
REACTOME_ADORA2B_MEDIATED_ANTI_INFLAMMATORY_CYTOKINES_PRODUCTION,REACTOME_ADORA2B_MEDIATED_ANTI_INFLAMMATORY_CYTOKINES_PRODUCTION,,36,0.4352004,1.1552178,0.24822696,0.34770316,1.0,3384,"tags=33%, list=12%, signal=38%",
GOBP_NEGATIVE_REGULATION_OF_DNA_DAMAGE_RESPONSE_SIGNAL_TRANSDUCTION_BY_P53_CLASS_MEDIATOR,GOBP_NEGATIVE_REGULATION_OF_DNA_DAMAGE_RESPONSE_SIGNAL_TRANSDUCTION_BY_P53_CLASS_MEDIATOR,,13,0.5292314,1.1551828,0.29553264,0.34766594,1.0,7401,"tags=46%, list=27%, signal=63%",
REACTOME_DNA_DOUBLE_STRAND_BREAK_REPAIR,REACTOME_DNA_DOUBLE_STRAND_BREAK_REPAIR,,162,0.3505938,1.1550806,0.16442451,0.34773722,1.0,3834,"tags=20%, list=14%, signal=23%",
REACTOME_DEVELOPMENTAL_CELL_LINEAGES,REACTOME_DEVELOPMENTAL_CELL_LINEAGES,,105,0.3641542,1.1548898,0.16666667,0.3479483,1.0,6173,"tags=39%, list=22%, signal=50%",
GOBP_REGULATION_OF_TOLERANCE_INDUCTION,GOBP_REGULATION_OF_TOLERANCE_INDUCTION,,22,0.4781751,1.1541504,0.26989618,0.349146,1.0,3178,"tags=32%, list=11%, signal=36%",
GOBP_AXO_DENDRITIC_TRANSPORT,GOBP_AXO_DENDRITIC_TRANSPORT,,89,0.3742655,1.1540722,0.19968304,0.34917793,1.0,6108,"tags=36%, list=22%, signal=46%",
GOBP_POSITIVE_REGULATION_OF_LAMELLIPODIUM_ASSEMBLY,GOBP_POSITIVE_REGULATION_OF_LAMELLIPODIUM_ASSEMBLY,,26,0.45612845,1.153616,0.24778761,0.3498538,1.0,3857,"tags=50%, list=14%, signal=58%",
GOBP_MONOATOMIC_ANION_TRANSPORT,GOBP_MONOATOMIC_ANION_TRANSPORT,,119,0.35957602,1.1536059,0.18859649,0.34976208,1.0,5301,"tags=26%, list=19%, signal=32%",
GOBP_CELLULAR_RESPONSE_TO_IONIZING_RADIATION,GOBP_CELLULAR_RESPONSE_TO_IONIZING_RADIATION,,68,0.39117682,1.1535101,0.19806764,0.3498152,1.0,2309,"tags=19%, list=8%, signal=21%",
GOBP_POSITIVE_REGULATION_OF_CELL_MATRIX_ADHESION,GOBP_POSITIVE_REGULATION_OF_CELL_MATRIX_ADHESION,,50,0.41333997,1.1534711,0.21839081,0.34977984,1.0,5293,"tags=44%, list=19%, signal=54%",
GOBP_HORMONE_BIOSYNTHETIC_PROCESS,GOBP_HORMONE_BIOSYNTHETIC_PROCESS,,53,0.4039811,1.1532089,0.20754717,0.35014337,1.0,5037,"tags=32%, list=18%, signal=39%",
GOBP_REGULATION_OF_SPINDLE_CHECKPOINT,GOBP_REGULATION_OF_SPINDLE_CHECKPOINT,,33,0.44128224,1.1531023,0.24784854,0.35024238,1.0,5430,"tags=30%, list=20%, signal=38%",
REACTOME_ATTENUATION_PHASE,REACTOME_ATTENUATION_PHASE,,26,0.47069564,1.1530143,0.2605753,0.35029295,1.0,3531,"tags=27%, list=13%, signal=31%",
GOBP_PHOSPHATIDYLSERINE_METABOLIC_PROCESS,GOBP_PHOSPHATIDYLSERINE_METABOLIC_PROCESS,,19,0.49997082,1.1528741,0.2749141,0.35042512,1.0,3466,"tags=47%, list=12%, signal=54%",
GOBP_INTRACELLULAR_ZINC_ION_HOMEOSTASIS,GOBP_INTRACELLULAR_ZINC_ION_HOMEOSTASIS,,29,0.46923926,1.1524179,0.26737967,0.35113767,1.0,4561,"tags=38%, list=16%, signal=45%",
GOBP_RESPONSE_TO_STEROL,GOBP_RESPONSE_TO_STEROL,,30,0.44708988,1.1523528,0.24077329,0.35115942,1.0,4104,"tags=33%, list=15%, signal=39%",
GOBP_ORGANELLE_TRANSPORT_ALONG_MICROTUBULE,GOBP_ORGANELLE_TRANSPORT_ALONG_MICROTUBULE,,97,0.36784106,1.1521512,0.20678514,0.35143232,1.0,5758,"tags=37%, list=21%, signal=47%",
GOBP_INTESTINAL_ABSORPTION,GOBP_INTESTINAL_ABSORPTION,,37,0.43105516,1.1517301,0.24455611,0.35204944,1.0,2659,"tags=19%, list=10%, signal=21%",
REACTOME_DOWNREGULATION_OF_ERBB2_ERBB3_SIGNALING,REACTOME_DOWNREGULATION_OF_ERBB2_ERBB3_SIGNALING,,13,0.5460713,1.1515347,0.3071298,0.3522759,1.0,3696,"tags=38%, list=13%, signal=44%",
GOBP_REGULATION_OF_STRIATED_MUSCLE_CELL_DIFFERENTIATION,GOBP_REGULATION_OF_STRIATED_MUSCLE_CELL_DIFFERENTIATION,,72,0.38693768,1.1509714,0.2172471,0.3531776,1.0,4480,"tags=26%, list=16%, signal=31%",
REACTOME_CO_STIMULATION_BY_CD28,REACTOME_CO_STIMULATION_BY_CD28,,48,0.4100729,1.1508965,0.21333334,0.35319507,1.0,4334,"tags=38%, list=16%, signal=44%",
REACTOME_MITOTIC_G2_G2_M_PHASES,REACTOME_MITOTIC_G2_G2_M_PHASES,,191,0.33981642,1.1508294,0.1567489,0.3532079,1.0,4396,"tags=27%, list=16%, signal=32%",
REACTOME_ABC_TRANSPORTERS_IN_LIPID_HOMEOSTASIS,REACTOME_ABC_TRANSPORTERS_IN_LIPID_HOMEOSTASIS,,16,0.5176069,1.1507629,0.2800752,0.35322315,1.0,5385,"tags=50%, list=19%, signal=62%",
GOBP_REGULATION_OF_GLIAL_CELL_PROLIFERATION,GOBP_REGULATION_OF_GLIAL_CELL_PROLIFERATION,,27,0.4523158,1.150751,0.26029655,0.35313836,1.0,4426,"tags=33%, list=16%, signal=40%",
GOBP_MITOCHONDRIAL_TRANSPORT,GOBP_MITOCHONDRIAL_TRANSPORT,,87,0.36999607,1.150699,0.20868114,0.3531143,1.0,2494,"tags=23%, list=9%, signal=25%",
GOBP_POSITIVE_REGULATION_OF_NEURAL_PRECURSOR_CELL_PROLIFERATION,GOBP_POSITIVE_REGULATION_OF_NEURAL_PRECURSOR_CELL_PROLIFERATION,,40,0.43291074,1.1503619,0.23973727,0.35358298,1.0,4966,"tags=28%, list=18%, signal=33%",
GOBP_REGULATION_OF_GAMMA_DELTA_T_CELL_ACTIVATION,GOBP_REGULATION_OF_GAMMA_DELTA_T_CELL_ACTIVATION,,13,0.5349745,1.1500865,0.29528984,0.35396305,1.0,1976,"tags=54%, list=7%, signal=58%",
GOBP_TRANSFORMING_GROWTH_FACTOR_BETA_RECEPTOR_SIGNALING_PATHWAY,GOBP_TRANSFORMING_GROWTH_FACTOR_BETA_RECEPTOR_SIGNALING_PATHWAY,,202,0.34060523,1.1500038,0.13758865,0.35400054,1.0,5724,"tags=35%, list=21%, signal=44%",
REACTOME_DOWNREGULATION_OF_SMAD2_3_SMAD4_TRANSCRIPTIONAL_ACTIVITY,REACTOME_DOWNREGULATION_OF_SMAD2_3_SMAD4_TRANSCRIPTIONAL_ACTIVITY,,30,0.44359714,1.15,0.23268206,0.35389596,1.0,3531,"tags=30%, list=13%, signal=34%",
GOBP_PROTEIN_DNA_COMPLEX_ORGANIZATION,GOBP_PROTEIN_DNA_COMPLEX_ORGANIZATION,,203,0.33990946,1.149916,0.15440115,0.3539366,1.0,4761,"tags=24%, list=17%, signal=28%",
GOBP_MYOTUBE_DIFFERENTIATION,GOBP_MYOTUBE_DIFFERENTIATION,,156,0.35208476,1.1497583,0.14992271,0.35410303,1.0,4072,"tags=19%, list=15%, signal=22%",
REACTOME_DAP12_SIGNALING,REACTOME_DAP12_SIGNALING,,29,0.451137,1.1496179,0.2547332,0.35423592,1.0,3614,"tags=41%, list=13%, signal=48%",
GOBP_SYNAPTIC_VESICLE_PRIMING,GOBP_SYNAPTIC_VESICLE_PRIMING,,22,0.475991,1.1495128,0.2722323,0.35430956,1.0,6877,"tags=55%, list=25%, signal=72%",
REACTOME_CROSSLINKING_OF_COLLAGEN_FIBRILS,REACTOME_CROSSLINKING_OF_COLLAGEN_FIBRILS,,16,0.51064736,1.1493623,0.29695886,0.35445035,1.0,500,"tags=13%, list=2%, signal=13%",
REACTOME_METAL_ION_SLC_TRANSPORTERS,REACTOME_METAL_ION_SLC_TRANSPORTERS,,40,0.42015857,1.1493304,0.22535211,0.35439825,1.0,4561,"tags=30%, list=16%, signal=36%",
REACTOME_SIGNALING_BY_TGF_BETA_RECEPTOR_COMPLEX,REACTOME_SIGNALING_BY_TGF_BETA_RECEPTOR_COMPLEX,,92,0.3735234,1.149156,0.20700152,0.3545974,1.0,3567,"tags=33%, list=13%, signal=37%",
GOBP_SYNAPTIC_VESICLE_CYTOSKELETAL_TRANSPORT,GOBP_SYNAPTIC_VESICLE_CYTOSKELETAL_TRANSPORT,,19,0.49300867,1.1487689,0.26750448,0.3551902,1.0,3566,"tags=37%, list=13%, signal=42%",
GOBP_POSITIVE_REGULATION_OF_MYOBLAST_DIFFERENTIATION,GOBP_POSITIVE_REGULATION_OF_MYOBLAST_DIFFERENTIATION,,39,0.4341523,1.1486336,0.2369281,0.35531905,1.0,3694,"tags=21%, list=13%, signal=24%",
GOBP_NON_PROTEINOGENIC_AMINO_ACID_BIOSYNTHETIC_PROCESS,GOBP_NON_PROTEINOGENIC_AMINO_ACID_BIOSYNTHETIC_PROCESS,,15,0.5197746,1.1484519,0.2849162,0.3555425,1.0,3637,"tags=47%, list=13%, signal=54%",
GOBP_HOST_MEDIATED_PERTURBATION_OF_VIRAL_PROCESS,GOBP_HOST_MEDIATED_PERTURBATION_OF_VIRAL_PROCESS,,74,0.3832465,1.1484468,0.21346469,0.35544103,1.0,5071,"tags=32%, list=18%, signal=40%",
GOBP_OLFACTORY_LOBE_DEVELOPMENT,GOBP_OLFACTORY_LOBE_DEVELOPMENT,,25,0.46641853,1.1484276,0.27486438,0.3553641,1.0,3881,"tags=24%, list=14%, signal=28%",
GOBP_HEAT_GENERATION,GOBP_HEAT_GENERATION,,16,0.5081652,1.1483678,0.27389705,0.35536376,1.0,908,"tags=13%, list=3%, signal=13%",
GOBP_DOPAMINE_TRANSPORT,GOBP_DOPAMINE_TRANSPORT,,30,0.44416645,1.1482027,0.26279864,0.3555491,1.0,5324,"tags=33%, list=19%, signal=41%",
GOBP_REGULATION_OF_MUSCLE_CELL_DIFFERENTIATION,GOBP_REGULATION_OF_MUSCLE_CELL_DIFFERENTIATION,,125,0.3604278,1.1481086,0.17741935,0.35560906,1.0,4480,"tags=22%, list=16%, signal=26%",
GOBP_NEGATIVE_REGULATION_OF_PROTEIN_CONTAINING_COMPLEX_DISASSEMBLY,GOBP_NEGATIVE_REGULATION_OF_PROTEIN_CONTAINING_COMPLEX_DISASSEMBLY,,85,0.37626192,1.1479812,0.1978022,0.35573575,1.0,5006,"tags=32%, list=18%, signal=39%",
GOBP_POSTSYNAPTIC_DENSITY_ORGANIZATION,GOBP_POSTSYNAPTIC_DENSITY_ORGANIZATION,,41,0.4249465,1.1474849,0.24092409,0.35652977,1.0,4561,"tags=29%, list=16%, signal=35%",
GOBP_LONG_CHAIN_FATTY_ACID_BIOSYNTHETIC_PROCESS,GOBP_LONG_CHAIN_FATTY_ACID_BIOSYNTHETIC_PROCESS,,26,0.4512115,1.1474582,0.24119718,0.356476,1.0,5281,"tags=31%, list=19%, signal=38%",
GOBP_BONE_CELL_DEVELOPMENT,GOBP_BONE_CELL_DEVELOPMENT,,19,0.48961592,1.1471418,0.2725632,0.3569382,1.0,4647,"tags=58%, list=17%, signal=69%",
GOBP_PROTEIN_K6_LINKED_UBIQUITINATION,GOBP_PROTEIN_K6_LINKED_UBIQUITINATION,,16,0.515372,1.1470923,0.29464287,0.35691914,1.0,4431,"tags=31%, list=16%, signal=37%",
GOBP_POSITIVE_REGULATION_OF_TISSUE_REMODELING,GOBP_POSITIVE_REGULATION_OF_TISSUE_REMODELING,,10,0.57193244,1.147082,0.29128015,0.35682476,1.0,2734,"tags=30%, list=10%, signal=33%",
GOBP_POSITIVE_REGULATION_OF_TOLERANCE_INDUCTION,GOBP_POSITIVE_REGULATION_OF_TOLERANCE_INDUCTION,,12,0.55162185,1.147077,0.3109091,0.35672203,1.0,2181,"tags=33%, list=8%, signal=36%",
GOBP_POSITIVE_REGULATION_OF_GLIAL_CELL_PROLIFERATION,GOBP_POSITIVE_REGULATION_OF_GLIAL_CELL_PROLIFERATION,,15,0.52258533,1.146981,0.2849365,0.35679,1.0,2108,"tags=33%, list=8%, signal=36%",
GOBP_TRICARBOXYLIC_ACID_METABOLIC_PROCESS,GOBP_TRICARBOXYLIC_ACID_METABOLIC_PROCESS,,13,0.53954035,1.146804,0.3,0.35698995,1.0,2745,"tags=15%, list=10%, signal=17%",
REACTOME_COOPERATION_OF_PREFOLDIN_AND_TRIC_CCT_IN_ACTIN_AND_TUBULIN_FOLDING,REACTOME_COOPERATION_OF_PREFOLDIN_AND_TRIC_CCT_IN_ACTIN_AND_TUBULIN_FOLDING,,32,0.43285504,1.1463189,0.25,0.35777712,1.0,7412,"tags=34%, list=27%, signal=47%",
GOBP_MITOCHONDRIAL_MEMBRANE_ORGANIZATION,GOBP_MITOCHONDRIAL_MEMBRANE_ORGANIZATION,,113,0.361927,1.1462702,0.19968799,0.3577585,1.0,2503,"tags=21%, list=9%, signal=23%",
GOBP_NATURAL_KILLER_CELL_PROLIFERATION,GOBP_NATURAL_KILLER_CELL_PROLIFERATION,,16,0.51365066,1.1462586,0.28321677,0.35766596,1.0,2116,"tags=44%, list=8%, signal=47%",
GOBP_GLYCOSYLCERAMIDE_METABOLIC_PROCESS,GOBP_GLYCOSYLCERAMIDE_METABOLIC_PROCESS,,16,0.50449383,1.1461018,0.28181818,0.35782656,1.0,2585,"tags=38%, list=9%, signal=41%",
REACTOME_CGMP_EFFECTS,REACTOME_CGMP_EFFECTS,,14,0.5190932,1.1460676,0.28719723,0.3577817,1.0,3690,"tags=43%, list=13%, signal=49%",
GOBP_LAMELLIPODIUM_ORGANIZATION,GOBP_LAMELLIPODIUM_ORGANIZATION,,88,0.36994672,1.1460121,0.20487805,0.35777158,1.0,5353,"tags=42%, list=19%, signal=52%",
GOBP_VITAMIN_TRANSPORT,GOBP_VITAMIN_TRANSPORT,,45,0.41026273,1.1458796,0.2270364,0.35790253,1.0,2712,"tags=20%, list=10%, signal=22%",
GOBP_EXCITATORY_CHEMICAL_SYNAPTIC_TRANSMISSION,GOBP_EXCITATORY_CHEMICAL_SYNAPTIC_TRANSMISSION,,10,0.5609059,1.1453146,0.30377358,0.35878792,1.0,8006,"tags=60%, list=29%, signal=84%",
GOBP_ENDOCHONDRAL_BONE_MORPHOGENESIS,GOBP_ENDOCHONDRAL_BONE_MORPHOGENESIS,,53,0.40680873,1.1450524,0.2405892,0.35913706,1.0,3786,"tags=30%, list=14%, signal=35%",
GOBP_HIPPO_SIGNALING,GOBP_HIPPO_SIGNALING,,56,0.40363297,1.1449175,0.24149108,0.3592619,1.0,5624,"tags=30%, list=20%, signal=38%",
GOBP_THYMUS_DEVELOPMENT,GOBP_THYMUS_DEVELOPMENT,,42,0.41443044,1.1445069,0.24835527,0.3598985,1.0,2790,"tags=29%, list=10%, signal=32%",
GOBP_REGULATION_OF_NATURAL_KILLER_CELL_MEDIATED_IMMUNE_RESPONSE_TO_TUMOR_CELL,GOBP_REGULATION_OF_NATURAL_KILLER_CELL_MEDIATED_IMMUNE_RESPONSE_TO_TUMOR_CELL,,10,0.5662655,1.1444839,0.30514705,0.3598263,1.0,5527,"tags=50%, list=20%, signal=62%",
GOBP_REGULATION_OF_CELL_CYCLE_G2_M_PHASE_TRANSITION,GOBP_REGULATION_OF_CELL_CYCLE_G2_M_PHASE_TRANSITION,,113,0.35775182,1.14422,0.1940532,0.36020043,1.0,1679,"tags=13%, list=6%, signal=14%",
GOBP_ONE_CARBON_COMPOUND_TRANSPORT,GOBP_ONE_CARBON_COMPOUND_TRANSPORT,,20,0.4774508,1.1441919,0.2825279,0.36014217,1.0,5831,"tags=55%, list=21%, signal=70%",
GOBP_REGULATION_OF_VESICLE_FUSION,GOBP_REGULATION_OF_VESICLE_FUSION,,30,0.4460258,1.1441163,0.2769231,0.3601716,1.0,5492,"tags=40%, list=20%, signal=50%",
REACTOME_SIGNALING_BY_FGFR4,REACTOME_SIGNALING_BY_FGFR4,,35,0.42802915,1.1437548,0.24655172,0.36071572,1.0,5493,"tags=37%, list=20%, signal=46%",
GOBP_XENOBIOTIC_METABOLIC_PROCESS,GOBP_XENOBIOTIC_METABOLIC_PROCESS,,94,0.36516356,1.1436177,0.18253969,0.36083183,1.0,5358,"tags=28%, list=19%, signal=34%",
GOBP_REGULATION_OF_ATP_BIOSYNTHETIC_PROCESS,GOBP_REGULATION_OF_ATP_BIOSYNTHETIC_PROCESS,,20,0.48992875,1.1433765,0.27112675,0.361138,1.0,3356,"tags=20%, list=12%, signal=23%",
REACTOME_POSITIVE_REGULATION_OF_CDH1_GENE_TRANSCRIPTION,REACTOME_POSITIVE_REGULATION_OF_CDH1_GENE_TRANSCRIPTION,,11,0.56704205,1.1433522,0.30855018,0.3610616,1.0,1877,"tags=18%, list=7%, signal=19%",
GOBP_AGGREPHAGY,GOBP_AGGREPHAGY,,16,0.5178818,1.1432974,0.2925532,0.3610538,1.0,3680,"tags=31%, list=13%, signal=36%",
GOBP_DNA_REPAIR_DEPENDENT_CHROMATIN_REMODELING,GOBP_DNA_REPAIR_DEPENDENT_CHROMATIN_REMODELING,,25,0.46614537,1.1430025,0.2640545,0.36145416,1.0,3680,"tags=28%, list=13%, signal=32%",
GOBP_ZINC_ION_TRANSPORT,GOBP_ZINC_ION_TRANSPORT,,30,0.44661358,1.1425449,0.28227195,0.36216247,1.0,2503,"tags=17%, list=9%, signal=18%",
REACTOME_PROCESSING_OF_SMDT1,REACTOME_PROCESSING_OF_SMDT1,,16,0.5014725,1.1423748,0.278169,0.3623564,1.0,4661,"tags=31%, list=17%, signal=38%",
REACTOME_DISEASES_ASSOCIATED_WITH_GLYCOSAMINOGLYCAN_METABOLISM,REACTOME_DISEASES_ASSOCIATED_WITH_GLYCOSAMINOGLYCAN_METABOLISM,,33,0.44345987,1.1422837,0.23956443,0.3624066,1.0,4745,"tags=30%, list=17%, signal=37%",
GOBP_REGULATION_OF_MITOTIC_CELL_CYCLE_PHASE_TRANSITION,GOBP_REGULATION_OF_MITOTIC_CELL_CYCLE_PHASE_TRANSITION,,340,0.32246917,1.1422384,0.12350598,0.3623824,1.0,4476,"tags=23%, list=16%, signal=27%",
GOBP_ACTION_POTENTIAL,GOBP_ACTION_POTENTIAL,,121,0.35664666,1.1419035,0.18471338,0.3629036,1.0,2317,"tags=17%, list=8%, signal=18%",
GOBP_REGULATION_OF_ATTACHMENT_OF_MITOTIC_SPINDLE_MICROTUBULES_TO_KINETOCHORE,GOBP_REGULATION_OF_ATTACHMENT_OF_MITOTIC_SPINDLE_MICROTUBULES_TO_KINETOCHORE,,10,0.5619531,1.1418517,0.3135436,0.36288968,1.0,4029,"tags=30%, list=15%, signal=35%",
GOBP_ACTIN_FILAMENT_DEPOLYMERIZATION,GOBP_ACTIN_FILAMENT_DEPOLYMERIZATION,,57,0.40144336,1.1416961,0.22291994,0.36306354,1.0,3759,"tags=37%, list=14%, signal=43%",
REACTOME_SYNTHESIS_OF_PA,REACTOME_SYNTHESIS_OF_PA,,30,0.44842288,1.1415907,0.27843803,0.36313143,1.0,3242,"tags=27%, list=12%, signal=30%",
GOBP_CELLULAR_RESPONSE_TO_EXOGENOUS_DSRNA,GOBP_CELLULAR_RESPONSE_TO_EXOGENOUS_DSRNA,,15,0.51627386,1.1415192,0.2977233,0.363155,1.0,4077,"tags=33%, list=15%, signal=39%",
REACTOME_SENSORY_PROCESSING_OF_SOUND_BY_OUTER_HAIR_CELLS_OF_THE_COCHLEA,REACTOME_SENSORY_PROCESSING_OF_SOUND_BY_OUTER_HAIR_CELLS_OF_THE_COCHLEA,,48,0.40890262,1.1414342,0.25177306,0.36321905,1.0,3811,"tags=29%, list=14%, signal=34%",
GOBP_AROMATIC_AMINO_ACID_FAMILY_CATABOLIC_PROCESS,GOBP_AROMATIC_AMINO_ACID_FAMILY_CATABOLIC_PROCESS,,22,0.4774154,1.1412095,0.28108108,0.36351296,1.0,5342,"tags=41%, list=19%, signal=51%",
GOBP_CHROMOSOME_LOCALIZATION,GOBP_CHROMOSOME_LOCALIZATION,,132,0.35025728,1.1411055,0.17410715,0.36358267,1.0,4538,"tags=28%, list=16%, signal=33%",
REACTOME_GASTRIN_CREB_SIGNALLING_PATHWAY_VIA_PKC_AND_MAPK,REACTOME_GASTRIN_CREB_SIGNALLING_PATHWAY_VIA_PKC_AND_MAPK,,15,0.5161745,1.1406237,0.3088737,0.36432722,1.0,2527,"tags=27%, list=9%, signal=29%",
REACTOME_NR1H2_AND_NR1H3_MEDIATED_SIGNALING,REACTOME_NR1H2_AND_NR1H3_MEDIATED_SIGNALING,,41,0.41307545,1.1404829,0.24306688,0.36447102,1.0,6676,"tags=44%, list=24%, signal=58%",
REACTOME_DOWNSTREAM_TCR_SIGNALING,REACTOME_DOWNSTREAM_TCR_SIGNALING,,87,0.36988,1.1404269,0.2091603,0.36445656,1.0,5323,"tags=43%, list=19%, signal=52%",
GOBP_NK_T_CELL_ACTIVATION,GOBP_NK_T_CELL_ACTIVATION,,26,0.4528229,1.1403815,0.25486726,0.36442587,1.0,3158,"tags=42%, list=11%, signal=48%",
GOBP_POSITIVE_REGULATION_OF_CARDIAC_MUSCLE_CELL_PROLIFERATION,GOBP_POSITIVE_REGULATION_OF_CARDIAC_MUSCLE_CELL_PROLIFERATION,,21,0.48202983,1.1403216,0.28673837,0.36442855,1.0,4426,"tags=29%, list=16%, signal=34%",
REACTOME_DEVELOPMENTAL_LINEAGES_OF_THE_MAMMARY_GLAND,REACTOME_DEVELOPMENTAL_LINEAGES_OF_THE_MAMMARY_GLAND,,31,0.4404752,1.1402934,0.27272728,0.3643671,1.0,3288,"tags=32%, list=12%, signal=37%",
GOBP_SEROTONIN_METABOLIC_PROCESS,GOBP_SEROTONIN_METABOLIC_PROCESS,,12,0.5415676,1.1402029,0.3,0.3644198,1.0,8077,"tags=58%, list=29%, signal=82%",
GOBP_REGULATION_OF_AMINO_ACID_TRANSPORT,GOBP_REGULATION_OF_AMINO_ACID_TRANSPORT,,30,0.4503306,1.1401308,0.27355072,0.36443144,1.0,4796,"tags=30%, list=17%, signal=36%",
GOBP_INTRACELLULAR_PROTEIN_TRANSMEMBRANE_TRANSPORT,GOBP_INTRACELLULAR_PROTEIN_TRANSMEMBRANE_TRANSPORT,,34,0.43200824,1.1400594,0.26386556,0.3644566,1.0,5272,"tags=29%, list=19%, signal=36%",
GOBP_POSITIVE_REGULATION_OF_VASCULAR_ASSOCIATED_SMOOTH_MUSCLE_CELL_PROLIFERATION,GOBP_POSITIVE_REGULATION_OF_VASCULAR_ASSOCIATED_SMOOTH_MUSCLE_CELL_PROLIFERATION,,33,0.43170348,1.1400299,0.245,0.36439502,1.0,1711,"tags=18%, list=6%, signal=19%",
GOBP_POSITIVE_REGULATION_OF_ATTACHMENT_OF_SPINDLE_MICROTUBULES_TO_KINETOCHORE,GOBP_POSITIVE_REGULATION_OF_ATTACHMENT_OF_SPINDLE_MICROTUBULES_TO_KINETOCHORE,,11,0.5560626,1.1392782,0.30998248,0.3656369,1.0,4144,"tags=36%, list=15%, signal=43%",
GOBP_PROTEIN_HOMOTETRAMERIZATION,GOBP_PROTEIN_HOMOTETRAMERIZATION,,58,0.39732748,1.1392428,0.24794745,0.36558968,1.0,5487,"tags=41%, list=20%, signal=51%",
REACTOME_TCR_SIGNALING,REACTOME_TCR_SIGNALING,,109,0.35961244,1.1389236,0.2057057,0.36605576,1.0,4397,"tags=39%, list=16%, signal=46%",
GOBP_FORMATION_OF_TRANSLATION_PREINITIATION_COMPLEX,GOBP_FORMATION_OF_TRANSLATION_PREINITIATION_COMPLEX,,12,0.5434044,1.138626,0.31141868,0.36645964,1.0,158,"tags=8%, list=1%, signal=8%",
GOBP_REGULATION_OF_SPINDLE_ASSEMBLY,GOBP_REGULATION_OF_SPINDLE_ASSEMBLY,,36,0.4203091,1.1385343,0.25671142,0.36653104,1.0,5791,"tags=44%, list=21%, signal=56%",
GOBP_POSITIVE_REGULATION_OF_NERVOUS_SYSTEM_DEVELOPMENT,GOBP_POSITIVE_REGULATION_OF_NERVOUS_SYSTEM_DEVELOPMENT,,224,0.33395636,1.1384683,0.16049382,0.36653927,1.0,4709,"tags=25%, list=17%, signal=30%",
REACTOME_CHROMOSOME_MAINTENANCE,REACTOME_CHROMOSOME_MAINTENANCE,,129,0.35301062,1.1383663,0.1910828,0.36661258,1.0,3834,"tags=20%, list=14%, signal=23%",
GOBP_AROMATIC_AMINO_ACID_METABOLIC_PROCESS,GOBP_AROMATIC_AMINO_ACID_METABOLIC_PROCESS,,38,0.42469177,1.1376832,0.25905797,0.3677339,1.0,5342,"tags=34%, list=19%, signal=42%",
GOBP_VERY_LOW_DENSITY_LIPOPROTEIN_PARTICLE_ASSEMBLY,GOBP_VERY_LOW_DENSITY_LIPOPROTEIN_PARTICLE_ASSEMBLY,,11,0.5490244,1.1375813,0.32258064,0.36781606,1.0,5597,"tags=64%, list=20%, signal=80%",
GOBP_GLAND_DEVELOPMENT,GOBP_GLAND_DEVELOPMENT,,355,0.31832585,1.137158,0.12683578,0.36845598,1.0,4459,"tags=23%, list=16%, signal=27%",
GOBP_NEGATIVE_REGULATION_OF_EPITHELIAL_CELL_DIFFERENTIATION,GOBP_NEGATIVE_REGULATION_OF_EPITHELIAL_CELL_DIFFERENTIATION,,31,0.43706667,1.1371461,0.26842105,0.36836767,1.0,4459,"tags=26%, list=16%, signal=31%",
REACTOME_APOPTOSIS_INDUCED_DNA_FRAGMENTATION,REACTOME_APOPTOSIS_INDUCED_DNA_FRAGMENTATION,,12,0.5451697,1.1368647,0.31849316,0.36878437,1.0,6468,"tags=67%, list=23%, signal=87%",
GOBP_NEGATIVE_REGULATION_OF_DNA_BIOSYNTHETIC_PROCESS,GOBP_NEGATIVE_REGULATION_OF_DNA_BIOSYNTHETIC_PROCESS,,26,0.45492727,1.136849,0.25659052,0.36870658,1.0,2435,"tags=27%, list=9%, signal=29%",
GOBP_NEGATIVE_REGULATION_OF_EPITHELIAL_CELL_APOPTOTIC_PROCESS,GOBP_NEGATIVE_REGULATION_OF_EPITHELIAL_CELL_APOPTOTIC_PROCESS,,13,0.5312651,1.1364076,0.30782917,0.36938852,1.0,4300,"tags=38%, list=15%, signal=45%",
GOBP_IRON_COORDINATION_ENTITY_TRANSPORT,GOBP_IRON_COORDINATION_ENTITY_TRANSPORT,,11,0.55240846,1.1362724,0.3222417,0.36950135,1.0,1603,"tags=18%, list=6%, signal=19%",
GOBP_REGULATION_OF_CELL_CYCLE_PHASE_TRANSITION,GOBP_REGULATION_OF_CELL_CYCLE_PHASE_TRANSITION,,443,0.31478107,1.1359689,0.12692308,0.369925,1.0,4485,"tags=22%, list=16%, signal=25%",
GOBP_PHOSPHATIDIC_ACID_METABOLIC_PROCESS,GOBP_PHOSPHATIDIC_ACID_METABOLIC_PROCESS,,33,0.43440402,1.1355302,0.256993,0.37060773,1.0,3242,"tags=27%, list=12%, signal=31%",
GOBP_POSITIVE_REGULATION_OF_MONOATOMIC_ION_TRANSMEMBRANE_TRANSPORT,GOBP_POSITIVE_REGULATION_OF_MONOATOMIC_ION_TRANSMEMBRANE_TRANSPORT,,100,0.36137083,1.1353405,0.2192429,0.37085295,1.0,5180,"tags=35%, list=19%, signal=43%",
GOBP_INTEGRIN_ACTIVATION,GOBP_INTEGRIN_ACTIVATION,,23,0.47117403,1.1353139,0.25880283,0.3707783,1.0,4558,"tags=30%, list=16%, signal=36%",
GOBP_REGULATION_OF_NUCLEOTIDE_BIOSYNTHETIC_PROCESS,GOBP_REGULATION_OF_NUCLEOTIDE_BIOSYNTHETIC_PROCESS,,22,0.4706264,1.1351238,0.29616725,0.3709894,1.0,3356,"tags=18%, list=12%, signal=21%",
GOBP_AMINO_SUGAR_METABOLIC_PROCESS,GOBP_AMINO_SUGAR_METABOLIC_PROCESS,,38,0.4213698,1.1350232,0.25795645,0.37105346,1.0,1761,"tags=21%, list=6%, signal=22%",
GOBP_MATERNAL_PLACENTA_DEVELOPMENT,GOBP_MATERNAL_PLACENTA_DEVELOPMENT,,30,0.44422635,1.1348165,0.28231293,0.3713024,1.0,5003,"tags=37%, list=18%, signal=45%",
GOBP_REGULATION_OF_OSTEOBLAST_DIFFERENTIATION,GOBP_REGULATION_OF_OSTEOBLAST_DIFFERENTIATION,,116,0.35655522,1.1343119,0.21812595,0.37210062,1.0,4958,"tags=31%, list=18%, signal=38%",
REACTOME_GASTRULATION,REACTOME_GASTRULATION,,87,0.3732013,1.1339711,0.22082019,0.3725933,1.0,5594,"tags=43%, list=20%, signal=53%",
GOBP_MITOTIC_G2_M_TRANSITION_CHECKPOINT,GOBP_MITOTIC_G2_M_TRANSITION_CHECKPOINT,,56,0.39844608,1.1339009,0.24386252,0.37260005,1.0,2367,"tags=18%, list=9%, signal=19%",
REACTOME_SIGNALING_BY_NOTCH1,REACTOME_SIGNALING_BY_NOTCH1,,73,0.37113145,1.1335973,0.22757475,0.3730496,1.0,4578,"tags=32%, list=17%, signal=38%",
GOBP_PROTEIN_LIPID_COMPLEX_ASSEMBLY,GOBP_PROTEIN_LIPID_COMPLEX_ASSEMBLY,,26,0.4555525,1.1335379,0.29706392,0.37304008,1.0,5633,"tags=58%, list=20%, signal=72%",
GOBP_RESPONSE_TO_FIBROBLAST_GROWTH_FACTOR,GOBP_RESPONSE_TO_FIBROBLAST_GROWTH_FACTOR,,93,0.36164325,1.1328195,0.20032841,0.37427363,1.0,4778,"tags=27%, list=17%, signal=32%",
GOBP_ENDOTHELIAL_CELL_MORPHOGENESIS,GOBP_ENDOTHELIAL_CELL_MORPHOGENESIS,,12,0.5344057,1.1327568,0.31040564,0.37427938,1.0,7768,"tags=42%, list=28%, signal=58%",
GOBP_REGULATION_OF_LIPOPROTEIN_PARTICLE_CLEARANCE,GOBP_REGULATION_OF_LIPOPROTEIN_PARTICLE_CLEARANCE,,19,0.4850528,1.1326663,0.29113925,0.37432897,1.0,4248,"tags=42%, list=15%, signal=50%",
GOBP_ACTOMYOSIN_STRUCTURE_ORGANIZATION,GOBP_ACTOMYOSIN_STRUCTURE_ORGANIZATION,,185,0.3365377,1.1325433,0.16448326,0.37445468,1.0,4818,"tags=30%, list=17%, signal=36%",
GOBP_REGULATION_OF_T_CELL_APOPTOTIC_PROCESS,GOBP_REGULATION_OF_T_CELL_APOPTOTIC_PROCESS,,33,0.42163408,1.1320568,0.25086504,0.37527677,1.0,3464,"tags=36%, list=12%, signal=42%",
GOBP_REGULATION_OF_TRANSLATIONAL_INITIATION_IN_RESPONSE_TO_STRESS,GOBP_REGULATION_OF_TRANSLATIONAL_INITIATION_IN_RESPONSE_TO_STRESS,,11,0.5515555,1.1317089,0.32780847,0.37578744,1.0,3981,"tags=36%, list=14%, signal=42%",
GOBP_REGULATION_OF_SKELETAL_MUSCLE_CONTRACTION,GOBP_REGULATION_OF_SKELETAL_MUSCLE_CONTRACTION,,16,0.50058603,1.1313651,0.29250458,0.3762945,1.0,3596,"tags=31%, list=13%, signal=36%",
GOBP_PROTEIN_PALMITOYLATION,GOBP_PROTEIN_PALMITOYLATION,,22,0.4680021,1.1307671,0.27486438,0.3772635,1.0,1581,"tags=32%, list=6%, signal=34%",
GOBP_REGULATION_OF_RESPONSE_TO_OSMOTIC_STRESS,GOBP_REGULATION_OF_RESPONSE_TO_OSMOTIC_STRESS,,14,0.52563006,1.1306808,0.32021466,0.37730986,1.0,3225,"tags=43%, list=12%, signal=48%",
GOBP_INTRINSIC_APOPTOTIC_SIGNALING_PATHWAY_IN_RESPONSE_TO_DNA_DAMAGE_BY_P53_CLASS_MEDIATOR,GOBP_INTRINSIC_APOPTOTIC_SIGNALING_PATHWAY_IN_RESPONSE_TO_DNA_DAMAGE_BY_P53_CLASS_MEDIATOR,,48,0.39933354,1.1305034,0.25919732,0.37752086,1.0,4364,"tags=31%, list=16%, signal=37%",
GOBP_RAC_PROTEIN_SIGNAL_TRANSDUCTION,GOBP_RAC_PROTEIN_SIGNAL_TRANSDUCTION,,61,0.3891485,1.1300925,0.25238097,0.37813973,1.0,4257,"tags=34%, list=15%, signal=41%",
GOBP_POSITIVE_REGULATION_OF_RECEPTOR_SIGNALING_PATHWAY_VIA_STAT,GOBP_POSITIVE_REGULATION_OF_RECEPTOR_SIGNALING_PATHWAY_VIA_STAT,,44,0.41040477,1.1300718,0.26121795,0.37806085,1.0,3014,"tags=20%, list=11%, signal=23%",
REACTOME_INTERLEUKIN_35_SIGNALLING,REACTOME_INTERLEUKIN_35_SIGNALLING,,12,0.54835063,1.1300147,0.31484795,0.37804434,1.0,1459,"tags=25%, list=5%, signal=26%",
GOBP_RESPONSE_TO_CORTICOSTERONE,GOBP_RESPONSE_TO_CORTICOSTERONE,,12,0.5352638,1.1300046,0.30518234,0.37794882,1.0,3974,"tags=50%, list=14%, signal=58%",
REACTOME_TNFR1_INDUCED_NF_KAPPA_B_SIGNALING_PATHWAY,REACTOME_TNFR1_INDUCED_NF_KAPPA_B_SIGNALING_PATHWAY,,33,0.43239805,1.130003,0.28085867,0.37783962,1.0,5267,"tags=39%, list=19%, signal=49%",
GOBP_NEGATIVE_REGULATION_OF_NLRP3_INFLAMMASOME_COMPLEX_ASSEMBLY,GOBP_NEGATIVE_REGULATION_OF_NLRP3_INFLAMMASOME_COMPLEX_ASSEMBLY,,16,0.5090673,1.1298133,0.29946524,0.37807706,1.0,4144,"tags=44%, list=15%, signal=51%",
REACTOME_DISASSEMBLY_OF_THE_DESTRUCTION_COMPLEX_AND_RECRUITMENT_OF_AXIN_TO_THE_MEMBRANE,REACTOME_DISASSEMBLY_OF_THE_DESTRUCTION_COMPLEX_AND_RECRUITMENT_OF_AXIN_TO_THE_MEMBRANE,,29,0.43857536,1.1293811,0.29584774,0.37875384,1.0,6612,"tags=55%, list=24%, signal=72%",
GOBP_PROTEIN_INSERTION_INTO_ER_MEMBRANE_BY_STOP_TRANSFER_MEMBRANE_ANCHOR_SEQUENCE,GOBP_PROTEIN_INSERTION_INTO_ER_MEMBRANE_BY_STOP_TRANSFER_MEMBRANE_ANCHOR_SEQUENCE,,11,0.54977274,1.1289136,0.32022473,0.37949556,1.0,5360,"tags=45%, list=19%, signal=56%",
GOBP_PURINERGIC_NUCLEOTIDE_RECEPTOR_SIGNALING_PATHWAY,GOBP_PURINERGIC_NUCLEOTIDE_RECEPTOR_SIGNALING_PATHWAY,,29,0.4460001,1.1288682,0.26860255,0.37946847,1.0,4796,"tags=45%, list=17%, signal=54%",
REACTOME_REGULATION_OF_ENDOGENOUS_RETROELEMENTS,REACTOME_REGULATION_OF_ENDOGENOUS_RETROELEMENTS,,126,0.35072458,1.1287557,0.2143951,0.37954527,1.0,3834,"tags=22%, list=14%, signal=26%",
GOBP_NEGATIVE_REGULATION_OF_TYPE_I_INTERFERON_MEDIATED_SIGNALING_PATHWAY,GOBP_NEGATIVE_REGULATION_OF_TYPE_I_INTERFERON_MEDIATED_SIGNALING_PATHWAY,,20,0.4858188,1.1287451,0.2847222,0.37945372,1.0,4146,"tags=45%, list=15%, signal=53%",
GOBP_INNER_MITOCHONDRIAL_MEMBRANE_ORGANIZATION,GOBP_INNER_MITOCHONDRIAL_MEMBRANE_ORGANIZATION,,45,0.4100227,1.12865,0.27552673,0.37953362,1.0,904,"tags=13%, list=3%, signal=14%",
GOBP_REGULATION_OF_RESPONSE_TO_NUTRIENT_LEVELS,GOBP_REGULATION_OF_RESPONSE_TO_NUTRIENT_LEVELS,,25,0.45770776,1.1284796,0.30136988,0.379718,1.0,4177,"tags=28%, list=15%, signal=33%",
GOBP_OVULATION_CYCLE,GOBP_OVULATION_CYCLE,,49,0.40307525,1.1282127,0.24292845,0.38007128,1.0,2060,"tags=18%, list=7%, signal=20%",
GOBP_RESPONSE_TO_PURINE_CONTAINING_COMPOUND,GOBP_RESPONSE_TO_PURINE_CONTAINING_COMPOUND,,130,0.34731287,1.1275612,0.20091324,0.3811869,1.0,4949,"tags=31%, list=18%, signal=37%",
REACTOME_HSF1_DEPENDENT_TRANSACTIVATION,REACTOME_HSF1_DEPENDENT_TRANSACTIVATION,,33,0.43211642,1.1269354,0.26243567,0.38226077,1.0,3874,"tags=27%, list=14%, signal=32%",
GOBP_RESPONSE_TO_ACETYLCHOLINE,GOBP_RESPONSE_TO_ACETYLCHOLINE,,43,0.40627286,1.1265461,0.257329,0.38285306,1.0,6290,"tags=30%, list=23%, signal=39%",
REACTOME_ADIPOGENESIS,REACTOME_ADIPOGENESIS,,98,0.36058247,1.1263415,0.21907601,0.38312292,1.0,4664,"tags=23%, list=17%, signal=28%",
GOBP_CILIUM_OR_FLAGELLUM_DEPENDENT_CELL_MOTILITY,GOBP_CILIUM_OR_FLAGELLUM_DEPENDENT_CELL_MOTILITY,,205,0.3306945,1.1261644,0.18852459,0.3833557,1.0,4776,"tags=22%, list=17%, signal=27%",
GOBP_POSTSYNAPTIC_SPECIALIZATION_ORGANIZATION,GOBP_POSTSYNAPTIC_SPECIALIZATION_ORGANIZATION,,48,0.39996716,1.1261389,0.27257526,0.38328514,1.0,4561,"tags=29%, list=16%, signal=35%",
GOBP_CELL_CYCLE_G1_S_PHASE_TRANSITION,GOBP_CELL_CYCLE_G1_S_PHASE_TRANSITION,,243,0.32426637,1.1259193,0.15363128,0.3835952,1.0,4396,"tags=24%, list=16%, signal=29%",
GOBP_CELLULAR_RESPONSE_TO_CAMP,GOBP_CELLULAR_RESPONSE_TO_CAMP,,53,0.39257434,1.1258323,0.27833334,0.38364583,1.0,4003,"tags=30%, list=14%, signal=35%",
GOBP_RESPONSE_TO_ETHER,GOBP_RESPONSE_TO_ETHER,,20,0.4789975,1.1256108,0.2820946,0.38394135,1.0,2455,"tags=20%, list=9%, signal=22%",
GOBP_GLUCAN_BIOSYNTHETIC_PROCESS,GOBP_GLUCAN_BIOSYNTHETIC_PROCESS,,35,0.4248355,1.1253294,0.27568492,0.3843355,1.0,2996,"tags=31%, list=11%, signal=35%",
GOBP_POSITIVE_REGULATION_OF_SYNAPTIC_TRANSMISSION_GLUTAMATERGIC,GOBP_POSITIVE_REGULATION_OF_SYNAPTIC_TRANSMISSION_GLUTAMATERGIC,,24,0.46403107,1.1252437,0.2792793,0.38438442,1.0,2982,"tags=21%, list=11%, signal=23%",
GOBP_REGULATION_OF_DENDRITIC_SPINE_DEVELOPMENT,GOBP_REGULATION_OF_DENDRITIC_SPINE_DEVELOPMENT,,51,0.3999357,1.1250249,0.267101,0.38466892,1.0,4561,"tags=25%, list=16%, signal=30%",
GOBP_RUFFLE_ORGANIZATION,GOBP_RUFFLE_ORGANIZATION,,52,0.40030643,1.1250193,0.26480263,0.38456777,1.0,3426,"tags=33%, list=12%, signal=37%",
GOBP_PYRIMIDINE_NUCLEOSIDE_MONOPHOSPHATE_METABOLIC_PROCESS,GOBP_PYRIMIDINE_NUCLEOSIDE_MONOPHOSPHATE_METABOLIC_PROCESS,,22,0.4650128,1.1245853,0.28449744,0.38525838,1.0,1025,"tags=23%, list=4%, signal=24%",
GOBP_REGULATION_OF_MYOBLAST_DIFFERENTIATION,GOBP_REGULATION_OF_MYOBLAST_DIFFERENTIATION,,63,0.37952927,1.1239597,0.25160256,0.38631687,1.0,3858,"tags=25%, list=14%, signal=29%",
GOBP_POSITIVE_REGULATION_OF_B_CELL_MEDIATED_IMMUNITY,GOBP_POSITIVE_REGULATION_OF_B_CELL_MEDIATED_IMMUNITY,,41,0.41061717,1.123307,0.2796748,0.38742325,1.0,3614,"tags=24%, list=13%, signal=28%",
GOBP_REGULATION_OF_IMMUNOGLOBULIN_PRODUCTION,GOBP_REGULATION_OF_IMMUNOGLOBULIN_PRODUCTION,,74,0.37690875,1.1232429,0.25208682,0.38741726,1.0,3835,"tags=28%, list=14%, signal=33%",
GOBP_MUCUS_SECRETION,GOBP_MUCUS_SECRETION,,15,0.5133923,1.1231267,0.32456142,0.38753343,1.0,1702,"tags=27%, list=6%, signal=28%",
GOBP_VESICLE_TRANSPORT_ALONG_MICROTUBULE,GOBP_VESICLE_TRANSPORT_ALONG_MICROTUBULE,,48,0.39845073,1.1231072,0.26043406,0.38745663,1.0,3566,"tags=27%, list=13%, signal=31%",
GOBP_DICARBOXYLIC_ACID_TRANSPORT,GOBP_DICARBOXYLIC_ACID_TRANSPORT,,89,0.36321747,1.1229582,0.22539683,0.38762107,1.0,2712,"tags=15%, list=10%, signal=16%",
REACTOME_REGULATION_OF_PTEN_GENE_TRANSCRIPTION,REACTOME_REGULATION_OF_PTEN_GENE_TRANSCRIPTION,,60,0.385318,1.1225187,0.2657581,0.3883557,1.0,4578,"tags=32%, list=17%, signal=38%",
GOBP_REGULATION_OF_ORGAN_GROWTH,GOBP_REGULATION_OF_ORGAN_GROWTH,,74,0.37297574,1.1224605,0.23770492,0.38835162,1.0,4646,"tags=32%, list=17%, signal=39%",
GOBP_TRANSFORMING_GROWTH_FACTOR_BETA_PRODUCTION,GOBP_TRANSFORMING_GROWTH_FACTOR_BETA_PRODUCTION,,37,0.41885227,1.1222941,0.27303183,0.3885496,1.0,3182,"tags=24%, list=11%, signal=27%",
GOBP_TERPENOID_BIOSYNTHETIC_PROCESS,GOBP_TERPENOID_BIOSYNTHETIC_PROCESS,,21,0.468428,1.1218878,0.2844523,0.38917705,1.0,4546,"tags=29%, list=16%, signal=34%",
REACTOME_RUNX2_REGULATES_OSTEOBLAST_DIFFERENTIATION,REACTOME_RUNX2_REGULATES_OSTEOBLAST_DIFFERENTIATION,,22,0.45553088,1.1217688,0.3061947,0.389272,1.0,4829,"tags=36%, list=17%, signal=44%",
GOBP_RAS_PROTEIN_SIGNAL_TRANSDUCTION,GOBP_RAS_PROTEIN_SIGNAL_TRANSDUCTION,,108,0.35876763,1.1216388,0.2176,0.3894079,1.0,4426,"tags=34%, list=16%, signal=41%",
GOBP_NEGATIVE_REGULATION_OF_B_CELL_PROLIFERATION,GOBP_NEGATIVE_REGULATION_OF_B_CELL_PROLIFERATION,,17,0.48436248,1.1215464,0.30072463,0.38946283,1.0,3614,"tags=41%, list=13%, signal=47%",
GOBP_REGULATION_OF_FEEDING_BEHAVIOR,GOBP_REGULATION_OF_FEEDING_BEHAVIOR,,24,0.44817007,1.1215107,0.29863483,0.38940746,1.0,3329,"tags=21%, list=12%, signal=24%",
REACTOME_MITOTIC_G1_PHASE_AND_G1_S_TRANSITION,REACTOME_MITOTIC_G1_PHASE_AND_G1_S_TRANSITION,,139,0.34554696,1.1209553,0.21460506,0.39034304,1.0,4396,"tags=27%, list=16%, signal=32%",
GOBP_OSTEOBLAST_PROLIFERATION,GOBP_OSTEOBLAST_PROLIFERATION,,28,0.4362299,1.1208509,0.2871795,0.3904141,1.0,2608,"tags=21%, list=9%, signal=24%",
GOBP_NEGATIVE_REGULATION_OF_CHOLESTEROL_STORAGE,GOBP_NEGATIVE_REGULATION_OF_CHOLESTEROL_STORAGE,,10,0.5436419,1.1207193,0.3222417,0.39054906,1.0,4028,"tags=70%, list=15%, signal=82%",
GOBP_REGULATION_OF_MODIFICATION_OF_POSTSYNAPTIC_STRUCTURE,GOBP_REGULATION_OF_MODIFICATION_OF_POSTSYNAPTIC_STRUCTURE,,10,0.554151,1.120715,0.34054053,0.3904418,1.0,4613,"tags=40%, list=17%, signal=48%",
GOBP_RESPONSE_TO_DEXAMETHASONE,GOBP_RESPONSE_TO_DEXAMETHASONE,,31,0.44427586,1.1203647,0.2802768,0.39095664,1.0,3786,"tags=35%, list=14%, signal=41%",
REACTOME_GLYOXYLATE_METABOLISM_AND_GLYCINE_DEGRADATION,REACTOME_GLYOXYLATE_METABOLISM_AND_GLYCINE_DEGRADATION,,13,0.51791155,1.1203005,0.3057554,0.3909647,1.0,6858,"tags=46%, list=25%, signal=61%",
GOBP_POSITIVE_REGULATION_OF_SPINDLE_CHECKPOINT,GOBP_POSITIVE_REGULATION_OF_SPINDLE_CHECKPOINT,,21,0.47687715,1.1197957,0.29690346,0.3918149,1.0,5054,"tags=29%, list=18%, signal=35%",
GOBP_NEGATIVE_REGULATION_OF_CELLULAR_RESPONSE_TO_VASCULAR_ENDOTHELIAL_GROWTH_FACTOR_STIMULUS,GOBP_NEGATIVE_REGULATION_OF_CELLULAR_RESPONSE_TO_VASCULAR_ENDOTHELIAL_GROWTH_FACTOR_STIMULUS,,15,0.5016958,1.1197869,0.31634447,0.39171392,1.0,5529,"tags=33%, list=20%, signal=42%",
REACTOME_ACTIVATION_OF_BAD_AND_TRANSLOCATION_TO_MITOCHONDRIA,REACTOME_ACTIVATION_OF_BAD_AND_TRANSLOCATION_TO_MITOCHONDRIA,,15,0.5225368,1.119769,0.3071553,0.3916302,1.0,3513,"tags=47%, list=13%, signal=53%",
REACTOME_SIGNALING_BY_ACTIVIN,REACTOME_SIGNALING_BY_ACTIVIN,,15,0.5111593,1.1194661,0.31217837,0.39209053,1.0,3515,"tags=40%, list=13%, signal=46%",
REACTOME_TRANSCRIPTIONAL_ACTIVITY_OF_SMAD2_SMAD3_SMAD4_HETEROTRIMER,REACTOME_TRANSCRIPTIONAL_ACTIVITY_OF_SMAD2_SMAD3_SMAD4_HETEROTRIMER,,50,0.39097974,1.1192372,0.26853377,0.39240772,1.0,3557,"tags=30%, list=13%, signal=34%",
GOBP_NEGATIVE_REGULATION_OF_ENDOTHELIAL_CELL_PROLIFERATION,GOBP_NEGATIVE_REGULATION_OF_ENDOTHELIAL_CELL_PROLIFERATION,,37,0.42124093,1.1190073,0.28712872,0.3927195,1.0,2790,"tags=22%, list=10%, signal=24%",
REACTOME_SIGNALING_BY_ALK_IN_CANCER,REACTOME_SIGNALING_BY_ALK_IN_CANCER,,89,0.36221266,1.1187304,0.25811437,0.39315087,1.0,4670,"tags=34%, list=17%, signal=40%",
REACTOME_TP53_REGULATES_TRANSCRIPTION_OF_CASPASE_ACTIVATORS_AND_CASPASES,REACTOME_TP53_REGULATES_TRANSCRIPTION_OF_CASPASE_ACTIVATORS_AND_CASPASES,,12,0.5332456,1.1183016,0.3694853,0.39379904,1.0,1861,"tags=25%, list=7%, signal=27%",
GOBP_PHOSPHOLIPID_TRANSPORT,GOBP_PHOSPHOLIPID_TRANSPORT,,102,0.3558995,1.1175244,0.24626866,0.39518225,1.0,5618,"tags=41%, list=20%, signal=51%",
GOBP_PHOTORECEPTOR_CELL_OUTER_SEGMENT_ORGANIZATION,GOBP_PHOTORECEPTOR_CELL_OUTER_SEGMENT_ORGANIZATION,,14,0.51423764,1.1171994,0.33333334,0.39566064,1.0,6090,"tags=64%, list=22%, signal=82%",
GOBP_T_HELPER_2_CELL_DIFFERENTIATION,GOBP_T_HELPER_2_CELL_DIFFERENTIATION,,17,0.48863158,1.1167953,0.32014388,0.396315,1.0,3357,"tags=47%, list=12%, signal=54%",
GOBP_BLASTOCYST_DEVELOPMENT,GOBP_BLASTOCYST_DEVELOPMENT,,109,0.34897166,1.1164213,0.23945783,0.39686048,1.0,4439,"tags=23%, list=16%, signal=27%",
GOBP_POSITIVE_REGULATION_OF_GLIOGENESIS,GOBP_POSITIVE_REGULATION_OF_GLIOGENESIS,,51,0.39245743,1.116319,0.27168575,0.39693534,1.0,2821,"tags=24%, list=10%, signal=26%",
GOBP_HETEROPHILIC_CELL_CELL_ADHESION,GOBP_HETEROPHILIC_CELL_CELL_ADHESION,,38,0.41964406,1.1160053,0.28666666,0.3974127,1.0,2416,"tags=21%, list=9%, signal=23%",
GOBP_SEROTONIN_UPTAKE,GOBP_SEROTONIN_UPTAKE,,10,0.5603725,1.1159865,0.3523985,0.39733335,1.0,5747,"tags=60%, list=21%, signal=76%",
GOBP_RESPONSE_TO_CHEMOKINE,GOBP_RESPONSE_TO_CHEMOKINE,,85,0.3639601,1.1153408,0.2584814,0.3984317,1.0,3411,"tags=25%, list=12%, signal=28%",
GOBP_EPIBOLY,GOBP_EPIBOLY,,37,0.41773793,1.1151162,0.28173912,0.3987362,1.0,2493,"tags=30%, list=9%, signal=33%",
GOBP_PYRIMIDINE_CONTAINING_COMPOUND_CATABOLIC_PROCESS,GOBP_PYRIMIDINE_CONTAINING_COMPOUND_CATABOLIC_PROCESS,,29,0.43571168,1.1148431,0.29711375,0.39915302,1.0,3381,"tags=28%, list=12%, signal=31%",
GOBP_DENDRITIC_SPINE_MAINTENANCE,GOBP_DENDRITIC_SPINE_MAINTENANCE,,22,0.4820914,1.1148092,0.328152,0.39909816,1.0,5560,"tags=50%, list=20%, signal=62%",
GOBP_REGULATION_OF_SMOOTH_MUSCLE_CELL_DIFFERENTIATION,GOBP_REGULATION_OF_SMOOTH_MUSCLE_CELL_DIFFERENTIATION,,33,0.4226894,1.1146741,0.28785357,0.3992305,1.0,1935,"tags=15%, list=7%, signal=16%",
GOBP_INTERMEDIATE_FILAMENT_BASED_PROCESS,GOBP_INTERMEDIATE_FILAMENT_BASED_PROCESS,,59,0.38112795,1.1145813,0.27993256,0.39929906,1.0,3423,"tags=14%, list=12%, signal=15%",
REACTOME_OTHER_SEMAPHORIN_INTERACTIONS,REACTOME_OTHER_SEMAPHORIN_INTERACTIONS,,17,0.48937753,1.1140746,0.30895796,0.4001553,1.0,4975,"tags=59%, list=18%, signal=72%",
GOBP_CARDIAC_MYOFIBRIL_ASSEMBLY,GOBP_CARDIAC_MYOFIBRIL_ASSEMBLY,,14,0.51199263,1.1137629,0.3216912,0.4006302,1.0,7815,"tags=43%, list=28%, signal=60%",
GOBP_REGULATION_OF_FAT_CELL_DIFFERENTIATION,GOBP_REGULATION_OF_FAT_CELL_DIFFERENTIATION,,121,0.34592584,1.1137432,0.23794712,0.4005471,1.0,4144,"tags=27%, list=15%, signal=32%",
GOBP_REGULATION_OF_POLYSACCHARIDE_BIOSYNTHETIC_PROCESS,GOBP_REGULATION_OF_POLYSACCHARIDE_BIOSYNTHETIC_PROCESS,,31,0.43088132,1.113401,0.30650684,0.401091,1.0,4169,"tags=42%, list=15%, signal=49%",
REACTOME_RECYCLING_OF_BILE_ACIDS_AND_SALTS,REACTOME_RECYCLING_OF_BILE_ACIDS_AND_SALTS,,12,0.5307002,1.1131226,0.3538175,0.40151381,1.0,4664,"tags=42%, list=17%, signal=50%",
GOBP_NUCLEUS_ORGANIZATION,GOBP_NUCLEUS_ORGANIZATION,,146,0.3400504,1.1130258,0.22140762,0.4015757,1.0,4476,"tags=29%, list=16%, signal=34%",
GOBP_NUCLEOSIDE_METABOLIC_PROCESS,GOBP_NUCLEOSIDE_METABOLIC_PROCESS,,43,0.4046605,1.1128732,0.28449744,0.40173122,1.0,3617,"tags=28%, list=13%, signal=32%",
REACTOME_KERATAN_SULFATE_BIOSYNTHESIS,REACTOME_KERATAN_SULFATE_BIOSYNTHESIS,,23,0.46408978,1.1123296,0.3097643,0.4026583,1.0,1572,"tags=22%, list=6%, signal=23%",
GOBP_RESPONSE_TO_CALORIC_RESTRICTION,GOBP_RESPONSE_TO_CALORIC_RESTRICTION,,10,0.5598507,1.1122444,0.330373,0.40270683,1.0,4360,"tags=50%, list=16%, signal=59%",
REACTOME_AEROBIC_RESPIRATION_AND_RESPIRATORY_ELECTRON_TRANSPORT,REACTOME_AEROBIC_RESPIRATION_AND_RESPIRATORY_ELECTRON_TRANSPORT,,253,0.32083002,1.1122297,0.19181946,0.40261564,1.0,7437,"tags=41%, list=27%, signal=56%",
GOBP_T_CELL_LINEAGE_COMMITMENT,GOBP_T_CELL_LINEAGE_COMMITMENT,,38,0.41664258,1.1121538,0.29342327,0.40265653,1.0,3104,"tags=32%, list=11%, signal=36%",
GOBP_NEGATIVE_REGULATION_OF_SMOOTH_MUSCLE_CELL_MIGRATION,GOBP_NEGATIVE_REGULATION_OF_SMOOTH_MUSCLE_CELL_MIGRATION,,20,0.47437227,1.1120464,0.30944055,0.4027507,1.0,4134,"tags=35%, list=15%, signal=41%",
GOBP_ANTIVIRAL_INNATE_IMMUNE_RESPONSE,GOBP_ANTIVIRAL_INNATE_IMMUNE_RESPONSE,,72,0.3746323,1.1116359,0.2584098,0.40343165,1.0,4077,"tags=26%, list=15%, signal=31%",
GOBP_AUDITORY_RECEPTOR_CELL_MORPHOGENESIS,GOBP_AUDITORY_RECEPTOR_CELL_MORPHOGENESIS,,19,0.47499135,1.1115861,0.30858085,0.40340596,1.0,1969,"tags=21%, list=7%, signal=23%",
GOBP_ODONTOGENESIS_OF_DENTIN_CONTAINING_TOOTH,GOBP_ODONTOGENESIS_OF_DENTIN_CONTAINING_TOOTH,,60,0.38394094,1.1115807,0.2778626,0.40329725,1.0,4708,"tags=33%, list=17%, signal=40%",
GOBP_VENTRICULAR_TRABECULA_MYOCARDIUM_MORPHOGENESIS,GOBP_VENTRICULAR_TRABECULA_MYOCARDIUM_MORPHOGENESIS,,13,0.5207673,1.1115245,0.3309859,0.40329292,1.0,6365,"tags=46%, list=23%, signal=60%",
GOBP_FEMALE_GENITALIA_DEVELOPMENT,GOBP_FEMALE_GENITALIA_DEVELOPMENT,,14,0.5157995,1.1115043,0.30943397,0.4032144,1.0,6034,"tags=71%, list=22%, signal=91%",
REACTOME_REGULATION_OF_BACH1_ACTIVITY,REACTOME_REGULATION_OF_BACH1_ACTIVITY,,11,0.53749037,1.111324,0.3496377,0.40343457,1.0,5221,"tags=36%, list=19%, signal=45%",
REACTOME_HEPARAN_SULFATE_HEPARIN_HS_GAG_METABOLISM,REACTOME_HEPARAN_SULFATE_HEPARIN_HS_GAG_METABOLISM,,33,0.4202174,1.1106477,0.26863086,0.40459448,1.0,3540,"tags=27%, list=13%, signal=31%",
GOBP_MICROTUBULE_CYTOSKELETON_ORGANIZATION_INVOLVED_IN_MITOSIS,GOBP_MICROTUBULE_CYTOSKELETON_ORGANIZATION_INVOLVED_IN_MITOSIS,,165,0.33164912,1.110642,0.2167414,0.4044851,1.0,4538,"tags=22%, list=16%, signal=26%",
GOBP_SECRETION_BY_TISSUE,GOBP_SECRETION_BY_TISSUE,,35,0.42640516,1.1104437,0.2764505,0.40473834,1.0,2602,"tags=23%, list=9%, signal=25%",
GOBP_RETINA_DEVELOPMENT_IN_CAMERA_TYPE_EYE,GOBP_RETINA_DEVELOPMENT_IN_CAMERA_TYPE_EYE,,132,0.34212735,1.1103958,0.23572475,0.40470713,1.0,6446,"tags=33%, list=23%, signal=42%",
GOBP_MEMBRANE_DEPOLARIZATION_DURING_ACTION_POTENTIAL,GOBP_MEMBRANE_DEPOLARIZATION_DURING_ACTION_POTENTIAL,,28,0.4415302,1.1103406,0.29195803,0.40469918,1.0,2113,"tags=21%, list=8%, signal=23%",
GOBP_POSITIVE_REGULATION_OF_SMALL_GTPASE_MEDIATED_SIGNAL_TRANSDUCTION,GOBP_POSITIVE_REGULATION_OF_SMALL_GTPASE_MEDIATED_SIGNAL_TRANSDUCTION,,77,0.36268905,1.110088,0.25755167,0.4050531,1.0,4426,"tags=35%, list=16%, signal=42%",
GOBP_PLASMA_MEMBRANE_TUBULATION,GOBP_PLASMA_MEMBRANE_TUBULATION,,19,0.4748513,1.1099406,0.31293705,0.40523744,1.0,3934,"tags=37%, list=14%, signal=43%",
GOBP_CELLULAR_RESPONSE_TO_COCAINE,GOBP_CELLULAR_RESPONSE_TO_COCAINE,,10,0.55657583,1.1097205,0.3457249,0.40553647,1.0,3637,"tags=40%, list=13%, signal=46%",
GOBP_POSITIVE_REGULATION_OF_AMINO_ACID_TRANSPORT,GOBP_POSITIVE_REGULATION_OF_AMINO_ACID_TRANSPORT,,17,0.48576435,1.1096231,0.31871837,0.4055962,1.0,4796,"tags=29%, list=17%, signal=36%",
GOBP_ACTIN_FILAMENT_BUNDLE_ORGANIZATION,GOBP_ACTIN_FILAMENT_BUNDLE_ORGANIZATION,,161,0.33051038,1.1095624,0.22173275,0.40558794,1.0,5421,"tags=37%, list=20%, signal=45%",
GOBP_PROTEIN_LOCALIZATION_TO_CHROMOSOME,GOBP_PROTEIN_LOCALIZATION_TO_CHROMOSOME,,111,0.34766063,1.1095347,0.22874807,0.40551314,1.0,4029,"tags=22%, list=15%, signal=25%",
GOBP_PHOSPHATIDYLINOSITOL_DEPHOSPHORYLATION,GOBP_PHOSPHATIDYLINOSITOL_DEPHOSPHORYLATION,,26,0.43644953,1.1092339,0.3074141,0.40596515,1.0,2996,"tags=31%, list=11%, signal=34%",
GOBP_AMINO_ACID_TRANSPORT,GOBP_AMINO_ACID_TRANSPORT,,130,0.33941677,1.109214,0.2403698,0.4058855,1.0,4931,"tags=28%, list=18%, signal=34%",
GOBP_SKIN_MORPHOGENESIS,GOBP_SKIN_MORPHOGENESIS,,11,0.5374977,1.1086291,0.36891386,0.4068597,1.0,5374,"tags=55%, list=19%, signal=68%",
GOBP_REGULATION_OF_COLLAGEN_METABOLIC_PROCESS,GOBP_REGULATION_OF_COLLAGEN_METABOLIC_PROCESS,,35,0.42037696,1.1084409,0.28947368,0.40711218,1.0,2969,"tags=26%, list=11%, signal=29%",
GOBP_FIBROBLAST_ACTIVATION,GOBP_FIBROBLAST_ACTIVATION,,14,0.51281375,1.1080525,0.3649635,0.40775245,1.0,2670,"tags=43%, list=10%, signal=47%",
GOBP_REGULATION_OF_POLYSACCHARIDE_METABOLIC_PROCESS,GOBP_REGULATION_OF_POLYSACCHARIDE_METABOLIC_PROCESS,,38,0.4102868,1.1079038,0.2801358,0.407937,1.0,4169,"tags=34%, list=15%, signal=40%",
GOBP_EXCRETION,GOBP_EXCRETION,,18,0.48533463,1.1078314,0.32982457,0.40794116,1.0,5422,"tags=39%, list=20%, signal=48%",
GOBP_EPITHELIAL_CELL_DIFFERENTIATION_INVOLVED_IN_KIDNEY_DEVELOPMENT,GOBP_EPITHELIAL_CELL_DIFFERENTIATION_INVOLVED_IN_KIDNEY_DEVELOPMENT,,40,0.41009048,1.107536,0.2871795,0.40839446,1.0,4459,"tags=28%, list=16%, signal=33%",
GOBP_BLASTOCYST_GROWTH,GOBP_BLASTOCYST_GROWTH,,21,0.4576654,1.1075299,0.32597622,0.40828568,1.0,2908,"tags=19%, list=10%, signal=21%",
GOBP_POSITIVE_REGULATION_OF_ALPHA_BETA_T_CELL_PROLIFERATION,GOBP_POSITIVE_REGULATION_OF_ALPHA_BETA_T_CELL_PROLIFERATION,,24,0.45163926,1.1069602,0.31206897,0.40929052,1.0,3421,"tags=42%, list=12%, signal=47%",
GOBP_CARDIAC_VENTRICLE_DEVELOPMENT,GOBP_CARDIAC_VENTRICLE_DEVELOPMENT,,105,0.35136586,1.10694,0.25885978,0.40920666,1.0,4992,"tags=27%, list=18%, signal=32%",
GOBP_HEME_A_BIOSYNTHETIC_PROCESS,GOBP_HEME_A_BIOSYNTHETIC_PROCESS,,10,0.5508123,1.1066633,0.36347517,0.40964076,1.0,4911,"tags=50%, list=18%, signal=61%",
GOBP_CELL_CELL_JUNCTION_ORGANIZATION,GOBP_CELL_CELL_JUNCTION_ORGANIZATION,,179,0.32611385,1.1066273,0.22571002,0.40958706,1.0,4670,"tags=26%, list=17%, signal=31%",
REACTOME_SHC1_EVENTS_IN_ERBB2_SIGNALING,REACTOME_SHC1_EVENTS_IN_ERBB2_SIGNALING,,19,0.46896073,1.106577,0.329806,0.40956244,1.0,2233,"tags=21%, list=8%, signal=23%",
GOBP_POTASSIUM_ION_HOMEOSTASIS,GOBP_POTASSIUM_ION_HOMEOSTASIS,,34,0.42077082,1.1064827,0.30899832,0.4096332,1.0,3038,"tags=26%, list=11%, signal=30%",
GOBP_NEGATIVE_REGULATION_OF_SPROUTING_ANGIOGENESIS,GOBP_NEGATIVE_REGULATION_OF_SPROUTING_ANGIOGENESIS,,13,0.5275577,1.106136,0.3448276,0.41017416,1.0,4850,"tags=62%, list=17%, signal=75%",
GOBP_ECTODERM_DEVELOPMENT,GOBP_ECTODERM_DEVELOPMENT,,18,0.47553715,1.105899,0.33800352,0.41050342,1.0,5577,"tags=39%, list=20%, signal=49%",
GOBP_RISC_COMPLEX_ASSEMBLY,GOBP_RISC_COMPLEX_ASSEMBLY,,10,0.5481532,1.105711,0.36062717,0.41075915,1.0,2571,"tags=30%, list=9%, signal=33%",
REACTOME_DEVELOPMENTAL_LINEAGE_OF_MAMMARY_GLAND_LUMINAL_EPITHELIAL_CELLS,REACTOME_DEVELOPMENTAL_LINEAGE_OF_MAMMARY_GLAND_LUMINAL_EPITHELIAL_CELLS,,21,0.4535596,1.1054403,0.3018868,0.41116753,1.0,3288,"tags=33%, list=12%, signal=38%",
GOBP_VASCULAR_ENDOTHELIAL_GROWTH_FACTOR_SIGNALING_PATHWAY,GOBP_VASCULAR_ENDOTHELIAL_GROWTH_FACTOR_SIGNALING_PATHWAY,,45,0.39977208,1.1051999,0.30322582,0.4115067,1.0,6046,"tags=33%, list=22%, signal=43%",
GOBP_RETINAL_METABOLIC_PROCESS,GOBP_RETINAL_METABOLIC_PROCESS,,16,0.48862877,1.1051533,0.32771537,0.4114749,1.0,6034,"tags=38%, list=22%, signal=48%",
GOBP_CELL_RECOGNITION,GOBP_CELL_RECOGNITION,,126,0.34003982,1.1051453,0.21711569,0.41137,1.0,3404,"tags=21%, list=12%, signal=24%",
GOBP_HORMONE_MEDIATED_SIGNALING_PATHWAY,GOBP_HORMONE_MEDIATED_SIGNALING_PATHWAY,,197,0.32522574,1.1050924,0.22112677,0.41134655,1.0,4875,"tags=27%, list=18%, signal=33%",
GOBP_LYMPHOID_PROGENITOR_CELL_DIFFERENTIATION,GOBP_LYMPHOID_PROGENITOR_CELL_DIFFERENTIATION,,21,0.4663913,1.1050439,0.32161686,0.41131648,1.0,3259,"tags=33%, list=12%, signal=38%",
GOBP_POSITIVE_REGULATION_OF_PEPTIDYL_SERINE_PHOSPHORYLATION,GOBP_POSITIVE_REGULATION_OF_PEPTIDYL_SERINE_PHOSPHORYLATION,,22,0.4548961,1.1048934,0.295972,0.4114819,1.0,5357,"tags=32%, list=19%, signal=39%",
REACTOME_DEFECTIVE_B4GALT7_CAUSES_EDS_PROGEROID_TYPE,REACTOME_DEFECTIVE_B4GALT7_CAUSES_EDS_PROGEROID_TYPE,,17,0.49020925,1.10471,0.346789,0.4117368,1.0,4745,"tags=29%, list=17%, signal=35%",
GOBP_REGULATION_OF_ERAD_PATHWAY,GOBP_REGULATION_OF_ERAD_PATHWAY,,25,0.45018846,1.1046987,0.29692832,0.41163647,1.0,6051,"tags=44%, list=22%, signal=56%",
GOBP_SPHINGOSINE_1_PHOSPHATE_RECEPTOR_SIGNALING_PATHWAY,GOBP_SPHINGOSINE_1_PHOSPHATE_RECEPTOR_SIGNALING_PATHWAY,,15,0.50263,1.1043429,0.3212341,0.4121857,1.0,2862,"tags=47%, list=10%, signal=52%",
REACTOME_PKMTS_METHYLATE_HISTONE_LYSINES,REACTOME_PKMTS_METHYLATE_HISTONE_LYSINES,,64,0.37731257,1.1043338,0.26602563,0.41208252,1.0,4875,"tags=30%, list=18%, signal=36%",
GOBP_POSITIVE_REGULATION_OF_ACTIVATED_T_CELL_PROLIFERATION,GOBP_POSITIVE_REGULATION_OF_ACTIVATED_T_CELL_PROLIFERATION,,23,0.4541868,1.1040525,0.3042017,0.41247386,1.0,2248,"tags=35%, list=8%, signal=38%",
GOBP_DENDRITIC_CELL_CHEMOTAXIS,GOBP_DENDRITIC_CELL_CHEMOTAXIS,,24,0.4488325,1.1037223,0.31161973,0.4130283,1.0,3411,"tags=46%, list=12%, signal=52%",
GOBP_LIPOPROTEIN_BIOSYNTHETIC_PROCESS,GOBP_LIPOPROTEIN_BIOSYNTHETIC_PROCESS,,48,0.3912181,1.1037074,0.2866557,0.4129306,1.0,4400,"tags=33%, list=16%, signal=40%",
REACTOME_BUTYROPHILIN_BTN_FAMILY_INTERACTIONS,REACTOME_BUTYROPHILIN_BTN_FAMILY_INTERACTIONS,,12,0.5274119,1.1034335,0.3610586,0.41335663,1.0,6265,"tags=67%, list=23%, signal=86%",
GOBP_NEGATIVE_REGULATION_OF_CELL_CYCLE_PROCESS,GOBP_NEGATIVE_REGULATION_OF_CELL_CYCLE_PROCESS,,302,0.31342766,1.102756,0.18953323,0.41449413,1.0,4306,"tags=19%, list=16%, signal=22%",
GOBP_AMYLOID_PRECURSOR_PROTEIN_BIOSYNTHETIC_PROCESS,GOBP_AMYLOID_PRECURSOR_PROTEIN_BIOSYNTHETIC_PROCESS,,15,0.50349426,1.1024239,0.3463588,0.4150465,1.0,4273,"tags=47%, list=15%, signal=55%",
GOBP_EPITHELIAL_CELL_CELL_ADHESION,GOBP_EPITHELIAL_CELL_CELL_ADHESION,,17,0.48889306,1.101718,0.33631486,0.4162898,1.0,2511,"tags=29%, list=9%, signal=32%",
REACTOME_TRANSPORT_OF_CONNEXONS_TO_THE_PLASMA_MEMBRANE,REACTOME_TRANSPORT_OF_CONNEXONS_TO_THE_PLASMA_MEMBRANE,,18,0.486928,1.1016679,0.3315412,0.41626158,1.0,6816,"tags=33%, list=25%, signal=44%",
REACTOME_SIGNALING_BY_EGFR,REACTOME_SIGNALING_BY_EGFR,,48,0.3921127,1.1015886,0.29654035,0.41630554,1.0,4451,"tags=38%, list=16%, signal=45%",
GOBP_REGULATION_OF_CHOLESTEROL_METABOLIC_PROCESS,GOBP_REGULATION_OF_CHOLESTEROL_METABOLIC_PROCESS,,41,0.41046312,1.1011907,0.30731708,0.41696244,1.0,4360,"tags=34%, list=16%, signal=40%",
GOBP_POSITIVE_REGULATION_OF_INFLAMMATORY_RESPONSE_TO_ANTIGENIC_STIMULUS,GOBP_POSITIVE_REGULATION_OF_INFLAMMATORY_RESPONSE_TO_ANTIGENIC_STIMULUS,,13,0.50961226,1.1011552,0.33996382,0.41691002,1.0,3614,"tags=46%, list=13%, signal=53%",
GOBP_RIBOSE_PHOSPHATE_BIOSYNTHETIC_PROCESS,GOBP_RIBOSE_PHOSPHATE_BIOSYNTHETIC_PROCESS,,174,0.32836536,1.1011328,0.22205438,0.41683385,1.0,6603,"tags=33%, list=24%, signal=43%",
GOBP_PROTEIN_LOCALIZATION_TO_POSTSYNAPSE,GOBP_PROTEIN_LOCALIZATION_TO_POSTSYNAPSE,,49,0.38553718,1.100842,0.29372936,0.41726464,1.0,5807,"tags=35%, list=21%, signal=44%",
REACTOME_COMPLEX_I_BIOGENESIS,REACTOME_COMPLEX_I_BIOGENESIS,,68,0.3737136,1.1008064,0.2944882,0.41721073,1.0,7818,"tags=37%, list=28%, signal=51%",
GOBP_CELLULAR_RESPONSE_TO_ALKALOID,GOBP_CELLULAR_RESPONSE_TO_ALKALOID,,34,0.42042786,1.1006801,0.3066202,0.41732976,1.0,4574,"tags=32%, list=16%, signal=39%",
GOBP_NEGATIVE_REGULATION_OF_LIPOPOLYSACCHARIDE_MEDIATED_SIGNALING_PATHWAY,GOBP_NEGATIVE_REGULATION_OF_LIPOPOLYSACCHARIDE_MEDIATED_SIGNALING_PATHWAY,,14,0.50962347,1.1006621,0.32330826,0.41723832,1.0,2906,"tags=64%, list=10%, signal=72%",
GOBP_REGULATION_OF_PROTEIN_COMPLEX_STABILITY,GOBP_REGULATION_OF_PROTEIN_COMPLEX_STABILITY,,15,0.5017054,1.100395,0.34819898,0.41764712,1.0,5815,"tags=47%, list=21%, signal=59%",
GOBP_CARDIAC_MUSCLE_CELL_ACTION_POTENTIAL_INVOLVED_IN_CONTRACTION,GOBP_CARDIAC_MUSCLE_CELL_ACTION_POTENTIAL_INVOLVED_IN_CONTRACTION,,44,0.39766148,1.1003344,0.30769232,0.41764688,1.0,2113,"tags=18%, list=8%, signal=20%",
GOBP_INTRACELLULAR_POTASSIUM_ION_HOMEOSTASIS,GOBP_INTRACELLULAR_POTASSIUM_ION_HOMEOSTASIS,,18,0.4739801,1.1003305,0.3321617,0.41753486,1.0,4024,"tags=39%, list=15%, signal=45%",
GOBP_MITOTIC_NUCLEAR_MEMBRANE_ORGANIZATION,GOBP_MITOTIC_NUCLEAR_MEMBRANE_ORGANIZATION,,10,0.5520172,1.0997052,0.34450653,0.4186358,1.0,4315,"tags=40%, list=16%, signal=47%",
GOBP_NUCLEUS_LOCALIZATION,GOBP_NUCLEUS_LOCALIZATION,,32,0.41700456,1.0993739,0.33496732,0.41918054,1.0,4107,"tags=28%, list=15%, signal=33%",
REACTOME_SHC1_EVENTS_IN_ERBB4_SIGNALING,REACTOME_SHC1_EVENTS_IN_ERBB4_SIGNALING,,11,0.5333105,1.099018,0.36445242,0.41975975,1.0,1676,"tags=18%, list=6%, signal=19%",
GOBP_LIPID_DIGESTION,GOBP_LIPID_DIGESTION,,17,0.48642272,1.0989133,0.3291367,0.41983828,1.0,2659,"tags=18%, list=10%, signal=20%",
GOBP_RESPONSE_TO_INTERLEUKIN_17,GOBP_RESPONSE_TO_INTERLEUKIN_17,,19,0.48207104,1.0988398,0.34991118,0.41985208,1.0,4426,"tags=53%, list=16%, signal=63%",
GOBP_ACTIN_MEDIATED_CELL_CONTRACTION,GOBP_ACTIN_MEDIATED_CELL_CONTRACTION,,91,0.35863054,1.0988342,0.26418152,0.41974404,1.0,5381,"tags=32%, list=19%, signal=39%",
GOBP_POSITIVE_REGULATION_OF_AUTOPHAGOSOME_ASSEMBLY,GOBP_POSITIVE_REGULATION_OF_AUTOPHAGOSOME_ASSEMBLY,,21,0.46015403,1.0987906,0.3162544,0.4196967,1.0,5173,"tags=48%, list=19%, signal=58%",
GOBP_RESPONSE_TO_IRON_ION,GOBP_RESPONSE_TO_IRON_ION,,28,0.43329847,1.0986339,0.33278418,0.41988358,1.0,5262,"tags=32%, list=19%, signal=40%",
GOBP_PYRIMIDINE_NUCLEOBASE_METABOLIC_PROCESS,GOBP_PYRIMIDINE_NUCLEOBASE_METABOLIC_PROCESS,,22,0.45587534,1.098528,0.33802816,0.41996738,1.0,2527,"tags=18%, list=9%, signal=20%",
GOBP_RESPONSE_TO_RETINOIC_ACID,GOBP_RESPONSE_TO_RETINOIC_ACID,,82,0.3590871,1.097919,0.28818896,0.42101938,1.0,4276,"tags=28%, list=15%, signal=33%",
GOBP_REPRODUCTIVE_SYSTEM_DEVELOPMENT,GOBP_REPRODUCTIVE_SYSTEM_DEVELOPMENT,,235,0.3192339,1.0972723,0.22554348,0.42214373,1.0,4798,"tags=24%, list=17%, signal=29%",
GOBP_MITOTIC_SPINDLE_ASSEMBLY,GOBP_MITOTIC_SPINDLE_ASSEMBLY,,77,0.36480233,1.0969092,0.29485178,0.42271635,1.0,5645,"tags=27%, list=20%, signal=34%",
GOBP_HEMOGLOBIN_BIOSYNTHETIC_PROCESS,GOBP_HEMOGLOBIN_BIOSYNTHETIC_PROCESS,,13,0.5062379,1.096894,0.3478261,0.42262456,1.0,6892,"tags=62%, list=25%, signal=82%",
GOBP_NEGATIVE_REGULATION_OF_ACTIVIN_RECEPTOR_SIGNALING_PATHWAY,GOBP_NEGATIVE_REGULATION_OF_ACTIVIN_RECEPTOR_SIGNALING_PATHWAY,,14,0.50153613,1.0965916,0.36474696,0.4230868,1.0,7195,"tags=57%, list=26%, signal=77%",
GOBP_REGULATION_OF_SPINDLE_ORGANIZATION,GOBP_REGULATION_OF_SPINDLE_ORGANIZATION,,50,0.3874376,1.0964437,0.28321677,0.42324442,1.0,5791,"tags=40%, list=21%, signal=50%",
GOBP_REGULATION_OF_ATTACHMENT_OF_SPINDLE_MICROTUBULES_TO_KINETOCHORE,GOBP_REGULATION_OF_ATTACHMENT_OF_SPINDLE_MICROTUBULES_TO_KINETOCHORE,,23,0.45390084,1.0963008,0.3402418,0.4234066,1.0,4144,"tags=22%, list=15%, signal=26%",
GOBP_NEGATIVE_REGULATION_OF_INTRINSIC_APOPTOTIC_SIGNALING_PATHWAY_IN_RESPONSE_TO_DNA_DAMAGE,GOBP_NEGATIVE_REGULATION_OF_INTRINSIC_APOPTOTIC_SIGNALING_PATHWAY_IN_RESPONSE_TO_DNA_DAMAGE,,29,0.42764613,1.0962949,0.32197616,0.42329606,1.0,4148,"tags=31%, list=15%, signal=36%",
GOBP_POSITIVE_REGULATION_OF_CELL_CYCLE,GOBP_POSITIVE_REGULATION_OF_CELL_CYCLE,,304,0.3096056,1.0962808,0.2027027,0.4232018,1.0,4512,"tags=20%, list=16%, signal=24%",
GOBP_REGULATION_OF_LYMPHOCYTE_APOPTOTIC_PROCESS,GOBP_REGULATION_OF_LYMPHOCYTE_APOPTOTIC_PROCESS,,53,0.38411662,1.095945,0.2977233,0.42373455,1.0,4364,"tags=42%, list=16%, signal=49%",
GOBP_LOCOMOTORY_EXPLORATION_BEHAVIOR,GOBP_LOCOMOTORY_EXPLORATION_BEHAVIOR,,14,0.4971692,1.0956988,0.34177214,0.4240869,1.0,4360,"tags=36%, list=16%, signal=42%",
GOBP_REGULATION_OF_OSTEOBLAST_PROLIFERATION,GOBP_REGULATION_OF_OSTEOBLAST_PROLIFERATION,,23,0.45025194,1.0955105,0.31941923,0.4243332,1.0,2608,"tags=22%, list=9%, signal=24%",
REACTOME_PEROXISOMAL_LIPID_METABOLISM,REACTOME_PEROXISOMAL_LIPID_METABOLISM,,27,0.44364667,1.0952817,0.34042552,0.42466995,1.0,3826,"tags=30%, list=14%, signal=34%",
GOBP_FILOPODIUM_ASSEMBLY,GOBP_FILOPODIUM_ASSEMBLY,,65,0.37204343,1.0948048,0.2843602,0.425486,1.0,5422,"tags=35%, list=20%, signal=44%",
GOBP_NEGATIVE_REGULATION_OF_CHEMOTAXIS,GOBP_NEGATIVE_REGULATION_OF_CHEMOTAXIS,,38,0.40883,1.0943925,0.31504425,0.42616284,1.0,3828,"tags=34%, list=14%, signal=40%",
GOBP_LIPID_MODIFICATION,GOBP_LIPID_MODIFICATION,,165,0.32985047,1.0943673,0.24005891,0.42609647,1.0,4483,"tags=28%, list=16%, signal=33%",
GOBP_T_CELL_RECEPTOR_SIGNALING_PATHWAY,GOBP_T_CELL_RECEPTOR_SIGNALING_PATHWAY,,158,0.3274017,1.0942025,0.26666668,0.42628816,1.0,3621,"tags=27%, list=13%, signal=31%",
GOBP_PLATELET_DERIVED_GROWTH_FACTOR_RECEPTOR_SIGNALING_PATHWAY,GOBP_PLATELET_DERIVED_GROWTH_FACTOR_RECEPTOR_SIGNALING_PATHWAY,,56,0.38092515,1.0940641,0.2953451,0.42643726,1.0,4811,"tags=38%, list=17%, signal=45%",
GOBP_MESODERMAL_CELL_DIFFERENTIATION,GOBP_MESODERMAL_CELL_DIFFERENTIATION,,23,0.4560742,1.0933918,0.3415929,0.42763036,1.0,3252,"tags=22%, list=12%, signal=25%",
GOBP_POSITIVE_REGULATION_OF_ER_TO_GOLGI_VESICLE_MEDIATED_TRANSPORT,GOBP_POSITIVE_REGULATION_OF_ER_TO_GOLGI_VESICLE_MEDIATED_TRANSPORT,,13,0.51258767,1.0925224,0.36666667,0.42925343,1.0,6182,"tags=46%, list=22%, signal=59%",
GOBP_REGULATION_OF_PROTEIN_BINDING,GOBP_REGULATION_OF_PROTEIN_BINDING,,39,0.4040697,1.0923829,0.31177446,0.4294092,1.0,5487,"tags=36%, list=20%, signal=45%",
GOBP_METAPHASE_CHROMOSOME_ALIGNMENT,GOBP_METAPHASE_CHROMOSOME_ALIGNMENT,,113,0.34219933,1.0923139,0.25382262,0.42941847,1.0,4538,"tags=27%, list=16%, signal=32%",
GOBP_REGULATION_OF_T_CELL_TOLERANCE_INDUCTION,GOBP_REGULATION_OF_T_CELL_TOLERANCE_INDUCTION,,16,0.49148193,1.0923046,0.3533569,0.42931378,1.0,2181,"tags=31%, list=8%, signal=34%",
GOBP_CARDIAC_CHAMBER_MORPHOGENESIS,GOBP_CARDIAC_CHAMBER_MORPHOGENESIS,,103,0.34672529,1.092201,0.27623457,0.42940035,1.0,6156,"tags=36%, list=22%, signal=46%",
GOBP_ESTABLISHMENT_OF_PROTEIN_LOCALIZATION_TO_CHROMOSOME,GOBP_ESTABLISHMENT_OF_PROTEIN_LOCALIZATION_TO_CHROMOSOME,,21,0.462913,1.0920092,0.35314685,0.42966676,1.0,3102,"tags=14%, list=11%, signal=16%",
GOBP_AXONAL_TRANSPORT,GOBP_AXONAL_TRANSPORT,,72,0.3664868,1.0919639,0.28180355,0.42962584,1.0,6293,"tags=36%, list=23%, signal=47%",
GOBP_PROTEIN_POLY_ADP_RIBOSYLATION,GOBP_PROTEIN_POLY_ADP_RIBOSYLATION,,10,0.54782677,1.0915853,0.3651376,0.43025652,1.0,2657,"tags=40%, list=10%, signal=44%",
REACTOME_RAF_INDEPENDENT_MAPK1_3_ACTIVATION,REACTOME_RAF_INDEPENDENT_MAPK1_3_ACTIVATION,,22,0.46073788,1.0914105,0.32649574,0.4304793,1.0,4291,"tags=36%, list=15%, signal=43%",
GOBP_VESICLE_CYTOSKELETAL_TRAFFICKING,GOBP_VESICLE_CYTOSKELETAL_TRAFFICKING,,57,0.37912607,1.0911518,0.30338982,0.43084788,1.0,6903,"tags=44%, list=25%, signal=58%",
GOBP_CELL_CYCLE_CHECKPOINT_SIGNALING,GOBP_CELL_CYCLE_CHECKPOINT_SIGNALING,,202,0.318105,1.0910265,0.24643874,0.43095922,1.0,3004,"tags=14%, list=11%, signal=15%",
GOBP_BICARBONATE_TRANSPORT,GOBP_BICARBONATE_TRANSPORT,,31,0.42221907,1.0906725,0.32542372,0.43150696,1.0,2060,"tags=16%, list=7%, signal=17%",
GOBP_POSITIVE_REGULATION_OF_OLIGODENDROCYTE_DIFFERENTIATION,GOBP_POSITIVE_REGULATION_OF_OLIGODENDROCYTE_DIFFERENTIATION,,17,0.47928655,1.0893142,0.33096084,0.4340249,1.0,5363,"tags=35%, list=19%, signal=44%",
GOBP_REGULATION_OF_PROTEIN_FOLDING,GOBP_REGULATION_OF_PROTEIN_FOLDING,,12,0.5171416,1.0891312,0.34879726,0.43426785,1.0,647,"tags=17%, list=2%, signal=17%",
GOBP_REGULATION_OF_CELL_CYCLE_G1_S_PHASE_TRANSITION,GOBP_REGULATION_OF_CELL_CYCLE_G1_S_PHASE_TRANSITION,,180,0.32420382,1.0890104,0.27101448,0.43438417,1.0,4396,"tags=24%, list=16%, signal=29%",
GOBP_NEUROBLAST_DIVISION,GOBP_NEUROBLAST_DIVISION,,14,0.5072039,1.0888121,0.3617021,0.43466976,1.0,3225,"tags=29%, list=12%, signal=32%",
GOBP_CARDIAC_CHAMBER_DEVELOPMENT,GOBP_CARDIAC_CHAMBER_DEVELOPMENT,,138,0.3325002,1.0883188,0.26833072,0.4355068,1.0,6241,"tags=34%, list=22%, signal=44%",
GOBP_REGULATION_OF_DEVELOPMENTAL_GROWTH,GOBP_REGULATION_OF_DEVELOPMENTAL_GROWTH,,256,0.31359652,1.0882586,0.22521247,0.43549526,1.0,5381,"tags=31%, list=19%, signal=38%",
REACTOME_SIGNALING_BY_HIPPO,REACTOME_SIGNALING_BY_HIPPO,,18,0.46783867,1.0880392,0.32928944,0.4358185,1.0,3053,"tags=28%, list=11%, signal=31%",
REACTOME_ECM_PROTEOGLYCANS,REACTOME_ECM_PROTEOGLYCANS,,60,0.37046978,1.0879574,0.28429753,0.43586266,1.0,5757,"tags=37%, list=21%, signal=46%",
GOBP_POSITIVE_REGULATION_OF_LYMPHOCYTE_APOPTOTIC_PROCESS,GOBP_POSITIVE_REGULATION_OF_LYMPHOCYTE_APOPTOTIC_PROCESS,,16,0.4840371,1.0879153,0.3548387,0.4358214,1.0,4796,"tags=56%, list=17%, signal=68%",
REACTOME_DENGUE_VIRUS_MODULATES_APOPTOSIS,REACTOME_DENGUE_VIRUS_MODULATES_APOPTOSIS,,16,0.4752866,1.0878967,0.34094903,0.43573397,1.0,4277,"tags=38%, list=15%, signal=44%",
GOBP_RESPONSE_TO_INTERLEUKIN_4,GOBP_RESPONSE_TO_INTERLEUKIN_4,,40,0.40503693,1.0874264,0.3243243,0.43652424,1.0,3144,"tags=38%, list=11%, signal=42%",
GOBP_SMOOTH_MUSCLE_CELL_DIFFERENTIATION,GOBP_SMOOTH_MUSCLE_CELL_DIFFERENTIATION,,54,0.37975055,1.0873032,0.30679932,0.43662748,1.0,1935,"tags=13%, list=7%, signal=14%",
GOBP_REGULATION_OF_MEMBRANE_DEPOLARIZATION,GOBP_REGULATION_OF_MEMBRANE_DEPOLARIZATION,,41,0.40056452,1.0871215,0.32235703,0.43687096,1.0,4796,"tags=29%, list=17%, signal=35%",
GOBP_EOSINOPHIL_CHEMOTAXIS,GOBP_EOSINOPHIL_CHEMOTAXIS,,15,0.4821508,1.0870429,0.37360594,0.4369,1.0,998,"tags=7%, list=4%, signal=7%",
GOBP_NEGATIVE_REGULATION_OF_BEHAVIOR,GOBP_NEGATIVE_REGULATION_OF_BEHAVIOR,,10,0.5275908,1.0868324,0.37432188,0.43720782,1.0,1266,"tags=20%, list=5%, signal=21%",
GOBP_CEREBRAL_CORTEX_NEURON_DIFFERENTIATION,GOBP_CEREBRAL_CORTEX_NEURON_DIFFERENTIATION,,16,0.47737852,1.0865386,0.34729493,0.4376654,1.0,3881,"tags=25%, list=14%, signal=29%",
GOBP_HEART_DEVELOPMENT,GOBP_HEART_DEVELOPMENT,,496,0.29758498,1.086409,0.20126583,0.4377877,1.0,5101,"tags=26%, list=18%, signal=32%",
GOBP_CELLULAR_RESPONSE_TO_DSRNA,GOBP_CELLULAR_RESPONSE_TO_DSRNA,,20,0.4684791,1.0863279,0.3393502,0.4378152,1.0,5655,"tags=45%, list=20%, signal=56%",
GOBP_SULFUR_AMINO_ACID_METABOLIC_PROCESS,GOBP_SULFUR_AMINO_ACID_METABOLIC_PROCESS,,31,0.4253454,1.0863268,0.33570158,0.43769196,1.0,4652,"tags=35%, list=17%, signal=43%",
REACTOME_RHO_GTPASES_ACTIVATE_KTN1,REACTOME_RHO_GTPASES_ACTIVATE_KTN1,,11,0.5300292,1.086315,0.3841912,0.43759826,1.0,1919,"tags=36%, list=7%, signal=39%",
REACTOME_PKA_MEDIATED_PHOSPHORYLATION_OF_CREB,REACTOME_PKA_MEDIATED_PHOSPHORYLATION_OF_CREB,,17,0.47288173,1.0853465,0.3602941,0.43945748,1.0,4519,"tags=29%, list=16%, signal=35%",
GOBP_POSITIVE_REGULATION_OF_REPRODUCTIVE_PROCESS,GOBP_POSITIVE_REGULATION_OF_REPRODUCTIVE_PROCESS,,61,0.37109393,1.0851029,0.294686,0.43981126,1.0,4900,"tags=26%, list=18%, signal=32%",
GOBP_PROTEIN_STABILIZATION,GOBP_PROTEIN_STABILIZATION,,233,0.31327507,1.084456,0.24225353,0.44097725,1.0,5436,"tags=29%, list=20%, signal=35%",
REACTOME_SLC_MEDIATED_TRANSMEMBRANE_TRANSPORT,REACTOME_SLC_MEDIATED_TRANSMEMBRANE_TRANSPORT,,198,0.32019427,1.0839092,0.25523013,0.44196424,1.0,4788,"tags=25%, list=17%, signal=30%",
GOBP_NEGATIVE_REGULATION_OF_B_CELL_MEDIATED_IMMUNITY,GOBP_NEGATIVE_REGULATION_OF_B_CELL_MEDIATED_IMMUNITY,,14,0.4979193,1.083582,0.3614679,0.44248033,1.0,2293,"tags=36%, list=8%, signal=39%",
GOBP_AROMATIC_AMINO_ACID_TRANSPORT,GOBP_AROMATIC_AMINO_ACID_TRANSPORT,,11,0.5191244,1.0835389,0.35992578,0.4424482,1.0,4406,"tags=55%, list=16%, signal=65%",
GOBP_POSITIVE_REGULATION_OF_PROTEIN_LOCALIZATION_TO_CELL_SURFACE,GOBP_POSITIVE_REGULATION_OF_PROTEIN_LOCALIZATION_TO_CELL_SURFACE,,19,0.47198242,1.0834945,0.34501845,0.44241536,1.0,4103,"tags=47%, list=15%, signal=56%",
GOBP_REGULATION_OF_MITOCHONDRIAL_OUTER_MEMBRANE_PERMEABILIZATION_INVOLVED_IN_APOPTOTIC_SIGNALING_PATHWAY,GOBP_REGULATION_OF_MITOCHONDRIAL_OUTER_MEMBRANE_PERMEABILIZATION_INVOLVED_IN_APOPTOTIC_SIGNALING_PATHWAY,,22,0.44305566,1.0834689,0.33962265,0.44234273,1.0,2256,"tags=32%, list=8%, signal=35%",
REACTOME_REGULATION_OF_NF_KAPPA_B_SIGNALING,REACTOME_REGULATION_OF_NF_KAPPA_B_SIGNALING,,18,0.47643694,1.0834101,0.34402853,0.44233322,1.0,5221,"tags=61%, list=19%, signal=75%",
GOBP_SHORT_CHAIN_FATTY_ACID_METABOLIC_PROCESS,GOBP_SHORT_CHAIN_FATTY_ACID_METABOLIC_PROCESS,,14,0.50075585,1.0828862,0.3685092,0.44327214,1.0,4002,"tags=29%, list=14%, signal=33%",
GOBP_PEROXISOME_PROLIFERATOR_ACTIVATED_RECEPTOR_SIGNALING_PATHWAY,GOBP_PEROXISOME_PROLIFERATOR_ACTIVATED_RECEPTOR_SIGNALING_PATHWAY,,27,0.4285415,1.082883,0.3283582,0.44315153,1.0,5935,"tags=30%, list=21%, signal=38%",
GOBP_RESPONSE_TO_ORGANOPHOSPHORUS,GOBP_RESPONSE_TO_ORGANOPHOSPHORUS,,111,0.34171703,1.0827837,0.29166666,0.44323027,1.0,4949,"tags=31%, list=18%, signal=37%",
GOBP_SYNAPSE_ORGANIZATION,GOBP_SYNAPSE_ORGANIZATION,,484,0.29731363,1.082543,0.21072797,0.443572,1.0,5129,"tags=26%, list=18%, signal=32%",
GOBP_REGULATION_OF_GOLGI_TO_PLASMA_MEMBRANE_PROTEIN_TRANSPORT,GOBP_REGULATION_OF_GOLGI_TO_PLASMA_MEMBRANE_PROTEIN_TRANSPORT,,11,0.518571,1.0825057,0.3833922,0.44351655,1.0,5422,"tags=36%, list=20%, signal=45%",
GOBP_DEFENSE_RESPONSE_TO_TUMOR_CELL,GOBP_DEFENSE_RESPONSE_TO_TUMOR_CELL,,12,0.51685876,1.0824021,0.35672516,0.44360426,1.0,1464,"tags=17%, list=5%, signal=18%",
GOBP_AXON_DEVELOPMENT,GOBP_AXON_DEVELOPMENT,,439,0.2994315,1.0820849,0.20618556,0.44412443,1.0,4733,"tags=24%, list=17%, signal=29%",
GOBP_REGULATION_OF_CELL_CYCLE_CHECKPOINT,GOBP_REGULATION_OF_CELL_CYCLE_CHECKPOINT,,59,0.3768441,1.0819865,0.30582523,0.44419992,1.0,4029,"tags=20%, list=15%, signal=24%",
REACTOME_TRANSCRIPTIONAL_REGULATION_BY_NPAS4,REACTOME_TRANSCRIPTIONAL_REGULATION_BY_NPAS4,,31,0.41919056,1.0818442,0.31674957,0.44437042,1.0,7709,"tags=52%, list=28%, signal=71%",
GOBP_RESPONSE_TO_MUSCLE_ACTIVITY,GOBP_RESPONSE_TO_MUSCLE_ACTIVITY,,24,0.43872032,1.0813618,0.35431653,0.4452398,1.0,6514,"tags=50%, list=23%, signal=65%",
GOBP_GLYCOSPHINGOLIPID_BIOSYNTHETIC_PROCESS,GOBP_GLYCOSPHINGOLIPID_BIOSYNTHETIC_PROCESS,,40,0.40183917,1.081255,0.33392227,0.4453278,1.0,4062,"tags=35%, list=15%, signal=41%",
GOBP_REGULATION_OF_URINE_VOLUME,GOBP_REGULATION_OF_URINE_VOLUME,,18,0.47059622,1.0810918,0.3221239,0.44551978,1.0,4052,"tags=39%, list=15%, signal=46%",
REACTOME_SIGNALING_BY_ROBO_RECEPTORS,REACTOME_SIGNALING_BY_ROBO_RECEPTORS,,192,0.32095963,1.081033,0.2876902,0.44552675,1.0,5323,"tags=26%, list=19%, signal=31%",
GOBP_MITOCHONDRIAL_CALCIUM_ION_TRANSMEMBRANE_TRANSPORT,GOBP_MITOCHONDRIAL_CALCIUM_ION_TRANSMEMBRANE_TRANSPORT,,24,0.44799608,1.0809104,0.370826,0.4456415,1.0,752,"tags=13%, list=3%, signal=13%",
GOBP_ORGANELLE_FISSION,GOBP_ORGANELLE_FISSION,,482,0.2975076,1.0807177,0.21446384,0.44592476,1.0,4379,"tags=21%, list=16%, signal=24%",
GOBP_TRABECULA_FORMATION,GOBP_TRABECULA_FORMATION,,21,0.45264825,1.080457,0.34948096,0.44628152,1.0,5374,"tags=43%, list=19%, signal=53%",
GOBP_RENAL_WATER_HOMEOSTASIS,GOBP_RENAL_WATER_HOMEOSTASIS,,27,0.43170986,1.0803056,0.35958904,0.44646898,1.0,2996,"tags=30%, list=11%, signal=33%",
GOBP_MULTICELLULAR_ORGANISMAL_MOVEMENT,GOBP_MULTICELLULAR_ORGANISMAL_MOVEMENT,,58,0.3687282,1.0802613,0.32676518,0.44642785,1.0,4129,"tags=21%, list=15%, signal=24%",
GOBP_IN_UTERO_EMBRYONIC_DEVELOPMENT,GOBP_IN_UTERO_EMBRYONIC_DEVELOPMENT,,382,0.3032992,1.0801985,0.2353706,0.44642493,1.0,5724,"tags=31%, list=21%, signal=38%",
GOBP_REGULATION_OF_CELLULAR_RESPONSE_TO_TRANSFORMING_GROWTH_FACTOR_BETA_STIMULUS,GOBP_REGULATION_OF_CELLULAR_RESPONSE_TO_TRANSFORMING_GROWTH_FACTOR_BETA_STIMULUS,,138,0.32843632,1.0797974,0.27477476,0.447103,1.0,5719,"tags=33%, list=21%, signal=41%",
GOBP_REGULATION_OF_HEMATOPOIETIC_PROGENITOR_CELL_DIFFERENTIATION,GOBP_REGULATION_OF_HEMATOPOIETIC_PROGENITOR_CELL_DIFFERENTIATION,,35,0.41101122,1.0795239,0.35334477,0.44753608,1.0,5951,"tags=40%, list=21%, signal=51%",
GOBP_CELLULAR_PROCESS_INVOLVED_IN_REPRODUCTION_IN_MULTICELLULAR_ORGANISM,GOBP_CELLULAR_PROCESS_INVOLVED_IN_REPRODUCTION_IN_MULTICELLULAR_ORGANISM,,336,0.3052259,1.0794734,0.24027778,0.44752046,1.0,4900,"tags=23%, list=18%, signal=27%",
GOBP_POSITIVE_REGULATION_OF_AXONOGENESIS,GOBP_POSITIVE_REGULATION_OF_AXONOGENESIS,,68,0.36528882,1.0794681,0.32352942,0.44740376,1.0,5410,"tags=37%, list=20%, signal=46%",
GOBP_MEMBRANE_RAFT_ORGANIZATION,GOBP_MEMBRANE_RAFT_ORGANIZATION,,27,0.43212482,1.0793303,0.32903227,0.44754347,1.0,3583,"tags=44%, list=13%, signal=51%",
GOBP_COTRANSLATIONAL_PROTEIN_TARGETING_TO_MEMBRANE,GOBP_COTRANSLATIONAL_PROTEIN_TARGETING_TO_MEMBRANE,,26,0.43629363,1.0792705,0.35836178,0.44753963,1.0,6805,"tags=42%, list=25%, signal=56%",
GOBP_STRESS_FIBER_ASSEMBLY,GOBP_STRESS_FIBER_ASSEMBLY,,103,0.34555474,1.0792412,0.29780564,0.447471,1.0,4430,"tags=32%, list=16%, signal=38%",
GOBP_CELLULAR_RESPONSE_TO_ALDEHYDE,GOBP_CELLULAR_RESPONSE_TO_ALDEHYDE,,21,0.44498116,1.0792375,0.34057972,0.44735187,1.0,4812,"tags=43%, list=17%, signal=52%",
REACTOME_TP53_REGULATES_TRANSCRIPTION_OF_GENES_INVOLVED_IN_G1_CELL_CYCLE_ARREST,REACTOME_TP53_REGULATES_TRANSCRIPTION_OF_GENES_INVOLVED_IN_G1_CELL_CYCLE_ARREST,,14,0.49027842,1.079034,0.34414414,0.44765872,1.0,2292,"tags=29%, list=8%, signal=31%",
GOBP_CELLULAR_RESPONSE_TO_CHOLESTEROL,GOBP_CELLULAR_RESPONSE_TO_CHOLESTEROL,,16,0.48125532,1.078991,0.3697632,0.4476152,1.0,4028,"tags=44%, list=15%, signal=51%",
REACTOME_UNFOLDED_PROTEIN_RESPONSE_UPR,REACTOME_UNFOLDED_PROTEIN_RESPONSE_UPR,,92,0.34973094,1.0787456,0.3046252,0.4479568,1.0,4981,"tags=33%, list=18%, signal=40%",
GOBP_PYRIMIDINE_NUCLEOTIDE_CATABOLIC_PROCESS,GOBP_PYRIMIDINE_NUCLEOTIDE_CATABOLIC_PROCESS,,22,0.44544756,1.0787045,0.3514431,0.44791624,1.0,2361,"tags=27%, list=9%, signal=30%",
REACTOME_CELLULAR_RESPONSE_TO_STARVATION,REACTOME_CELLULAR_RESPONSE_TO_STARVATION,,153,0.32849443,1.0784036,0.2760181,0.44841018,1.0,3396,"tags=18%, list=12%, signal=20%",
GOBP_XENOBIOTIC_EXPORT_FROM_CELL,GOBP_XENOBIOTIC_EXPORT_FROM_CELL,,17,0.4733806,1.0783206,0.36013985,0.44843492,1.0,3422,"tags=24%, list=12%, signal=27%",
GOBP_NK_T_CELL_PROLIFERATION,GOBP_NK_T_CELL_PROLIFERATION,,12,0.501801,1.0779783,0.35902256,0.4489865,1.0,2116,"tags=42%, list=8%, signal=45%",
REACTOME_SYNTHESIS_SECRETION_AND_DEACYLATION_OF_GHRELIN,REACTOME_SYNTHESIS_SECRETION_AND_DEACYLATION_OF_GHRELIN,,16,0.48582962,1.0779248,0.3704348,0.44897223,1.0,4680,"tags=19%, list=17%, signal=23%",
GOBP_FRUCTOSE_6_PHOSPHATE_METABOLIC_PROCESS,GOBP_FRUCTOSE_6_PHOSPHATE_METABOLIC_PROCESS,,13,0.49720925,1.0766816,0.3734062,0.45136294,1.0,3140,"tags=31%, list=11%, signal=35%",
REACTOME_SULFUR_AMINO_ACID_METABOLISM,REACTOME_SULFUR_AMINO_ACID_METABOLISM,,24,0.43558103,1.0765566,0.3277027,0.45148426,1.0,4629,"tags=38%, list=17%, signal=45%",
REACTOME_DEVELOPMENTAL_CELL_LINEAGES_OF_THE_INTEGUMENTARY_SYSTEM,REACTOME_DEVELOPMENTAL_CELL_LINEAGES_OF_THE_INTEGUMENTARY_SYSTEM,,50,0.38050213,1.0765252,0.32807016,0.45141995,1.0,3288,"tags=28%, list=12%, signal=32%",
REACTOME_VASOPRESSIN_REGULATES_RENAL_WATER_HOMEOSTASIS_VIA_AQUAPORINS,REACTOME_VASOPRESSIN_REGULATES_RENAL_WATER_HOMEOSTASIS_VIA_AQUAPORINS,,35,0.40568456,1.076185,0.33558178,0.45198208,1.0,3384,"tags=34%, list=12%, signal=39%",
GOBP_REGULATION_OF_MITOCHONDRIAL_MEMBRANE_PERMEABILITY_INVOLVED_IN_APOPTOTIC_PROCESS,GOBP_REGULATION_OF_MITOCHONDRIAL_MEMBRANE_PERMEABILITY_INVOLVED_IN_APOPTOTIC_PROCESS,,40,0.39376608,1.0754669,0.33673468,0.45330328,1.0,5036,"tags=48%, list=18%, signal=58%",
GOBP_SCHWANN_CELL_DIFFERENTIATION,GOBP_SCHWANN_CELL_DIFFERENTIATION,,45,0.39056894,1.0748929,0.35185185,0.4543345,1.0,4144,"tags=27%, list=15%, signal=31%",
GOBP_BIOMINERAL_TISSUE_DEVELOPMENT,GOBP_BIOMINERAL_TISSUE_DEVELOPMENT,,141,0.32768488,1.0747416,0.30214724,0.4544972,1.0,5270,"tags=30%, list=19%, signal=37%",
GOBP_LEARNING,GOBP_LEARNING,,133,0.33030558,1.0745283,0.2887538,0.45482004,1.0,5747,"tags=31%, list=21%, signal=39%",
REACTOME_PHASE_4_RESTING_MEMBRANE_POTENTIAL,REACTOME_PHASE_4_RESTING_MEMBRANE_POTENTIAL,,12,0.5054763,1.0744648,0.37247705,0.45480913,1.0,4631,"tags=42%, list=17%, signal=50%",
GOBP_FLUID_TRANSPORT,GOBP_FLUID_TRANSPORT,,27,0.43046188,1.0744114,0.35489833,0.4547944,1.0,3940,"tags=33%, list=14%, signal=39%",
GOBP_NEGATIVE_REGULATION_OF_CALCIUM_MEDIATED_SIGNALING,GOBP_NEGATIVE_REGULATION_OF_CALCIUM_MEDIATED_SIGNALING,,20,0.4628854,1.0743508,0.3714789,0.45479104,1.0,4122,"tags=35%, list=15%, signal=41%",
GOBP_CELL_JUNCTION_MAINTENANCE,GOBP_CELL_JUNCTION_MAINTENANCE,,44,0.3836692,1.0743058,0.3529412,0.45474678,1.0,2199,"tags=16%, list=8%, signal=17%",
GOBP_DEVELOPMENTAL_CELL_GROWTH,GOBP_DEVELOPMENTAL_CELL_GROWTH,,191,0.32006273,1.0740699,0.2932761,0.45512465,1.0,5381,"tags=33%, list=19%, signal=41%",
GOBP_CELL_CYCLE_G2_M_PHASE_TRANSITION,GOBP_CELL_CYCLE_G2_M_PHASE_TRANSITION,,153,0.3285413,1.0738344,0.27833572,0.45547396,1.0,4476,"tags=20%, list=16%, signal=24%",
GOBP_SKELETAL_MUSCLE_CONTRACTION,GOBP_SKELETAL_MUSCLE_CONTRACTION,,47,0.38484696,1.0737197,0.3338898,0.45557928,1.0,4129,"tags=21%, list=15%, signal=25%",
GOBP_POSITIVE_REGULATION_OF_CARBOHYDRATE_METABOLIC_PROCESS,GOBP_POSITIVE_REGULATION_OF_CARBOHYDRATE_METABOLIC_PROCESS,,72,0.35951963,1.0733105,0.32659933,0.45629716,1.0,5192,"tags=29%, list=19%, signal=36%",
GOBP_REGULATION_OF_LAMELLIPODIUM_MORPHOGENESIS,GOBP_REGULATION_OF_LAMELLIPODIUM_MORPHOGENESIS,,10,0.53504264,1.0732716,0.40515652,0.45624757,1.0,5353,"tags=50%, list=19%, signal=62%",
REACTOME_ADP_SIGNALLING_THROUGH_P2Y_PURINOCEPTOR_1,REACTOME_ADP_SIGNALLING_THROUGH_P2Y_PURINOCEPTOR_1,,22,0.44727,1.0732617,0.3762712,0.4561408,1.0,3384,"tags=36%, list=12%, signal=41%",
REACTOME_SIGNALING_BY_CTNNB1_PHOSPHO_SITE_MUTANTS,REACTOME_SIGNALING_BY_CTNNB1_PHOSPHO_SITE_MUTANTS,,15,0.48818907,1.072747,0.35948905,0.4570287,1.0,6443,"tags=53%, list=23%, signal=69%",
GOBP_MUSCLE_TISSUE_DEVELOPMENT,GOBP_MUSCLE_TISSUE_DEVELOPMENT,,336,0.30293754,1.0724622,0.2563081,0.45748127,1.0,6102,"tags=33%, list=22%, signal=41%",
REACTOME_CHROMATIN_ORGANIZATION,REACTOME_CHROMATIN_ORGANIZATION,,265,0.30821812,1.0718503,0.28864568,0.4585653,1.0,4798,"tags=25%, list=17%, signal=30%",
GOBP_ARACHIDONATE_SECRETION,GOBP_ARACHIDONATE_SECRETION,,15,0.48227608,1.0717006,0.37433156,0.4587593,1.0,3854,"tags=33%, list=14%, signal=39%",
GOBP_SINGLE_FERTILIZATION,GOBP_SINGLE_FERTILIZATION,,132,0.32864472,1.0715346,0.30476192,0.4589618,1.0,5116,"tags=26%, list=18%, signal=31%",
REACTOME_RORA_B_C_AND_NR1D1_REV_ERBA_REGULATE_GENE_EXPRESSION,REACTOME_RORA_B_C_AND_NR1D1_REV_ERBA_REGULATE_GENE_EXPRESSION,,25,0.43698782,1.0715138,0.34248787,0.45887518,1.0,4664,"tags=28%, list=17%, signal=34%",
REACTOME_ESTROGEN_DEPENDENT_NUCLEAR_EVENTS_DOWNSTREAM_OF_ESR_MEMBRANE_SIGNALING,REACTOME_ESTROGEN_DEPENDENT_NUCLEAR_EVENTS_DOWNSTREAM_OF_ESR_MEMBRANE_SIGNALING,,22,0.4544535,1.0714953,0.36708862,0.45878318,1.0,3563,"tags=23%, list=13%, signal=26%",
GOBP_NEURON_CELL_CELL_ADHESION,GOBP_NEURON_CELL_CELL_ADHESION,,15,0.487435,1.0714557,0.38035715,0.4587346,1.0,3490,"tags=27%, list=13%, signal=30%",
GOBP_REGULATION_OF_ACTIVIN_RECEPTOR_SIGNALING_PATHWAY,GOBP_REGULATION_OF_ACTIVIN_RECEPTOR_SIGNALING_PATHWAY,,21,0.45367953,1.0708566,0.37804878,0.4598195,1.0,4163,"tags=29%, list=15%, signal=34%",
GOBP_POSITIVE_REGULATION_OF_MYOTUBE_DIFFERENTIATION,GOBP_POSITIVE_REGULATION_OF_MYOTUBE_DIFFERENTIATION,,10,0.5367211,1.07079,0.3846154,0.45982847,1.0,1842,"tags=30%, list=7%, signal=32%",
REACTOME_IRS_MEDIATED_SIGNALLING,REACTOME_IRS_MEDIATED_SIGNALLING,,38,0.39477924,1.0705938,0.34310344,0.46012104,1.0,2121,"tags=16%, list=8%, signal=17%",
REACTOME_NUCLEAR_ENVELOPE_NE_REASSEMBLY,REACTOME_NUCLEAR_ENVELOPE_NE_REASSEMBLY,,75,0.3554347,1.0705358,0.30858085,0.46010953,1.0,5229,"tags=32%, list=19%, signal=39%",
GOBP_POSITIVE_REGULATION_OF_RIG_I_SIGNALING_PATHWAY,GOBP_POSITIVE_REGULATION_OF_RIG_I_SIGNALING_PATHWAY,,10,0.5256944,1.0701191,0.38348624,0.4608259,1.0,5266,"tags=40%, list=19%, signal=49%",
GOBP_FATTY_ACID_BETA_OXIDATION,GOBP_FATTY_ACID_BETA_OXIDATION,,69,0.3604596,1.0701119,0.3233831,0.4607141,1.0,4244,"tags=28%, list=15%, signal=32%",
REACTOME_FIBRONECTIN_MATRIX_FORMATION,REACTOME_FIBRONECTIN_MATRIX_FORMATION,,19,0.45841375,1.070001,0.35626101,0.46080828,1.0,5724,"tags=58%, list=21%, signal=73%",
GOBP_RNA_DECAPPING,GOBP_RNA_DECAPPING,,29,0.4294703,1.0699948,0.36026937,0.460693,1.0,3970,"tags=21%, list=14%, signal=24%",
GOBP_L_AMINO_ACID_TRANSPORT,GOBP_L_AMINO_ACID_TRANSPORT,,77,0.35623497,1.0699468,0.3203252,0.46066618,1.0,4931,"tags=27%, list=18%, signal=33%",
GOBP_PROTEIN_O_LINKED_GLYCOSYLATION_VIA_XYLOSE,GOBP_PROTEIN_O_LINKED_GLYCOSYLATION_VIA_XYLOSE,,51,0.38188365,1.0698074,0.3473344,0.4608238,1.0,3704,"tags=24%, list=13%, signal=27%",
REACTOME_RHOV_GTPASE_CYCLE,REACTOME_RHOV_GTPASE_CYCLE,,37,0.39671338,1.0697654,0.3505843,0.460779,1.0,3251,"tags=24%, list=12%, signal=28%",
GOBP_PURINE_DEOXYRIBONUCLEOTIDE_METABOLIC_PROCESS,GOBP_PURINE_DEOXYRIBONUCLEOTIDE_METABOLIC_PROCESS,,17,0.4756516,1.0695055,0.39497307,0.46118698,1.0,3431,"tags=35%, list=12%, signal=40%",
GOBP_L_AMINO_ACID_METABOLIC_PROCESS,GOBP_L_AMINO_ACID_METABOLIC_PROCESS,,149,0.32654876,1.0693321,0.3037594,0.4614269,1.0,5480,"tags=30%, list=20%, signal=37%",
GOBP_CRISTAE_FORMATION,GOBP_CRISTAE_FORMATION,,19,0.45833606,1.0690005,0.38344595,0.46197158,1.0,376,"tags=11%, list=1%, signal=11%",
GOBP_REGULATION_OF_DNA_BINDING,GOBP_REGULATION_OF_DNA_BINDING,,39,0.39421955,1.0688274,0.35966387,0.46221095,1.0,2757,"tags=23%, list=10%, signal=26%",
REACTOME_POTASSIUM_CHANNELS,REACTOME_POTASSIUM_CHANNELS,,69,0.35866562,1.0671221,0.3426791,0.4654895,1.0,3385,"tags=25%, list=12%, signal=28%",
GOBP_ORGANOPHOSPHATE_ESTER_TRANSPORT,GOBP_ORGANOPHOSPHATE_ESTER_TRANSPORT,,167,0.3236832,1.0668919,0.29575402,0.465842,1.0,4844,"tags=32%, list=17%, signal=38%",
GOBP_NEGATIVE_REGULATION_OF_SUPRAMOLECULAR_FIBER_ORGANIZATION,GOBP_NEGATIVE_REGULATION_OF_SUPRAMOLECULAR_FIBER_ORGANIZATION,,149,0.32346046,1.0668422,0.29056048,0.46580654,1.0,5006,"tags=34%, list=18%, signal=41%",
GOBP_REGULATION_OF_NEURON_PROJECTION_REGENERATION,GOBP_REGULATION_OF_NEURON_PROJECTION_REGENERATION,,26,0.4316777,1.0667837,0.3633218,0.46581185,1.0,4849,"tags=38%, list=17%, signal=47%",
REACTOME_IRE1ALPHA_ACTIVATES_CHAPERONES,REACTOME_IRE1ALPHA_ACTIVATES_CHAPERONES,,50,0.37838084,1.0663649,0.34271523,0.46652558,1.0,4321,"tags=32%, list=16%, signal=38%",
REACTOME_EPHA_MEDIATED_GROWTH_CONE_COLLAPSE,REACTOME_EPHA_MEDIATED_GROWTH_CONE_COLLAPSE,,22,0.4458196,1.066177,0.33451328,0.46681076,1.0,6727,"tags=50%, list=24%, signal=66%",
GOBP_FACULTATIVE_HETEROCHROMATIN_FORMATION,GOBP_FACULTATIVE_HETEROCHROMATIN_FORMATION,,17,0.4725192,1.0660374,0.36614853,0.46696353,1.0,4144,"tags=24%, list=15%, signal=28%",
GOBP_REGULATION_OF_NERVOUS_SYSTEM_PROCESS,GOBP_REGULATION_OF_NERVOUS_SYSTEM_PROCESS,,102,0.339465,1.0659884,0.3446677,0.46693563,1.0,4286,"tags=22%, list=15%, signal=25%",
GOBP_TROPHOBLAST_CELL_MIGRATION,GOBP_TROPHOBLAST_CELL_MIGRATION,,19,0.4637479,1.0659096,0.38490567,0.46696958,1.0,4958,"tags=42%, list=18%, signal=51%",
REACTOME_THROMBIN_SIGNALLING_THROUGH_PROTEINASE_ACTIVATED_RECEPTORS_PARS,REACTOME_THROMBIN_SIGNALLING_THROUGH_PROTEINASE_ACTIVATED_RECEPTORS_PARS,,29,0.4141849,1.0656691,0.36879432,0.4673216,1.0,4736,"tags=38%, list=17%, signal=46%",
GOBP_STEM_CELL_DEVELOPMENT,GOBP_STEM_CELL_DEVELOPMENT,,67,0.35768047,1.0656652,0.3371522,0.46719968,1.0,2640,"tags=25%, list=10%, signal=28%",
GOBP_CARTILAGE_DEVELOPMENT_INVOLVED_IN_ENDOCHONDRAL_BONE_MORPHOGENESIS,GOBP_CARTILAGE_DEVELOPMENT_INVOLVED_IN_ENDOCHONDRAL_BONE_MORPHOGENESIS,,30,0.41179857,1.0655692,0.34662044,0.46726036,1.0,4276,"tags=40%, list=15%, signal=47%",
GOBP_POSTSYNAPTIC_SPECIALIZATION_ASSEMBLY,GOBP_POSTSYNAPTIC_SPECIALIZATION_ASSEMBLY,,30,0.40840295,1.0651914,0.36077058,0.4678789,1.0,4286,"tags=27%, list=15%, signal=32%",
GOBP_POSITIVE_REGULATION_OF_T_CELL_APOPTOTIC_PROCESS,GOBP_POSITIVE_REGULATION_OF_T_CELL_APOPTOTIC_PROCESS,,11,0.5158356,1.064924,0.4,0.46830437,1.0,4364,"tags=45%, list=16%, signal=54%",
GOBP_NUCLEAR_RECEPTOR_MEDIATED_SIGNALING_PATHWAY,GOBP_NUCLEAR_RECEPTOR_MEDIATED_SIGNALING_PATHWAY,,184,0.31812087,1.0647202,0.3044733,0.4686057,1.0,4875,"tags=27%, list=18%, signal=32%",
GOBP_CARDIAC_MUSCLE_CELL_CONTRACTION,GOBP_CARDIAC_MUSCLE_CELL_CONTRACTION,,65,0.36068255,1.0645471,0.32063493,0.46883345,1.0,5229,"tags=29%, list=19%, signal=36%",
GOBP_CD4_POSITIVE_ALPHA_BETA_T_CELL_CYTOKINE_PRODUCTION,GOBP_CD4_POSITIVE_ALPHA_BETA_T_CELL_CYTOKINE_PRODUCTION,,17,0.47302923,1.0642532,0.39612675,0.46933338,1.0,1411,"tags=29%, list=5%, signal=31%",
GOBP_MAMMARY_GLAND_DEVELOPMENT,GOBP_MAMMARY_GLAND_DEVELOPMENT,,113,0.33356464,1.0642217,0.30615383,0.46927142,1.0,4230,"tags=24%, list=15%, signal=28%",
GOBP_POSITIVE_REGULATION_OF_CYCLASE_ACTIVITY,GOBP_POSITIVE_REGULATION_OF_CYCLASE_ACTIVITY,,16,0.47533068,1.0641577,0.40892857,0.46928594,1.0,2547,"tags=25%, list=9%, signal=28%",
GOBP_NEGATIVE_REGULATION_OF_MITOTIC_CELL_CYCLE_PHASE_TRANSITION,GOBP_NEGATIVE_REGULATION_OF_MITOTIC_CELL_CYCLE_PHASE_TRANSITION,,182,0.31721845,1.0636823,0.31470588,0.47012803,1.0,4253,"tags=20%, list=15%, signal=23%",
GOBP_REGULATION_OF_EPITHELIAL_CELL_DIFFERENTIATION_INVOLVED_IN_KIDNEY_DEVELOPMENT,GOBP_REGULATION_OF_EPITHELIAL_CELL_DIFFERENTIATION_INVOLVED_IN_KIDNEY_DEVELOPMENT,,13,0.4879302,1.06352,0.37432188,0.47032118,1.0,385,"tags=15%, list=1%, signal=16%",
GOBP_ATF6_MEDIATED_UNFOLDED_PROTEIN_RESPONSE,GOBP_ATF6_MEDIATED_UNFOLDED_PROTEIN_RESPONSE,,10,0.52370054,1.0632468,0.41287878,0.47073504,1.0,5350,"tags=50%, list=19%, signal=62%",
GOBP_REGULATION_OF_DEPHOSPHORYLATION,GOBP_REGULATION_OF_DEPHOSPHORYLATION,,20,0.45430362,1.0631317,0.36727273,0.47084808,1.0,4744,"tags=45%, list=17%, signal=54%",
GOBP_HEART_FIELD_SPECIFICATION,GOBP_HEART_FIELD_SPECIFICATION,,12,0.5060106,1.0630903,0.3736462,0.4707916,1.0,3404,"tags=33%, list=12%, signal=38%",
GOBP_REGULATION_OF_OSSIFICATION,GOBP_REGULATION_OF_OSSIFICATION,,102,0.3398616,1.0630774,0.30640244,0.47068882,1.0,4966,"tags=32%, list=18%, signal=39%",
GOBP_POSITIVE_REGULATION_OF_DEVELOPMENTAL_GROWTH,GOBP_POSITIVE_REGULATION_OF_DEVELOPMENTAL_GROWTH,,136,0.32688934,1.0629667,0.33783785,0.4707849,1.0,5381,"tags=29%, list=19%, signal=36%",
REACTOME_DRUG_ADME,REACTOME_DRUG_ADME,,70,0.35708246,1.0626609,0.35079366,0.47125974,1.0,4446,"tags=26%, list=16%, signal=31%",
GOBP_NEGATIVE_REGULATION_OF_PROTEIN_EXIT_FROM_ENDOPLASMIC_RETICULUM,GOBP_NEGATIVE_REGULATION_OF_PROTEIN_EXIT_FROM_ENDOPLASMIC_RETICULUM,,10,0.5178625,1.06256,0.3985375,0.47133252,1.0,2605,"tags=30%, list=9%, signal=33%",
GOBP_PROTEIN_DNA_COMPLEX_DISASSEMBLY,GOBP_PROTEIN_DNA_COMPLEX_DISASSEMBLY,,21,0.44446048,1.062244,0.36173913,0.47187552,1.0,600,"tags=10%, list=2%, signal=10%",
GOBP_CLATHRIN_COAT_ASSEMBLY,GOBP_CLATHRIN_COAT_ASSEMBLY,,21,0.45495504,1.0618643,0.37157536,0.47251195,1.0,1751,"tags=33%, list=6%, signal=36%",
GOBP_C4_DICARBOXYLATE_TRANSPORT,GOBP_C4_DICARBOXYLATE_TRANSPORT,,24,0.4385632,1.0614787,0.36125654,0.4731539,1.0,3637,"tags=21%, list=13%, signal=24%",
GOBP_NEURAL_CREST_CELL_DIFFERENTIATION,GOBP_NEURAL_CREST_CELL_DIFFERENTIATION,,76,0.35154265,1.0611769,0.33435583,0.473642,1.0,3823,"tags=26%, list=14%, signal=30%",
GOBP_PROTOPORPHYRINOGEN_IX_METABOLIC_PROCESS,GOBP_PROTOPORPHYRINOGEN_IX_METABOLIC_PROCESS,,11,0.5144039,1.061021,0.39122137,0.47383305,1.0,6115,"tags=55%, list=22%, signal=70%",
GOBP_REGULATION_OF_NEUROTRANSMITTER_RECEPTOR_LOCALIZATION_TO_POSTSYNAPTIC_SPECIALIZATION_MEMBRANE,GOBP_REGULATION_OF_NEUROTRANSMITTER_RECEPTOR_LOCALIZATION_TO_POSTSYNAPTIC_SPECIALIZATION_MEMBRANE,,19,0.45493627,1.0609432,0.3745583,0.47386926,1.0,4397,"tags=32%, list=16%, signal=38%",
GOBP_PROTEIN_MODIFICATION_BY_SMALL_PROTEIN_REMOVAL,GOBP_PROTEIN_MODIFICATION_BY_SMALL_PROTEIN_REMOVAL,,118,0.3325507,1.0608538,0.33086053,0.47392273,1.0,5272,"tags=28%, list=19%, signal=34%",
GOBP_PROTEIN_K11_LINKED_UBIQUITINATION,GOBP_PROTEIN_K11_LINKED_UBIQUITINATION,,38,0.40363637,1.0603479,0.3779661,0.47485,1.0,4352,"tags=32%, list=16%, signal=37%",
GOBP_GLYCOPROTEIN_BIOSYNTHETIC_PROCESS,GOBP_GLYCOPROTEIN_BIOSYNTHETIC_PROCESS,,279,0.30548438,1.0600666,0.3287483,0.47529805,1.0,3966,"tags=21%, list=14%, signal=24%",
GOBP_BONE_MINERALIZATION_INVOLVED_IN_BONE_MATURATION,GOBP_BONE_MINERALIZATION_INVOLVED_IN_BONE_MATURATION,,10,0.52082604,1.059884,0.40445268,0.47554582,1.0,2608,"tags=20%, list=9%, signal=22%",
GOBP_REGULATION_OF_WNT_SIGNALING_PATHWAY,GOBP_REGULATION_OF_WNT_SIGNALING_PATHWAY,,301,0.3010834,1.059496,0.2829932,0.47618717,1.0,4708,"tags=25%, list=17%, signal=30%",
GOBP_MESENCHYMAL_CELL_DIFFERENTIATION,GOBP_MESENCHYMAL_CELL_DIFFERENTIATION,,205,0.3123328,1.0594648,0.29402757,0.47611943,1.0,5041,"tags=29%, list=18%, signal=35%",
GOBP_BRANCHED_CHAIN_AMINO_ACID_METABOLIC_PROCESS,GOBP_BRANCHED_CHAIN_AMINO_ACID_METABOLIC_PROCESS,,25,0.43519038,1.0594105,0.39108062,0.4760978,1.0,1177,"tags=16%, list=4%, signal=17%",
GOBP_REGULATION_OF_MUSCLE_HYPERTROPHY,GOBP_REGULATION_OF_MUSCLE_HYPERTROPHY,,51,0.3770539,1.059279,0.34666666,0.47623232,1.0,3804,"tags=27%, list=14%, signal=32%",
GOBP_MUSCLE_ORGAN_MORPHOGENESIS,GOBP_MUSCLE_ORGAN_MORPHOGENESIS,,66,0.36193177,1.0586896,0.34738618,0.47729596,1.0,5961,"tags=41%, list=21%, signal=52%",
GOBP_PENTOSE_METABOLIC_PROCESS,GOBP_PENTOSE_METABOLIC_PROCESS,,11,0.52018386,1.0584265,0.39305303,0.47770596,1.0,4377,"tags=36%, list=16%, signal=43%",
GOBP_REGULATION_OF_PROTEIN_SUMOYLATION,GOBP_REGULATION_OF_PROTEIN_SUMOYLATION,,20,0.45657566,1.0584152,0.38926175,0.47759864,1.0,6046,"tags=45%, list=22%, signal=57%",
GOBP_CARDIAC_MUSCLE_CELL_PROLIFERATION,GOBP_CARDIAC_MUSCLE_CELL_PROLIFERATION,,43,0.38074425,1.0578734,0.36227044,0.4786104,1.0,4646,"tags=26%, list=17%, signal=31%",
GOBP_TOLERANCE_INDUCTION,GOBP_TOLERANCE_INDUCTION,,37,0.39703542,1.0572132,0.3779264,0.47986293,1.0,3178,"tags=32%, list=11%, signal=37%",
GOBP_RETINOL_METABOLIC_PROCESS,GOBP_RETINOL_METABOLIC_PROCESS,,36,0.40004858,1.0558596,0.38927335,0.48253232,1.0,2160,"tags=25%, list=8%, signal=27%",
GOBP_EMBRYONIC_DIGESTIVE_TRACT_DEVELOPMENT,GOBP_EMBRYONIC_DIGESTIVE_TRACT_DEVELOPMENT,,23,0.43530425,1.0557836,0.36476868,0.48254764,1.0,2174,"tags=13%, list=8%, signal=14%",
GOBP_MEIOTIC_SISTER_CHROMATID_COHESION,GOBP_MEIOTIC_SISTER_CHROMATID_COHESION,,16,0.47286856,1.0554017,0.38309354,0.48320398,1.0,2963,"tags=19%, list=11%, signal=21%",
GOBP_ANTERIOR_POSTERIOR_AXIS_SPECIFICATION,GOBP_ANTERIOR_POSTERIOR_AXIS_SPECIFICATION,,40,0.38531727,1.0551088,0.36287627,0.48366198,1.0,5815,"tags=33%, list=21%, signal=41%",
GOBP_RESPONSE_TO_IONIZING_RADIATION,GOBP_RESPONSE_TO_IONIZING_RADIATION,,132,0.3307352,1.0550367,0.34703195,0.4836782,1.0,3102,"tags=20%, list=11%, signal=23%",
GOBP_OLIGOSACCHARIDE_BIOSYNTHETIC_PROCESS,GOBP_OLIGOSACCHARIDE_BIOSYNTHETIC_PROCESS,,19,0.4578327,1.0549226,0.39446366,0.4837791,1.0,2379,"tags=37%, list=9%, signal=40%",
GOBP_CARDIAC_CONDUCTION_SYSTEM_DEVELOPMENT,GOBP_CARDIAC_CONDUCTION_SYSTEM_DEVELOPMENT,,26,0.422806,1.054692,0.39049235,0.48410103,1.0,5961,"tags=31%, list=21%, signal=39%",
GOBP_REGULATION_OF_GLIOGENESIS,GOBP_REGULATION_OF_GLIOGENESIS,,79,0.3474851,1.0545473,0.35736677,0.4842663,1.0,4459,"tags=30%, list=16%, signal=36%",
GOBP_BRANCHED_CHAIN_AMINO_ACID_TRANSPORT,GOBP_BRANCHED_CHAIN_AMINO_ACID_TRANSPORT,,11,0.5125238,1.0543624,0.40983605,0.48451796,1.0,4406,"tags=45%, list=16%, signal=54%",
GOBP_CELL_DIFFERENTIATION_INVOLVED_IN_KIDNEY_DEVELOPMENT,GOBP_CELL_DIFFERENTIATION_INVOLVED_IN_KIDNEY_DEVELOPMENT,,46,0.37835822,1.0542873,0.36201298,0.4845358,1.0,4459,"tags=26%, list=16%, signal=31%",
GOBP_G_PROTEIN_COUPLED_PURINERGIC_RECEPTOR_SIGNALING_PATHWAY,GOBP_G_PROTEIN_COUPLED_PURINERGIC_RECEPTOR_SIGNALING_PATHWAY,,12,0.50076467,1.0539789,0.4088398,0.48506033,1.0,2625,"tags=33%, list=9%, signal=37%",
GOBP_POSITIVE_REGULATION_OF_ENDOTHELIAL_CELL_APOPTOTIC_PROCESS,GOBP_POSITIVE_REGULATION_OF_ENDOTHELIAL_CELL_APOPTOTIC_PROCESS,,22,0.43796748,1.0537944,0.40636703,0.4853159,1.0,3133,"tags=32%, list=11%, signal=36%",
GOBP_ACTIN_MYOSIN_FILAMENT_SLIDING,GOBP_ACTIN_MYOSIN_FILAMENT_SLIDING,,14,0.48579174,1.0536679,0.39266056,0.48544493,1.0,6587,"tags=50%, list=24%, signal=66%",
GOBP_NEUROTRANSMITTER_UPTAKE,GOBP_NEUROTRANSMITTER_UPTAKE,,35,0.3897112,1.0528078,0.36125654,0.4870994,1.0,5129,"tags=34%, list=18%, signal=42%",
GOBP_SPERM_CAPACITATION,GOBP_SPERM_CAPACITATION,,22,0.437676,1.0527222,0.37566137,0.48713213,1.0,2060,"tags=23%, list=7%, signal=25%",
GOBP_REGULATION_OF_CALCIUM_ION_TRANSPORT_INTO_CYTOSOL,GOBP_REGULATION_OF_CALCIUM_ION_TRANSPORT_INTO_CYTOSOL,,14,0.48534653,1.0525712,0.41428572,0.48731187,1.0,4796,"tags=50%, list=17%, signal=60%",
GOBP_POSITIVE_REGULATION_OF_MICROTUBULE_POLYMERIZATION_OR_DEPOLYMERIZATION,GOBP_POSITIVE_REGULATION_OF_MICROTUBULE_POLYMERIZATION_OR_DEPOLYMERIZATION,,35,0.4042024,1.052227,0.38841566,0.4878688,1.0,5664,"tags=37%, list=20%, signal=47%",
GOBP_SENSORY_PERCEPTION_OF_TEMPERATURE_STIMULUS,GOBP_SENSORY_PERCEPTION_OF_TEMPERATURE_STIMULUS,,23,0.4313631,1.0521303,0.37657657,0.48793414,1.0,4520,"tags=30%, list=16%, signal=36%",
GOBP_REGULATION_OF_ACTIN_FILAMENT_BASED_MOVEMENT,GOBP_REGULATION_OF_ACTIN_FILAMENT_BASED_MOVEMENT,,34,0.39544463,1.0519358,0.38860103,0.48822302,1.0,5229,"tags=32%, list=19%, signal=40%",
GOBP_BONE_TRABECULA_MORPHOGENESIS,GOBP_BONE_TRABECULA_MORPHOGENESIS,,11,0.50097364,1.0519207,0.41798943,0.48813087,1.0,4958,"tags=64%, list=18%, signal=77%",
GOBP_POSITIVE_REGULATION_OF_VASCULAR_ENDOTHELIAL_GROWTH_FACTOR_RECEPTOR_SIGNALING_PATHWAY,GOBP_POSITIVE_REGULATION_OF_VASCULAR_ENDOTHELIAL_GROWTH_FACTOR_RECEPTOR_SIGNALING_PATHWAY,,14,0.48315278,1.0513884,0.39527026,0.48910865,1.0,5037,"tags=57%, list=18%, signal=70%",
GOBP_CELLULAR_RESPONSE_TO_GAMMA_RADIATION,GOBP_CELLULAR_RESPONSE_TO_GAMMA_RADIATION,,24,0.42296162,1.0512326,0.37184116,0.48931512,1.0,2309,"tags=21%, list=8%, signal=23%",
GOBP_BONE_MATURATION,GOBP_BONE_MATURATION,,25,0.43066445,1.05107,0.38726333,0.48951435,1.0,6279,"tags=40%, list=23%, signal=52%",
GOBP_MYOBLAST_PROLIFERATION,GOBP_MYOBLAST_PROLIFERATION,,18,0.45684108,1.0507606,0.40564373,0.4900176,1.0,1252,"tags=17%, list=5%, signal=17%",
GOBP_CELLULAR_SENESCENCE,GOBP_CELLULAR_SENESCENCE,,93,0.34090844,1.050422,0.34548336,0.49058518,1.0,3993,"tags=24%, list=14%, signal=28%",
GOBP_POSITIVE_REGULATION_OF_MAP_KINASE_ACTIVITY,GOBP_POSITIVE_REGULATION_OF_MAP_KINASE_ACTIVITY,,34,0.3979893,1.0502545,0.38086957,0.49081254,1.0,2889,"tags=21%, list=10%, signal=23%",
GOBP_CELLULAR_COMPONENT_MAINTENANCE,GOBP_CELLULAR_COMPONENT_MAINTENANCE,,70,0.3534238,1.0500133,0.3580645,0.4911729,1.0,5705,"tags=33%, list=21%, signal=41%",
GOBP_PROTEOGLYCAN_BIOSYNTHETIC_PROCESS,GOBP_PROTEOGLYCAN_BIOSYNTHETIC_PROCESS,,70,0.34881547,1.0497648,0.37763372,0.49156883,1.0,2011,"tags=17%, list=7%, signal=18%",
GOBP_POSITIVE_REGULATION_OF_HEART_GROWTH,GOBP_POSITIVE_REGULATION_OF_HEART_GROWTH,,28,0.4091299,1.0494767,0.40175438,0.49204442,1.0,4426,"tags=25%, list=16%, signal=30%",
GOBP_REPLACEMENT_OSSIFICATION,GOBP_REPLACEMENT_OSSIFICATION,,29,0.41051048,1.0491557,0.3895447,0.49252877,1.0,5097,"tags=38%, list=18%, signal=46%",
GOBP_GLOMERULAR_MESANGIUM_DEVELOPMENT,GOBP_GLOMERULAR_MESANGIUM_DEVELOPMENT,,14,0.4815727,1.0484962,0.40227705,0.49378303,1.0,1898,"tags=29%, list=7%, signal=31%",
GOBP_CELLULAR_RESPONSE_TO_COLD,GOBP_CELLULAR_RESPONSE_TO_COLD,,13,0.4907208,1.0482649,0.39517626,0.49412113,1.0,2998,"tags=38%, list=11%, signal=43%",
REACTOME_SIGNALING_BY_FGFR_IN_DISEASE,REACTOME_SIGNALING_BY_FGFR_IN_DISEASE,,54,0.3700867,1.0481772,0.36858973,0.49416125,1.0,7416,"tags=48%, list=27%, signal=66%",
GOBP_R_LOOP_PROCESSING,GOBP_R_LOOP_PROCESSING,,10,0.5323471,1.0481542,0.43594646,0.49407288,1.0,2348,"tags=20%, list=8%, signal=22%",
REACTOME_HSF1_ACTIVATION,REACTOME_HSF1_ACTIVATION,,29,0.41831368,1.0481113,0.39229423,0.4940277,1.0,3531,"tags=28%, list=13%, signal=32%",
GOBP_SPECIFICATION_OF_ANIMAL_ORGAN_IDENTITY,GOBP_SPECIFICATION_OF_ANIMAL_ORGAN_IDENTITY,,23,0.42560288,1.046493,0.4,0.49727368,1.0,4609,"tags=30%, list=17%, signal=36%",
GOBP_TRABECULA_MORPHOGENESIS,GOBP_TRABECULA_MORPHOGENESIS,,40,0.38387233,1.0462776,0.36442143,0.4975886,1.0,5374,"tags=43%, list=19%, signal=53%",
GOBP_BLASTODERM_SEGMENTATION,GOBP_BLASTODERM_SEGMENTATION,,16,0.47438422,1.0461007,0.41860464,0.4978311,1.0,3521,"tags=31%, list=13%, signal=36%",
REACTOME_ISG15_ANTIVIRAL_MECHANISM,REACTOME_ISG15_ANTIVIRAL_MECHANISM,,73,0.3419822,1.045996,0.34755135,0.49790248,1.0,5221,"tags=33%, list=19%, signal=40%",
GOBP_NEGATIVE_REGULATION_OF_PLASMA_MEMBRANE_BOUNDED_CELL_PROJECTION_ASSEMBLY,GOBP_NEGATIVE_REGULATION_OF_PLASMA_MEMBRANE_BOUNDED_CELL_PROJECTION_ASSEMBLY,,42,0.37911993,1.0458999,0.39310345,0.49797386,1.0,4764,"tags=29%, list=17%, signal=34%",
GOBP_LONG_TERM_SYNAPTIC_POTENTIATION,GOBP_LONG_TERM_SYNAPTIC_POTENTIATION,,91,0.33536142,1.0458119,0.34065935,0.49801636,1.0,5129,"tags=34%, list=18%, signal=42%",
GOBP_PROTEIN_LOCALIZATION_TO_PHAGOPHORE_ASSEMBLY_SITE,GOBP_PROTEIN_LOCALIZATION_TO_PHAGOPHORE_ASSEMBLY_SITE,,17,0.464391,1.0453001,0.39329806,0.49897072,1.0,4363,"tags=47%, list=16%, signal=56%",
GOBP_SPERMATID_DIFFERENTIATION,GOBP_SPERMATID_DIFFERENTIATION,,194,0.30867156,1.0444782,0.34397677,0.50058025,1.0,4776,"tags=22%, list=17%, signal=27%",
GOBP_REGULATION_OF_TRANSCRIPTION_OF_NUCLEOLAR_LARGE_RRNA_BY_RNA_POLYMERASE_I,GOBP_REGULATION_OF_TRANSCRIPTION_OF_NUCLEOLAR_LARGE_RRNA_BY_RNA_POLYMERASE_I,,15,0.46969864,1.0444098,0.41788322,0.5005921,1.0,3371,"tags=27%, list=12%, signal=30%",
GOBP_REGULATION_OF_BIOMINERAL_TISSUE_DEVELOPMENT,GOBP_REGULATION_OF_BIOMINERAL_TISSUE_DEVELOPMENT,,83,0.34059903,1.0441288,0.37539935,0.50104696,1.0,5041,"tags=33%, list=18%, signal=40%",
GOBP_POSITIVE_REGULATION_OF_COLLAGEN_METABOLIC_PROCESS,GOBP_POSITIVE_REGULATION_OF_COLLAGEN_METABOLIC_PROCESS,,20,0.4389759,1.0436188,0.3986135,0.502011,1.0,1486,"tags=20%, list=5%, signal=21%",
GOBP_REGULATION_OF_CANONICAL_WNT_SIGNALING_PATHWAY,GOBP_REGULATION_OF_CANONICAL_WNT_SIGNALING_PATHWAY,,238,0.30175233,1.043537,0.3429752,0.5020479,1.0,5167,"tags=30%, list=19%, signal=36%",
GOBP_MORPHOGENESIS_OF_AN_EPITHELIAL_SHEET,GOBP_MORPHOGENESIS_OF_AN_EPITHELIAL_SHEET,,54,0.35983053,1.043484,0.38118812,0.50202125,1.0,4426,"tags=31%, list=16%, signal=37%",
GOBP_HETEROCHROMATIN_ORGANIZATION,GOBP_HETEROCHROMATIN_ORGANIZATION,,206,0.30726218,1.0432234,0.35285285,0.50241935,1.0,5060,"tags=27%, list=18%, signal=33%",
GOBP_VENTRICULAR_CARDIAC_MUSCLE_CELL_ACTION_POTENTIAL,GOBP_VENTRICULAR_CARDIAC_MUSCLE_CELL_ACTION_POTENTIAL,,27,0.4072602,1.0430636,0.39273357,0.5026449,1.0,4494,"tags=30%, list=16%, signal=35%",
GOBP_POSITIVE_REGULATION_OF_CYTOSKELETON_ORGANIZATION,GOBP_POSITIVE_REGULATION_OF_CYTOSKELETON_ORGANIZATION,,174,0.3119464,1.0429883,0.34077382,0.50266075,1.0,4538,"tags=27%, list=16%, signal=32%",
GOBP_RUFFLE_ASSEMBLY,GOBP_RUFFLE_ASSEMBLY,,41,0.3885215,1.0429153,0.39219016,0.5026754,1.0,2996,"tags=32%, list=11%, signal=35%",
REACTOME_SENSORY_PERCEPTION,REACTOME_SENSORY_PERCEPTION,,209,0.30610847,1.0428847,0.35642135,0.50260943,1.0,2922,"tags=17%, list=11%, signal=19%",
GOBP_POSTSYNAPTIC_DENSITY_ASSEMBLY,GOBP_POSTSYNAPTIC_DENSITY_ASSEMBLY,,24,0.42511892,1.0427696,0.4065934,0.5027078,1.0,4286,"tags=25%, list=15%, signal=30%",
GOBP_REGULATION_OF_ENDOTHELIAL_CELL_CHEMOTAXIS,GOBP_REGULATION_OF_ENDOTHELIAL_CELL_CHEMOTAXIS,,15,0.4710226,1.042753,0.40381283,0.5026062,1.0,6058,"tags=40%, list=22%, signal=51%",
GOBP_REGULATION_OF_LYMPHOID_PROGENITOR_CELL_DIFFERENTIATION,GOBP_REGULATION_OF_LYMPHOID_PROGENITOR_CELL_DIFFERENTIATION,,11,0.50760853,1.0422719,0.4131627,0.5034737,1.0,4426,"tags=45%, list=16%, signal=54%",
REACTOME_G_ALPHA_Q_SIGNALLING_EVENTS,REACTOME_G_ALPHA_Q_SIGNALLING_EVENTS,,161,0.3133486,1.0421946,0.3551263,0.5034881,1.0,5502,"tags=29%, list=20%, signal=35%",
GOBP_URATE_METABOLIC_PROCESS,GOBP_URATE_METABOLIC_PROCESS,,10,0.52001095,1.041856,0.40314135,0.5040623,1.0,3287,"tags=40%, list=12%, signal=45%",
GOBP_REGULATION_OF_EPITHELIAL_CELL_PROLIFERATION,GOBP_REGULATION_OF_EPITHELIAL_CELL_PROLIFERATION,,280,0.2988433,1.0411198,0.35460994,0.50549006,1.0,4966,"tags=27%, list=18%, signal=33%",
GOBP_OOCYTE_DIFFERENTIATION,GOBP_OOCYTE_DIFFERENTIATION,,54,0.36629167,1.0411197,0.36102235,0.5053544,1.0,5019,"tags=30%, list=18%, signal=36%",
GOBP_POSITIVE_REGULATION_OF_LIPOPOLYSACCHARIDE_MEDIATED_SIGNALING_PATHWAY,GOBP_POSITIVE_REGULATION_OF_LIPOPOLYSACCHARIDE_MEDIATED_SIGNALING_PATHWAY,,11,0.50178987,1.0409194,0.42242992,0.5056585,1.0,6736,"tags=64%, list=24%, signal=84%",
GOBP_RENAL_SYSTEM_PROCESS,GOBP_RENAL_SYSTEM_PROCESS,,111,0.32793975,1.0402566,0.37894738,0.5069321,1.0,4784,"tags=27%, list=17%, signal=33%",
GOBP_NEGATIVE_REGULATION_OF_STEROID_METABOLIC_PROCESS,GOBP_NEGATIVE_REGULATION_OF_STEROID_METABOLIC_PROCESS,,25,0.42565778,1.0402158,0.39292035,0.50688374,1.0,4360,"tags=24%, list=16%, signal=28%",
GOBP_STEROID_HORMONE_SECRETION,GOBP_STEROID_HORMONE_SECRETION,,22,0.43218073,1.0400113,0.40304184,0.50718087,1.0,2472,"tags=23%, list=9%, signal=25%",
GOBP_MITOTIC_NUCLEAR_DIVISION,GOBP_MITOTIC_NUCLEAR_DIVISION,,286,0.29777417,1.0398586,0.35154063,0.50738126,1.0,4609,"tags=21%, list=17%, signal=24%",
GOBP_CARDIAC_MUSCLE_CELL_DIFFERENTIATION,GOBP_CARDIAC_MUSCLE_CELL_DIFFERENTIATION,,100,0.32914737,1.039557,0.3723077,0.50788766,1.0,6074,"tags=30%, list=22%, signal=38%",
GOBP_CMP_METABOLIC_PROCESS,GOBP_CMP_METABOLIC_PROCESS,,10,0.5150087,1.0394235,0.42256215,0.5080448,1.0,3802,"tags=50%, list=14%, signal=58%",
GOBP_RESPONSE_TO_L_LEUCINE,GOBP_RESPONSE_TO_L_LEUCINE,,14,0.47064683,1.0393519,0.4177215,0.50805175,1.0,3005,"tags=29%, list=11%, signal=32%",
GOBP_WOUND_HEALING_SPREADING_OF_EPIDERMAL_CELLS,GOBP_WOUND_HEALING_SPREADING_OF_EPIDERMAL_CELLS,,23,0.43137866,1.0392395,0.40239727,0.5081417,1.0,4324,"tags=35%, list=16%, signal=41%",
GOBP_POSITIVE_REGULATION_OF_MITOTIC_CELL_CYCLE,GOBP_POSITIVE_REGULATION_OF_MITOTIC_CELL_CYCLE,,121,0.32260573,1.0390947,0.3836858,0.5083193,1.0,4379,"tags=19%, list=16%, signal=22%",
GOBP_POSITIVE_REGULATION_OF_PROTEIN_DEPOLYMERIZATION,GOBP_POSITIVE_REGULATION_OF_PROTEIN_DEPOLYMERIZATION,,19,0.4380965,1.0389847,0.40250447,0.5084077,1.0,4367,"tags=47%, list=16%, signal=56%",
GOBP_REGULATION_OF_SYNAPTIC_PLASTICITY,GOBP_REGULATION_OF_SYNAPTIC_PLASTICITY,,192,0.30865547,1.0385209,0.37285715,0.50927883,1.0,5522,"tags=30%, list=20%, signal=37%",
GOBP_POSITIVE_REGULATION_OF_ACTIN_NUCLEATION,GOBP_POSITIVE_REGULATION_OF_ACTIN_NUCLEATION,,12,0.48737907,1.0383239,0.43962264,0.50955933,1.0,6300,"tags=67%, list=23%, signal=86%",
GOBP_POSTSYNAPTIC_MODULATION_OF_CHEMICAL_SYNAPTIC_TRANSMISSION,GOBP_POSTSYNAPTIC_MODULATION_OF_CHEMICAL_SYNAPTIC_TRANSMISSION,,27,0.41243735,1.0378078,0.4045677,0.510538,1.0,3696,"tags=22%, list=13%, signal=26%",
GOBP_CALCIUM_INDEPENDENT_CELL_CELL_ADHESION,GOBP_CALCIUM_INDEPENDENT_CELL_CELL_ADHESION,,14,0.4776925,1.0376419,0.42628774,0.5107466,1.0,5495,"tags=29%, list=20%, signal=36%",
GOBP_PHOSPHOLIPID_HOMEOSTASIS,GOBP_PHOSPHOLIPID_HOMEOSTASIS,,16,0.47230503,1.0370128,0.41133454,0.5119218,1.0,4028,"tags=50%, list=15%, signal=58%",
REACTOME_SUMOYLATION_OF_INTRACELLULAR_RECEPTORS,REACTOME_SUMOYLATION_OF_INTRACELLULAR_RECEPTORS,,28,0.41402397,1.0369836,0.41975307,0.5118427,1.0,3253,"tags=29%, list=12%, signal=32%",
GOBP_PARTURITION,GOBP_PARTURITION,,11,0.5107026,1.0366824,0.43406594,0.5123387,1.0,4755,"tags=45%, list=17%, signal=55%",
GOBP_BONE_DEVELOPMENT,GOBP_BONE_DEVELOPMENT,,188,0.30962247,1.0366389,0.38130563,0.51229835,1.0,5149,"tags=34%, list=19%, signal=41%",
GOBP_POSITIVE_REGULATION_OF_CALCIUM_ION_TRANSPORT,GOBP_POSITIVE_REGULATION_OF_CALCIUM_ION_TRANSPORT,,80,0.3366768,1.0366254,0.37799042,0.51219577,1.0,5180,"tags=31%, list=19%, signal=38%",
GOBP_FOLIC_ACID_METABOLIC_PROCESS,GOBP_FOLIC_ACID_METABOLIC_PROCESS,,16,0.46149203,1.0363572,0.43423423,0.5126399,1.0,2434,"tags=19%, list=9%, signal=21%",
REACTOME_RUNX1_INTERACTS_WITH_CO_FACTORS_WHOSE_PRECISE_EFFECT_ON_RUNX1_TARGETS_IS_NOT_KNOWN,REACTOME_RUNX1_INTERACTS_WITH_CO_FACTORS_WHOSE_PRECISE_EFFECT_ON_RUNX1_TARGETS_IS_NOT_KNOWN,,36,0.38813865,1.0362269,0.38219896,0.5127893,1.0,3672,"tags=14%, list=13%, signal=16%",
GOBP_POSITIVE_REGULATION_OF_SODIUM_ION_TRANSMEMBRANE_TRANSPORT,GOBP_POSITIVE_REGULATION_OF_SODIUM_ION_TRANSMEMBRANE_TRANSPORT,,16,0.47386065,1.0362232,0.4129264,0.51266086,1.0,6553,"tags=63%, list=24%, signal=82%",
GOBP_ALPHA_AMINO_ACID_METABOLIC_PROCESS,GOBP_ALPHA_AMINO_ACID_METABOLIC_PROCESS,,174,0.3095416,1.0361925,0.35155097,0.51258445,1.0,4652,"tags=24%, list=17%, signal=28%",
GOBP_MITOCHONDRIAL_CALCIUM_ION_HOMEOSTASIS,GOBP_MITOCHONDRIAL_CALCIUM_ION_HOMEOSTASIS,,23,0.4305958,1.0348734,0.3886926,0.51525176,1.0,1817,"tags=17%, list=7%, signal=19%",
GOBP_GLOMERULUS_DEVELOPMENT,GOBP_GLOMERULUS_DEVELOPMENT,,65,0.35271823,1.0348362,0.39570552,0.51519275,1.0,4646,"tags=29%, list=17%, signal=35%",
GOBP_EXTRACELLULAR_MATRIX_CONSTITUENT_SECRETION,GOBP_EXTRACELLULAR_MATRIX_CONSTITUENT_SECRETION,,11,0.4988417,1.0348248,0.43542436,0.51507777,1.0,4778,"tags=45%, list=17%, signal=55%",
GOBP_REGULATION_OF_APPETITE,GOBP_REGULATION_OF_APPETITE,,18,0.45141903,1.0343455,0.43833017,0.51595277,1.0,4210,"tags=22%, list=15%, signal=26%",
GOBP_DNA_INTEGRITY_CHECKPOINT_SIGNALING,GOBP_DNA_INTEGRITY_CHECKPOINT_SIGNALING,,132,0.32031715,1.034274,0.3808096,0.51596516,1.0,3004,"tags=14%, list=11%, signal=16%",
GOBP_POSITIVE_REGULATION_OF_STRESS_ACTIVATED_PROTEIN_KINASE_SIGNALING_CASCADE,GOBP_POSITIVE_REGULATION_OF_STRESS_ACTIVATED_PROTEIN_KINASE_SIGNALING_CASCADE,,21,0.44363344,1.0342536,0.41155866,0.51587296,1.0,5357,"tags=43%, list=19%, signal=53%",
GOBP_CARDIAC_MUSCLE_CELL_ACTION_POTENTIAL,GOBP_CARDIAC_MUSCLE_CELL_ACTION_POTENTIAL,,65,0.35161763,1.0342367,0.394822,0.5157719,1.0,2854,"tags=18%, list=10%, signal=21%",
GOBP_CARBOXYLIC_ACID_TRANSMEMBRANE_TRANSPORT,GOBP_CARBOXYLIC_ACID_TRANSMEMBRANE_TRANSPORT,,127,0.3198479,1.0340871,0.3768769,0.5159449,1.0,4788,"tags=27%, list=17%, signal=32%",
GOBP_HYALURONAN_BIOSYNTHETIC_PROCESS,GOBP_HYALURONAN_BIOSYNTHETIC_PROCESS,,11,0.50311977,1.0337063,0.44676808,0.51663417,1.0,1867,"tags=36%, list=7%, signal=39%",
GOBP_CRANIOFACIAL_SUTURE_MORPHOGENESIS,GOBP_CRANIOFACIAL_SUTURE_MORPHOGENESIS,,12,0.48467135,1.0325365,0.424581,0.51897687,1.0,1918,"tags=25%, list=7%, signal=27%",
REACTOME_NON_INTEGRIN_MEMBRANE_ECM_INTERACTIONS,REACTOME_NON_INTEGRIN_MEMBRANE_ECM_INTERACTIONS,,75,0.33677295,1.0322574,0.39576548,0.51940423,1.0,6197,"tags=40%, list=22%, signal=51%",
GOBP_SOMATIC_DIVERSIFICATION_OF_IMMUNOGLOBULINS,GOBP_SOMATIC_DIVERSIFICATION_OF_IMMUNOGLOBULINS,,69,0.3462082,1.0322529,0.38373983,0.51927346,1.0,3104,"tags=22%, list=11%, signal=24%",
GOBP_NEUROPEPTIDE_SIGNALING_PATHWAY,GOBP_NEUROPEPTIDE_SIGNALING_PATHWAY,,60,0.35304102,1.0319797,0.37457627,0.519733,1.0,2603,"tags=13%, list=9%, signal=15%",
REACTOME_RUNX3_REGULATES_P14_ARF,REACTOME_RUNX3_REGULATES_P14_ARF,,10,0.5190651,1.0319784,0.4251825,0.51959807,1.0,1232,"tags=20%, list=4%, signal=21%",
GOBP_REGULATION_OF_MEMBRANE_LIPID_DISTRIBUTION,GOBP_REGULATION_OF_MEMBRANE_LIPID_DISTRIBUTION,,61,0.35620016,1.0318365,0.4032,0.5197532,1.0,6091,"tags=49%, list=22%, signal=63%",
REACTOME_CYTOCHROME_P450_ARRANGED_BY_SUBSTRATE_TYPE,REACTOME_CYTOCHROME_P450_ARRANGED_BY_SUBSTRATE_TYPE,,46,0.36966172,1.0317298,0.396072,0.5198238,1.0,5037,"tags=24%, list=18%, signal=29%",
GOBP_NEGATIVE_REGULATION_OF_MUSCLE_HYPERTROPHY,GOBP_NEGATIVE_REGULATION_OF_MUSCLE_HYPERTROPHY,,29,0.39929572,1.031332,0.40142095,0.5204959,1.0,4426,"tags=38%, list=16%, signal=45%",
REACTOME_ACTIVATION_OF_BH3_ONLY_PROTEINS,REACTOME_ACTIVATION_OF_BH3_ONLY_PROTEINS,,30,0.4022912,1.0310307,0.39298245,0.52099836,1.0,4894,"tags=43%, list=18%, signal=53%",
GOBP_RESPONSE_TO_LEAD_ION,GOBP_RESPONSE_TO_LEAD_ION,,16,0.4495697,1.0307027,0.40957448,0.5215546,1.0,5493,"tags=38%, list=20%, signal=47%",
GOBP_POSITIVE_REGULATION_OF_PROTEIN_POLYMERIZATION,GOBP_POSITIVE_REGULATION_OF_PROTEIN_POLYMERIZATION,,82,0.3399636,1.0305142,0.40849674,0.5218213,1.0,4538,"tags=32%, list=16%, signal=38%",
GOBP_CEREBRAL_CORTEX_DEVELOPMENT,GOBP_CEREBRAL_CORTEX_DEVELOPMENT,,113,0.32717428,1.0302638,0.37419355,0.52222645,1.0,5213,"tags=28%, list=19%, signal=35%",
GOBP_REGULATION_OF_LOW_DENSITY_LIPOPROTEIN_PARTICLE_CLEARANCE,GOBP_REGULATION_OF_LOW_DENSITY_LIPOPROTEIN_PARTICLE_CLEARANCE,,16,0.45453227,1.0301712,0.41229656,0.5222924,1.0,4248,"tags=44%, list=15%, signal=52%",
GOBP_PYRIMIDINE_DEOXYRIBONUCLEOTIDE_METABOLIC_PROCESS,GOBP_PYRIMIDINE_DEOXYRIBONUCLEOTIDE_METABOLIC_PROCESS,,26,0.414235,1.0299366,0.39795917,0.5226633,1.0,1025,"tags=19%, list=4%, signal=20%",
GOBP_SPHINGOLIPID_MEDIATED_SIGNALING_PATHWAY,GOBP_SPHINGOLIPID_MEDIATED_SIGNALING_PATHWAY,,19,0.44625023,1.0296565,0.41981983,0.5231356,1.0,4483,"tags=47%, list=16%, signal=56%",
GOBP_REGULATION_OF_LONG_TERM_SYNAPTIC_DEPRESSION,GOBP_REGULATION_OF_LONG_TERM_SYNAPTIC_DEPRESSION,,13,0.48746195,1.0296199,0.45454547,0.5230762,1.0,5129,"tags=31%, list=18%, signal=38%",
GOBP_ESTROGEN_RECEPTOR_SIGNALING_PATHWAY,GOBP_ESTROGEN_RECEPTOR_SIGNALING_PATHWAY,,53,0.35479212,1.029533,0.39408866,0.523124,1.0,4875,"tags=32%, list=18%, signal=39%",
GOBP_AMINE_CATABOLIC_PROCESS,GOBP_AMINE_CATABOLIC_PROCESS,,19,0.4409249,1.0290537,0.42367068,0.5240256,1.0,4594,"tags=42%, list=17%, signal=50%",
GOBP_BARBED_END_ACTIN_FILAMENT_CAPPING,GOBP_BARBED_END_ACTIN_FILAMENT_CAPPING,,25,0.41901878,1.0289251,0.40459365,0.5241389,1.0,4367,"tags=52%, list=16%, signal=62%",
GOBP_ADIPOSE_TISSUE_DEVELOPMENT,GOBP_ADIPOSE_TISSUE_DEVELOPMENT,,75,0.34537554,1.028706,0.3888889,0.524461,1.0,3930,"tags=23%, list=14%, signal=26%",
REACTOME_ACTIVATION_OF_SMO,REACTOME_ACTIVATION_OF_SMO,,17,0.45988122,1.0286001,0.43193278,0.5245537,1.0,4836,"tags=35%, list=17%, signal=43%",
GOBP_FERTILIZATION,GOBP_FERTILIZATION,,166,0.3086757,1.0284218,0.39233038,0.5248156,1.0,5116,"tags=25%, list=18%, signal=31%",
GOBP_RESPONSE_TO_GONADOTROPIN,GOBP_RESPONSE_TO_GONADOTROPIN,,22,0.43258065,1.0274591,0.43738317,0.5267449,1.0,4426,"tags=32%, list=16%, signal=38%",
REACTOME_SIGNALING_BY_FGFR1,REACTOME_SIGNALING_BY_FGFR1,,43,0.37464955,1.0272149,0.4280822,0.5271382,1.0,5709,"tags=33%, list=21%, signal=41%",
REACTOME_IRF3_MEDIATED_INDUCTION_OF_TYPE_I_IFN,REACTOME_IRF3_MEDIATED_INDUCTION_OF_TYPE_I_IFN,,12,0.48975012,1.0272009,0.4479554,0.5270335,1.0,2096,"tags=25%, list=8%, signal=27%",
GOBP_NOREPINEPHRINE_SECRETION,GOBP_NOREPINEPHRINE_SECRETION,,11,0.51249474,1.0271312,0.4670139,0.52704203,1.0,3385,"tags=36%, list=12%, signal=41%",
REACTOME_HEME_BIOSYNTHESIS,REACTOME_HEME_BIOSYNTHESIS,,14,0.47205108,1.0270659,0.43003413,0.5270436,1.0,4911,"tags=36%, list=18%, signal=43%",
GOBP_REGULATION_OF_MICROTUBULE_DEPOLYMERIZATION,GOBP_REGULATION_OF_MICROTUBULE_DEPOLYMERIZATION,,38,0.37852725,1.0269414,0.39695945,0.52717143,1.0,5006,"tags=26%, list=18%, signal=32%",
GOBP_TOXIN_METABOLIC_PROCESS,GOBP_TOXIN_METABOLIC_PROCESS,,12,0.48477343,1.0269374,0.43936732,0.52704114,1.0,1673,"tags=17%, list=6%, signal=18%",
GOBP_GLYCOLIPID_BIOSYNTHETIC_PROCESS,GOBP_GLYCOLIPID_BIOSYNTHETIC_PROCESS,,79,0.336008,1.0267664,0.38996765,0.5272574,1.0,4062,"tags=27%, list=15%, signal=31%",
GOBP_NEGATIVE_REGULATION_OF_PEPTIDE_SECRETION,GOBP_NEGATIVE_REGULATION_OF_PEPTIDE_SECRETION,,38,0.3872247,1.0265989,0.42639595,0.527476,1.0,4122,"tags=26%, list=15%, signal=31%",
REACTOME_POST_CHAPERONIN_TUBULIN_FOLDING_PATHWAY,REACTOME_POST_CHAPERONIN_TUBULIN_FOLDING_PATHWAY,,22,0.42571202,1.0258039,0.4295416,0.529033,1.0,6816,"tags=36%, list=25%, signal=48%",
GOBP_REGULATION_OF_SYNAPTIC_VESICLE_PRIMING,GOBP_REGULATION_OF_SYNAPTIC_VESICLE_PRIMING,,11,0.50599563,1.0257895,0.4594096,0.52892315,1.0,6370,"tags=45%, list=23%, signal=59%",
GOBP_NEUTROPHIL_DIFFERENTIATION,GOBP_NEUTROPHIL_DIFFERENTIATION,,10,0.5142086,1.025465,0.4208494,0.5294755,1.0,2906,"tags=50%, list=10%, signal=56%",
GOBP_LACTATION,GOBP_LACTATION,,38,0.38690624,1.0253383,0.41217393,0.5296033,1.0,1693,"tags=16%, list=6%, signal=17%",
GOBP_REGULATION_OF_EXTENT_OF_CELL_GROWTH,GOBP_REGULATION_OF_EXTENT_OF_CELL_GROWTH,,86,0.33345333,1.0250839,0.42635658,0.5300189,1.0,5504,"tags=37%, list=20%, signal=46%",
GOBP_NEGATIVE_REGULATION_OF_STEM_CELL_DIFFERENTIATION,GOBP_NEGATIVE_REGULATION_OF_STEM_CELL_DIFFERENTIATION,,20,0.44046542,1.024446,0.42408377,0.5312441,1.0,4426,"tags=35%, list=16%, signal=42%",
GOBP_NUCLEOBASE_METABOLIC_PROCESS,GOBP_NUCLEOBASE_METABOLIC_PROCESS,,39,0.37917897,1.0243621,0.41808873,0.5312879,1.0,2863,"tags=18%, list=10%, signal=20%",
GOBP_POSITIVE_REGULATION_OF_STRIATED_MUSCLE_CELL_DIFFERENTIATION,GOBP_POSITIVE_REGULATION_OF_STRIATED_MUSCLE_CELL_DIFFERENTIATION,,32,0.396547,1.0237811,0.43500867,0.5324109,1.0,1842,"tags=19%, list=7%, signal=20%",
GOBP_REGULATION_OF_CELL_GROWTH_INVOLVED_IN_CARDIAC_MUSCLE_CELL_DEVELOPMENT,GOBP_REGULATION_OF_CELL_GROWTH_INVOLVED_IN_CARDIAC_MUSCLE_CELL_DEVELOPMENT,,14,0.47400698,1.0237182,0.44058502,0.5324073,1.0,3697,"tags=36%, list=13%, signal=41%",
GOBP_NEGATIVE_REGULATION_OF_PERK_MEDIATED_UNFOLDED_PROTEIN_RESPONSE,GOBP_NEGATIVE_REGULATION_OF_PERK_MEDIATED_UNFOLDED_PROTEIN_RESPONSE,,12,0.48226747,1.0234901,0.46289754,0.5327532,1.0,4304,"tags=42%, list=16%, signal=49%",
GOBP_CELL_CELL_JUNCTION_MAINTENANCE,GOBP_CELL_CELL_JUNCTION_MAINTENANCE,,18,0.44924077,1.0234097,0.43760684,0.5327988,1.0,2199,"tags=22%, list=8%, signal=24%",
GOBP_DETERMINATION_OF_ADULT_LIFESPAN,GOBP_DETERMINATION_OF_ADULT_LIFESPAN,,33,0.39630383,1.0231508,0.43418804,0.5332182,1.0,4364,"tags=30%, list=16%, signal=36%",
GOBP_MUSCLE_CELL_DEVELOPMENT,GOBP_MUSCLE_CELL_DEVELOPMENT,,159,0.306176,1.022948,0.39912918,0.5334977,1.0,6102,"tags=31%, list=22%, signal=40%",
GOBP_RIBOSOME_DISASSEMBLY,GOBP_RIBOSOME_DISASSEMBLY,,46,0.37317365,1.0221651,0.41315347,0.535049,1.0,4006,"tags=22%, list=14%, signal=25%",
GOBP_DETECTION_OF_MECHANICAL_STIMULUS_INVOLVED_IN_SENSORY_PERCEPTION,GOBP_DETECTION_OF_MECHANICAL_STIMULUS_INVOLVED_IN_SENSORY_PERCEPTION,,31,0.39530855,1.0213293,0.4416961,0.5367075,1.0,4667,"tags=29%, list=17%, signal=35%",
GOBP_GAMMA_AMINOBUTYRIC_ACID_SIGNALING_PATHWAY,GOBP_GAMMA_AMINOBUTYRIC_ACID_SIGNALING_PATHWAY,,14,0.4653927,1.0208722,0.4466192,0.53754777,1.0,5638,"tags=50%, list=20%, signal=63%",
GOBP_NUCLEAR_CHROMOSOME_SEGREGATION,GOBP_NUCLEAR_CHROMOSOME_SEGREGATION,,326,0.28770557,1.0207919,0.39487872,0.5375819,1.0,4538,"tags=21%, list=16%, signal=25%",
GOBP_ARGININE_METABOLIC_PROCESS,GOBP_ARGININE_METABOLIC_PROCESS,,19,0.43895826,1.0204732,0.43003413,0.53815377,1.0,3159,"tags=26%, list=11%, signal=30%",
GOBP_MEMBRANE_DISASSEMBLY,GOBP_MEMBRANE_DISASSEMBLY,,13,0.47558698,1.0203671,0.42962962,0.5382172,1.0,5664,"tags=46%, list=20%, signal=58%",
GOBP_REGULATION_OF_PHOSPHATIDYLCHOLINE_METABOLIC_PROCESS,GOBP_REGULATION_OF_PHOSPHATIDYLCHOLINE_METABOLIC_PROCESS,,10,0.50492775,1.0202826,0.45787546,0.5382596,1.0,7973,"tags=60%, list=29%, signal=84%",
GOBP_SPERM_EGG_RECOGNITION,GOBP_SPERM_EGG_RECOGNITION,,36,0.38417444,1.0201945,0.43339255,0.5383186,1.0,5022,"tags=28%, list=18%, signal=34%",
GOBP_OOGENESIS,GOBP_OOGENESIS,,88,0.3333386,1.0201329,0.4201278,0.5383101,1.0,5019,"tags=26%, list=18%, signal=32%",
GOBP_REGULATION_OF_AXONOGENESIS,GOBP_REGULATION_OF_AXONOGENESIS,,125,0.3144284,1.0199583,0.3824885,0.53853345,1.0,5504,"tags=36%, list=20%, signal=45%",
GOBP_ENDOCRINE_SYSTEM_DEVELOPMENT,GOBP_ENDOCRINE_SYSTEM_DEVELOPMENT,,84,0.3342637,1.0196645,0.40381557,0.53900605,1.0,5374,"tags=29%, list=19%, signal=35%",
GOBP_TRANSPOSITION,GOBP_TRANSPOSITION,,40,0.3771475,1.0195806,0.4302521,0.5390484,1.0,3651,"tags=28%, list=13%, signal=32%",
REACTOME_MITOCHONDRIAL_BIOGENESIS,REACTOME_MITOCHONDRIAL_BIOGENESIS,,92,0.32871383,1.0192469,0.41068703,0.53960675,1.0,5035,"tags=26%, list=18%, signal=32%",
REACTOME_PURINE_CATABOLISM,REACTOME_PURINE_CATABOLISM,,16,0.44782782,1.0191692,0.43986255,0.5396232,1.0,4377,"tags=31%, list=16%, signal=37%",
GOBP_NEGATIVE_REGULATION_OF_NERVOUS_SYSTEM_DEVELOPMENT,GOBP_NEGATIVE_REGULATION_OF_NERVOUS_SYSTEM_DEVELOPMENT,,108,0.3215809,1.0191009,0.41057542,0.539626,1.0,5354,"tags=38%, list=19%, signal=47%",
REACTOME_THE_CANONICAL_RETINOID_CYCLE_IN_RODS_TWILIGHT_VISION,REACTOME_THE_CANONICAL_RETINOID_CYCLE_IN_RODS_TWILIGHT_VISION,,14,0.46170112,1.0190662,0.44285715,0.5395591,1.0,1153,"tags=14%, list=4%, signal=15%",
GOBP_MODIFICATION_OF_SYNAPTIC_STRUCTURE,GOBP_MODIFICATION_OF_SYNAPTIC_STRUCTURE,,36,0.38663545,1.0189642,0.42070118,0.5396335,1.0,5758,"tags=42%, list=21%, signal=53%",
GOBP_POSITIVE_REGULATION_OF_POST_TRANSCRIPTIONAL_GENE_SILENCING,GOBP_POSITIVE_REGULATION_OF_POST_TRANSCRIPTIONAL_GENE_SILENCING,,12,0.48539817,1.0184648,0.45454547,0.54057616,1.0,2421,"tags=25%, list=9%, signal=27%",
GOBP_NEGATIVE_REGULATION_OF_GENE_EXPRESSION_EPIGENETIC,GOBP_NEGATIVE_REGULATION_OF_GENE_EXPRESSION_EPIGENETIC,,222,0.29515707,1.018161,0.4180791,0.54109645,1.0,4971,"tags=26%, list=18%, signal=31%",
GOBP_ESTABLISHMENT_OF_MITOTIC_SPINDLE_LOCALIZATION,GOBP_ESTABLISHMENT_OF_MITOTIC_SPINDLE_LOCALIZATION,,36,0.38993803,1.0174339,0.45454547,0.5425017,1.0,4480,"tags=31%, list=16%, signal=36%",
REACTOME_MITOCHONDRIAL_UNFOLDED_PROTEIN_RESPONSE_UPRMT,REACTOME_MITOCHONDRIAL_UNFOLDED_PROTEIN_RESPONSE_UPRMT,,16,0.44968468,1.0172101,0.43441227,0.54283196,1.0,3525,"tags=31%, list=13%, signal=36%",
GOBP_RESPONSE_TO_BMP,GOBP_RESPONSE_TO_BMP,,136,0.3137232,1.0166867,0.3984733,0.54376876,1.0,5113,"tags=28%, list=18%, signal=34%",
GOBP_PROTEIN_QUALITY_CONTROL_FOR_MISFOLDED_OR_INCOMPLETELY_SYNTHESIZED_PROTEINS,GOBP_PROTEIN_QUALITY_CONTROL_FOR_MISFOLDED_OR_INCOMPLETELY_SYNTHESIZED_PROTEINS,,30,0.39930823,1.0165852,0.44049734,0.54384166,1.0,3478,"tags=23%, list=13%, signal=27%",
GOBP_NEGATIVE_REGULATION_OF_EPITHELIAL_CELL_MIGRATION,GOBP_NEGATIVE_REGULATION_OF_EPITHELIAL_CELL_MIGRATION,,15,0.45866275,1.0165548,0.46835443,0.54376674,1.0,4584,"tags=40%, list=17%, signal=48%",
REACTOME_SIGNALING_BY_ERBB2,REACTOME_SIGNALING_BY_ERBB2,,47,0.3664658,1.0164095,0.43350604,0.5439413,1.0,5221,"tags=28%, list=19%, signal=34%",
GOBP_NEGATIVE_REGULATION_OF_T_CELL_CYTOKINE_PRODUCTION,GOBP_NEGATIVE_REGULATION_OF_T_CELL_CYTOKINE_PRODUCTION,,11,0.49872348,1.0161632,0.45787546,0.54435235,1.0,1256,"tags=45%, list=5%, signal=48%",
GOBP_CELLULAR_COMPONENT_ASSEMBLY_INVOLVED_IN_MORPHOGENESIS,GOBP_CELLULAR_COMPONENT_ASSEMBLY_INVOLVED_IN_MORPHOGENESIS,,111,0.32232562,1.0160276,0.4144427,0.54449546,1.0,6803,"tags=38%, list=25%, signal=50%",
GOBP_ACIDIC_AMINO_ACID_TRANSPORT,GOBP_ACIDIC_AMINO_ACID_TRANSPORT,,65,0.3465336,1.0153497,0.4198347,0.5458426,1.0,4931,"tags=22%, list=18%, signal=26%",
GOBP_NEGATIVE_REGULATION_OF_ACTIN_FILAMENT_DEPOLYMERIZATION,GOBP_NEGATIVE_REGULATION_OF_ACTIN_FILAMENT_DEPOLYMERIZATION,,45,0.36982673,1.0141553,0.42979452,0.54821926,1.0,3759,"tags=36%, list=14%, signal=41%",
GOBP_ZYMOSTEROL_METABOLIC_PROCESS,GOBP_ZYMOSTEROL_METABOLIC_PROCESS,,14,0.46450076,1.0136452,0.42676312,0.54920864,1.0,4231,"tags=36%, list=15%, signal=42%",
GOBP_PROTEIN_LOCALIZATION_TO_NUCLEAR_ENVELOPE,GOBP_PROTEIN_LOCALIZATION_TO_NUCLEAR_ENVELOPE,,14,0.46875417,1.0135738,0.4440367,0.549205,1.0,1178,"tags=21%, list=4%, signal=22%",
REACTOME_SIGNALING_BY_TYPE_1_INSULIN_LIKE_GROWTH_FACTOR_1_RECEPTOR_IGF1R,REACTOME_SIGNALING_BY_TYPE_1_INSULIN_LIKE_GROWTH_FACTOR_1_RECEPTOR_IGF1R,,42,0.3713466,1.013388,0.4477352,0.5494561,1.0,2121,"tags=14%, list=8%, signal=15%",
GOBP_CARDIAC_MUSCLE_TISSUE_MORPHOGENESIS,GOBP_CARDIAC_MUSCLE_TISSUE_MORPHOGENESIS,,48,0.36201534,1.013114,0.43053174,0.54994303,1.0,4646,"tags=33%, list=17%, signal=40%",
GOBP_REGULATION_OF_SODIUM_ION_TRANSPORT,GOBP_REGULATION_OF_SODIUM_ION_TRANSPORT,,60,0.3526057,1.0131035,0.44444445,0.5498226,1.0,6245,"tags=35%, list=23%, signal=45%",
GOBP_PIGMENT_METABOLIC_PROCESS,GOBP_PIGMENT_METABOLIC_PROCESS,,66,0.3421973,1.0129555,0.43252033,0.5500078,1.0,5358,"tags=32%, list=19%, signal=39%",
GOBP_VASCULAR_ENDOTHELIAL_CELL_PROLIFERATION,GOBP_VASCULAR_ENDOTHELIAL_CELL_PROLIFERATION,,21,0.4271487,1.0123811,0.4621993,0.5510765,1.0,4436,"tags=43%, list=16%, signal=51%",
REACTOME_PARACETAMOL_ADME,REACTOME_PARACETAMOL_ADME,,19,0.431208,1.0120703,0.44587156,0.5516237,1.0,5358,"tags=42%, list=19%, signal=52%",
REACTOME_TRIGLYCERIDE_CATABOLISM,REACTOME_TRIGLYCERIDE_CATABOLISM,,17,0.44836938,1.0120482,0.44268078,0.55152506,1.0,4133,"tags=35%, list=15%, signal=41%",
GOBP_NEGATIVE_REGULATION_OF_GROWTH,GOBP_NEGATIVE_REGULATION_OF_GROWTH,,189,0.29936427,1.0119027,0.4229075,0.5516953,1.0,4540,"tags=29%, list=16%, signal=35%",
GOBP_B_CELL_APOPTOTIC_PROCESS,GOBP_B_CELL_APOPTOTIC_PROCESS,,24,0.41218472,1.0105335,0.45709282,0.55447125,1.0,4169,"tags=46%, list=15%, signal=54%",
GOBP_REGULATION_OF_LONG_TERM_SYNAPTIC_POTENTIATION,GOBP_REGULATION_OF_LONG_TERM_SYNAPTIC_POTENTIATION,,39,0.37551022,1.0102992,0.43803057,0.55483013,1.0,5129,"tags=38%, list=18%, signal=47%",
GOBP_INTERMEMBRANE_LIPID_TRANSFER,GOBP_INTERMEMBRANE_LIPID_TRANSFER,,41,0.37180787,1.0100324,0.43739566,0.55524147,1.0,2114,"tags=24%, list=8%, signal=26%",
GOBP_VERY_LONG_CHAIN_FATTY_ACID_METABOLIC_PROCESS,GOBP_VERY_LONG_CHAIN_FATTY_ACID_METABOLIC_PROCESS,,33,0.39191622,1.0099068,0.4283305,0.5553756,1.0,3826,"tags=27%, list=14%, signal=32%",
REACTOME_SIGNALING_BY_PDGF,REACTOME_SIGNALING_BY_PDGF,,56,0.34529436,1.0094126,0.44166666,0.5563088,1.0,4230,"tags=25%, list=15%, signal=29%",
GOBP_NEGATIVE_REGULATION_OF_CELL_GROWTH_INVOLVED_IN_CARDIAC_MUSCLE_CELL_DEVELOPMENT,GOBP_NEGATIVE_REGULATION_OF_CELL_GROWTH_INVOLVED_IN_CARDIAC_MUSCLE_CELL_DEVELOPMENT,,11,0.4958194,1.0093654,0.47122303,0.5562677,1.0,3697,"tags=45%, list=13%, signal=52%",
GOBP_REGULATION_OF_STEROID_HORMONE_SECRETION,GOBP_REGULATION_OF_STEROID_HORMONE_SECRETION,,17,0.44324827,1.0091494,0.452007,0.5565817,1.0,2472,"tags=24%, list=9%, signal=26%",
GOBP_NEGATIVE_REGULATION_OF_PROTEIN_SECRETION,GOBP_NEGATIVE_REGULATION_OF_PROTEIN_SECRETION,,62,0.34649882,1.0089035,0.4473684,0.5569855,1.0,4360,"tags=26%, list=16%, signal=31%",
GOBP_COLLATERAL_SPROUTING,GOBP_COLLATERAL_SPROUTING,,28,0.39589587,1.0083628,0.45058626,0.5580442,1.0,4400,"tags=39%, list=16%, signal=47%",
GOBP_ESTABLISHMENT_OF_LYMPHOCYTE_POLARITY,GOBP_ESTABLISHMENT_OF_LYMPHOCYTE_POLARITY,,15,0.4547725,1.0080572,0.47285464,0.5585844,1.0,3095,"tags=33%, list=11%, signal=37%",
REACTOME_DNA_REPAIR,REACTOME_DNA_REPAIR,,320,0.28512952,1.0079409,0.4413793,0.558698,1.0,4116,"tags=18%, list=15%, signal=21%",
GOBP_TERMINATION_OF_RNA_POLYMERASE_II_TRANSCRIPTION,GOBP_TERMINATION_OF_RNA_POLYMERASE_II_TRANSCRIPTION,,13,0.47135478,1.0078038,0.46113074,0.55883634,1.0,3981,"tags=38%, list=14%, signal=45%",
GOBP_RESCUE_OF_STALLED_RIBOSOME,GOBP_RESCUE_OF_STALLED_RIBOSOME,,38,0.379331,1.0074157,0.45797598,0.5595652,1.0,4006,"tags=24%, list=14%, signal=28%",
REACTOME_CONSTITUTIVE_SIGNALING_BY_ABERRANT_PI3K_IN_CANCER,REACTOME_CONSTITUTIVE_SIGNALING_BY_ABERRANT_PI3K_IN_CANCER,,69,0.3420724,1.0073484,0.43956044,0.5595662,1.0,4230,"tags=28%, list=15%, signal=32%",
REACTOME_SEMA3A_PAK_DEPENDENT_AXON_REPULSION,REACTOME_SEMA3A_PAK_DEPENDENT_AXON_REPULSION,,16,0.44808233,1.0070348,0.42957747,0.5601268,1.0,2091,"tags=31%, list=8%, signal=34%",
GOBP_MAINTENANCE_OF_BLOOD_BRAIN_BARRIER,GOBP_MAINTENANCE_OF_BLOOD_BRAIN_BARRIER,,32,0.3900863,1.0067188,0.45723686,0.560673,1.0,5996,"tags=34%, list=22%, signal=44%",
GOBP_NEGATIVE_REGULATION_OF_ACTIN_FILAMENT_POLYMERIZATION,GOBP_NEGATIVE_REGULATION_OF_ACTIN_FILAMENT_POLYMERIZATION,,55,0.354043,1.0066962,0.45699832,0.5605775,1.0,6300,"tags=58%, list=23%, signal=75%",
GOBP_LIPID_TRANSLOCATION,GOBP_LIPID_TRANSLOCATION,,55,0.35301912,1.0064371,0.43322477,0.56100434,1.0,6091,"tags=53%, list=22%, signal=67%",
GOBP_ADULT_LOCOMOTORY_BEHAVIOR,GOBP_ADULT_LOCOMOTORY_BEHAVIOR,,65,0.33942112,1.0058799,0.44657096,0.56207854,1.0,3359,"tags=20%, list=12%, signal=23%",
REACTOME_NRAGE_SIGNALS_DEATH_THROUGH_JNK,REACTOME_NRAGE_SIGNALS_DEATH_THROUGH_JNK,,57,0.34946373,1.0055158,0.43333334,0.562763,1.0,4273,"tags=32%, list=15%, signal=37%",
GOBP_REGULATION_OF_CYTOPLASMIC_TRANSLATIONAL_INITIATION,GOBP_REGULATION_OF_CYTOPLASMIC_TRANSLATIONAL_INITIATION,,12,0.48136237,1.0043592,0.47927928,0.5651496,1.0,2740,"tags=25%, list=10%, signal=28%",
GOBP_RESPONSE_TO_IMMOBILIZATION_STRESS,GOBP_RESPONSE_TO_IMMOBILIZATION_STRESS,,15,0.45760384,1.0039091,0.48154658,0.5659833,1.0,1613,"tags=27%, list=6%, signal=28%",
REACTOME_ION_HOMEOSTASIS,REACTOME_ION_HOMEOSTASIS,,45,0.3681972,1.0032125,0.4602649,0.5673629,1.0,6075,"tags=40%, list=22%, signal=51%",
GOBP_NEGATIVE_REGULATION_OF_TRANSFORMING_GROWTH_FACTOR_BETA_RECEPTOR_SIGNALING_PATHWAY,GOBP_NEGATIVE_REGULATION_OF_TRANSFORMING_GROWTH_FACTOR_BETA_RECEPTOR_SIGNALING_PATHWAY,,94,0.3261764,1.0030806,0.4726989,0.5675062,1.0,5719,"tags=34%, list=21%, signal=43%",
GOBP_REGULATION_OF_COLLATERAL_SPROUTING,GOBP_REGULATION_OF_COLLATERAL_SPROUTING,,18,0.42546886,1.0030769,0.4434629,0.5673661,1.0,4400,"tags=44%, list=16%, signal=53%",
GOBP_SPERMATID_NUCLEUS_DIFFERENTIATION,GOBP_SPERMATID_NUCLEUS_DIFFERENTIATION,,20,0.41714367,1.0030239,0.4501845,0.5673428,1.0,6406,"tags=55%, list=23%, signal=71%",
GOBP_LIGAND_GATED_ION_CHANNEL_SIGNALING_PATHWAY,GOBP_LIGAND_GATED_ION_CHANNEL_SIGNALING_PATHWAY,,27,0.39916486,1.0028443,0.4479718,0.56758964,1.0,5451,"tags=30%, list=20%, signal=37%",
GOBP_TESTOSTERONE_BIOSYNTHETIC_PROCESS,GOBP_TESTOSTERONE_BIOSYNTHETIC_PROCESS,,10,0.49155197,1.0023986,0.4754991,0.56840336,1.0,8727,"tags=50%, list=31%, signal=73%",
GOBP_BILE_ACID_METABOLIC_PROCESS,GOBP_BILE_ACID_METABOLIC_PROCESS,,41,0.3664893,1.0023756,0.45134228,0.56830925,1.0,5480,"tags=37%, list=20%, signal=46%",
GOBP_POSTSYNAPSE_ORGANIZATION,GOBP_POSTSYNAPSE_ORGANIZATION,,215,0.29165775,1.0019988,0.45776567,0.5689628,1.0,5807,"tags=33%, list=21%, signal=41%",
GOBP_HIGH_DENSITY_LIPOPROTEIN_PARTICLE_ASSEMBLY,GOBP_HIGH_DENSITY_LIPOPROTEIN_PARTICLE_ASSEMBLY,,11,0.48734355,1.0018959,0.4746377,0.5690284,1.0,5633,"tags=64%, list=20%, signal=80%",
REACTOME_EPIGENETIC_REGULATION_OF_GENE_EXPRESSION,REACTOME_EPIGENETIC_REGULATION_OF_GENE_EXPRESSION,,301,0.28500462,1.0018582,0.45479083,0.5689722,1.0,3834,"tags=18%, list=14%, signal=21%",
REACTOME_PLASMA_LIPOPROTEIN_ASSEMBLY,REACTOME_PLASMA_LIPOPROTEIN_ASSEMBLY,,14,0.45573118,1.0016059,0.45565218,0.5693716,1.0,4360,"tags=36%, list=16%, signal=42%",
GOBP_LAMELLIPODIUM_ASSEMBLY,GOBP_LAMELLIPODIUM_ASSEMBLY,,68,0.33282042,1.0015721,0.43666667,0.5692888,1.0,3987,"tags=32%, list=14%, signal=38%",
GOBP_HEPARAN_SULFATE_PROTEOGLYCAN_BIOSYNTHETIC_PROCESS,GOBP_HEPARAN_SULFATE_PROTEOGLYCAN_BIOSYNTHETIC_PROCESS,,28,0.3970983,1.00112,0.48387095,0.5701087,1.0,4459,"tags=29%, list=16%, signal=34%",
GOBP_RESPONSE_TO_FOLLICLE_STIMULATING_HORMONE,GOBP_RESPONSE_TO_FOLLICLE_STIMULATING_HORMONE,,12,0.48396954,1.0010313,0.47636363,0.57014745,1.0,6892,"tags=50%, list=25%, signal=66%",
REACTOME_NUCLEAR_EVENTS_STIMULATED_BY_ALK_SIGNALING_IN_CANCER,REACTOME_NUCLEAR_EVENTS_STIMULATED_BY_ALK_SIGNALING_IN_CANCER,,33,0.382813,1.0008602,0.47413793,0.5703749,1.0,3651,"tags=30%, list=13%, signal=35%",
GOBP_SKELETAL_MUSCLE_ORGAN_DEVELOPMENT,GOBP_SKELETAL_MUSCLE_ORGAN_DEVELOPMENT,,148,0.30640772,1.0006363,0.4648318,0.5707157,1.0,3816,"tags=22%, list=14%, signal=25%",
REACTOME_COMPLEX_IV_ASSEMBLY,REACTOME_COMPLEX_IV_ASSEMBLY,,45,0.36440197,1.0004623,0.45973155,0.57093585,1.0,2941,"tags=20%, list=11%, signal=22%",
GOBP_CELLULAR_RESPONSE_TO_UV,GOBP_CELLULAR_RESPONSE_TO_UV,,84,0.32574886,1.0002469,0.44038156,0.57125807,1.0,5131,"tags=27%, list=18%, signal=33%",
GOBP_SULFATE_TRANSMEMBRANE_TRANSPORT,GOBP_SULFATE_TRANSMEMBRANE_TRANSPORT,,13,0.46965754,1.0001587,0.47349823,0.57130635,1.0,2060,"tags=15%, list=7%, signal=17%",
GOBP_G_PROTEIN_COUPLED_PURINERGIC_NUCLEOTIDE_RECEPTOR_SIGNALING_PATHWAY,GOBP_G_PROTEIN_COUPLED_PURINERGIC_NUCLEOTIDE_RECEPTOR_SIGNALING_PATHWAY,,13,0.47008413,0.99994713,0.47275922,0.57163715,1.0,3296,"tags=31%, list=12%, signal=35%",
GOBP_RESPIRATORY_SYSTEM_DEVELOPMENT,GOBP_RESPIRATORY_SYSTEM_DEVELOPMENT,,187,0.2970624,0.999599,0.4679666,0.5722494,1.0,4652,"tags=22%, list=17%, signal=27%",
GOBP_LACTATE_METABOLIC_PROCESS,GOBP_LACTATE_METABOLIC_PROCESS,,18,0.43658006,0.9995032,0.47478262,0.5723148,1.0,5332,"tags=44%, list=19%, signal=55%",
GOBP_MITOTIC_CELL_CYCLE_CHECKPOINT_SIGNALING,GOBP_MITOTIC_CELL_CYCLE_CHECKPOINT_SIGNALING,,147,0.3035554,0.9989993,0.4474074,0.57330656,1.0,4212,"tags=18%, list=15%, signal=21%",
GOBP_POSITIVE_REGULATION_OF_WNT_SIGNALING_PATHWAY,GOBP_POSITIVE_REGULATION_OF_WNT_SIGNALING_PATHWAY,,136,0.30606663,0.9989662,0.45886075,0.5732284,1.0,4686,"tags=24%, list=17%, signal=28%",
GOBP_FATTY_ACID_ELONGATION,GOBP_FATTY_ACID_ELONGATION,,14,0.47137478,0.9988996,0.47504303,0.57322377,1.0,5222,"tags=43%, list=19%, signal=53%",
GOBP_PROTEIN_LOCALIZATION_TO_CELL_JUNCTION,GOBP_PROTEIN_LOCALIZATION_TO_CELL_JUNCTION,,110,0.31388578,0.99879324,0.46974522,0.5733057,1.0,5807,"tags=31%, list=21%, signal=39%",
GOBP_CILIUM_MOVEMENT,GOBP_CILIUM_MOVEMENT,,236,0.28914902,0.99867135,0.44275862,0.57342035,1.0,4776,"tags=21%, list=17%, signal=25%",
REACTOME_ATF4_ACTIVATES_GENES_IN_RESPONSE_TO_ENDOPLASMIC_RETICULUM_STRESS,REACTOME_ATF4_ACTIVATES_GENES_IN_RESPONSE_TO_ENDOPLASMIC_RETICULUM_STRESS,,26,0.39167282,0.9984567,0.4799302,0.5737161,1.0,3769,"tags=31%, list=14%, signal=36%",
GOBP_PROTEIN_LOCALIZATION_TO_CHROMATIN,GOBP_PROTEIN_LOCALIZATION_TO_CHROMATIN,,60,0.3423312,0.998445,0.45454547,0.57359385,1.0,4029,"tags=25%, list=15%, signal=29%",
GOBP_POSITIVE_REGULATION_OF_INTERLEUKIN_13_PRODUCTION,GOBP_POSITIVE_REGULATION_OF_INTERLEUKIN_13_PRODUCTION,,18,0.43211693,0.9983244,0.46594983,0.57371646,1.0,3253,"tags=28%, list=12%, signal=31%",
GOBP_N_ACETYLGLUCOSAMINE_METABOLIC_PROCESS,GOBP_N_ACETYLGLUCOSAMINE_METABOLIC_PROCESS,,16,0.440623,0.99821573,0.45421246,0.5738045,1.0,1494,"tags=19%, list=5%, signal=20%",
GOBP_RESPONSE_TO_AMINE,GOBP_RESPONSE_TO_AMINE,,40,0.3686719,0.9981701,0.43844858,0.57376045,1.0,3950,"tags=23%, list=14%, signal=26%",
GOBP_NEGATIVE_REGULATION_OF_STEROID_BIOSYNTHETIC_PROCESS,GOBP_NEGATIVE_REGULATION_OF_STEROID_BIOSYNTHETIC_PROCESS,,23,0.40871254,0.9980739,0.44350758,0.5738238,1.0,4360,"tags=22%, list=16%, signal=26%",
REACTOME_ERBB2_REGULATES_CELL_MOTILITY,REACTOME_ERBB2_REGULATES_CELL_MOTILITY,,12,0.47186178,0.9978549,0.4618182,0.57415545,1.0,1919,"tags=17%, list=7%, signal=18%",
GOBP_CYCLIC_NUCLEOTIDE_TRANSPORT,GOBP_CYCLIC_NUCLEOTIDE_TRANSPORT,,10,0.48891622,0.9974881,0.48501873,0.57479453,1.0,4401,"tags=40%, list=16%, signal=48%",
GOBP_BONE_MORPHOGENESIS,GOBP_BONE_MORPHOGENESIS,,81,0.324043,0.99745333,0.45092025,0.57471734,1.0,4705,"tags=30%, list=17%, signal=36%",
GOBP_DENDRITIC_SPINE_DEVELOPMENT,GOBP_DENDRITIC_SPINE_DEVELOPMENT,,89,0.3248093,0.99743694,0.45101088,0.5746081,1.0,4561,"tags=27%, list=16%, signal=32%",
GOBP_THYROID_HORMONE_METABOLIC_PROCESS,GOBP_THYROID_HORMONE_METABOLIC_PROCESS,,22,0.4208941,0.9972078,0.47643098,0.5749573,1.0,4411,"tags=36%, list=16%, signal=43%",
GOBP_DENDRITE_DEVELOPMENT,GOBP_DENDRITE_DEVELOPMENT,,215,0.29444066,0.9970246,0.48414984,0.57520294,1.0,5655,"tags=29%, list=20%, signal=37%",
GOBP_NEGATIVE_REGULATION_OF_BLOOD_CIRCULATION,GOBP_NEGATIVE_REGULATION_OF_BLOOD_CIRCULATION,,18,0.42516136,0.99687034,0.4781818,0.5753916,1.0,5129,"tags=44%, list=18%, signal=54%",
GOBP_CELLULAR_RESPONSE_TO_RADIATION,GOBP_CELLULAR_RESPONSE_TO_RADIATION,,165,0.30089617,0.99680024,0.4464832,0.5753839,1.0,4759,"tags=24%, list=17%, signal=28%",
GOBP_GAMMA_AMINOBUTYRIC_ACID_TRANSPORT,GOBP_GAMMA_AMINOBUTYRIC_ACID_TRANSPORT,,14,0.44895145,0.99645513,0.46478873,0.5759895,1.0,4931,"tags=50%, list=18%, signal=61%",
GOBP_POSITIVE_REGULATION_OF_STEROID_METABOLIC_PROCESS,GOBP_POSITIVE_REGULATION_OF_STEROID_METABOLIC_PROCESS,,29,0.38895854,0.9963735,0.4772344,0.57602173,1.0,4385,"tags=34%, list=16%, signal=41%",
REACTOME_PI3K_EVENTS_IN_ERBB2_SIGNALING,REACTOME_PI3K_EVENTS_IN_ERBB2_SIGNALING,,13,0.46547022,0.9955206,0.4714549,0.5778022,1.0,1676,"tags=15%, list=6%, signal=16%",
GOBP_NEUROTRANSMITTER_RECEPTOR_TRANSPORT_TO_PLASMA_MEMBRANE,GOBP_NEUROTRANSMITTER_RECEPTOR_TRANSPORT_TO_PLASMA_MEMBRANE,,15,0.45488545,0.9952139,0.46435452,0.57833576,1.0,3767,"tags=33%, list=14%, signal=39%",
GOBP_NEGATIVE_REGULATION_OF_CELL_GROWTH,GOBP_NEGATIVE_REGULATION_OF_CELL_GROWTH,,150,0.3043277,0.99518836,0.49329358,0.57824665,1.0,4540,"tags=28%, list=16%, signal=33%",
GOBP_THYMOCYTE_APOPTOTIC_PROCESS,GOBP_THYMOCYTE_APOPTOTIC_PROCESS,,17,0.43496907,0.9946423,0.4637168,0.5793091,1.0,4966,"tags=53%, list=18%, signal=64%",
GOBP_EMBRYONIC_MORPHOGENESIS,GOBP_EMBRYONIC_MORPHOGENESIS,,489,0.2725347,0.9942027,0.503876,0.5801336,1.0,5098,"tags=25%, list=18%, signal=30%",
GOBP_TROPHECTODERMAL_CELL_DIFFERENTIATION,GOBP_TROPHECTODERMAL_CELL_DIFFERENTIATION,,14,0.4578078,0.99418414,0.457539,0.5800259,1.0,6656,"tags=43%, list=24%, signal=56%",
GOBP_FACE_DEVELOPMENT,GOBP_FACE_DEVELOPMENT,,46,0.35944015,0.9940163,0.4567063,0.5802423,1.0,2527,"tags=22%, list=9%, signal=24%",
GOBP_NEGATIVE_REGULATION_OF_FAT_CELL_DIFFERENTIATION,GOBP_NEGATIVE_REGULATION_OF_FAT_CELL_DIFFERENTIATION,,51,0.35631198,0.99380475,0.4625,0.5805699,1.0,4144,"tags=27%, list=15%, signal=32%",
GOBP_DEVELOPMENTAL_GROWTH_INVOLVED_IN_MORPHOGENESIS,GOBP_DEVELOPMENTAL_GROWTH_INVOLVED_IN_MORPHOGENESIS,,199,0.2927906,0.9931864,0.47632712,0.58174723,1.0,5381,"tags=31%, list=19%, signal=38%",
GOBP_ASSOCIATIVE_LEARNING,GOBP_ASSOCIATIVE_LEARNING,,80,0.32910094,0.9931108,0.48657188,0.58176416,1.0,5422,"tags=34%, list=20%, signal=42%",
REACTOME_SIGNALING_BY_FGFR,REACTOME_SIGNALING_BY_FGFR,,76,0.32692218,0.99306256,0.47208932,0.5817233,1.0,7184,"tags=41%, list=26%, signal=55%",
GOBP_RESPIRATORY_GASEOUS_EXCHANGE_BY_RESPIRATORY_SYSTEM,GOBP_RESPIRATORY_GASEOUS_EXCHANGE_BY_RESPIRATORY_SYSTEM,,63,0.33849788,0.9925212,0.46929133,0.58274245,1.0,3293,"tags=25%, list=12%, signal=29%",
GOBP_REGULATION_OF_EATING_BEHAVIOR,GOBP_REGULATION_OF_EATING_BEHAVIOR,,10,0.4891988,0.99235475,0.4731978,0.582974,1.0,6904,"tags=60%, list=25%, signal=80%",
GOBP_AMINO_SUGAR_BIOSYNTHETIC_PROCESS,GOBP_AMINO_SUGAR_BIOSYNTHETIC_PROCESS,,13,0.46958473,0.9922103,0.4903846,0.5831261,1.0,1761,"tags=23%, list=6%, signal=25%",
REACTOME_PHYSIOLOGICAL_FACTORS,REACTOME_PHYSIOLOGICAL_FACTORS,,10,0.4889814,0.99212015,0.48263255,0.5831768,1.0,7357,"tags=50%, list=27%, signal=68%",
REACTOME_DARPP_32_EVENTS,REACTOME_DARPP_32_EVENTS,,22,0.4122526,0.9920077,0.47586206,0.5832567,1.0,4519,"tags=32%, list=16%, signal=38%",
GOBP_TYROSINE_METABOLIC_PROCESS,GOBP_TYROSINE_METABOLIC_PROCESS,,13,0.46256322,0.99160856,0.4704861,0.58395934,1.0,8281,"tags=54%, list=30%, signal=77%",
GOBP_CALCIUM_IMPORT_INTO_THE_MITOCHONDRION,GOBP_CALCIUM_IMPORT_INTO_THE_MITOCHONDRION,,16,0.43866485,0.9915277,0.46630237,0.5839932,1.0,752,"tags=13%, list=3%, signal=13%",
GOBP_ESCRT_COMPLEX_DISASSEMBLY,GOBP_ESCRT_COMPLEX_DISASSEMBLY,,10,0.49285984,0.9914792,0.48979592,0.5839596,1.0,3758,"tags=60%, list=14%, signal=69%",
REACTOME_LONG_TERM_POTENTIATION,REACTOME_LONG_TERM_POTENTIATION,,18,0.4316799,0.9913716,0.47761193,0.5840396,1.0,5451,"tags=33%, list=20%, signal=41%",
GOBP_CYTIDINE_TO_URIDINE_EDITING,GOBP_CYTIDINE_TO_URIDINE_EDITING,,10,0.49119854,0.9912307,0.4943182,0.58422935,1.0,2737,"tags=30%, list=10%, signal=33%",
REACTOME_FORMATION_OF_SENESCENCE_ASSOCIATED_HETEROCHROMATIN_FOCI_SAHF,REACTOME_FORMATION_OF_SENESCENCE_ASSOCIATED_HETEROCHROMATIN_FOCI_SAHF,,16,0.43969953,0.99095917,0.48237476,0.5846726,1.0,6468,"tags=50%, list=23%, signal=65%",
GOBP_EPITHELIAL_TO_MESENCHYMAL_TRANSITION,GOBP_EPITHELIAL_TO_MESENCHYMAL_TRANSITION,,140,0.30069095,0.9897809,0.47329378,0.5870997,1.0,4686,"tags=26%, list=17%, signal=31%",
GOBP_NEUROTRANSMITTER_GATED_ION_CHANNEL_CLUSTERING,GOBP_NEUROTRANSMITTER_GATED_ION_CHANNEL_CLUSTERING,,13,0.45483214,0.9893945,0.47644928,0.58778214,1.0,5807,"tags=62%, list=21%, signal=78%",
GOBP_SYNAPTONEMAL_COMPLEX_ORGANIZATION,GOBP_SYNAPTONEMAL_COMPLEX_ORGANIZATION,,21,0.42076913,0.98927695,0.48809522,0.58789223,1.0,3592,"tags=33%, list=13%, signal=38%",
GOBP_POSITIVE_REGULATION_OF_BIOMINERAL_TISSUE_DEVELOPMENT,GOBP_POSITIVE_REGULATION_OF_BIOMINERAL_TISSUE_DEVELOPMENT,,45,0.35412717,0.9891165,0.47068965,0.5880877,1.0,2692,"tags=20%, list=10%, signal=22%",
GOBP_3_UTR_MEDIATED_MRNA_STABILIZATION,GOBP_3_UTR_MEDIATED_MRNA_STABILIZATION,,24,0.40261585,0.98900986,0.5,0.5881736,1.0,3925,"tags=38%, list=14%, signal=44%",
GOBP_MICROTUBULE_BASED_MOVEMENT,GOBP_MICROTUBULE_BASED_MOVEMENT,,470,0.27180776,0.98867863,0.4816754,0.5887691,1.0,4776,"tags=21%, list=17%, signal=25%",
GOBP_PLACENTA_BLOOD_VESSEL_DEVELOPMENT,GOBP_PLACENTA_BLOOD_VESSEL_DEVELOPMENT,,29,0.39310536,0.9885804,0.48376068,0.5888501,1.0,3737,"tags=28%, list=13%, signal=32%",
GOBP_MESODERMAL_CELL_FATE_COMMITMENT,GOBP_MESODERMAL_CELL_FATE_COMMITMENT,,11,0.4918269,0.9884999,0.4954792,0.58887804,1.0,354,"tags=9%, list=1%, signal=9%",
GOBP_SEMAPHORIN_PLEXIN_SIGNALING_PATHWAY,GOBP_SEMAPHORIN_PLEXIN_SIGNALING_PATHWAY,,41,0.35811645,0.98640543,0.47697368,0.59329873,1.0,5293,"tags=44%, list=19%, signal=54%",
REACTOME_PURINE_SALVAGE,REACTOME_PURINE_SALVAGE,,13,0.45479995,0.9858389,0.49822065,0.5943969,1.0,3287,"tags=23%, list=12%, signal=26%",
GOBP_POSITIVE_REGULATION_OF_VASCULAR_ENDOTHELIAL_CELL_PROLIFERATION,GOBP_POSITIVE_REGULATION_OF_VASCULAR_ENDOTHELIAL_CELL_PROLIFERATION,,14,0.45171452,0.98579305,0.49225473,0.5943523,1.0,4324,"tags=43%, list=16%, signal=51%",
GOBP_OLEFINIC_COMPOUND_BIOSYNTHETIC_PROCESS,GOBP_OLEFINIC_COMPOUND_BIOSYNTHETIC_PROCESS,,27,0.39336726,0.9855473,0.4852941,0.5947445,1.0,4829,"tags=26%, list=17%, signal=31%",
GOBP_DERMATAN_SULFATE_PROTEOGLYCAN_BIOSYNTHETIC_PROCESS,GOBP_DERMATAN_SULFATE_PROTEOGLYCAN_BIOSYNTHETIC_PROCESS,,13,0.46066827,0.98544884,0.46823958,0.5948117,1.0,1495,"tags=23%, list=5%, signal=24%",
GOBP_REGULATION_OF_UNSATURATED_FATTY_ACID_BIOSYNTHETIC_PROCESS,GOBP_REGULATION_OF_UNSATURATED_FATTY_ACID_BIOSYNTHETIC_PROCESS,,13,0.46016198,0.9853305,0.48975793,0.59489673,1.0,2194,"tags=15%, list=8%, signal=17%",
GOBP_TROPHOBLAST_GIANT_CELL_DIFFERENTIATION,GOBP_TROPHOBLAST_GIANT_CELL_DIFFERENTIATION,,10,0.48548982,0.985246,0.49462366,0.59493107,1.0,6630,"tags=40%, list=24%, signal=53%",
GOBP_RESPONSE_TO_AMPHETAMINE,GOBP_RESPONSE_TO_AMPHETAMINE,,27,0.38965547,0.9852017,0.47304347,0.5948768,1.0,3697,"tags=22%, list=13%, signal=26%",
GOBP_RESPONSE_TO_UV,GOBP_RESPONSE_TO_UV,,144,0.30236268,0.9851837,0.47013783,0.5947591,1.0,2419,"tags=15%, list=9%, signal=16%",
GOBP_NOSE_DEVELOPMENT,GOBP_NOSE_DEVELOPMENT,,10,0.49634817,0.9851115,0.50090414,0.5947621,1.0,1952,"tags=20%, list=7%, signal=22%",
GOBP_CELLULAR_RESPONSE_TO_ESTROGEN_STIMULUS,GOBP_CELLULAR_RESPONSE_TO_ESTROGEN_STIMULUS,,16,0.4337041,0.9850674,0.47026023,0.5947097,1.0,4927,"tags=31%, list=18%, signal=38%",
GOBP_POSITIVE_REGULATION_OF_BONE_MINERALIZATION,GOBP_POSITIVE_REGULATION_OF_BONE_MINERALIZATION,,37,0.3660577,0.9850106,0.47250858,0.5946745,1.0,2692,"tags=22%, list=10%, signal=24%",
GOBP_REGULATION_OF_LONG_TERM_NEURONAL_SYNAPTIC_PLASTICITY,GOBP_REGULATION_OF_LONG_TERM_NEURONAL_SYNAPTIC_PLASTICITY,,23,0.406738,0.9849869,0.49305555,0.59456855,1.0,5129,"tags=39%, list=18%, signal=48%",
REACTOME_METABOLISM_OF_FAT_SOLUBLE_VITAMINS,REACTOME_METABOLISM_OF_FAT_SOLUBLE_VITAMINS,,35,0.36968738,0.98492986,0.4772344,0.5945454,1.0,6034,"tags=34%, list=22%, signal=44%",
REACTOME_GLUCAGON_LIKE_PEPTIDE_1_GLP1_REGULATES_INSULIN_SECRETION,REACTOME_GLUCAGON_LIKE_PEPTIDE_1_GLP1_REGULATES_INSULIN_SECRETION,,34,0.37372708,0.9849292,0.49823323,0.59439564,1.0,4519,"tags=41%, list=16%, signal=49%",
GOBP_REGULATION_OF_INTRINSIC_APOPTOTIC_SIGNALING_PATHWAY_BY_P53_CLASS_MEDIATOR,GOBP_REGULATION_OF_INTRINSIC_APOPTOTIC_SIGNALING_PATHWAY_BY_P53_CLASS_MEDIATOR,,32,0.37484095,0.98490095,0.45026177,0.5943057,1.0,4248,"tags=28%, list=15%, signal=33%",
GOBP_REGULATION_OF_MICROTUBULE_CYTOSKELETON_ORGANIZATION,GOBP_REGULATION_OF_MICROTUBULE_CYTOSKELETON_ORGANIZATION,,162,0.29975572,0.9847759,0.48205927,0.5944302,1.0,5041,"tags=27%, list=18%, signal=32%",
GOBP_POSITIVE_CHEMOTAXIS,GOBP_POSITIVE_CHEMOTAXIS,,51,0.34958762,0.9847401,0.46839547,0.594354,1.0,5293,"tags=35%, list=19%, signal=44%",
GOBP_PHOSPHOLIPID_EFFLUX,GOBP_PHOSPHOLIPID_EFFLUX,,10,0.4943213,0.9844184,0.5,0.5949166,1.0,4360,"tags=50%, list=16%, signal=59%",
GOBP_PROSTATE_GLAND_DEVELOPMENT,GOBP_PROSTATE_GLAND_DEVELOPMENT,,36,0.37433007,0.9844062,0.49667773,0.5947955,1.0,4459,"tags=28%, list=16%, signal=33%",
GOBP_NOTCH_SIGNALING_PATHWAY,GOBP_NOTCH_SIGNALING_PATHWAY,,152,0.2967262,0.984063,0.4904271,0.5954016,1.0,4646,"tags=27%, list=17%, signal=32%",
GOBP_CHOLESTEROL_BIOSYNTHETIC_PROCESS_VIA_DESMOSTEROL,GOBP_CHOLESTEROL_BIOSYNTHETIC_PROCESS_VIA_DESMOSTEROL,,19,0.4184896,0.9835594,0.4921191,0.59633714,1.0,4231,"tags=32%, list=15%, signal=37%",
GOBP_POSITIVE_REGULATION_OF_EXTRACELLULAR_MATRIX_ORGANIZATION,GOBP_POSITIVE_REGULATION_OF_EXTRACELLULAR_MATRIX_ORGANIZATION,,26,0.39738378,0.98348427,0.46043167,0.59634125,1.0,3372,"tags=31%, list=12%, signal=35%",
GOBP_REGULATION_OF_GLYCOGEN_BIOSYNTHETIC_PROCESS,GOBP_REGULATION_OF_GLYCOGEN_BIOSYNTHETIC_PROCESS,,24,0.3952149,0.983467,0.45892859,0.5962343,1.0,4169,"tags=38%, list=15%, signal=44%",
GOBP_POSITIVE_REGULATION_OF_NEUROTRANSMITTER_SECRETION,GOBP_POSITIVE_REGULATION_OF_NEUROTRANSMITTER_SECRETION,,17,0.43902877,0.9829721,0.47711268,0.5971824,1.0,5324,"tags=29%, list=19%, signal=36%",
GOBP_POSITIVE_REGULATION_OF_ACTIN_FILAMENT_POLYMERIZATION,GOBP_POSITIVE_REGULATION_OF_ACTIN_FILAMENT_POLYMERIZATION,,46,0.3556561,0.9826821,0.4882943,0.5976655,1.0,4367,"tags=37%, list=16%, signal=44%",
REACTOME_MET_ACTIVATES_RAS_SIGNALING,REACTOME_MET_ACTIVATES_RAS_SIGNALING,,11,0.4824993,0.98245287,0.5118397,0.59804314,1.0,1354,"tags=18%, list=5%, signal=19%",
GOBP_NEGATIVE_REGULATION_OF_HEMATOPOIETIC_PROGENITOR_CELL_DIFFERENTIATION,GOBP_NEGATIVE_REGULATION_OF_HEMATOPOIETIC_PROGENITOR_CELL_DIFFERENTIATION,,11,0.4778031,0.98242337,0.5,0.5979611,1.0,5526,"tags=36%, list=20%, signal=45%",
GOBP_NEGATIVE_REGULATION_OF_PROTEIN_POLYMERIZATION,GOBP_NEGATIVE_REGULATION_OF_PROTEIN_POLYMERIZATION,,69,0.3312996,0.9817335,0.47715735,0.5993313,1.0,6344,"tags=51%, list=23%, signal=66%",
GOBP_ANIMAL_ORGAN_MATURATION,GOBP_ANIMAL_ORGAN_MATURATION,,29,0.3846777,0.9812614,0.48701298,0.6002396,1.0,3404,"tags=24%, list=12%, signal=27%",
GOBP_DETECTION_OF_STIMULUS_INVOLVED_IN_SENSORY_PERCEPTION_OF_PAIN,GOBP_DETECTION_OF_STIMULUS_INVOLVED_IN_SENSORY_PERCEPTION_OF_PAIN,,24,0.40441185,0.9808977,0.49914822,0.600905,1.0,3172,"tags=21%, list=11%, signal=24%",
GOBP_REGULATION_OF_POTASSIUM_ION_EXPORT_ACROSS_PLASMA_MEMBRANE,GOBP_REGULATION_OF_POTASSIUM_ION_EXPORT_ACROSS_PLASMA_MEMBRANE,,10,0.49365246,0.9801075,0.5218978,0.60249037,1.0,4759,"tags=40%, list=17%, signal=48%",
GOBP_DICARBOXYLIC_ACID_CATABOLIC_PROCESS,GOBP_DICARBOXYLIC_ACID_CATABOLIC_PROCESS,,15,0.44656628,0.9800035,0.48754448,0.6025693,1.0,1584,"tags=20%, list=6%, signal=21%",
GOBP_ARF_PROTEIN_SIGNAL_TRANSDUCTION,GOBP_ARF_PROTEIN_SIGNAL_TRANSDUCTION,,22,0.40128493,0.9797849,0.4556962,0.60291,1.0,2716,"tags=18%, list=10%, signal=20%",
REACTOME_ATTACHMENT_AND_ENTRY,REACTOME_ATTACHMENT_AND_ENTRY,,17,0.43765363,0.9797303,0.52099234,0.6028816,1.0,5293,"tags=35%, list=19%, signal=44%",
GOBP_ESTABLISHMENT_OR_MAINTENANCE_OF_CELL_POLARITY,GOBP_ESTABLISHMENT_OR_MAINTENANCE_OF_CELL_POLARITY,,220,0.28349006,0.9797065,0.52011496,0.602784,1.0,3804,"tags=23%, list=14%, signal=26%",
GOBP_NEGATIVE_REGULATION_OF_TRANSFORMING_GROWTH_FACTOR_BETA_PRODUCTION,GOBP_NEGATIVE_REGULATION_OF_TRANSFORMING_GROWTH_FACTOR_BETA_PRODUCTION,,13,0.45714605,0.97839737,0.48853615,0.60552704,1.0,1708,"tags=23%, list=6%, signal=25%",
GOBP_REGULATION_OF_CHROMATIN_ORGANIZATION,GOBP_REGULATION_OF_CHROMATIN_ORGANIZATION,,30,0.38060927,0.97838897,0.47938144,0.60539263,1.0,3445,"tags=20%, list=12%, signal=23%",
GOBP_COLLAGEN_BIOSYNTHETIC_PROCESS,GOBP_COLLAGEN_BIOSYNTHETIC_PROCESS,,44,0.35738555,0.9782788,0.50167227,0.6054884,1.0,4778,"tags=32%, list=17%, signal=38%",
GOBP_REGULATION_OF_TRANSLATIONAL_INITIATION,GOBP_REGULATION_OF_TRANSLATIONAL_INITIATION,,90,0.31626597,0.97783476,0.5054602,0.6063052,1.0,3434,"tags=20%, list=12%, signal=23%",
GOBP_REGULATION_OF_STORE_OPERATED_CALCIUM_ENTRY,GOBP_REGULATION_OF_STORE_OPERATED_CALCIUM_ENTRY,,13,0.46208015,0.97780484,0.49644127,0.60622495,1.0,5223,"tags=38%, list=19%, signal=47%",
GOBP_RENAL_TUBULAR_SECRETION,GOBP_RENAL_TUBULAR_SECRETION,,10,0.48572603,0.97756225,0.5150443,0.6065977,1.0,6206,"tags=50%, list=22%, signal=64%",
GOBP_EAR_DEVELOPMENT,GOBP_EAR_DEVELOPMENT,,175,0.29113644,0.97732544,0.5241581,0.60696816,1.0,5815,"tags=28%, list=21%, signal=35%",
GOBP_STEROID_HORMONE_BIOSYNTHETIC_PROCESS,GOBP_STEROID_HORMONE_BIOSYNTHETIC_PROCESS,,38,0.3698204,0.9769998,0.48951048,0.607529,1.0,4867,"tags=26%, list=18%, signal=32%",
GOBP_CATECHOLAMINE_SECRETION,GOBP_CATECHOLAMINE_SECRETION,,32,0.37925592,0.97676986,0.49169436,0.6078837,1.0,3385,"tags=25%, list=12%, signal=28%",
GOBP_NEGATIVE_REGULATION_OF_MITOTIC_CELL_CYCLE,GOBP_NEGATIVE_REGULATION_OF_MITOTIC_CELL_CYCLE,,228,0.28663465,0.9765727,0.5273973,0.6081654,1.0,4476,"tags=19%, list=16%, signal=22%",
GOBP_CHROMOSOME_SEGREGATION,GOBP_CHROMOSOME_SEGREGATION,,433,0.26879254,0.9765713,0.55104715,0.608017,1.0,4590,"tags=21%, list=17%, signal=24%",
GOBP_TYPE_B_PANCREATIC_CELL_DEVELOPMENT,GOBP_TYPE_B_PANCREATIC_CELL_DEVELOPMENT,,16,0.43546912,0.97648257,0.5018587,0.6080574,1.0,6200,"tags=38%, list=22%, signal=48%",
GOBP_PRESYNAPSE_ORGANIZATION,GOBP_PRESYNAPSE_ORGANIZATION,,39,0.35635167,0.9763604,0.507772,0.60816866,1.0,5129,"tags=33%, list=18%, signal=41%",
GOBP_NEGATIVE_REGULATION_OF_DNA_METABOLIC_PROCESS,GOBP_NEGATIVE_REGULATION_OF_DNA_METABOLIC_PROCESS,,127,0.30346185,0.97621644,0.50150603,0.6083334,1.0,4447,"tags=21%, list=16%, signal=25%",
GOBP_POSITIVE_REGULATION_OF_NEUROTRANSMITTER_TRANSPORT,GOBP_POSITIVE_REGULATION_OF_NEUROTRANSMITTER_TRANSPORT,,20,0.41278982,0.9761364,0.47266313,0.60836416,1.0,5324,"tags=25%, list=19%, signal=31%",
GOBP_UROGENITAL_SYSTEM_DEVELOPMENT,GOBP_UROGENITAL_SYSTEM_DEVELOPMENT,,50,0.34866032,0.9758317,0.5,0.6088726,1.0,4459,"tags=24%, list=16%, signal=29%",
GOBP_CALCIUM_ION_IMPORT,GOBP_CALCIUM_ION_IMPORT,,68,0.32646084,0.97570616,0.5126984,0.60899734,1.0,1829,"tags=13%, list=7%, signal=14%",
GOBP_POSITIVE_REGULATION_OF_HORMONE_METABOLIC_PROCESS,GOBP_POSITIVE_REGULATION_OF_HORMONE_METABOLIC_PROCESS,,14,0.44465646,0.97507584,0.5083333,0.61024445,1.0,7595,"tags=71%, list=27%, signal=98%",
REACTOME_GAMMA_CARBOXYLATION_HYPUSINYLATION_HYDROXYLATION_AND_ARYLSULFATASE_ACTIVATION,REACTOME_GAMMA_CARBOXYLATION_HYPUSINYLATION_HYDROXYLATION_AND_ARYLSULFATASE_ACTIVATION,,57,0.33884677,0.97494143,0.51510066,0.6103837,1.0,3019,"tags=23%, list=11%, signal=26%",
GOBP_MEMORY,GOBP_MEMORY,,109,0.30955052,0.97492677,0.5268817,0.6102606,1.0,6005,"tags=37%, list=22%, signal=47%",
GOBP_CELLULAR_RESPONSE_TO_LEUCINE_STARVATION,GOBP_CELLULAR_RESPONSE_TO_LEUCINE_STARVATION,,12,0.45637092,0.9743142,0.53249097,0.6114762,1.0,3005,"tags=25%, list=11%, signal=28%",
GOBP_REGULATION_OF_SYNAPSE_MATURATION,GOBP_REGULATION_OF_SYNAPSE_MATURATION,,25,0.39278233,0.974303,0.50687283,0.6113485,1.0,5529,"tags=36%, list=20%, signal=45%",
REACTOME_O_LINKED_GLYCOSYLATION,REACTOME_O_LINKED_GLYCOSYLATION,,104,0.3060344,0.9739438,0.5133438,0.6120084,1.0,2166,"tags=14%, list=8%, signal=16%",
REACTOME_MITOCHONDRIAL_FATTY_ACID_BETA_OXIDATION,REACTOME_MITOCHONDRIAL_FATTY_ACID_BETA_OXIDATION,,34,0.3678226,0.973331,0.49916804,0.61319685,1.0,2180,"tags=15%, list=8%, signal=16%",
GOBP_PROTEIN_TETRAMERIZATION,GOBP_PROTEIN_TETRAMERIZATION,,93,0.3171817,0.9732798,0.51653546,0.6131573,1.0,5487,"tags=34%, list=20%, signal=43%",
GOBP_NON_PROTEINOGENIC_AMINO_ACID_CATABOLIC_PROCESS,GOBP_NON_PROTEINOGENIC_AMINO_ACID_CATABOLIC_PROCESS,,14,0.4456849,0.97327554,0.5153061,0.613014,1.0,3051,"tags=29%, list=11%, signal=32%",
GOBP_EPITHELIAL_CELL_MATURATION,GOBP_EPITHELIAL_CELL_MATURATION,,11,0.4789943,0.9731396,0.5095057,0.61315596,1.0,1232,"tags=18%, list=4%, signal=19%",
GOBP_POSITIVE_REGULATION_OF_DENDRITIC_SPINE_DEVELOPMENT,GOBP_POSITIVE_REGULATION_OF_DENDRITIC_SPINE_DEVELOPMENT,,37,0.36849922,0.9730394,0.5040783,0.613231,1.0,5522,"tags=30%, list=20%, signal=37%",
GOBP_ESTABLISHMENT_OR_MAINTENANCE_OF_TRANSMEMBRANE_ELECTROCHEMICAL_GRADIENT,GOBP_ESTABLISHMENT_OR_MAINTENANCE_OF_TRANSMEMBRANE_ELECTROCHEMICAL_GRADIENT,,13,0.45112726,0.9727003,0.5008944,0.613836,1.0,4152,"tags=38%, list=15%, signal=45%",
GOBP_NEGATIVE_REGULATION_OF_STEM_CELL_POPULATION_MAINTENANCE,GOBP_NEGATIVE_REGULATION_OF_STEM_CELL_POPULATION_MAINTENANCE,,24,0.39634204,0.97259945,0.47706422,0.6138952,1.0,2937,"tags=17%, list=11%, signal=19%",
GOBP_NUCLEOLAR_CHROMATIN_ORGANIZATION,GOBP_NUCLEOLAR_CHROMATIN_ORGANIZATION,,11,0.47879747,0.97246224,0.52181816,0.6140321,1.0,4144,"tags=27%, list=15%, signal=32%",
GOBP_REGULATION_OF_GLIAL_CELL_MIGRATION,GOBP_REGULATION_OF_GLIAL_CELL_MIGRATION,,14,0.4544269,0.9724501,0.52071005,0.61390424,1.0,3787,"tags=43%, list=14%, signal=50%",
GOBP_RENAL_SYSTEM_PROCESS_INVOLVED_IN_REGULATION_OF_BLOOD_VOLUME,GOBP_RENAL_SYSTEM_PROCESS_INVOLVED_IN_REGULATION_OF_BLOOD_VOLUME,,11,0.46701658,0.971989,0.49186257,0.61478066,1.0,1938,"tags=27%, list=7%, signal=29%",
GOBP_G0_TO_G1_TRANSITION,GOBP_G0_TO_G1_TRANSITION,,38,0.36699477,0.97187865,0.51369864,0.6148833,1.0,3950,"tags=26%, list=14%, signal=31%",
GOBP_NEGATIVE_REGULATION_OF_TOLL_LIKE_RECEPTOR_4_SIGNALING_PATHWAY,GOBP_NEGATIVE_REGULATION_OF_TOLL_LIKE_RECEPTOR_4_SIGNALING_PATHWAY,,14,0.43854982,0.97173536,0.5027933,0.61504275,1.0,3443,"tags=43%, list=12%, signal=49%",
REACTOME_PREGNENOLONE_BIOSYNTHESIS,REACTOME_PREGNENOLONE_BIOSYNTHESIS,,11,0.47746047,0.97162914,0.5099819,0.6151339,1.0,4189,"tags=36%, list=15%, signal=43%",
GOBP_POSTSYNAPTIC_NEUROTRANSMITTER_RECEPTOR_INTERNALIZATION,GOBP_POSTSYNAPTIC_NEUROTRANSMITTER_RECEPTOR_INTERNALIZATION,,35,0.36744446,0.97152925,0.50883394,0.6151931,1.0,4025,"tags=29%, list=15%, signal=33%",
REACTOME_TERMINATION_OF_O_GLYCAN_BIOSYNTHESIS,REACTOME_TERMINATION_OF_O_GLYCAN_BIOSYNTHESIS,,17,0.4247021,0.9713729,0.5103806,0.61538905,1.0,2616,"tags=29%, list=9%, signal=32%",
GOBP_CELLULAR_RESPONSE_TO_STEROID_HORMONE_STIMULUS,GOBP_CELLULAR_RESPONSE_TO_STEROID_HORMONE_STIMULUS,,185,0.2880631,0.9711501,0.5221113,0.6157211,1.0,4875,"tags=29%, list=18%, signal=35%",
GOBP_PROTEIN_DESTABILIZATION,GOBP_PROTEIN_DESTABILIZATION,,55,0.33900633,0.9703754,0.52356905,0.6172949,1.0,4302,"tags=31%, list=16%, signal=37%",
GOBP_CELL_FATE_COMMITMENT,GOBP_CELL_FATE_COMMITMENT,,202,0.2856742,0.9702814,0.5441176,0.6173471,1.0,3974,"tags=23%, list=14%, signal=26%",
GOBP_POSITIVE_REGULATION_OF_CHOLESTEROL_METABOLIC_PROCESS,GOBP_POSITIVE_REGULATION_OF_CHOLESTEROL_METABOLIC_PROCESS,,17,0.42389974,0.9702739,0.50088185,0.61721146,1.0,4360,"tags=41%, list=16%, signal=49%",
GOBP_THYROID_HORMONE_GENERATION,GOBP_THYROID_HORMONE_GENERATION,,17,0.4163169,0.970251,0.5163776,0.617107,1.0,2607,"tags=24%, list=9%, signal=26%",
GOBP_SYNAPTIC_MEMBRANE_ADHESION,GOBP_SYNAPTIC_MEMBRANE_ADHESION,,23,0.39699003,0.9701632,0.4890511,0.6171362,1.0,1243,"tags=13%, list=4%, signal=14%",
GOBP_PROTEIN_LOCALIZATION_TO_EARLY_ENDOSOME,GOBP_PROTEIN_LOCALIZATION_TO_EARLY_ENDOSOME,,13,0.45789275,0.9701553,0.5278276,0.6169983,1.0,2412,"tags=31%, list=9%, signal=34%",
GOBP_NEGATIVE_REGULATION_OF_NEUROINFLAMMATORY_RESPONSE,GOBP_NEGATIVE_REGULATION_OF_NEUROINFLAMMATORY_RESPONSE,,13,0.45366868,0.96966493,0.5260417,0.6179118,1.0,3356,"tags=38%, list=12%, signal=44%",
GOBP_POSTSYNAPSE_ASSEMBLY,GOBP_POSTSYNAPSE_ASSEMBLY,,72,0.32736185,0.9688691,0.5134707,0.61953986,1.0,4286,"tags=25%, list=15%, signal=29%",
GOBP_NEGATIVE_REGULATION_OF_HORMONE_SECRETION,GOBP_NEGATIVE_REGULATION_OF_HORMONE_SECRETION,,54,0.3358679,0.9684646,0.5173554,0.62027496,1.0,4122,"tags=24%, list=15%, signal=28%",
GOBP_REGULATION_OF_CARDIOCYTE_DIFFERENTIATION,GOBP_REGULATION_OF_CARDIOCYTE_DIFFERENTIATION,,20,0.4183034,0.9680719,0.49097472,0.6210085,1.0,1232,"tags=15%, list=4%, signal=16%",
REACTOME_SYNTHESIS_OF_PIPS_AT_THE_GOLGI_MEMBRANE,REACTOME_SYNTHESIS_OF_PIPS_AT_THE_GOLGI_MEMBRANE,,17,0.4234175,0.9680472,0.5046904,0.62090296,1.0,3033,"tags=24%, list=11%, signal=26%",
GOBP_RAB_PROTEIN_SIGNAL_TRANSDUCTION,GOBP_RAB_PROTEIN_SIGNAL_TRANSDUCTION,,24,0.4021723,0.9679224,0.5332226,0.6210169,1.0,4165,"tags=33%, list=15%, signal=39%",
GOBP_OOCYTE_MATURATION,GOBP_OOCYTE_MATURATION,,30,0.37527278,0.96777576,0.4972477,0.6212012,1.0,5019,"tags=33%, list=18%, signal=41%",
GOBP_REGULATION_OF_PROTEIN_LOCALIZATION_TO_ENDOSOME,GOBP_REGULATION_OF_PROTEIN_LOCALIZATION_TO_ENDOSOME,,14,0.44863063,0.9673766,0.52105266,0.62193286,1.0,2081,"tags=21%, list=8%, signal=23%",
REACTOME_TP53_REGULATES_TRANSCRIPTION_OF_SEVERAL_ADDITIONAL_CELL_DEATH_GENES_WHOSE_SPECIFIC_ROLES_IN_P53_DEPENDENT_APOPTOSIS_REMAIN_UNCERTAIN,REACTOME_TP53_REGULATES_TRANSCRIPTION_OF_SEVERAL_ADDITIONAL_CELL_DEATH_GENES_WHOSE_SPECIFIC_ROLES_IN_P53_DEPENDENT_APOPTOSIS_REMAIN_UNCERTAIN,,14,0.43940827,0.96649843,0.5121528,0.6237214,1.0,429,"tags=14%, list=2%, signal=15%",
GOBP_CELL_FATE_COMMITMENT_INVOLVED_IN_FORMATION_OF_PRIMARY_GERM_LAYER,GOBP_CELL_FATE_COMMITMENT_INVOLVED_IN_FORMATION_OF_PRIMARY_GERM_LAYER,,23,0.3922315,0.96623355,0.520354,0.62416244,1.0,5380,"tags=26%, list=19%, signal=32%",
GOBP_POSITIVE_REGULATION_OF_RAS_PROTEIN_SIGNAL_TRANSDUCTION,GOBP_POSITIVE_REGULATION_OF_RAS_PROTEIN_SIGNAL_TRANSDUCTION,,21,0.39793777,0.96621525,0.50889677,0.6240443,1.0,4426,"tags=38%, list=16%, signal=45%",
GOBP_DNA_CONFORMATION_CHANGE,GOBP_DNA_CONFORMATION_CHANGE,,18,0.4158604,0.96610755,0.5181976,0.62412655,1.0,3335,"tags=28%, list=12%, signal=32%",
GOBP_ENUCLEATE_ERYTHROCYTE_DIFFERENTIATION,GOBP_ENUCLEATE_ERYTHROCYTE_DIFFERENTIATION,,13,0.4470257,0.96543175,0.5037879,0.62549436,1.0,3715,"tags=38%, list=13%, signal=44%",
GOBP_REGULATION_OF_PLATELET_DERIVED_GROWTH_FACTOR_RECEPTOR_SIGNALING_PATHWAY,GOBP_REGULATION_OF_PLATELET_DERIVED_GROWTH_FACTOR_RECEPTOR_SIGNALING_PATHWAY,,24,0.39368898,0.965412,0.5,0.6253772,1.0,4655,"tags=54%, list=17%, signal=65%",
GOBP_POSITIVE_REGULATION_OF_EPITHELIAL_TO_MESENCHYMAL_TRANSITION,GOBP_POSITIVE_REGULATION_OF_EPITHELIAL_TO_MESENCHYMAL_TRANSITION,,47,0.3455543,0.96524996,0.5078809,0.6255591,1.0,4686,"tags=36%, list=17%, signal=43%",
GOBP_IMMATURE_T_CELL_PROLIFERATION,GOBP_IMMATURE_T_CELL_PROLIFERATION,,13,0.44855592,0.96512693,0.49520153,0.62568533,1.0,3421,"tags=31%, list=12%, signal=35%",
GOBP_PROTEIN_N_LINKED_GLYCOSYLATION_VIA_ASPARAGINE,GOBP_PROTEIN_N_LINKED_GLYCOSYLATION_VIA_ASPARAGINE,,22,0.40124628,0.9647171,0.5142349,0.626456,1.0,2569,"tags=23%, list=9%, signal=25%",
GOBP_POSITIVE_REGULATION_OF_DIGESTIVE_SYSTEM_PROCESS,GOBP_POSITIVE_REGULATION_OF_DIGESTIVE_SYSTEM_PROCESS,,14,0.44570237,0.9642691,0.5174312,0.6272894,1.0,2659,"tags=29%, list=10%, signal=32%",
GOBP_PROTEIN_LOCALIZATION_TO_SYNAPSE,GOBP_PROTEIN_LOCALIZATION_TO_SYNAPSE,,78,0.31967348,0.9642611,0.52582157,0.6271508,1.0,5807,"tags=32%, list=21%, signal=40%",
REACTOME_NOREPINEPHRINE_NEUROTRANSMITTER_RELEASE_CYCLE,REACTOME_NOREPINEPHRINE_NEUROTRANSMITTER_RELEASE_CYCLE,,15,0.43324155,0.963975,0.52313167,0.627634,1.0,1449,"tags=13%, list=5%, signal=14%",
GOBP_REGULATION_OF_GLUCOSE_METABOLIC_PROCESS,GOBP_REGULATION_OF_GLUCOSE_METABOLIC_PROCESS,,95,0.30989167,0.96396005,0.5346216,0.62751746,1.0,4169,"tags=21%, list=15%, signal=25%",
GOBP_PTERIDINE_CONTAINING_COMPOUND_BIOSYNTHETIC_PROCESS,GOBP_PTERIDINE_CONTAINING_COMPOUND_BIOSYNTHETIC_PROCESS,,16,0.4297568,0.96360147,0.50949913,0.6281443,1.0,2041,"tags=19%, list=7%, signal=20%",
GOBP_NEGATIVE_REGULATION_OF_CELL_PROJECTION_ORGANIZATION,GOBP_NEGATIVE_REGULATION_OF_CELL_PROJECTION_ORGANIZATION,,169,0.2882265,0.96358764,0.54234767,0.6280194,1.0,5129,"tags=28%, list=18%, signal=35%",
REACTOME_ADP_SIGNALLING_THROUGH_P2Y_PURINOCEPTOR_12,REACTOME_ADP_SIGNALLING_THROUGH_P2Y_PURINOCEPTOR_12,,18,0.42419627,0.9630985,0.5185185,0.6289721,1.0,3384,"tags=44%, list=12%, signal=51%",
GOBP_POSITIVE_REGULATION_OF_MUSCLE_HYPERTROPHY,GOBP_POSITIVE_REGULATION_OF_MUSCLE_HYPERTROPHY,,24,0.3902138,0.96302956,0.5177305,0.6289705,1.0,2099,"tags=17%, list=8%, signal=18%",
GOBP_ACTIVATION_INDUCED_CELL_DEATH_OF_T_CELLS,GOBP_ACTIVATION_INDUCED_CELL_DEATH_OF_T_CELLS,,10,0.4750338,0.96291363,0.52030945,0.6290596,1.0,1971,"tags=30%, list=7%, signal=32%",
GOBP_NEUROTRANSMITTER_RECEPTOR_LOCALIZATION_TO_POSTSYNAPTIC_SPECIALIZATION_MEMBRANE,GOBP_NEUROTRANSMITTER_RECEPTOR_LOCALIZATION_TO_POSTSYNAPTIC_SPECIALIZATION_MEMBRANE,,31,0.3741765,0.9628267,0.5111492,0.62909895,1.0,4397,"tags=26%, list=16%, signal=31%",
GOBP_SECRETORY_GRANULE_LOCALIZATION,GOBP_SECRETORY_GRANULE_LOCALIZATION,,18,0.41825825,0.9626501,0.52982455,0.62934864,1.0,1628,"tags=17%, list=6%, signal=18%",
GOBP_THYROID_GLAND_DEVELOPMENT,GOBP_THYROID_GLAND_DEVELOPMENT,,20,0.40196246,0.9624441,0.5084459,0.629645,1.0,5374,"tags=40%, list=19%, signal=50%",
GOBP_ENDOCYTOSIS_INVOLVED_IN_VIRAL_ENTRY_INTO_HOST_CELL,GOBP_ENDOCYTOSIS_INVOLVED_IN_VIRAL_ENTRY_INTO_HOST_CELL,,11,0.4648565,0.9623009,0.52983725,0.6298215,1.0,5000,"tags=45%, list=18%, signal=55%",
GOBP_INTERLEUKIN_13_PRODUCTION,GOBP_INTERLEUKIN_13_PRODUCTION,,24,0.3940002,0.9618592,0.51336896,0.6306285,1.0,3253,"tags=25%, list=12%, signal=28%",
GOBP_PROTEIN_LOCALIZATION_TO_CYTOSKELETON,GOBP_PROTEIN_LOCALIZATION_TO_CYTOSKELETON,,66,0.32632208,0.96133196,0.5155483,0.6316371,1.0,4178,"tags=21%, list=15%, signal=25%",
GOBP_CELLULAR_RESPONSE_TO_STEROL,GOBP_CELLULAR_RESPONSE_TO_STEROL,,20,0.4077856,0.96102905,0.5244755,0.6321555,1.0,4028,"tags=35%, list=15%, signal=41%",
GOBP_RENAL_ABSORPTION,GOBP_RENAL_ABSORPTION,,32,0.37026113,0.9602799,0.50084037,0.6336898,1.0,3172,"tags=25%, list=11%, signal=28%",
REACTOME_RESOLUTION_OF_D_LOOP_STRUCTURES_THROUGH_SYNTHESIS_DEPENDENT_STRAND_ANNEALING_SDSA,REACTOME_RESOLUTION_OF_D_LOOP_STRUCTURES_THROUGH_SYNTHESIS_DEPENDENT_STRAND_ANNEALING_SDSA,,27,0.38113487,0.9601424,0.5265958,0.63385195,1.0,3680,"tags=19%, list=13%, signal=21%",
REACTOME_REGULATION_OF_EXPRESSION_OF_SLITS_AND_ROBOS,REACTOME_REGULATION_OF_EXPRESSION_OF_SLITS_AND_ROBOS,,151,0.2940416,0.9594019,0.5624082,0.63532543,1.0,4924,"tags=21%, list=18%, signal=25%",
REACTOME_RNA_POLYMERASE_II_TRANSCRIBES_SNRNA_GENES,REACTOME_RNA_POLYMERASE_II_TRANSCRIBES_SNRNA_GENES,,75,0.31477553,0.9591947,0.52411574,0.6356293,1.0,7301,"tags=36%, list=26%, signal=49%",
GOBP_REGULATION_OF_CELL_FATE_COMMITMENT,GOBP_REGULATION_OF_CELL_FATE_COMMITMENT,,36,0.3591958,0.9590838,0.5185811,0.6357028,1.0,1451,"tags=14%, list=5%, signal=15%",
GOBP_RETICULOPHAGY,GOBP_RETICULOPHAGY,,26,0.3768184,0.9589696,0.50774527,0.6357883,1.0,5145,"tags=35%, list=19%, signal=42%",
GOBP_REGULATION_OF_REPRODUCTIVE_PROCESS,GOBP_REGULATION_OF_REPRODUCTIVE_PROCESS,,144,0.2924819,0.9585249,0.5600601,0.63660645,1.0,4943,"tags=22%, list=18%, signal=27%",
GOBP_AUDITORY_RECEPTOR_CELL_STEREOCILIUM_ORGANIZATION,GOBP_AUDITORY_RECEPTOR_CELL_STEREOCILIUM_ORGANIZATION,,17,0.41453767,0.958398,0.51711714,0.63674504,1.0,1969,"tags=18%, list=7%, signal=19%",
GOBP_CELLULAR_RESPONSE_TO_L_LEUCINE,GOBP_CELLULAR_RESPONSE_TO_L_LEUCINE,,12,0.4506886,0.9580018,0.53818184,0.6374537,1.0,347,"tags=17%, list=1%, signal=17%",
GOBP_RESPONSE_TO_ETHANOL,GOBP_RESPONSE_TO_ETHANOL,,105,0.302824,0.95793456,0.5375,0.6374378,1.0,6105,"tags=29%, list=22%, signal=36%",
GOBP_NEURON_PROJECTION_EXTENSION,GOBP_NEURON_PROJECTION_EXTENSION,,142,0.29358283,0.9573978,0.57250756,0.638476,1.0,5381,"tags=32%, list=19%, signal=39%",
GOBP_AMINO_ACID_BIOSYNTHETIC_PROCESS,GOBP_AMINO_ACID_BIOSYNTHETIC_PROCESS,,62,0.33246025,0.9573863,0.5209003,0.6383453,1.0,3637,"tags=26%, list=13%, signal=30%",
REACTOME_BASIGIN_INTERACTIONS,REACTOME_BASIGIN_INTERACTIONS,,25,0.3855959,0.9573382,0.5216638,0.6382963,1.0,4690,"tags=36%, list=17%, signal=43%",
GOBP_NEGATIVE_REGULATION_OF_CELL_CYCLE,GOBP_NEGATIVE_REGULATION_OF_CELL_CYCLE,,366,0.26788118,0.95693666,0.6057692,0.6390377,1.0,4485,"tags=20%, list=16%, signal=23%",
GOBP_BRAIN_MORPHOGENESIS,GOBP_BRAIN_MORPHOGENESIS,,33,0.36408138,0.95681775,0.5524957,0.6391402,1.0,3235,"tags=18%, list=12%, signal=21%",
GOBP_INTRINSIC_APOPTOTIC_SIGNALING_PATHWAY_BY_P53_CLASS_MEDIATOR,GOBP_INTRINSIC_APOPTOTIC_SIGNALING_PATHWAY_BY_P53_CLASS_MEDIATOR,,84,0.31395763,0.95641243,0.5482315,0.639878,1.0,4364,"tags=25%, list=16%, signal=30%",
GOBP_LOCOMOTORY_BEHAVIOR,GOBP_LOCOMOTORY_BEHAVIOR,,162,0.28748283,0.95613086,0.5742726,0.6403283,1.0,4360,"tags=20%, list=16%, signal=23%",
GOBP_REGULATION_OF_B_CELL_APOPTOTIC_PROCESS,GOBP_REGULATION_OF_B_CELL_APOPTOTIC_PROCESS,,18,0.4151561,0.9560691,0.5262206,0.6403162,1.0,4169,"tags=50%, list=15%, signal=59%",
GOBP_GLOMERULAR_MESANGIAL_CELL_PROLIFERATION,GOBP_GLOMERULAR_MESANGIAL_CELL_PROLIFERATION,,10,0.46905586,0.95592755,0.52737224,0.6404846,1.0,1773,"tags=30%, list=6%, signal=32%",
GOBP_NEGATIVE_REGULATION_OF_FATTY_ACID_OXIDATION,GOBP_NEGATIVE_REGULATION_OF_FATTY_ACID_OXIDATION,,11,0.46412313,0.9552724,0.5307557,0.64178115,1.0,5597,"tags=55%, list=20%, signal=68%",
GOBP_MESODERM_DEVELOPMENT,GOBP_MESODERM_DEVELOPMENT,,101,0.30466065,0.95440954,0.55520993,0.6435258,1.0,4673,"tags=25%, list=17%, signal=30%",
GOBP_ACETYL_COA_METABOLIC_PROCESS,GOBP_ACETYL_COA_METABOLIC_PROCESS,,38,0.35808742,0.95398694,0.53333336,0.64430094,1.0,929,"tags=11%, list=3%, signal=11%",
GOBP_PROTEIN_K48_LINKED_DEUBIQUITINATION,GOBP_PROTEIN_K48_LINKED_DEUBIQUITINATION,,25,0.38701946,0.95302755,0.5283688,0.6462611,1.0,6272,"tags=48%, list=23%, signal=62%",
GOBP_REGULATION_OF_EXTRACELLULAR_MATRIX_DISASSEMBLY,GOBP_REGULATION_OF_EXTRACELLULAR_MATRIX_DISASSEMBLY,,19,0.40325758,0.9530213,0.548951,0.6461139,1.0,1505,"tags=26%, list=5%, signal=28%",
GOBP_RESPONSE_TO_NICOTINE,GOBP_RESPONSE_TO_NICOTINE,,40,0.3524776,0.9528001,0.5439739,0.6464445,1.0,2527,"tags=15%, list=9%, signal=16%",
GOBP_REGULATION_OF_TELOMERE_CAPPING,GOBP_REGULATION_OF_TELOMERE_CAPPING,,14,0.43502063,0.9519275,0.5271028,0.6481948,1.0,486,"tags=7%, list=2%, signal=7%",
GOBP_AXON_EXTENSION,GOBP_AXON_EXTENSION,,96,0.30340436,0.95189786,0.5723077,0.6480993,1.0,5381,"tags=32%, list=19%, signal=40%",
GOBP_MITOTIC_SPINDLE_ORGANIZATION,GOBP_MITOTIC_SPINDLE_ORGANIZATION,,136,0.29556984,0.95139545,0.5652842,0.6490522,1.0,4538,"tags=19%, list=16%, signal=23%",
GOBP_FATTY_ACID_TRANSMEMBRANE_TRANSPORT,GOBP_FATTY_ACID_TRANSMEMBRANE_TRANSPORT,,18,0.41572845,0.95103014,0.5415225,0.649712,1.0,4704,"tags=39%, list=17%, signal=47%",
GOBP_SPINDLE_LOCALIZATION,GOBP_SPINDLE_LOCALIZATION,,60,0.3283288,0.95094645,0.5536,0.649745,1.0,4480,"tags=23%, list=16%, signal=28%",
REACTOME_RESPIRATORY_ELECTRON_TRANSPORT,REACTOME_RESPIRATORY_ELECTRON_TRANSPORT,,155,0.28953737,0.95083284,0.6049926,0.649826,1.0,6460,"tags=33%, list=23%, signal=43%",
GOBP_REGULATION_OF_ENDOCYTIC_RECYCLING,GOBP_REGULATION_OF_ENDOCYTIC_RECYCLING,,21,0.39912188,0.95029145,0.5547826,0.6508649,1.0,5906,"tags=52%, list=21%, signal=66%",
GOBP_LEPTIN_MEDIATED_SIGNALING_PATHWAY,GOBP_LEPTIN_MEDIATED_SIGNALING_PATHWAY,,10,0.46510482,0.95008016,0.54195803,0.6511692,1.0,2477,"tags=20%, list=9%, signal=22%",
GOBP_SMOOTH_MUSCLE_TISSUE_DEVELOPMENT,GOBP_SMOOTH_MUSCLE_TISSUE_DEVELOPMENT,,19,0.40720326,0.949097,0.54432625,0.65321463,1.0,5724,"tags=47%, list=21%, signal=60%",
REACTOME_FORMATION_OF_TUBULIN_FOLDING_INTERMEDIATES_BY_CCT_TRIC,REACTOME_FORMATION_OF_TUBULIN_FOLDING_INTERMEDIATES_BY_CCT_TRIC,,25,0.3855513,0.9487061,0.54044753,0.65392053,1.0,6816,"tags=28%, list=25%, signal=37%",
GOBP_NEGATIVE_REGULATION_OF_INTRINSIC_APOPTOTIC_SIGNALING_PATHWAY_BY_P53_CLASS_MEDIATOR,GOBP_NEGATIVE_REGULATION_OF_INTRINSIC_APOPTOTIC_SIGNALING_PATHWAY_BY_P53_CLASS_MEDIATOR,,22,0.39789733,0.94868153,0.54706925,0.65381557,1.0,4046,"tags=27%, list=15%, signal=32%",
GOBP_SODIUM_ION_EXPORT_ACROSS_PLASMA_MEMBRANE,GOBP_SODIUM_ION_EXPORT_ACROSS_PLASMA_MEMBRANE,,16,0.423804,0.948484,0.5377532,0.65409803,1.0,4024,"tags=31%, list=15%, signal=37%",
GOBP_NEGATIVE_REGULATION_OF_GLIOGENESIS,GOBP_NEGATIVE_REGULATION_OF_GLIOGENESIS,,32,0.36475036,0.948334,0.53731346,0.65428287,1.0,6209,"tags=50%, list=22%, signal=64%",
REACTOME_RHOBTB_GTPASE_CYCLE,REACTOME_RHOBTB_GTPASE_CYCLE,,35,0.35877505,0.9477403,0.5482815,0.6554378,1.0,5636,"tags=34%, list=20%, signal=43%",
GOBP_NEGATIVE_REGULATION_OF_CYTOSKELETON_ORGANIZATION,GOBP_NEGATIVE_REGULATION_OF_CYTOSKELETON_ORGANIZATION,,149,0.28640363,0.9471013,0.5884101,0.6566676,1.0,5006,"tags=34%, list=18%, signal=41%",
GOBP_CELL_PROLIFERATION_IN_FOREBRAIN,GOBP_CELL_PROLIFERATION_IN_FOREBRAIN,,19,0.40544677,0.9470918,0.5323993,0.6565241,1.0,1918,"tags=21%, list=7%, signal=23%",
GOBP_HEART_MORPHOGENESIS,GOBP_HEART_MORPHOGENESIS,,212,0.27524188,0.9466222,0.579646,0.65739906,1.0,4992,"tags=25%, list=18%, signal=30%",
GOBP_PROTEIN_LOCALIZATION_TO_MICROTUBULE_ORGANIZING_CENTER,GOBP_PROTEIN_LOCALIZATION_TO_MICROTUBULE_ORGANIZING_CENTER,,38,0.35723925,0.94660646,0.52649575,0.6572776,1.0,2256,"tags=24%, list=8%, signal=26%",
GOBP_HEART_GROWTH,GOBP_HEART_GROWTH,,70,0.32071522,0.9465957,0.54966885,0.6571403,1.0,4646,"tags=26%, list=17%, signal=31%",
GOBP_MATURE_B_CELL_DIFFERENTIATION,GOBP_MATURE_B_CELL_DIFFERENTIATION,,34,0.35722974,0.94656616,0.5509868,0.6570523,1.0,4006,"tags=41%, list=14%, signal=48%",
GOBP_POSITIVE_REGULATION_OF_CELL_MIGRATION_INVOLVED_IN_SPROUTING_ANGIOGENESIS,GOBP_POSITIVE_REGULATION_OF_CELL_MIGRATION_INVOLVED_IN_SPROUTING_ANGIOGENESIS,,20,0.39977708,0.9463841,0.5244123,0.6572715,1.0,6058,"tags=35%, list=22%, signal=45%",
GOBP_RAP_PROTEIN_SIGNAL_TRANSDUCTION,GOBP_RAP_PROTEIN_SIGNAL_TRANSDUCTION,,18,0.41869333,0.94637126,0.5559503,0.6571358,1.0,4003,"tags=22%, list=14%, signal=26%",
GOBP_BONE_MINERALIZATION,GOBP_BONE_MINERALIZATION,,105,0.29793182,0.9460671,0.5786885,0.6576474,1.0,2692,"tags=19%, list=10%, signal=21%",
GOBP_REGULATION_OF_GLYCOGEN_METABOLIC_PROCESS,GOBP_REGULATION_OF_GLYCOGEN_METABOLIC_PROCESS,,31,0.36986297,0.94586146,0.5408696,0.6579289,1.0,4169,"tags=29%, list=15%, signal=34%",
GOBP_POSITIVE_REGULATION_OF_POTASSIUM_ION_TRANSPORT,GOBP_POSITIVE_REGULATION_OF_POTASSIUM_ION_TRANSPORT,,27,0.37250656,0.9455837,0.53807944,0.65835524,1.0,6381,"tags=52%, list=23%, signal=67%",
REACTOME_SHC1_EVENTS_IN_EGFR_SIGNALING,REACTOME_SHC1_EVENTS_IN_EGFR_SIGNALING,,12,0.45470348,0.94437456,0.568306,0.66086376,1.0,9580,"tags=83%, list=35%, signal=127%",
GOBP_NEGATIVE_REGULATION_OF_SYNAPTIC_TRANSMISSION,GOBP_NEGATIVE_REGULATION_OF_SYNAPTIC_TRANSMISSION,,46,0.3373179,0.94434184,0.5704918,0.6607767,1.0,5747,"tags=26%, list=21%, signal=33%",
GOBP_REGULATION_OF_CHROMOSOME_SEGREGATION,GOBP_REGULATION_OF_CHROMOSOME_SEGREGATION,,139,0.28766587,0.9434026,0.6086956,0.66269284,1.0,4144,"tags=19%, list=15%, signal=22%",
REACTOME_COOPERATION_OF_PDCL_PHLP1_AND_TRIC_CCT_IN_G_PROTEIN_BETA_FOLDING,REACTOME_COOPERATION_OF_PDCL_PHLP1_AND_TRIC_CCT_IN_G_PROTEIN_BETA_FOLDING,,35,0.35935622,0.94319606,0.5448155,0.66299057,1.0,3550,"tags=26%, list=13%, signal=29%",
GOBP_NUCLEOSIDE_MONOPHOSPHATE_METABOLIC_PROCESS,GOBP_NUCLEOSIDE_MONOPHOSPHATE_METABOLIC_PROCESS,,77,0.31248033,0.94278437,0.56116205,0.66373646,1.0,3431,"tags=19%, list=12%, signal=22%",
GOBP_REGULATION_OF_SODIUM_ION_TRANSMEMBRANE_TRANSPORT,GOBP_REGULATION_OF_SODIUM_ION_TRANSMEMBRANE_TRANSPORT,,31,0.3670508,0.94274145,0.53010035,0.6636674,1.0,3038,"tags=23%, list=11%, signal=25%",
GOBP_EMBRYONIC_FORELIMB_MORPHOGENESIS,GOBP_EMBRYONIC_FORELIMB_MORPHOGENESIS,,19,0.40741602,0.9426475,0.5515371,0.66371965,1.0,1460,"tags=16%, list=5%, signal=17%",
REACTOME_VISUAL_PHOTOTRANSDUCTION,REACTOME_VISUAL_PHOTOTRANSDUCTION,,72,0.31141222,0.9426192,0.56542814,0.6636207,1.0,5633,"tags=28%, list=20%, signal=35%",
REACTOME_G_BETA_GAMMA_SIGNALLING_THROUGH_CDC42,REACTOME_G_BETA_GAMMA_SIGNALLING_THROUGH_CDC42,,17,0.41416654,0.9415627,0.5472371,0.6658205,1.0,3384,"tags=41%, list=12%, signal=47%",
REACTOME_VEGFR2_MEDIATED_VASCULAR_PERMEABILITY,REACTOME_VEGFR2_MEDIATED_VASCULAR_PERMEABILITY,,27,0.37472093,0.94143337,0.55516636,0.6659491,1.0,4459,"tags=30%, list=16%, signal=35%",
GOBP_VITAMIN_TRANSMEMBRANE_TRANSPORT,GOBP_VITAMIN_TRANSMEMBRANE_TRANSPORT,,15,0.4243185,0.9412403,0.54513276,0.6662129,1.0,6034,"tags=40%, list=22%, signal=51%",
GOBP_DOPAMINERGIC_NEURON_DIFFERENTIATION,GOBP_DOPAMINERGIC_NEURON_DIFFERENTIATION,,21,0.39020953,0.94095594,0.55026454,0.6666949,1.0,4966,"tags=33%, list=18%, signal=41%",
REACTOME_INTERACTION_BETWEEN_L1_AND_ANKYRINS,REACTOME_INTERACTION_BETWEEN_L1_AND_ANKYRINS,,29,0.36954966,0.9409362,0.5629371,0.66657627,1.0,3589,"tags=28%, list=13%, signal=32%",
GOBP_CHAPERONE_MEDIATED_PROTEIN_COMPLEX_ASSEMBLY,GOBP_CHAPERONE_MEDIATED_PROTEIN_COMPLEX_ASSEMBLY,,22,0.38188088,0.9408769,0.54545456,0.6665444,1.0,1239,"tags=9%, list=4%, signal=10%",
GOBP_POLYAMINE_BIOSYNTHETIC_PROCESS,GOBP_POLYAMINE_BIOSYNTHETIC_PROCESS,,14,0.4272042,0.94061404,0.5827586,0.6669631,1.0,4049,"tags=36%, list=15%, signal=42%",
GOBP_REGULATION_OF_BONE_MINERALIZATION,GOBP_REGULATION_OF_BONE_MINERALIZATION,,66,0.316133,0.9404626,0.5744,0.6671334,1.0,3411,"tags=24%, list=12%, signal=28%",
GOBP_REGULATION_OF_BEHAVIOR,GOBP_REGULATION_OF_BEHAVIOR,,59,0.3327946,0.9403453,0.5541195,0.66723865,1.0,4360,"tags=22%, list=16%, signal=26%",
GOBP_INNER_EAR_RECEPTOR_CELL_STEREOCILIUM_ORGANIZATION,GOBP_INNER_EAR_RECEPTOR_CELL_STEREOCILIUM_ORGANIZATION,,32,0.36054152,0.93981993,0.54414415,0.66822976,1.0,5406,"tags=28%, list=19%, signal=35%",
REACTOME_DCC_MEDIATED_ATTRACTIVE_SIGNALING,REACTOME_DCC_MEDIATED_ATTRACTIVE_SIGNALING,,14,0.42883042,0.9393071,0.5469613,0.66922367,1.0,2815,"tags=29%, list=10%, signal=32%",
GOBP_CELLULAR_RESPONSE_TO_MINERALOCORTICOID_STIMULUS,GOBP_CELLULAR_RESPONSE_TO_MINERALOCORTICOID_STIMULUS,,10,0.46942946,0.93923515,0.559633,0.66922224,1.0,1613,"tags=20%, list=6%, signal=21%",
GOBP_REGULATION_OF_RIG_I_SIGNALING_PATHWAY,GOBP_REGULATION_OF_RIG_I_SIGNALING_PATHWAY,,20,0.39283124,0.93918604,0.5648464,0.66916615,1.0,5266,"tags=40%, list=19%, signal=49%",
REACTOME_RESOLUTION_OF_D_LOOP_STRUCTURES,REACTOME_RESOLUTION_OF_D_LOOP_STRUCTURES,,37,0.35017294,0.9388357,0.53846157,0.66978997,1.0,3780,"tags=19%, list=14%, signal=22%",
GOBP_NEGATIVE_REGULATION_OF_SMALL_GTPASE_MEDIATED_SIGNAL_TRANSDUCTION,GOBP_NEGATIVE_REGULATION_OF_SMALL_GTPASE_MEDIATED_SIGNAL_TRANSDUCTION,,62,0.32684758,0.9388272,0.5660066,0.66964513,1.0,4075,"tags=27%, list=15%, signal=32%",
GOBP_MESENCHYMAL_CELL_MIGRATION,GOBP_MESENCHYMAL_CELL_MIGRATION,,45,0.33729306,0.938808,0.5740132,0.6695223,1.0,3195,"tags=24%, list=12%, signal=28%",
GOBP_ENDOTHELIAL_CELL_CHEMOTAXIS,GOBP_ENDOTHELIAL_CELL_CHEMOTAXIS,,24,0.3861129,0.9382253,0.54832715,0.67065585,1.0,6058,"tags=38%, list=22%, signal=48%",
GOBP_TRANSCRIPTION_ELONGATION_BY_RNA_POLYMERASE_II,GOBP_TRANSCRIPTION_ELONGATION_BY_RNA_POLYMERASE_II,,135,0.28952998,0.9382097,0.58942455,0.6705313,1.0,7267,"tags=38%, list=26%, signal=51%",
GOBP_POLARIZED_EPITHELIAL_CELL_DIFFERENTIATION,GOBP_POLARIZED_EPITHELIAL_CELL_DIFFERENTIATION,,19,0.40575305,0.93815213,0.56607145,0.67049825,1.0,1919,"tags=21%, list=7%, signal=23%",
REACTOME_SIGNALING_BY_RETINOIC_ACID,REACTOME_SIGNALING_BY_RETINOIC_ACID,,34,0.3618207,0.937674,0.56173915,0.6713672,1.0,3288,"tags=21%, list=12%, signal=23%",
GOBP_CHONDROITIN_SULFATE_PROTEOGLYCAN_BIOSYNTHETIC_PROCESS,GOBP_CHONDROITIN_SULFATE_PROTEOGLYCAN_BIOSYNTHETIC_PROCESS,,26,0.3739662,0.9376371,0.55025554,0.67128694,1.0,2788,"tags=19%, list=10%, signal=21%",
REACTOME_RECEPTOR_MEDIATED_MITOPHAGY,REACTOME_RECEPTOR_MEDIATED_MITOPHAGY,,11,0.44924662,0.9373051,0.53791887,0.6718434,1.0,4400,"tags=36%, list=16%, signal=43%",
GOBP_BASIC_AMINO_ACID_TRANSPORT,GOBP_BASIC_AMINO_ACID_TRANSPORT,,19,0.40417185,0.93710256,0.5664939,0.67212063,1.0,4406,"tags=32%, list=16%, signal=38%",
GOBP_NEGATIVE_REGULATION_OF_COLLAGEN_METABOLIC_PROCESS,GOBP_NEGATIVE_REGULATION_OF_COLLAGEN_METABOLIC_PROCESS,,12,0.44605726,0.9369819,0.53956836,0.6722179,1.0,2658,"tags=33%, list=10%, signal=37%",
GOBP_AMINE_BIOSYNTHETIC_PROCESS,GOBP_AMINE_BIOSYNTHETIC_PROCESS,,36,0.35027146,0.9369038,0.58305085,0.6722349,1.0,4302,"tags=31%, list=16%, signal=36%",
REACTOME_VITAMIN_B5_PANTOTHENATE_METABOLISM,REACTOME_VITAMIN_B5_PANTOTHENATE_METABOLISM,,20,0.4057379,0.93676335,0.574359,0.672386,1.0,2744,"tags=25%, list=10%, signal=28%",
GOBP_NEGATIVE_REGULATION_OF_PROTEOLYSIS_INVOLVED_IN_PROTEIN_CATABOLIC_PROCESS,GOBP_NEGATIVE_REGULATION_OF_PROTEOLYSIS_INVOLVED_IN_PROTEIN_CATABOLIC_PROCESS,,76,0.31406394,0.9365395,0.5823817,0.6727238,1.0,4255,"tags=22%, list=15%, signal=26%",
GOBP_REGULATION_OF_ADENYLATE_CYCLASE_ACTIVATING_G_PROTEIN_COUPLED_RECEPTOR_SIGNALING_PATHWAY,GOBP_REGULATION_OF_ADENYLATE_CYCLASE_ACTIVATING_G_PROTEIN_COUPLED_RECEPTOR_SIGNALING_PATHWAY,,21,0.38918784,0.93619263,0.5748709,0.6733259,1.0,7034,"tags=43%, list=25%, signal=57%",
GOBP_KETONE_BIOSYNTHETIC_PROCESS,GOBP_KETONE_BIOSYNTHETIC_PROCESS,,49,0.32800594,0.93520063,0.5647249,0.67531824,1.0,3151,"tags=20%, list=11%, signal=23%",
GOBP_SKELETAL_MUSCLE_ADAPTATION,GOBP_SKELETAL_MUSCLE_ADAPTATION,,13,0.43627176,0.93508226,0.56028366,0.675415,1.0,5868,"tags=38%, list=21%, signal=49%",
GOBP_REGULATORY_NCRNA_MEDIATED_HETEROCHROMATIN_FORMATION,GOBP_REGULATORY_NCRNA_MEDIATED_HETEROCHROMATIN_FORMATION,,26,0.3754997,0.93506247,0.5697074,0.6752981,1.0,4248,"tags=19%, list=15%, signal=23%",
GOBP_PORE_COMPLEX_ASSEMBLY,GOBP_PORE_COMPLEX_ASSEMBLY,,20,0.3857975,0.93499476,0.56810033,0.6752803,1.0,5256,"tags=40%, list=19%, signal=49%",
GOBP_NEGATIVE_REGULATION_OF_DNA_REPAIR,GOBP_NEGATIVE_REGULATION_OF_DNA_REPAIR,,39,0.34185362,0.9349632,0.60457516,0.6751829,1.0,4328,"tags=21%, list=16%, signal=24%",
REACTOME_GRB2_EVENTS_IN_ERBB2_SIGNALING,REACTOME_GRB2_EVENTS_IN_ERBB2_SIGNALING,,13,0.43918392,0.93446326,0.5533808,0.67609507,1.0,1676,"tags=15%, list=6%, signal=16%",
GOBP_REGULATION_OF_INTEGRIN_ACTIVATION,GOBP_REGULATION_OF_INTEGRIN_ACTIVATION,,15,0.4180775,0.9344474,0.5746924,0.67596877,1.0,4230,"tags=27%, list=15%, signal=31%",
GOBP_NEGATIVE_REGULATION_OF_NEURAL_PRECURSOR_CELL_PROLIFERATION,GOBP_NEGATIVE_REGULATION_OF_NEURAL_PRECURSOR_CELL_PROLIFERATION,,19,0.40439257,0.9337934,0.5886525,0.6772826,1.0,5747,"tags=53%, list=21%, signal=66%",
GOBP_TETRAPYRROLE_METABOLIC_PROCESS,GOBP_TETRAPYRROLE_METABOLIC_PROCESS,,57,0.3233371,0.9337896,0.5827465,0.6771258,1.0,3023,"tags=23%, list=11%, signal=26%",
GOBP_REGULATION_OF_RECEPTOR_CLUSTERING,GOBP_REGULATION_OF_RECEPTOR_CLUSTERING,,18,0.40541857,0.933751,0.5505415,0.67706096,1.0,5757,"tags=50%, list=21%, signal=63%",
GOBP_POSITIVE_REGULATION_OF_TRANSMEMBRANE_RECEPTOR_PROTEIN_SERINE_THREONINE_KINASE_SIGNALING_PATHWAY,GOBP_POSITIVE_REGULATION_OF_TRANSMEMBRANE_RECEPTOR_PROTEIN_SERINE_THREONINE_KINASE_SIGNALING_PATHWAY,,88,0.30412447,0.93355423,0.585443,0.67733747,1.0,4426,"tags=27%, list=16%, signal=32%",
REACTOME_TGF_BETA_RECEPTOR_SIGNALING_ACTIVATES_SMADS,REACTOME_TGF_BETA_RECEPTOR_SIGNALING_ACTIVATES_SMADS,,46,0.33718267,0.93342036,0.5780142,0.67748564,1.0,3981,"tags=35%, list=14%, signal=41%",
GOBP_NEGATIVE_REGULATION_OF_T_HELPER_1_TYPE_IMMUNE_RESPONSE,GOBP_NEGATIVE_REGULATION_OF_T_HELPER_1_TYPE_IMMUNE_RESPONSE,,14,0.4337148,0.93333364,0.56630826,0.6775185,1.0,3178,"tags=29%, list=11%, signal=32%",
GOBP_POSITIVE_REGULATION_OF_OSSIFICATION,GOBP_POSITIVE_REGULATION_OF_OSSIFICATION,,44,0.3324296,0.93248177,0.5952381,0.6792212,1.0,2692,"tags=18%, list=10%, signal=20%",
GOBP_TETRAHYDROFOLATE_METABOLIC_PROCESS,GOBP_TETRAHYDROFOLATE_METABOLIC_PROCESS,,20,0.40214476,0.9323667,0.5612789,0.6793228,1.0,2041,"tags=15%, list=7%, signal=16%",
REACTOME_BLOOD_GROUP_SYSTEMS_BIOSYNTHESIS,REACTOME_BLOOD_GROUP_SYSTEMS_BIOSYNTHESIS,,14,0.42239717,0.9322769,0.5519713,0.6793622,1.0,3850,"tags=43%, list=14%, signal=50%",
GOBP_RENAL_FILTRATION,GOBP_RENAL_FILTRATION,,25,0.36896703,0.9321524,0.5693694,0.6794709,1.0,3383,"tags=24%, list=12%, signal=27%",
GOBP_MALE_GENITALIA_DEVELOPMENT,GOBP_MALE_GENITALIA_DEVELOPMENT,,15,0.4192013,0.93211687,0.53979236,0.67938364,1.0,7815,"tags=60%, list=28%, signal=83%",
REACTOME_BRANCHED_CHAIN_AMINO_ACID_CATABOLISM,REACTOME_BRANCHED_CHAIN_AMINO_ACID_CATABOLISM,,21,0.39055836,0.9320209,0.5739437,0.6794388,1.0,1125,"tags=14%, list=4%, signal=15%",
GOBP_POSITIVE_REGULATION_OF_T_CELL_TOLERANCE_INDUCTION,GOBP_POSITIVE_REGULATION_OF_T_CELL_TOLERANCE_INDUCTION,,10,0.46444353,0.9306639,0.54787236,0.6822676,1.0,2181,"tags=30%, list=8%, signal=33%",
REACTOME_INWARDLY_RECTIFYING_K_CHANNELS,REACTOME_INWARDLY_RECTIFYING_K_CHANNELS,,25,0.38265172,0.9300758,0.5798923,0.6834165,1.0,3384,"tags=28%, list=12%, signal=32%",
GOBP_TYPE_B_PANCREATIC_CELL_PROLIFERATION,GOBP_TYPE_B_PANCREATIC_CELL_PROLIFERATION,,19,0.40678972,0.93000543,0.5599284,0.68341535,1.0,2365,"tags=26%, list=9%, signal=29%",
REACTOME_FOLDING_OF_ACTIN_BY_CCT_TRIC,REACTOME_FOLDING_OF_ACTIN_BY_CCT_TRIC,,10,0.4659416,0.92963535,0.5824176,0.68409276,1.0,2748,"tags=20%, list=10%, signal=22%",
GOBP_DNA_CATABOLIC_PROCESS,GOBP_DNA_CATABOLIC_PROCESS,,27,0.3695492,0.92874306,0.5661017,0.68592244,1.0,789,"tags=15%, list=3%, signal=15%",
GOBP_REGULATION_OF_KERATINOCYTE_DIFFERENTIATION,GOBP_REGULATION_OF_KERATINOCYTE_DIFFERENTIATION,,31,0.35527012,0.9287067,0.57391304,0.6858332,1.0,5041,"tags=39%, list=18%, signal=47%",
GOBP_POSITIVE_REGULATION_OF_SODIUM_ION_TRANSPORT,GOBP_POSITIVE_REGULATION_OF_SODIUM_ION_TRANSPORT,,29,0.36349207,0.92845196,0.5767196,0.686222,1.0,7539,"tags=52%, list=27%, signal=71%",
GOBP_REGULATION_OF_EXTRACELLULAR_MATRIX_ORGANIZATION,GOBP_REGULATION_OF_EXTRACELLULAR_MATRIX_ORGANIZATION,,58,0.32423198,0.9279526,0.6035889,0.68713546,1.0,4067,"tags=29%, list=15%, signal=34%",
GOBP_REGULATION_OF_FEAR_RESPONSE,GOBP_REGULATION_OF_FEAR_RESPONSE,,10,0.46290138,0.92768425,0.57216495,0.6875614,1.0,7697,"tags=50%, list=28%, signal=69%",
GOBP_REGULATION_OF_GLIAL_CELL_APOPTOTIC_PROCESS,GOBP_REGULATION_OF_GLIAL_CELL_APOPTOTIC_PROCESS,,10,0.46227813,0.92745614,0.5611888,0.68791145,1.0,743,"tags=20%, list=3%, signal=21%",
GOBP_REGULATION_OF_REGULATORY_NCRNA_PROCESSING,GOBP_REGULATION_OF_REGULATORY_NCRNA_PROCESSING,,13,0.43264142,0.92726123,0.55135137,0.6881652,1.0,2421,"tags=31%, list=9%, signal=34%",
GOBP_FORELIMB_MORPHOGENESIS,GOBP_FORELIMB_MORPHOGENESIS,,23,0.3808612,0.92725426,0.56884056,0.68801236,1.0,1460,"tags=13%, list=5%, signal=14%",
GOBP_REGULATION_OF_PIGMENTATION,GOBP_REGULATION_OF_PIGMENTATION,,14,0.4295594,0.9270934,0.5510563,0.6881844,1.0,6022,"tags=50%, list=22%, signal=64%",
GOBP_NEGATIVE_REGULATION_OF_HUMORAL_IMMUNE_RESPONSE_MEDIATED_BY_CIRCULATING_IMMUNOGLOBULIN,GOBP_NEGATIVE_REGULATION_OF_HUMORAL_IMMUNE_RESPONSE_MEDIATED_BY_CIRCULATING_IMMUNOGLOBULIN,,10,0.44932345,0.9269027,0.56985295,0.6884372,1.0,2293,"tags=40%, list=8%, signal=44%",
GOBP_ACROSOME_ASSEMBLY,GOBP_ACROSOME_ASSEMBLY,,29,0.36467007,0.92673576,0.5837651,0.68863285,1.0,2779,"tags=21%, list=10%, signal=23%",
REACTOME_HIV_ELONGATION_ARREST_AND_RECOVERY,REACTOME_HIV_ELONGATION_ARREST_AND_RECOVERY,,32,0.3535574,0.9264726,0.5817556,0.689052,1.0,7184,"tags=50%, list=26%, signal=67%",
GOBP_REGULATION_OF_NEURON_PROJECTION_ARBORIZATION,GOBP_REGULATION_OF_NEURON_PROJECTION_ARBORIZATION,,14,0.41987503,0.9261978,0.5646853,0.6894949,1.0,5597,"tags=43%, list=20%, signal=54%",
GOBP_CENTRAL_NERVOUS_SYSTEM_NEURON_DEVELOPMENT,GOBP_CENTRAL_NERVOUS_SYSTEM_NEURON_DEVELOPMENT,,76,0.30737153,0.92549396,0.599374,0.690909,1.0,3881,"tags=21%, list=14%, signal=24%",
GOBP_REGULATION_OF_GAMMA_DELTA_T_CELL_DIFFERENTIATION,GOBP_REGULATION_OF_GAMMA_DELTA_T_CELL_DIFFERENTIATION,,11,0.44196787,0.9251451,0.55576205,0.69152105,1.0,1976,"tags=45%, list=7%, signal=49%",
GOBP_REGULATION_OF_MITOTIC_NUCLEAR_DIVISION,GOBP_REGULATION_OF_MITOTIC_NUCLEAR_DIVISION,,119,0.29196623,0.9248782,0.62794346,0.69195956,1.0,4609,"tags=19%, list=17%, signal=23%",
REACTOME_FORMATION_OF_RNA_POL_II_ELONGATION_COMPLEX,REACTOME_FORMATION_OF_RNA_POL_II_ELONGATION_COMPLEX,,57,0.32017168,0.9245427,0.5945946,0.69256556,1.0,7184,"tags=46%, list=26%, signal=61%",
GOBP_POSTSYNAPTIC_ACTIN_CYTOSKELETON_ORGANIZATION,GOBP_POSTSYNAPTIC_ACTIN_CYTOSKELETON_ORGANIZATION,,16,0.4141772,0.92445856,0.56942004,0.6925689,1.0,7056,"tags=56%, list=25%, signal=75%",
GOBP_NEGATIVE_REGULATION_OF_PROTEASOMAL_PROTEIN_CATABOLIC_PROCESS,GOBP_NEGATIVE_REGULATION_OF_PROTEASOMAL_PROTEIN_CATABOLIC_PROCESS,,58,0.32110763,0.9244345,0.58128077,0.6924599,1.0,4255,"tags=24%, list=15%, signal=28%",
GOBP_REGULATION_OF_RAC_PROTEIN_SIGNAL_TRANSDUCTION,GOBP_REGULATION_OF_RAC_PROTEIN_SIGNAL_TRANSDUCTION,,37,0.34551203,0.92378026,0.58566433,0.69374907,1.0,2144,"tags=24%, list=8%, signal=26%",
GOBP_NEGATIVE_REGULATION_OF_TRANSLATIONAL_INITIATION,GOBP_NEGATIVE_REGULATION_OF_TRANSLATIONAL_INITIATION,,29,0.3622873,0.92372984,0.5714286,0.6936919,1.0,3191,"tags=28%, list=12%, signal=31%",
GOBP_ERYTHROCYTE_MATURATION,GOBP_ERYTHROCYTE_MATURATION,,23,0.38048968,0.92359924,0.5827465,0.6938256,1.0,3949,"tags=35%, list=14%, signal=41%",
GOBP_AMINO_ACID_METABOLIC_PROCESS,GOBP_AMINO_ACID_METABOLIC_PROCESS,,254,0.26625866,0.9234062,0.69050896,0.69408,1.0,3637,"tags=18%, list=13%, signal=20%",
GOBP_HYPEROSMOTIC_RESPONSE,GOBP_HYPEROSMOTIC_RESPONSE,,28,0.3602426,0.9233576,0.59075344,0.69401294,1.0,3225,"tags=29%, list=12%, signal=32%",
GOBP_AMIDE_CATABOLIC_PROCESS,GOBP_AMIDE_CATABOLIC_PROCESS,,11,0.4441895,0.9233157,0.5642857,0.6939394,1.0,1678,"tags=18%, list=6%, signal=19%",
REACTOME_REGULATION_OF_LOCALIZATION_OF_FOXO_TRANSCRIPTION_FACTORS,REACTOME_REGULATION_OF_LOCALIZATION_OF_FOXO_TRANSCRIPTION_FACTORS,,12,0.4320636,0.92248064,0.5637708,0.69563556,1.0,2581,"tags=33%, list=9%, signal=37%",
GOBP_CELLULAR_RESPONSE_TO_DEXAMETHASONE_STIMULUS,GOBP_CELLULAR_RESPONSE_TO_DEXAMETHASONE_STIMULUS,,20,0.39155486,0.92242277,0.5597148,0.6955891,1.0,3770,"tags=40%, list=14%, signal=46%",
GOBP_SENSORY_PERCEPTION_OF_MECHANICAL_STIMULUS,GOBP_SENSORY_PERCEPTION_OF_MECHANICAL_STIMULUS,,155,0.27696058,0.9223998,0.6594427,0.69548,1.0,5097,"tags=25%, list=18%, signal=30%",
GOBP_DENDRITE_MORPHOGENESIS,GOBP_DENDRITE_MORPHOGENESIS,,129,0.28309423,0.9223687,0.6541916,0.6953866,1.0,4951,"tags=25%, list=18%, signal=30%",
GOBP_CARDIOLIPIN_METABOLIC_PROCESS,GOBP_CARDIOLIPIN_METABOLIC_PROCESS,,13,0.43500414,0.9219859,0.557971,0.69607544,1.0,1180,"tags=15%, list=4%, signal=16%",
GOBP_REGULATION_OF_ACTIN_FILAMENT_BUNDLE_ASSEMBLY,GOBP_REGULATION_OF_ACTIN_FILAMENT_BUNDLE_ASSEMBLY,,95,0.2978499,0.9217167,0.638806,0.6965101,1.0,4430,"tags=28%, list=16%, signal=34%",
GOBP_FC_EPSILON_RECEPTOR_SIGNALING_PATHWAY,GOBP_FC_EPSILON_RECEPTOR_SIGNALING_PATHWAY,,25,0.371914,0.9214699,0.571949,0.69689417,1.0,4397,"tags=36%, list=16%, signal=43%",
GOBP_REGULATION_OF_HEMATOPOIETIC_STEM_CELL_DIFFERENTIATION,GOBP_REGULATION_OF_HEMATOPOIETIC_STEM_CELL_DIFFERENTIATION,,16,0.40651295,0.92119336,0.556719,0.69734794,1.0,5951,"tags=50%, list=21%, signal=64%",
GOBP_REGULATION_OF_CHEMOKINE_MEDIATED_SIGNALING_PATHWAY,GOBP_REGULATION_OF_CHEMOKINE_MEDIATED_SIGNALING_PATHWAY,,11,0.449076,0.920681,0.57714283,0.6982812,1.0,6156,"tags=36%, list=22%, signal=47%",
GOBP_ARACHIDONATE_METABOLIC_PROCESS,GOBP_ARACHIDONATE_METABOLIC_PROCESS,,46,0.3315754,0.9204339,0.6013865,0.69866085,1.0,5003,"tags=26%, list=18%, signal=32%",
GOBP_SENSORY_PERCEPTION,GOBP_SENSORY_PERCEPTION,,452,0.25439507,0.9190667,0.7371879,0.70144945,1.0,5557,"tags=24%, list=20%, signal=29%",
GOBP_SYNAPSE_ASSEMBLY,GOBP_SYNAPSE_ASSEMBLY,,212,0.26978973,0.91866744,0.6854725,0.7021621,1.0,5203,"tags=25%, list=19%, signal=31%",
GOBP_NEUROTRANSMITTER_RECEPTOR_TRANSPORT,GOBP_NEUROTRANSMITTER_RECEPTOR_TRANSPORT,,19,0.4016625,0.91852975,0.58992803,0.7022895,1.0,3767,"tags=26%, list=14%, signal=30%",
GOBP_RESPONSE_TO_LEPTIN,GOBP_RESPONSE_TO_LEPTIN,,20,0.3878337,0.91849077,0.58715594,0.7022084,1.0,2712,"tags=20%, list=10%, signal=22%",
GOBP_CYTOSKELETON_DEPENDENT_INTRACELLULAR_TRANSPORT,GOBP_CYTOSKELETON_DEPENDENT_INTRACELLULAR_TRANSPORT,,218,0.26796347,0.9178952,0.6962025,0.7033425,1.0,6123,"tags=30%, list=22%, signal=38%",
GOBP_HEMATOPOIETIC_STEM_CELL_DIFFERENTIATION,GOBP_HEMATOPOIETIC_STEM_CELL_DIFFERENTIATION,,33,0.34966108,0.91777426,0.6006601,0.7034347,1.0,5951,"tags=39%, list=21%, signal=50%",
GOBP_POSITIVE_REGULATION_OF_GLIAL_CELL_DIFFERENTIATION,GOBP_POSITIVE_REGULATION_OF_GLIAL_CELL_DIFFERENTIATION,,33,0.3488931,0.91759926,0.5810811,0.7036367,1.0,4426,"tags=24%, list=16%, signal=29%",
GOBP_OUTFLOW_TRACT_MORPHOGENESIS,GOBP_OUTFLOW_TRACT_MORPHOGENESIS,,62,0.3151245,0.9174663,0.61157024,0.7037602,1.0,5815,"tags=34%, list=21%, signal=43%",
GOBP_REGULATION_OF_CILIUM_ASSEMBLY,GOBP_REGULATION_OF_CILIUM_ASSEMBLY,,103,0.29204977,0.91684854,0.66616315,0.70493114,1.0,1772,"tags=12%, list=6%, signal=12%",
GOBP_INTESTINAL_CHOLESTEROL_ABSORPTION,GOBP_INTESTINAL_CHOLESTEROL_ABSORPTION,,15,0.4184601,0.9167398,0.57766145,0.70501006,1.0,2659,"tags=13%, list=10%, signal=15%",
GOBP_PARENTAL_BEHAVIOR,GOBP_PARENTAL_BEHAVIOR,,10,0.45052558,0.9162999,0.57992566,0.70581055,1.0,2867,"tags=30%, list=10%, signal=33%",
GOBP_NEGATIVE_REGULATION_OF_TORC1_SIGNALING,GOBP_NEGATIVE_REGULATION_OF_TORC1_SIGNALING,,47,0.33160448,0.91609657,0.61616164,0.7060892,1.0,3266,"tags=23%, list=12%, signal=26%",
GOBP_REGULATION_OF_POSTSYNAPSE_ASSEMBLY,GOBP_REGULATION_OF_POSTSYNAPSE_ASSEMBLY,,39,0.34323812,0.9160839,0.61577183,0.70595056,1.0,2887,"tags=21%, list=10%, signal=23%",
GOBP_POSITIVE_REGULATION_OF_TYPE_2_IMMUNE_RESPONSE,GOBP_POSITIVE_REGULATION_OF_TYPE_2_IMMUNE_RESPONSE,,16,0.41165853,0.9159921,0.6055846,0.7059885,1.0,3253,"tags=25%, list=12%, signal=28%",
GOBP_VASCULAR_WOUND_HEALING,GOBP_VASCULAR_WOUND_HEALING,,15,0.41377565,0.91566783,0.5697074,0.7065345,1.0,2620,"tags=20%, list=9%, signal=22%",
GOBP_MAMMARY_GLAND_EPITHELIAL_CELL_PROLIFERATION,GOBP_MAMMARY_GLAND_EPITHELIAL_CELL_PROLIFERATION,,24,0.3770915,0.915518,0.57377046,0.7067011,1.0,4152,"tags=29%, list=15%, signal=34%",
GOBP_REGULATION_OF_PRESYNAPTIC_CYTOSOLIC_CALCIUM_ION_CONCENTRATION,GOBP_REGULATION_OF_PRESYNAPTIC_CYTOSOLIC_CALCIUM_ION_CONCENTRATION,,12,0.43389642,0.9152092,0.58135283,0.7072018,1.0,1314,"tags=17%, list=5%, signal=17%",
GOBP_POSITIVE_REGULATION_OF_SYSTEMIC_ARTERIAL_BLOOD_PRESSURE,GOBP_POSITIVE_REGULATION_OF_SYSTEMIC_ARTERIAL_BLOOD_PRESSURE,,15,0.41964757,0.9151635,0.5714286,0.70713395,1.0,2887,"tags=20%, list=10%, signal=22%",
GOBP_NUCLEIC_ACID_CATABOLIC_PROCESS,GOBP_NUCLEIC_ACID_CATABOLIC_PROCESS,,389,0.2548008,0.9150423,0.73994637,0.7072276,1.0,4927,"tags=21%, list=18%, signal=25%",
GOBP_ANDROGEN_METABOLIC_PROCESS,GOBP_ANDROGEN_METABOLIC_PROCESS,,23,0.37611115,0.91503614,0.5842294,0.70707124,1.0,5480,"tags=30%, list=20%, signal=38%",
REACTOME_DEVELOPMENTAL_LINEAGE_OF_MAMMARY_GLAND_ALVEOLAR_CELLS,REACTOME_DEVELOPMENTAL_LINEAGE_OF_MAMMARY_GLAND_ALVEOLAR_CELLS,,13,0.42410055,0.9149311,0.5816514,0.70714873,1.0,3155,"tags=31%, list=11%, signal=35%",
REACTOME_DISEASES_ASSOCIATED_WITH_O_GLYCOSYLATION_OF_PROTEINS,REACTOME_DISEASES_ASSOCIATED_WITH_O_GLYCOSYLATION_OF_PROTEINS,,53,0.32089874,0.91388017,0.63535035,0.7092971,1.0,1392,"tags=11%, list=5%, signal=12%",
GOBP_SEMI_LUNAR_VALVE_DEVELOPMENT,GOBP_SEMI_LUNAR_VALVE_DEVELOPMENT,,36,0.3401705,0.91366196,0.6089965,0.70963883,1.0,3737,"tags=22%, list=13%, signal=26%",
GOBP_CELL_CELL_RECOGNITION,GOBP_CELL_CELL_RECOGNITION,,56,0.3176512,0.9134662,0.63474023,0.70990425,1.0,5198,"tags=30%, list=19%, signal=37%",
GOBP_DETECTION_OF_MECHANICAL_STIMULUS_INVOLVED_IN_SENSORY_PERCEPTION_OF_SOUND,GOBP_DETECTION_OF_MECHANICAL_STIMULUS_INVOLVED_IN_SENSORY_PERCEPTION_OF_SOUND,,17,0.40585253,0.913423,0.58070177,0.70982856,1.0,4667,"tags=41%, list=17%, signal=49%",
GOBP_NEGATIVE_REGULATION_OF_CHROMOSOME_ORGANIZATION,GOBP_NEGATIVE_REGULATION_OF_CHROMOSOME_ORGANIZATION,,105,0.2868586,0.9134153,0.65361446,0.7096748,1.0,4230,"tags=17%, list=15%, signal=20%",
GOBP_PHENOL_CONTAINING_COMPOUND_CATABOLIC_PROCESS,GOBP_PHENOL_CONTAINING_COMPOUND_CATABOLIC_PROCESS,,12,0.43621868,0.91336834,0.62123895,0.70961064,1.0,4594,"tags=42%, list=17%, signal=50%",
REACTOME_NEGATIVE_REGULATION_OF_TCF_DEPENDENT_SIGNALING_BY_WNT_LIGAND_ANTAGONISTS,REACTOME_NEGATIVE_REGULATION_OF_TCF_DEPENDENT_SIGNALING_BY_WNT_LIGAND_ANTAGONISTS,,10,0.45374477,0.91315174,0.57019067,0.7099354,1.0,883,"tags=10%, list=3%, signal=10%",
REACTOME_TP53_REGULATES_TRANSCRIPTION_OF_DEATH_RECEPTORS_AND_LIGANDS,REACTOME_TP53_REGULATES_TRANSCRIPTION_OF_DEATH_RECEPTORS_AND_LIGANDS,,12,0.43296596,0.91286284,0.5891182,0.71040505,1.0,1914,"tags=25%, list=7%, signal=27%",
GOBP_REGULATION_OF_MRNA_EXPORT_FROM_NUCLEUS,GOBP_REGULATION_OF_MRNA_EXPORT_FROM_NUCLEUS,,10,0.45192644,0.91261417,0.59122807,0.7107762,1.0,7683,"tags=60%, list=28%, signal=83%",
GOBP_PROTEIN_TRANSPORT_ALONG_MICROTUBULE,GOBP_PROTEIN_TRANSPORT_ALONG_MICROTUBULE,,21,0.3864723,0.91231227,0.61130136,0.711263,1.0,6293,"tags=33%, list=23%, signal=43%",
GOBP_GLAND_MORPHOGENESIS,GOBP_GLAND_MORPHOGENESIS,,100,0.29471272,0.9119766,0.66507936,0.7118096,1.0,5293,"tags=33%, list=19%, signal=41%",
REACTOME_PHASE_2_PLATEAU_PHASE,REACTOME_PHASE_2_PLATEAU_PHASE,,12,0.43307814,0.91146266,0.6007533,0.7127615,1.0,3728,"tags=33%, list=13%, signal=38%",
REACTOME_ASPIRIN_ADME,REACTOME_ASPIRIN_ADME,,21,0.38525522,0.91144675,0.6132879,0.7126288,1.0,4002,"tags=24%, list=14%, signal=28%",
GOBP_UDP_N_ACETYLGLUCOSAMINE_BIOSYNTHETIC_PROCESS,GOBP_UDP_N_ACETYLGLUCOSAMINE_BIOSYNTHETIC_PROCESS,,10,0.45502704,0.910795,0.60071945,0.71388817,1.0,1494,"tags=20%, list=5%, signal=21%",
GOBP_PHOTORECEPTOR_CELL_DIFFERENTIATION,GOBP_PHOTORECEPTOR_CELL_DIFFERENTIATION,,56,0.3192086,0.9107389,0.6426282,0.7138426,1.0,6090,"tags=38%, list=22%, signal=48%",
GOBP_NEGATIVE_REGULATION_OF_BIOMINERAL_TISSUE_DEVELOPMENT,GOBP_NEGATIVE_REGULATION_OF_BIOMINERAL_TISSUE_DEVELOPMENT,,21,0.3827204,0.9105216,0.58759123,0.7141475,1.0,5041,"tags=38%, list=18%, signal=47%",
GOBP_ADULT_HEART_DEVELOPMENT,GOBP_ADULT_HEART_DEVELOPMENT,,10,0.4489394,0.91051644,0.58081704,0.713991,1.0,8936,"tags=50%, list=32%, signal=74%",
GOBP_SARCOMERE_ORGANIZATION,GOBP_SARCOMERE_ORGANIZATION,,39,0.34017316,0.9102268,0.6166667,0.71445584,1.0,6102,"tags=36%, list=22%, signal=46%",
GOBP_NEURON_PROJECTION_ORGANIZATION,GOBP_NEURON_PROJECTION_ORGANIZATION,,90,0.29677528,0.9096957,0.66556835,0.71544224,1.0,4561,"tags=26%, list=16%, signal=30%",
GOBP_NEGATIVE_REGULATION_OF_MRNA_CATABOLIC_PROCESS,GOBP_NEGATIVE_REGULATION_OF_MRNA_CATABOLIC_PROCESS,,75,0.2999416,0.90956676,0.6542811,0.7155661,1.0,3970,"tags=23%, list=14%, signal=26%",
GOBP_PROTEIN_N_LINKED_GLYCOSYLATION,GOBP_PROTEIN_N_LINKED_GLYCOSYLATION,,87,0.29456457,0.9093191,0.6399371,0.7159401,1.0,5048,"tags=23%, list=18%, signal=28%",
GOBP_PROTEIN_LOCALIZATION_TO_SITE_OF_DOUBLE_STRAND_BREAK,GOBP_PROTEIN_LOCALIZATION_TO_SITE_OF_DOUBLE_STRAND_BREAK,,16,0.40582243,0.90852636,0.60245186,0.71746504,1.0,486,"tags=13%, list=2%, signal=13%",
GOBP_REGULATION_OF_HEART_GROWTH,GOBP_REGULATION_OF_HEART_GROWTH,,50,0.32432207,0.9083945,0.62931037,0.71757954,1.0,4426,"tags=26%, list=16%, signal=31%",
GOBP_TRANSLATIONAL_INITIATION,GOBP_TRANSLATIONAL_INITIATION,,125,0.28255293,0.9082769,0.693038,0.7176591,1.0,4146,"tags=18%, list=15%, signal=22%",
GOBP_DETECTION_OF_STIMULUS_INVOLVED_IN_SENSORY_PERCEPTION,GOBP_DETECTION_OF_STIMULUS_INVOLVED_IN_SENSORY_PERCEPTION,,130,0.27782324,0.90824527,0.6912851,0.7175586,1.0,5088,"tags=22%, list=18%, signal=26%",
REACTOME_DAG_AND_IP3_SIGNALING,REACTOME_DAG_AND_IP3_SIGNALING,,37,0.33863118,0.9081231,0.60126585,0.7176629,1.0,5301,"tags=35%, list=19%, signal=43%",
GOBP_POSITIVE_REGULATION_OF_RHO_PROTEIN_SIGNAL_TRANSDUCTION,GOBP_POSITIVE_REGULATION_OF_RHO_PROTEIN_SIGNAL_TRANSDUCTION,,28,0.35684666,0.90782803,0.5908289,0.7181326,1.0,3423,"tags=25%, list=12%, signal=28%",
GOBP_CARDIAC_RIGHT_VENTRICLE_MORPHOGENESIS,GOBP_CARDIAC_RIGHT_VENTRICLE_MORPHOGENESIS,,13,0.42072007,0.9077607,0.6252319,0.71811515,1.0,1143,"tags=15%, list=4%, signal=16%",
GOBP_REGULATION_OF_SISTER_CHROMATID_SEGREGATION,GOBP_REGULATION_OF_SISTER_CHROMATID_SEGREGATION,,114,0.2853492,0.9076021,0.6598101,0.71829844,1.0,4143,"tags=18%, list=15%, signal=22%",
GOBP_CELLULAR_RESPONSE_TO_REACTIVE_NITROGEN_SPECIES,GOBP_CELLULAR_RESPONSE_TO_REACTIVE_NITROGEN_SPECIES,,15,0.4099562,0.90731925,0.5930435,0.71875185,1.0,3694,"tags=40%, list=13%, signal=46%",
REACTOME_REGULATION_OF_TP53_ACTIVITY_THROUGH_PHOSPHORYLATION,REACTOME_REGULATION_OF_TP53_ACTIVITY_THROUGH_PHOSPHORYLATION,,92,0.29086474,0.9068427,0.64984226,0.71962273,1.0,5221,"tags=21%, list=19%, signal=25%",
GOBP_ACROSOME_REACTION,GOBP_ACROSOME_REACTION,,29,0.35426667,0.9067304,0.61962134,0.71970546,1.0,2005,"tags=14%, list=7%, signal=15%",
GOBP_FIBROBLAST_GROWTH_FACTOR_RECEPTOR_SIGNALING_PATHWAY,GOBP_FIBROBLAST_GROWTH_FACTOR_RECEPTOR_SIGNALING_PATHWAY,,63,0.30843475,0.9066703,0.61958265,0.7196682,1.0,4778,"tags=25%, list=17%, signal=31%",
GOBP_POSITIVE_REGULATION_OF_DNA_TEMPLATED_TRANSCRIPTION_INITIATION,GOBP_POSITIVE_REGULATION_OF_DNA_TEMPLATED_TRANSCRIPTION_INITIATION,,73,0.30270275,0.9054578,0.6422764,0.72214687,1.0,5539,"tags=25%, list=20%, signal=31%",
GOBP_PURINE_NUCLEOBASE_METABOLIC_PROCESS,GOBP_PURINE_NUCLEOBASE_METABOLIC_PROCESS,,19,0.39967042,0.90535766,0.5864662,0.72218984,1.0,2863,"tags=21%, list=10%, signal=23%",
GOBP_FEMALE_GAMETE_GENERATION,GOBP_FEMALE_GAMETE_GENERATION,,139,0.2764315,0.90478104,0.69848484,0.72327405,1.0,5019,"tags=22%, list=18%, signal=26%",
GOBP_LABYRINTHINE_LAYER_BLOOD_VESSEL_DEVELOPMENT,GOBP_LABYRINTHINE_LAYER_BLOOD_VESSEL_DEVELOPMENT,,19,0.38795003,0.90467876,0.5966851,0.7233184,1.0,3279,"tags=26%, list=12%, signal=30%",
GOBP_NEGATIVE_REGULATION_OF_SINGLE_STRANDED_VIRAL_RNA_REPLICATION_VIA_DOUBLE_STRANDED_DNA_INTERMEDIATE,GOBP_NEGATIVE_REGULATION_OF_SINGLE_STRANDED_VIRAL_RNA_REPLICATION_VIA_DOUBLE_STRANDED_DNA_INTERMEDIATE,,11,0.4421924,0.9044214,0.61080074,0.7237113,1.0,2996,"tags=27%, list=11%, signal=31%",
REACTOME_NOTCH_HLH_TRANSCRIPTION_PATHWAY,REACTOME_NOTCH_HLH_TRANSCRIPTION_PATHWAY,,28,0.35036963,0.90436465,0.5902778,0.72366595,1.0,4578,"tags=36%, list=17%, signal=43%",
REACTOME_G_BETA_GAMMA_SIGNALLING_THROUGH_PI3KGAMMA,REACTOME_G_BETA_GAMMA_SIGNALLING_THROUGH_PI3KGAMMA,,22,0.37632176,0.90409553,0.60954064,0.72407806,1.0,3384,"tags=36%, list=12%, signal=41%",
GOBP_HISTONE_MRNA_CATABOLIC_PROCESS,GOBP_HISTONE_MRNA_CATABOLIC_PROCESS,,26,0.3628032,0.9029489,0.62457913,0.7264581,1.0,4346,"tags=31%, list=16%, signal=36%",
GOBP_PROTEIN_O_LINKED_GLYCOSYLATION,GOBP_PROTEIN_O_LINKED_GLYCOSYLATION,,138,0.2771953,0.9023918,0.71811026,0.72749186,1.0,3966,"tags=20%, list=14%, signal=24%",
GOBP_PALLIUM_DEVELOPMENT,GOBP_PALLIUM_DEVELOPMENT,,163,0.2691128,0.90224385,0.6851064,0.72763985,1.0,5724,"tags=29%, list=21%, signal=37%",
GOBP_MYOBLAST_FUSION,GOBP_MYOBLAST_FUSION,,86,0.29354575,0.9018815,0.6604069,0.7282649,1.0,3533,"tags=13%, list=13%, signal=15%",
GOBP_REGULATION_OF_SYNAPSE_ASSEMBLY,GOBP_REGULATION_OF_SYNAPSE_ASSEMBLY,,141,0.27618322,0.9010115,0.6980273,0.7299911,1.0,5129,"tags=23%, list=18%, signal=29%",
GOBP_POSITIVE_REGULATION_OF_PHOSPHOLIPID_TRANSPORT,GOBP_POSITIVE_REGULATION_OF_PHOSPHOLIPID_TRANSPORT,,15,0.413016,0.9006191,0.60952383,0.73066133,1.0,5106,"tags=40%, list=18%, signal=49%",
GOBP_MICROTUBULE_BASED_TRANSPORT,GOBP_MICROTUBULE_BASED_TRANSPORT,,239,0.26052496,0.90019023,0.7633803,0.7314419,1.0,5422,"tags=25%, list=20%, signal=30%",
REACTOME_ASSEMBLY_AND_CELL_SURFACE_PRESENTATION_OF_NMDA_RECEPTORS,REACTOME_ASSEMBLY_AND_CELL_SURFACE_PRESENTATION_OF_NMDA_RECEPTORS,,41,0.32591704,0.8999301,0.6204013,0.73184717,1.0,5869,"tags=24%, list=21%, signal=31%",
GOBP_DEFINITIVE_HEMOPOIESIS,GOBP_DEFINITIVE_HEMOPOIESIS,,21,0.37832183,0.89970607,0.59731543,0.73216736,1.0,4336,"tags=19%, list=16%, signal=23%",
GOBP_SODIUM_ION_TRANSPORT,GOBP_SODIUM_ION_TRANSPORT,,189,0.26664203,0.8994991,0.7507163,0.7324337,1.0,3670,"tags=17%, list=13%, signal=19%",
GOBP_HIPPOCAMPUS_DEVELOPMENT,GOBP_HIPPOCAMPUS_DEVELOPMENT,,76,0.2980007,0.89948505,0.6976378,0.7322925,1.0,4673,"tags=29%, list=17%, signal=35%",
REACTOME_REGULATION_OF_MECP2_EXPRESSION_AND_ACTIVITY,REACTOME_REGULATION_OF_MECP2_EXPRESSION_AND_ACTIVITY,,29,0.35209018,0.8994282,0.6226087,0.73225325,1.0,4480,"tags=28%, list=16%, signal=33%",
GOBP_CELLULAR_HYPEROSMOTIC_RESPONSE,GOBP_CELLULAR_HYPEROSMOTIC_RESPONSE,,21,0.37105048,0.8990892,0.6014109,0.7328285,1.0,3225,"tags=29%, list=12%, signal=32%",
GOBP_REGULATION_OF_RENAL_SYSTEM_PROCESS,GOBP_REGULATION_OF_RENAL_SYSTEM_PROCESS,,14,0.41590697,0.89862293,0.5970696,0.7336278,1.0,2996,"tags=29%, list=11%, signal=32%",
REACTOME_OLFACTORY_SIGNALING_PATHWAY,REACTOME_OLFACTORY_SIGNALING_PATHWAY,,44,0.33014724,0.89824814,0.6393443,0.734269,1.0,3505,"tags=18%, list=13%, signal=21%",
GOBP_PROTEIN_LOCALIZATION_TO_MITOCHONDRION,GOBP_PROTEIN_LOCALIZATION_TO_MITOCHONDRION,,68,0.30437502,0.8980076,0.6569966,0.7346041,1.0,3662,"tags=21%, list=13%, signal=24%",
REACTOME_PRESYNAPTIC_DEPOLARIZATION_AND_CALCIUM_CHANNEL_OPENING,REACTOME_PRESYNAPTIC_DEPOLARIZATION_AND_CALCIUM_CHANNEL_OPENING,,10,0.4425412,0.8976854,0.60739434,0.735132,1.0,14,"tags=10%, list=0%, signal=10%",
GOBP_REGULATION_OF_MITOTIC_SISTER_CHROMATID_SEGREGATION,GOBP_REGULATION_OF_MITOTIC_SISTER_CHROMATID_SEGREGATION,,66,0.30558592,0.8973727,0.67704916,0.7356279,1.0,4029,"tags=18%, list=15%, signal=21%",
GOBP_HEME_B_BIOSYNTHETIC_PROCESS,GOBP_HEME_B_BIOSYNTHETIC_PROCESS,,10,0.44434485,0.89721924,0.62310606,0.7357881,1.0,6115,"tags=50%, list=22%, signal=64%",
GOBP_ZINC_ION_IMPORT_INTO_ORGANELLE,GOBP_ZINC_ION_IMPORT_INTO_ORGANELLE,,10,0.44785196,0.89674985,0.63957596,0.7366308,1.0,4561,"tags=30%, list=16%, signal=36%",
GOBP_ADULT_BEHAVIOR,GOBP_ADULT_BEHAVIOR,,123,0.27640247,0.89665097,0.7045101,0.73666835,1.0,3359,"tags=16%, list=12%, signal=18%",
GOBP_CARBOHYDRATE_DERIVATIVE_TRANSPORT,GOBP_CARBOHYDRATE_DERIVATIVE_TRANSPORT,,85,0.29334795,0.89657474,0.68455285,0.73666924,1.0,3966,"tags=24%, list=14%, signal=27%",
GOBP_SYNAPSE_MATURATION,GOBP_SYNAPSE_MATURATION,,38,0.3354066,0.8965588,0.63712376,0.7365299,1.0,5529,"tags=32%, list=20%, signal=39%",
REACTOME_TRANSLESION_SYNTHESIS_BY_Y_FAMILY_DNA_POLYMERASES_BYPASSES_LESIONS_ON_DNA_TEMPLATE,REACTOME_TRANSLESION_SYNTHESIS_BY_Y_FAMILY_DNA_POLYMERASES_BYPASSES_LESIONS_ON_DNA_TEMPLATE,,39,0.33016136,0.8964187,0.6351575,0.7366534,1.0,5221,"tags=33%, list=19%, signal=41%",
GOBP_PEROXISOME_ORGANIZATION,GOBP_PEROXISOME_ORGANIZATION,,35,0.33522007,0.8958502,0.6275862,0.73767525,1.0,5382,"tags=29%, list=19%, signal=35%",
GOBP_RIBONUCLEOSIDE_METABOLIC_PROCESS,GOBP_RIBONUCLEOSIDE_METABOLIC_PROCESS,,23,0.37015828,0.89583033,0.6183074,0.73754334,1.0,3617,"tags=26%, list=13%, signal=30%",
GOBP_REGULATION_OF_NUCLEAR_DIVISION,GOBP_REGULATION_OF_NUCLEAR_DIVISION,,139,0.27619424,0.89546764,0.7136432,0.73812,1.0,5054,"tags=21%, list=18%, signal=25%",
GOBP_CELLULAR_RESPONSE_TO_RETINOIC_ACID,GOBP_CELLULAR_RESPONSE_TO_RETINOIC_ACID,,50,0.3166554,0.89501524,0.6533333,0.73892194,1.0,5747,"tags=32%, list=21%, signal=40%",
GOBP_SIGNAL_TRANSDUCTION_BY_P53_CLASS_MEDIATOR,GOBP_SIGNAL_TRANSDUCTION_BY_P53_CLASS_MEDIATOR,,185,0.26316795,0.89489686,0.75581396,0.7390052,1.0,4487,"tags=21%, list=16%, signal=25%",
REACTOME_REGULATION_OF_FZD_BY_UBIQUITINATION,REACTOME_REGULATION_OF_FZD_BY_UBIQUITINATION,,17,0.3998282,0.89459926,0.62541807,0.73947674,1.0,3696,"tags=24%, list=13%, signal=27%",
GOBP_MAINTENANCE_OF_SYNAPSE_STRUCTURE,GOBP_MAINTENANCE_OF_SYNAPSE_STRUCTURE,,26,0.3585346,0.89403963,0.61335677,0.7404905,1.0,1773,"tags=12%, list=6%, signal=12%",
GOBP_POSITIVE_REGULATION_OF_DNA_TEMPLATED_TRANSCRIPTION_ELONGATION,GOBP_POSITIVE_REGULATION_OF_DNA_TEMPLATED_TRANSCRIPTION_ELONGATION,,62,0.30443493,0.89395994,0.6672384,0.7404967,1.0,4912,"tags=21%, list=18%, signal=25%",
GOBP_POSITIVE_REGULATION_OF_SMOOTH_MUSCLE_CELL_APOPTOTIC_PROCESS,GOBP_POSITIVE_REGULATION_OF_SMOOTH_MUSCLE_CELL_APOPTOTIC_PROCESS,,15,0.4012338,0.8936852,0.6106195,0.7408955,1.0,5719,"tags=40%, list=21%, signal=50%",
GOBP_POSTSYNAPTIC_CYTOSKELETON_ORGANIZATION,GOBP_POSTSYNAPTIC_CYTOSKELETON_ORGANIZATION,,20,0.38034576,0.8933967,0.64,0.7413205,1.0,7056,"tags=45%, list=25%, signal=60%",
GOBP_DIACYLGLYCEROL_METABOLIC_PROCESS,GOBP_DIACYLGLYCEROL_METABOLIC_PROCESS,,23,0.36711594,0.8932739,0.5888502,0.7414092,1.0,3015,"tags=30%, list=11%, signal=34%",
GOBP_POSITIVE_REGULATION_OF_STRESS_FIBER_ASSEMBLY,GOBP_POSITIVE_REGULATION_OF_STRESS_FIBER_ASSEMBLY,,49,0.3173707,0.8925062,0.661859,0.7428738,1.0,4745,"tags=29%, list=17%, signal=34%",
GOBP_PTERIDINE_CONTAINING_COMPOUND_METABOLIC_PROCESS,GOBP_PTERIDINE_CONTAINING_COMPOUND_METABOLIC_PROCESS,,34,0.33771104,0.8924546,0.6357504,0.7428087,1.0,2434,"tags=15%, list=9%, signal=16%",
REACTOME_MET_ACTIVATES_PTK2_SIGNALING,REACTOME_MET_ACTIVATES_PTK2_SIGNALING,,30,0.3519652,0.89242655,0.6322795,0.7426954,1.0,6439,"tags=50%, list=23%, signal=65%",
GOBP_VERY_LONG_CHAIN_FATTY_ACID_BIOSYNTHETIC_PROCESS,GOBP_VERY_LONG_CHAIN_FATTY_ACID_BIOSYNTHETIC_PROCESS,,12,0.43248203,0.89241225,0.64510167,0.74255544,1.0,5222,"tags=42%, list=19%, signal=51%",
GOBP_L_SERINE_METABOLIC_PROCESS,GOBP_L_SERINE_METABOLIC_PROCESS,,12,0.42416373,0.89214194,0.61657035,0.74297565,1.0,3051,"tags=25%, list=11%, signal=28%",
GOBP_NEGATIVE_REGULATION_OF_CELLULAR_RESPIRATION,GOBP_NEGATIVE_REGULATION_OF_CELLULAR_RESPIRATION,,11,0.44028652,0.89164215,0.61278194,0.74387383,1.0,1919,"tags=27%, list=7%, signal=29%",
GOBP_PRE_MIRNA_PROCESSING,GOBP_PRE_MIRNA_PROCESSING,,15,0.40759376,0.89154273,0.6313933,0.74390846,1.0,2413,"tags=20%, list=9%, signal=22%",
GOBP_RRNA_CATABOLIC_PROCESS,GOBP_RRNA_CATABOLIC_PROCESS,,20,0.386566,0.8915177,0.6111111,0.74378794,1.0,3420,"tags=35%, list=12%, signal=40%",
GOBP_POSITIVE_REGULATION_OF_MIRNA_METABOLIC_PROCESS,GOBP_POSITIVE_REGULATION_OF_MIRNA_METABOLIC_PROCESS,,57,0.30757654,0.8913648,0.66341466,0.74393797,1.0,3873,"tags=25%, list=14%, signal=28%",
GOBP_PERIPHERAL_NERVOUS_SYSTEM_DEVELOPMENT,GOBP_PERIPHERAL_NERVOUS_SYSTEM_DEVELOPMENT,,72,0.29831997,0.8910733,0.6771005,0.744396,1.0,4144,"tags=21%, list=15%, signal=24%",
GOBP_RENAL_SODIUM_ION_TRANSPORT,GOBP_RENAL_SODIUM_ION_TRANSPORT,,13,0.41912043,0.89096725,0.6173913,0.7444563,1.0,2911,"tags=23%, list=10%, signal=26%",
GOBP_DETECTION_OF_TEMPERATURE_STIMULUS_INVOLVED_IN_SENSORY_PERCEPTION_OF_PAIN,GOBP_DETECTION_OF_TEMPERATURE_STIMULUS_INVOLVED_IN_SENSORY_PERCEPTION_OF_PAIN,,17,0.39194092,0.89076966,0.6027634,0.7447069,1.0,4520,"tags=29%, list=16%, signal=35%",
GOBP_RESPIRATORY_SYSTEM_PROCESS,GOBP_RESPIRATORY_SYSTEM_PROCESS,,40,0.3271047,0.89064026,0.6518771,0.74482083,1.0,3165,"tags=20%, list=11%, signal=23%",
GOBP_BLASTOCYST_FORMATION,GOBP_BLASTOCYST_FORMATION,,40,0.32314214,0.89006096,0.62189054,0.7458522,1.0,4439,"tags=28%, list=16%, signal=33%",
GOBP_ODONTOGENESIS,GOBP_ODONTOGENESIS,,94,0.29088542,0.8898796,0.70481926,0.7460433,1.0,4708,"tags=29%, list=17%, signal=34%",
REACTOME_PERK_REGULATES_GENE_EXPRESSION,REACTOME_PERK_REGULATES_GENE_EXPRESSION,,31,0.341808,0.889387,0.64467007,0.7469279,1.0,4934,"tags=32%, list=18%, signal=39%",
GOBP_LUNG_EPITHELIUM_DEVELOPMENT,GOBP_LUNG_EPITHELIUM_DEVELOPMENT,,35,0.337962,0.8890091,0.6353322,0.7475667,1.0,3513,"tags=20%, list=13%, signal=23%",
GOBP_NEGATIVE_REGULATION_OF_DNA_TEMPLATED_DNA_REPLICATION,GOBP_NEGATIVE_REGULATION_OF_DNA_TEMPLATED_DNA_REPLICATION,,15,0.40108395,0.8889588,0.61619717,0.74748653,1.0,4924,"tags=33%, list=18%, signal=41%",
GOBP_TETRAHYDROBIOPTERIN_METABOLIC_PROCESS,GOBP_TETRAHYDROBIOPTERIN_METABOLIC_PROCESS,,10,0.43468678,0.8883881,0.6032907,0.74854445,1.0,2041,"tags=20%, list=7%, signal=22%",
GOBP_CELLULAR_RESPONSE_TO_CAFFEINE,GOBP_CELLULAR_RESPONSE_TO_CAFFEINE,,10,0.44265908,0.8881082,0.6336283,0.7489693,1.0,5821,"tags=40%, list=21%, signal=51%",
GOBP_NEUROTRANSMITTER_RECEPTOR_TRANSPORT_ENDOSOME_TO_POSTSYNAPTIC_MEMBRANE,GOBP_NEUROTRANSMITTER_RECEPTOR_TRANSPORT_ENDOSOME_TO_POSTSYNAPTIC_MEMBRANE,,10,0.4362093,0.8880503,0.630713,0.74892515,1.0,3767,"tags=40%, list=14%, signal=46%",
GOBP_ENDODERMAL_CELL_FATE_COMMITMENT,GOBP_ENDODERMAL_CELL_FATE_COMMITMENT,,11,0.42147937,0.88773906,0.6133829,0.74941075,1.0,6448,"tags=45%, list=23%, signal=59%",
GOBP_SOMATIC_DIVERSIFICATION_OF_IMMUNE_RECEPTORS_VIA_SOMATIC_MUTATION,GOBP_SOMATIC_DIVERSIFICATION_OF_IMMUNE_RECEPTORS_VIA_SOMATIC_MUTATION,,16,0.3891483,0.887502,0.6110155,0.74974,1.0,2264,"tags=19%, list=8%, signal=20%",
GOBP_POSITIVE_REGULATION_OF_CANONICAL_WNT_SIGNALING_PATHWAY,GOBP_POSITIVE_REGULATION_OF_CANONICAL_WNT_SIGNALING_PATHWAY,,106,0.28345683,0.8874186,0.6996904,0.7497459,1.0,4686,"tags=25%, list=17%, signal=29%",
REACTOME_G_ALPHA_12_13_SIGNALLING_EVENTS,REACTOME_G_ALPHA_12_13_SIGNALLING_EVENTS,,73,0.2973355,0.887129,0.7063492,0.7501567,1.0,4161,"tags=29%, list=15%, signal=34%",
GOBP_NEGATIVE_REGULATION_OF_PROTEIN_BINDING,GOBP_NEGATIVE_REGULATION_OF_PROTEIN_BINDING,,25,0.36668372,0.88705266,0.64089346,0.7501395,1.0,5487,"tags=36%, list=20%, signal=45%",
GOBP_SENSORY_PERCEPTION_OF_SMELL,GOBP_SENSORY_PERCEPTION_OF_SMELL,,61,0.30659544,0.88671845,0.67874795,0.7506568,1.0,3505,"tags=16%, list=13%, signal=19%",
GOBP_ALPHA_AMINO_ACID_BIOSYNTHETIC_PROCESS,GOBP_ALPHA_AMINO_ACID_BIOSYNTHETIC_PROCESS,,52,0.3122486,0.8862988,0.65630114,0.75137997,1.0,3359,"tags=21%, list=12%, signal=24%",
GOBP_NEGATIVE_REGULATION_OF_CGAS_STING_SIGNALING_PATHWAY,GOBP_NEGATIVE_REGULATION_OF_CGAS_STING_SIGNALING_PATHWAY,,15,0.41143557,0.88596547,0.62038666,0.75189763,1.0,4029,"tags=40%, list=15%, signal=47%",
GOBP_SPLICEOSOMAL_CONFORMATIONAL_CHANGES_TO_GENERATE_CATALYTIC_CONFORMATION,GOBP_SPLICEOSOMAL_CONFORMATIONAL_CHANGES_TO_GENERATE_CATALYTIC_CONFORMATION,,39,0.32881707,0.88565403,0.66781414,0.7523872,1.0,4418,"tags=28%, list=16%, signal=34%",
GOBP_CELLULAR_RESPONSE_TO_PROSTAGLANDIN_STIMULUS,GOBP_CELLULAR_RESPONSE_TO_PROSTAGLANDIN_STIMULUS,,24,0.35835022,0.8851887,0.64685315,0.75319684,1.0,3384,"tags=17%, list=12%, signal=19%",
REACTOME_FGFR1_LIGAND_BINDING_AND_ACTIVATION,REACTOME_FGFR1_LIGAND_BINDING_AND_ACTIVATION,,11,0.42896608,0.8850012,0.6309963,0.75343144,1.0,42,"tags=9%, list=0%, signal=9%",
REACTOME_REGULATION_OF_CDH1_POSTTRANSLATIONAL_PROCESSING_AND_TRAFFICKING_TO_PLASMA_MEMBRANE,REACTOME_REGULATION_OF_CDH1_POSTTRANSLATIONAL_PROCESSING_AND_TRAFFICKING_TO_PLASMA_MEMBRANE,,32,0.34176597,0.8849258,0.6482143,0.7534142,1.0,3157,"tags=22%, list=11%, signal=25%",
GOBP_NUCLEAR_RECEPTOR_MEDIATED_CORTICOSTEROID_SIGNALING_PATHWAY,GOBP_NUCLEAR_RECEPTOR_MEDIATED_CORTICOSTEROID_SIGNALING_PATHWAY,,13,0.41721618,0.88459414,0.60998154,0.7539418,1.0,4759,"tags=46%, list=17%, signal=56%",
GOBP_C21_STEROID_HORMONE_BIOSYNTHETIC_PROCESS,GOBP_C21_STEROID_HORMONE_BIOSYNTHETIC_PROCESS,,19,0.3808161,0.8843941,0.6203704,0.75417894,1.0,2494,"tags=16%, list=9%, signal=17%",
GOBP_NEGATIVE_REGULATION_OF_ADENYLATE_CYCLASE_ACTIVATING_G_PROTEIN_COUPLED_RECEPTOR_SIGNALING_PATHWAY,GOBP_NEGATIVE_REGULATION_OF_ADENYLATE_CYCLASE_ACTIVATING_G_PROTEIN_COUPLED_RECEPTOR_SIGNALING_PATHWAY,,14,0.4095653,0.88420975,0.6168224,0.7544151,1.0,7034,"tags=50%, list=25%, signal=67%",
REACTOME_MASTL_FACILITATES_MITOTIC_PROGRESSION,REACTOME_MASTL_FACILITATES_MITOTIC_PROGRESSION,,10,0.44175577,0.8838272,0.61690646,0.7550394,1.0,7939,"tags=50%, list=29%, signal=70%",
GOBP_NEGATIVE_REGULATION_OF_SODIUM_ION_TRANSPORT,GOBP_NEGATIVE_REGULATION_OF_SODIUM_ION_TRANSPORT,,11,0.4184962,0.88370943,0.6313933,0.7551164,1.0,4759,"tags=27%, list=17%, signal=33%",
GOBP_SISTER_CHROMATID_SEGREGATION,GOBP_SISTER_CHROMATID_SEGREGATION,,247,0.2567459,0.88339204,0.81894153,0.7556075,1.0,4538,"tags=18%, list=16%, signal=22%",
GOBP_RESPONSE_TO_PH,GOBP_RESPONSE_TO_PH,,33,0.33918905,0.8831971,0.6683938,0.75583535,1.0,2547,"tags=21%, list=9%, signal=23%",
REACTOME_TRISTETRAPROLIN_TTP_ZFP36_BINDS_AND_DESTABILIZES_MRNA,REACTOME_TRISTETRAPROLIN_TTP_ZFP36_BINDS_AND_DESTABILIZES_MRNA,,17,0.38444427,0.8829675,0.62457335,0.7561577,1.0,3769,"tags=35%, list=14%, signal=41%",
GOBP_NEURON_MIGRATION,GOBP_NEURON_MIGRATION,,149,0.26829445,0.8827402,0.7628111,0.7564592,1.0,5577,"tags=30%, list=20%, signal=38%",
GOBP_MITOTIC_DNA_INTEGRITY_CHECKPOINT_SIGNALING,GOBP_MITOTIC_DNA_INTEGRITY_CHECKPOINT_SIGNALING,,77,0.29312032,0.8819504,0.726979,0.7579553,1.0,1679,"tags=12%, list=6%, signal=12%",
REACTOME_NOTCH3_INTRACELLULAR_DOMAIN_REGULATES_TRANSCRIPTION,REACTOME_NOTCH3_INTRACELLULAR_DOMAIN_REGULATES_TRANSCRIPTION,,23,0.35737064,0.8816859,0.64510167,0.7583352,1.0,5484,"tags=39%, list=20%, signal=49%",
GOBP_POSITIVE_REGULATION_OF_KERATINOCYTE_DIFFERENTIATION,GOBP_POSITIVE_REGULATION_OF_KERATINOCYTE_DIFFERENTIATION,,16,0.39245716,0.8815275,0.63619405,0.75849617,1.0,4646,"tags=38%, list=17%, signal=45%",
GOBP_PYRIMIDINE_CONTAINING_COMPOUND_TRANSMEMBRANE_TRANSPORT,GOBP_PYRIMIDINE_CONTAINING_COMPOUND_TRANSMEMBRANE_TRANSPORT,,12,0.4159135,0.8801707,0.62142855,0.7611841,1.0,572,"tags=17%, list=2%, signal=17%",
GOBP_REGULATION_OF_HUMORAL_IMMUNE_RESPONSE_MEDIATED_BY_CIRCULATING_IMMUNOGLOBULIN,GOBP_REGULATION_OF_HUMORAL_IMMUNE_RESPONSE_MEDIATED_BY_CIRCULATING_IMMUNOGLOBULIN,,15,0.40394533,0.87988263,0.66238534,0.7616044,1.0,3356,"tags=40%, list=12%, signal=45%",
GOBP_SENSORY_SYSTEM_DEVELOPMENT,GOBP_SENSORY_SYSTEM_DEVELOPMENT,,339,0.2477286,0.8798726,0.8524138,0.7614469,1.0,5821,"tags=25%, list=21%, signal=32%",
GOBP_TELENCEPHALON_DEVELOPMENT,GOBP_TELENCEPHALON_DEVELOPMENT,,237,0.25558552,0.8796972,0.8134642,0.7616526,1.0,5752,"tags=28%, list=21%, signal=35%",
GOBP_TYPE_B_PANCREATIC_CELL_DIFFERENTIATION,GOBP_TYPE_B_PANCREATIC_CELL_DIFFERENTIATION,,19,0.37824506,0.87952054,0.65652955,0.7618443,1.0,3682,"tags=21%, list=13%, signal=24%",
GOBP_PHOSPHATIDYLINOSITOL_MEDIATED_SIGNALING,GOBP_PHOSPHATIDYLINOSITOL_MEDIATED_SIGNALING,,25,0.3530998,0.87942976,0.64041096,0.76186496,1.0,4192,"tags=40%, list=15%, signal=47%",
GOBP_DETECTION_OF_TEMPERATURE_STIMULUS,GOBP_DETECTION_OF_TEMPERATURE_STIMULUS,,20,0.37484872,0.8793143,0.6303237,0.7619335,1.0,4520,"tags=25%, list=16%, signal=30%",
GOBP_FOREBRAIN_DEVELOPMENT,GOBP_FOREBRAIN_DEVELOPMENT,,326,0.24803586,0.879153,0.8559892,0.7620778,1.0,5090,"tags=23%, list=18%, signal=27%",
GOBP_TISSUE_REGENERATION,GOBP_TISSUE_REGENERATION,,58,0.3051682,0.87876457,0.68676716,0.7627166,1.0,3641,"tags=24%, list=13%, signal=28%",
GOBP_VISUAL_BEHAVIOR,GOBP_VISUAL_BEHAVIOR,,54,0.30754352,0.878714,0.67697597,0.76264495,1.0,5129,"tags=31%, list=18%, signal=39%",
GOBP_RESPONSE_TO_ACIDIC_PH,GOBP_RESPONSE_TO_ACIDIC_PH,,21,0.37198377,0.87857985,0.63978493,0.7627426,1.0,2547,"tags=24%, list=9%, signal=26%",
GOBP_SKIN_EPIDERMIS_DEVELOPMENT,GOBP_SKIN_EPIDERMIS_DEVELOPMENT,,103,0.27886632,0.87845516,0.7379421,0.7628272,1.0,4931,"tags=24%, list=18%, signal=29%",
GOBP_PSEUDOPODIUM_ORGANIZATION,GOBP_PSEUDOPODIUM_ORGANIZATION,,14,0.40511546,0.87811023,0.6427289,0.76335806,1.0,5393,"tags=50%, list=19%, signal=62%",
GOBP_PROTEIN_DENEDDYLATION,GOBP_PROTEIN_DENEDDYLATION,,11,0.4298938,0.8780239,0.6415094,0.7633564,1.0,4487,"tags=36%, list=16%, signal=43%",
REACTOME_FCERI_MEDIATED_CA_2_MOBILIZATION,REACTOME_FCERI_MEDIATED_CA_2_MOBILIZATION,,86,0.28340566,0.8780218,0.7276923,0.7631859,1.0,3614,"tags=12%, list=13%, signal=13%",
GOBP_REGULATION_OF_ISOTYPE_SWITCHING,GOBP_REGULATION_OF_ISOTYPE_SWITCHING,,37,0.3328142,0.8778401,0.661512,0.76338685,1.0,3104,"tags=22%, list=11%, signal=24%",
GOBP_RESPONSE_TO_ALKALOID,GOBP_RESPONSE_TO_ALKALOID,,81,0.29179502,0.87762433,0.7394034,0.7636714,1.0,4574,"tags=26%, list=16%, signal=31%",
GOBP_POSITIVE_REGULATION_OF_POTASSIUM_ION_TRANSMEMBRANE_TRANSPORT,GOBP_POSITIVE_REGULATION_OF_POTASSIUM_ION_TRANSMEMBRANE_TRANSPORT,,21,0.36297682,0.8775766,0.660177,0.76360345,1.0,5180,"tags=38%, list=19%, signal=47%",
REACTOME_CREB1_PHOSPHORYLATION_THROUGH_THE_ACTIVATION_OF_ADENYLATE_CYCLASE,REACTOME_CREB1_PHOSPHORYLATION_THROUGH_THE_ACTIVATION_OF_ADENYLATE_CYCLASE,,10,0.43972832,0.87670434,0.6268382,0.7651872,1.0,4519,"tags=30%, list=16%, signal=36%",
GOBP_DNA_DEAMINATION,GOBP_DNA_DEAMINATION,,13,0.4228581,0.8763667,0.63736266,0.7657117,1.0,3032,"tags=31%, list=11%, signal=35%",
REACTOME_CHOLESTEROL_BIOSYNTHESIS,REACTOME_CHOLESTEROL_BIOSYNTHESIS,,26,0.34831667,0.87587523,0.6482143,0.7665586,1.0,4231,"tags=23%, list=15%, signal=27%",
REACTOME_HIV_LIFE_CYCLE,REACTOME_HIV_LIFE_CYCLE,,149,0.26692697,0.87550086,0.7690015,0.76716155,1.0,5221,"tags=29%, list=19%, signal=35%",
GOBP_PERIPHERAL_NERVOUS_SYSTEM_AXON_ENSHEATHMENT,GOBP_PERIPHERAL_NERVOUS_SYSTEM_AXON_ENSHEATHMENT,,27,0.3509615,0.8753869,0.66435987,0.7672426,1.0,5315,"tags=30%, list=19%, signal=37%",
GOBP_PHOSPHATIDYLCHOLINE_CATABOLIC_PROCESS,GOBP_PHOSPHATIDYLCHOLINE_CATABOLIC_PROCESS,,14,0.40369767,0.87526464,0.6642857,0.76732993,1.0,2426,"tags=29%, list=9%, signal=31%",
GOBP_REGULATION_OF_NUCLEAR_CELL_CYCLE_DNA_REPLICATION,GOBP_REGULATION_OF_NUCLEAR_CELL_CYCLE_DNA_REPLICATION,,15,0.39494348,0.8752417,0.63503647,0.76720333,1.0,2309,"tags=13%, list=8%, signal=15%",
GOBP_POSITIVE_REGULATION_OF_T_HELPER_17_TYPE_IMMUNE_RESPONSE,GOBP_POSITIVE_REGULATION_OF_T_HELPER_17_TYPE_IMMUNE_RESPONSE,,16,0.39024338,0.8744952,0.6566372,0.7685662,1.0,4927,"tags=44%, list=18%, signal=53%",
GOBP_CEREBELLAR_PURKINJE_CELL_LAYER_FORMATION,GOBP_CEREBELLAR_PURKINJE_CELL_LAYER_FORMATION,,14,0.40246588,0.87437177,0.6236559,0.768638,1.0,2158,"tags=14%, list=8%, signal=15%",
REACTOME_SIGNALING_BY_BMP,REACTOME_SIGNALING_BY_BMP,,26,0.3430405,0.87384385,0.6738739,0.76957685,1.0,4125,"tags=23%, list=15%, signal=27%",
GOBP_NEGATIVE_REGULATION_OF_NERVOUS_SYSTEM_PROCESS,GOBP_NEGATIVE_REGULATION_OF_NERVOUS_SYSTEM_PROCESS,,14,0.4000858,0.87352645,0.6494662,0.7700635,1.0,990,"tags=14%, list=4%, signal=15%",
GOBP_CHONDROCYTE_PROLIFERATION,GOBP_CHONDROCYTE_PROLIFERATION,,20,0.36592215,0.87323034,0.6384083,0.7704742,1.0,3547,"tags=30%, list=13%, signal=34%",
GOBP_PIRNA_PROCESSING,GOBP_PIRNA_PROCESSING,,17,0.38040414,0.8730581,0.6241135,0.7706513,1.0,3360,"tags=18%, list=12%, signal=20%",
GOBP_DENDRITE_SELF_AVOIDANCE,GOBP_DENDRITE_SELF_AVOIDANCE,,12,0.4187756,0.87285405,0.6504673,0.77088445,1.0,3404,"tags=25%, list=12%, signal=28%",
GOBP_RESPONSE_TO_UV_C,GOBP_RESPONSE_TO_UV_C,,12,0.41251305,0.87284344,0.6427256,0.7707266,1.0,1686,"tags=25%, list=6%, signal=27%",
GOBP_REGULATION_OF_GLUCONEOGENESIS,GOBP_REGULATION_OF_GLUCONEOGENESIS,,50,0.31169254,0.872321,0.692953,0.77161086,1.0,3704,"tags=22%, list=13%, signal=25%",
GOBP_LOCOMOTOR_RHYTHM,GOBP_LOCOMOTOR_RHYTHM,,12,0.41358292,0.8722102,0.6378676,0.7716637,1.0,1544,"tags=17%, list=6%, signal=18%",
GOBP_CARDIAC_CELL_DEVELOPMENT,GOBP_CARDIAC_CELL_DEVELOPMENT,,69,0.29275537,0.8718385,0.7204473,0.77224565,1.0,3804,"tags=17%, list=14%, signal=20%",
GOBP_NEGATIVE_REGULATION_OF_MUSCLE_CELL_DIFFERENTIATION,GOBP_NEGATIVE_REGULATION_OF_MUSCLE_CELL_DIFFERENTIATION,,55,0.30081752,0.87176126,0.70569104,0.7722173,1.0,4480,"tags=22%, list=16%, signal=26%",
GOBP_CEREBELLAR_PURKINJE_CELL_LAYER_MORPHOGENESIS,GOBP_CEREBELLAR_PURKINJE_CELL_LAYER_MORPHOGENESIS,,18,0.37398252,0.87123084,0.64705884,0.7731138,1.0,2984,"tags=17%, list=11%, signal=19%",
GOBP_ESTABLISHMENT_OF_MITOCHONDRION_LOCALIZATION_MICROTUBULE_MEDIATED,GOBP_ESTABLISHMENT_OF_MITOCHONDRION_LOCALIZATION_MICROTUBULE_MEDIATED,,31,0.33889562,0.87122315,0.67937607,0.7729533,1.0,6068,"tags=39%, list=22%, signal=49%",
REACTOME_SIGNALING_BY_EGFR_IN_CANCER,REACTOME_SIGNALING_BY_EGFR_IN_CANCER,,23,0.35520348,0.8709797,0.65587735,0.7732929,1.0,7416,"tags=48%, list=27%, signal=65%",
GOBP_PLASMA_MEMBRANE_PHOSPHOLIPID_SCRAMBLING,GOBP_PLASMA_MEMBRANE_PHOSPHOLIPID_SCRAMBLING,,25,0.35066652,0.8708736,0.6666667,0.7733212,1.0,5414,"tags=52%, list=20%, signal=65%",
GOBP_CELLULAR_RESPONSE_TO_PH,GOBP_CELLULAR_RESPONSE_TO_PH,,24,0.35408843,0.8700229,0.677305,0.774864,1.0,2547,"tags=21%, list=9%, signal=23%",
GOBP_SYNAPTIC_VESICLE_CLUSTERING,GOBP_SYNAPTIC_VESICLE_CLUSTERING,,15,0.3976965,0.86987036,0.6447602,0.77498275,1.0,5705,"tags=33%, list=21%, signal=42%",
REACTOME_TIE2_SIGNALING,REACTOME_TIE2_SIGNALING,,18,0.3733348,0.869492,0.6348921,0.7755658,1.0,2121,"tags=11%, list=8%, signal=12%",
GOBP_INTESTINAL_EPITHELIAL_CELL_DIFFERENTIATION,GOBP_INTESTINAL_EPITHELIAL_CELL_DIFFERENTIATION,,16,0.37923732,0.8684811,0.64705884,0.777458,1.0,5998,"tags=44%, list=22%, signal=56%",
GOBP_REGULATION_OF_DNA_DAMAGE_CHECKPOINT,GOBP_REGULATION_OF_DNA_DAMAGE_CHECKPOINT,,25,0.35196954,0.8676444,0.6866197,0.7789896,1.0,2976,"tags=16%, list=11%, signal=18%",
REACTOME_CARBOXYTERMINAL_POST_TRANSLATIONAL_MODIFICATIONS_OF_TUBULIN,REACTOME_CARBOXYTERMINAL_POST_TRANSLATIONAL_MODIFICATIONS_OF_TUBULIN,,41,0.31452066,0.8675486,0.68566495,0.7790066,1.0,6110,"tags=29%, list=22%, signal=37%",
GOBP_MALE_MEIOTIC_NUCLEAR_DIVISION,GOBP_MALE_MEIOTIC_NUCLEAR_DIVISION,,43,0.3187641,0.86745775,0.67892975,0.77901083,1.0,3594,"tags=16%, list=13%, signal=19%",
REACTOME_KILLING_MECHANISMS,REACTOME_KILLING_MECHANISMS,,11,0.41285568,0.86702585,0.6719858,0.7797081,1.0,1615,"tags=18%, list=6%, signal=19%",
GOBP_MOTILE_CILIUM_ASSEMBLY,GOBP_MOTILE_CILIUM_ASSEMBLY,,80,0.2881776,0.8669339,0.7424,0.7797141,1.0,4749,"tags=26%, list=17%, signal=32%",
GOBP_BRANCHING_INVOLVED_IN_BLOOD_VESSEL_MORPHOGENESIS,GOBP_BRANCHING_INVOLVED_IN_BLOOD_VESSEL_MORPHOGENESIS,,28,0.33720303,0.8667766,0.6631016,0.77986103,1.0,6601,"tags=46%, list=24%, signal=61%",
GOBP_POSITIVE_REGULATION_OF_CELL_SIZE,GOBP_POSITIVE_REGULATION_OF_CELL_SIZE,,10,0.4268155,0.8667323,0.6589286,0.7797666,1.0,710,"tags=10%, list=3%, signal=10%",
GOBP_TRANSMISSION_OF_NERVE_IMPULSE,GOBP_TRANSMISSION_OF_NERVE_IMPULSE,,55,0.30413648,0.8658928,0.71166664,0.7812978,1.0,1786,"tags=11%, list=6%, signal=12%",
GOBP_CELLULAR_RESPONSE_TO_PURINE_CONTAINING_COMPOUND,GOBP_CELLULAR_RESPONSE_TO_PURINE_CONTAINING_COMPOUND,,12,0.4153144,0.8653466,0.65536726,0.78224623,1.0,5821,"tags=33%, list=21%, signal=42%",
REACTOME_REGULATION_OF_FOXO_TRANSCRIPTIONAL_ACTIVITY_BY_ACETYLATION,REACTOME_REGULATION_OF_FOXO_TRANSCRIPTIONAL_ACTIVITY_BY_ACETYLATION,,10,0.43446645,0.8646959,0.6642468,0.78336936,1.0,2757,"tags=30%, list=10%, signal=33%",
REACTOME_SYNTHESIS_OF_PIPS_AT_THE_EARLY_ENDOSOME_MEMBRANE,REACTOME_SYNTHESIS_OF_PIPS_AT_THE_EARLY_ENDOSOME_MEMBRANE,,16,0.38981283,0.86424553,0.6642857,0.7840713,1.0,3194,"tags=19%, list=12%, signal=21%",
GOBP_SERTOLI_CELL_DIFFERENTIATION,GOBP_SERTOLI_CELL_DIFFERENTIATION,,17,0.3783287,0.8639611,0.6895238,0.7844897,1.0,7140,"tags=47%, list=26%, signal=63%",
GOBP_CELLULAR_RESPONSE_TO_MANGANESE_ION,GOBP_CELLULAR_RESPONSE_TO_MANGANESE_ION,,10,0.42123318,0.86382365,0.6358792,0.7845947,1.0,302,"tags=10%, list=1%, signal=10%",
GOBP_REGULATION_OF_PROTEIN_NEDDYLATION,GOBP_REGULATION_OF_PROTEIN_NEDDYLATION,,17,0.38441443,0.8631539,0.6719577,0.78578454,1.0,4966,"tags=35%, list=18%, signal=43%",
GOBP_POTASSIUM_ION_IMPORT_ACROSS_PLASMA_MEMBRANE,GOBP_POTASSIUM_ION_IMPORT_ACROSS_PLASMA_MEMBRANE,,40,0.32115486,0.86275107,0.68313456,0.78639704,1.0,6553,"tags=35%, list=24%, signal=46%",
GOBP_SERINE_FAMILY_AMINO_ACID_BIOSYNTHETIC_PROCESS,GOBP_SERINE_FAMILY_AMINO_ACID_BIOSYNTHETIC_PROCESS,,13,0.40542454,0.8627235,0.65384614,0.786273,1.0,3051,"tags=23%, list=11%, signal=26%",
REACTOME_INTERCONVERSION_OF_NUCLEOTIDE_DI_AND_TRIPHOSPHATES,REACTOME_INTERCONVERSION_OF_NUCLEOTIDE_DI_AND_TRIPHOSPHATES,,29,0.33751756,0.86232275,0.68439716,0.7868958,1.0,492,"tags=10%, list=2%, signal=11%",
GOBP_MRNA_EXPORT_FROM_NUCLEUS,GOBP_MRNA_EXPORT_FROM_NUCLEUS,,72,0.2875236,0.86214256,0.7451613,0.78709465,1.0,3819,"tags=18%, list=14%, signal=21%",
GOBP_REGULATION_OF_MORPHOGENESIS_OF_A_BRANCHING_STRUCTURE,GOBP_REGULATION_OF_MORPHOGENESIS_OF_A_BRANCHING_STRUCTURE,,36,0.32229957,0.8619093,0.69135803,0.7873972,1.0,6058,"tags=36%, list=22%, signal=46%",
GOBP_MRNA_METHYLGUANOSINE_CAP_DECAPPING,GOBP_MRNA_METHYLGUANOSINE_CAP_DECAPPING,,25,0.35091144,0.86183125,0.6841155,0.78738743,1.0,3970,"tags=20%, list=14%, signal=23%",
GOBP_WATER_TRANSPORT,GOBP_WATER_TRANSPORT,,18,0.36978382,0.8617381,0.6740614,0.7873909,1.0,3940,"tags=33%, list=14%, signal=39%",
GOBP_CENTRAL_NERVOUS_SYSTEM_NEURON_AXONOGENESIS,GOBP_CENTRAL_NERVOUS_SYSTEM_NEURON_AXONOGENESIS,,36,0.32601288,0.8616351,0.71201414,0.7874075,1.0,3881,"tags=25%, list=14%, signal=29%",
GOBP_REGULATION_OF_HORMONE_METABOLIC_PROCESS,GOBP_REGULATION_OF_HORMONE_METABOLIC_PROCESS,,33,0.33165348,0.86141163,0.70035464,0.7876591,1.0,6660,"tags=42%, list=24%, signal=56%",
GOBP_RESPONSE_TO_PHORBOL_13_ACETATE_12_MYRISTATE,GOBP_RESPONSE_TO_PHORBOL_13_ACETATE_12_MYRISTATE,,11,0.40805513,0.861268,0.65709156,0.787773,1.0,3563,"tags=36%, list=13%, signal=42%",
GOBP_METANEPHRIC_NEPHRON_EPITHELIUM_DEVELOPMENT,GOBP_METANEPHRIC_NEPHRON_EPITHELIUM_DEVELOPMENT,,16,0.39266992,0.8603366,0.6635338,0.78942156,1.0,2419,"tags=19%, list=9%, signal=21%",
GOBP_NEGATIVE_REGULATION_OF_NOTCH_SIGNALING_PATHWAY,GOBP_NEGATIVE_REGULATION_OF_NOTCH_SIGNALING_PATHWAY,,34,0.3306838,0.8603029,0.6917923,0.7893167,1.0,2192,"tags=15%, list=8%, signal=16%",
REACTOME_CONSTITUTIVE_SIGNALING_BY_OVEREXPRESSED_ERBB2,REACTOME_CONSTITUTIVE_SIGNALING_BY_OVEREXPRESSED_ERBB2,,11,0.4134498,0.86004955,0.66903913,0.7896336,1.0,7416,"tags=55%, list=27%, signal=74%",
GOBP_COLLAGEN_ACTIVATED_TYROSINE_KINASE_RECEPTOR_SIGNALING_PATHWAY,GOBP_COLLAGEN_ACTIVATED_TYROSINE_KINASE_RECEPTOR_SIGNALING_PATHWAY,,11,0.4166315,0.85989803,0.6362007,0.7897742,1.0,4276,"tags=55%, list=15%, signal=64%",
GOBP_REGULATION_OF_CAMP_PKA_SIGNAL_TRANSDUCTION,GOBP_REGULATION_OF_CAMP_PKA_SIGNAL_TRANSDUCTION,,40,0.3154139,0.85945207,0.7154882,0.7904779,1.0,5254,"tags=33%, list=19%, signal=40%",
GOBP_POSITIVE_REGULATION_OF_CALCINEURIN_MEDIATED_SIGNALING,GOBP_POSITIVE_REGULATION_OF_CALCINEURIN_MEDIATED_SIGNALING,,18,0.37033093,0.85934496,0.65486723,0.79049796,1.0,3513,"tags=22%, list=13%, signal=25%",
GOBP_REGULATION_OF_PROTEIN_LIPIDATION,GOBP_REGULATION_OF_PROTEIN_LIPIDATION,,10,0.43036997,0.8586267,0.6727605,0.79173654,1.0,4400,"tags=30%, list=16%, signal=36%",
GOBP_CEREBELLAR_CORTEX_MORPHOGENESIS,GOBP_CEREBELLAR_CORTEX_MORPHOGENESIS,,34,0.32507437,0.8586255,0.7076412,0.7915609,1.0,3235,"tags=18%, list=12%, signal=20%",
GOBP_CDC42_PROTEIN_SIGNAL_TRANSDUCTION,GOBP_CDC42_PROTEIN_SIGNAL_TRANSDUCTION,,13,0.40283978,0.8585573,0.6539924,0.7915201,1.0,5381,"tags=54%, list=19%, signal=67%",
GOBP_CELL_VOLUME_HOMEOSTASIS,GOBP_CELL_VOLUME_HOMEOSTASIS,,33,0.32825878,0.8584723,0.68149465,0.7915077,1.0,4796,"tags=27%, list=17%, signal=33%",
REACTOME_REGULATION_OF_PLK1_ACTIVITY_AT_G2_M_TRANSITION,REACTOME_REGULATION_OF_PLK1_ACTIVITY_AT_G2_M_TRANSITION,,87,0.28078336,0.8582358,0.7604328,0.79177654,1.0,4178,"tags=24%, list=15%, signal=28%",
REACTOME_MITOCHONDRIAL_CALCIUM_ION_TRANSPORT,REACTOME_MITOCHONDRIAL_CALCIUM_ION_TRANSPORT,,23,0.35678622,0.8581001,0.6962025,0.7918667,1.0,5223,"tags=35%, list=19%, signal=43%",
REACTOME_DNA_DAMAGE_BYPASS,REACTOME_DNA_DAMAGE_BYPASS,,48,0.30392987,0.85719496,0.7171381,0.7934814,1.0,3531,"tags=21%, list=13%, signal=24%",
GOBP_POSITIVE_REGULATION_OF_CELLULAR_SENESCENCE,GOBP_POSITIVE_REGULATION_OF_CELLULAR_SENESCENCE,,13,0.38879296,0.8567259,0.6614311,0.79419005,1.0,3436,"tags=31%, list=12%, signal=35%",
GOBP_ENTERIC_NERVOUS_SYSTEM_DEVELOPMENT,GOBP_ENTERIC_NERVOUS_SYSTEM_DEVELOPMENT,,11,0.41064188,0.85667056,0.6423611,0.79411733,1.0,2174,"tags=18%, list=8%, signal=20%",
GOBP_INTERMEDIATE_FILAMENT_ORGANIZATION,GOBP_INTERMEDIATE_FILAMENT_ORGANIZATION,,38,0.31945768,0.8563467,0.71166664,0.79457986,1.0,1675,"tags=8%, list=6%, signal=8%",
GOBP_PHOTORECEPTOR_CELL_DEVELOPMENT,GOBP_PHOTORECEPTOR_CELL_DEVELOPMENT,,42,0.3121307,0.8555631,0.7138211,0.79592836,1.0,6090,"tags=38%, list=22%, signal=49%",
GOBP_RETINA_HOMEOSTASIS,GOBP_RETINA_HOMEOSTASIS,,52,0.30298266,0.85543245,0.7121464,0.7960078,1.0,6022,"tags=33%, list=22%, signal=42%",
GOBP_DIGESTIVE_SYSTEM_DEVELOPMENT,GOBP_DIGESTIVE_SYSTEM_DEVELOPMENT,,109,0.26923573,0.8549686,0.77952754,0.79673445,1.0,4966,"tags=22%, list=18%, signal=27%",
REACTOME_SIGNALING_BY_NTRK2_TRKB,REACTOME_SIGNALING_BY_NTRK2_TRKB,,23,0.3570265,0.854449,0.70149255,0.7975691,1.0,1354,"tags=13%, list=5%, signal=14%",
GOBP_METANEPHRIC_EPITHELIUM_DEVELOPMENT,GOBP_METANEPHRIC_EPITHELIUM_DEVELOPMENT,,19,0.37208906,0.8538186,0.66906476,0.79865795,1.0,2419,"tags=16%, list=9%, signal=17%",
REACTOME_RECEPTOR_TYPE_TYROSINE_PROTEIN_PHOSPHATASES,REACTOME_RECEPTOR_TYPE_TYROSINE_PROTEIN_PHOSPHATASES,,13,0.40222797,0.8535601,0.6733945,0.7989804,1.0,3974,"tags=31%, list=14%, signal=36%",
GOBP_GLIAL_CELL_APOPTOTIC_PROCESS,GOBP_GLIAL_CELL_APOPTOTIC_PROCESS,,15,0.38259277,0.85345405,0.6970803,0.79902124,1.0,3770,"tags=27%, list=14%, signal=31%",
REACTOME_SYNTHESIS_SECRETION_AND_INACTIVATION_OF_GLUCAGON_LIKE_PEPTIDE_1_GLP_1,REACTOME_SYNTHESIS_SECRETION_AND_INACTIVATION_OF_GLUCAGON_LIKE_PEPTIDE_1_GLP_1,,15,0.38390455,0.85340494,0.6721915,0.79893744,1.0,4459,"tags=27%, list=16%, signal=32%",
REACTOME_ACTIVATED_NTRK2_SIGNALS_THROUGH_FRS2_AND_FRS3,REACTOME_ACTIVATED_NTRK2_SIGNALS_THROUGH_FRS2_AND_FRS3,,10,0.41591135,0.85331184,0.66972476,0.7989328,1.0,1354,"tags=10%, list=5%, signal=11%",
REACTOME_MITOCHONDRIAL_PROTEIN_DEGRADATION,REACTOME_MITOCHONDRIAL_PROTEIN_DEGRADATION,,97,0.27233624,0.85287833,0.7955975,0.79960567,1.0,5480,"tags=24%, list=20%, signal=29%",
GOBP_POSITIVE_REGULATION_OF_GLYCOPROTEIN_BIOSYNTHETIC_PROCESS,GOBP_POSITIVE_REGULATION_OF_GLYCOPROTEIN_BIOSYNTHETIC_PROCESS,,15,0.3873593,0.8523157,0.6727273,0.8004884,1.0,4459,"tags=33%, list=16%, signal=40%",
GOBP_ATTACHMENT_OF_SPINDLE_MICROTUBULES_TO_KINETOCHORE,GOBP_ATTACHMENT_OF_SPINDLE_MICROTUBULES_TO_KINETOCHORE,,57,0.29516217,0.8521999,0.7585089,0.80053496,1.0,4178,"tags=16%, list=15%, signal=19%",
REACTOME_PI_3K_CASCADE_FGFR3,REACTOME_PI_3K_CASCADE_FGFR3,,13,0.39993513,0.8517532,0.6916221,0.8011916,1.0,7831,"tags=46%, list=28%, signal=64%",
GOBP_2_OXOGLUTARATE_METABOLIC_PROCESS,GOBP_2_OXOGLUTARATE_METABOLIC_PROCESS,,16,0.37278232,0.8507408,0.6925859,0.8029639,1.0,5,"tags=6%, list=0%, signal=6%",
GOBP_POSITIVE_REGULATION_OF_DENDRITE_DEVELOPMENT,GOBP_POSITIVE_REGULATION_OF_DENDRITE_DEVELOPMENT,,11,0.40584502,0.85056895,0.67150635,0.8031356,1.0,354,"tags=9%, list=1%, signal=9%",
GOBP_EMBRYONIC_HEMOPOIESIS,GOBP_EMBRYONIC_HEMOPOIESIS,,22,0.35211924,0.8503976,0.6979866,0.80329436,1.0,4966,"tags=36%, list=18%, signal=44%",
GOBP_FAT_SOLUBLE_VITAMIN_CATABOLIC_PROCESS,GOBP_FAT_SOLUBLE_VITAMIN_CATABOLIC_PROCESS,,10,0.42020327,0.8498661,0.65591395,0.80411094,1.0,1200,"tags=10%, list=4%, signal=10%",
GOBP_EXIT_FROM_MITOSIS,GOBP_EXIT_FROM_MITOSIS,,30,0.32302415,0.849423,0.6895943,0.8047559,1.0,6412,"tags=40%, list=23%, signal=52%",
GOBP_RESPONSE_TO_PARATHYROID_HORMONE,GOBP_RESPONSE_TO_PARATHYROID_HORMONE,,10,0.4218017,0.84877664,0.6906475,0.80585986,1.0,4480,"tags=40%, list=16%, signal=48%",
GOBP_REGULATION_OF_VENTRICULAR_CARDIAC_MUSCLE_CELL_ACTION_POTENTIAL,GOBP_REGULATION_OF_VENTRICULAR_CARDIAC_MUSCLE_CELL_ACTION_POTENTIAL,,11,0.42011288,0.8486835,0.6703499,0.8058485,1.0,53,"tags=9%, list=0%, signal=9%",
GOBP_ALDEHYDE_BIOSYNTHETIC_PROCESS,GOBP_ALDEHYDE_BIOSYNTHETIC_PROCESS,,15,0.37239692,0.84846157,0.6703297,0.8060916,1.0,2542,"tags=20%, list=9%, signal=22%",
GOBP_CAMP_PKA_SIGNAL_TRANSDUCTION,GOBP_CAMP_PKA_SIGNAL_TRANSDUCTION,,50,0.30360755,0.8481539,0.74634147,0.8064953,1.0,5254,"tags=30%, list=19%, signal=37%",
GOBP_ACTION_POTENTIAL_PROPAGATION,GOBP_ACTION_POTENTIAL_PROPAGATION,,10,0.4200079,0.84794205,0.68108106,0.8067257,1.0,4122,"tags=40%, list=15%, signal=47%",
GOBP_CORTICOSTEROID_HORMONE_SECRETION,GOBP_CORTICOSTEROID_HORMONE_SECRETION,,14,0.3829832,0.84737253,0.7084942,0.8076402,1.0,1695,"tags=21%, list=6%, signal=23%",
REACTOME_SIGNALING_BY_FGFR2,REACTOME_SIGNALING_BY_FGFR2,,63,0.28958142,0.8473264,0.74873525,0.8075428,1.0,7184,"tags=40%, list=26%, signal=53%",
REACTOME_INCRETIN_SYNTHESIS_SECRETION_AND_INACTIVATION,REACTOME_INCRETIN_SYNTHESIS_SECRETION_AND_INACTIVATION,,15,0.38390455,0.8470639,0.6862385,0.80786645,1.0,4459,"tags=27%, list=16%, signal=32%",
GOBP_REGULATION_OF_DNA_DAMAGE_RESPONSE_SIGNAL_TRANSDUCTION_BY_P53_CLASS_MEDIATOR,GOBP_REGULATION_OF_DNA_DAMAGE_RESPONSE_SIGNAL_TRANSDUCTION_BY_P53_CLASS_MEDIATOR,,33,0.31937203,0.84705085,0.7209705,0.80770665,1.0,5709,"tags=27%, list=21%, signal=34%",
GOBP_CELLULAR_COMPONENT_DISASSEMBLY_INVOLVED_IN_EXECUTION_PHASE_OF_APOPTOSIS,GOBP_CELLULAR_COMPONENT_DISASSEMBLY_INVOLVED_IN_EXECUTION_PHASE_OF_APOPTOSIS,,26,0.3453496,0.8464796,0.7125,0.80859846,1.0,2189,"tags=15%, list=8%, signal=17%",
GOBP_MITOTIC_SISTER_CHROMATID_COHESION,GOBP_MITOTIC_SISTER_CHROMATID_COHESION,,33,0.32233948,0.8464322,0.6975207,0.8085083,1.0,58,"tags=3%, list=0%, signal=3%",
REACTOME_GLYCOSAMINOGLYCAN_PROTEIN_LINKAGE_REGION_BIOSYNTHESIS,REACTOME_GLYCOSAMINOGLYCAN_PROTEIN_LINKAGE_REGION_BIOSYNTHESIS,,26,0.34003413,0.846154,0.69801086,0.8088448,1.0,2214,"tags=12%, list=8%, signal=13%",
GOBP_NEGATIVE_REGULATION_OF_REACTIVE_OXYGEN_SPECIES_BIOSYNTHETIC_PROCESS,GOBP_NEGATIVE_REGULATION_OF_REACTIVE_OXYGEN_SPECIES_BIOSYNTHETIC_PROCESS,,19,0.35224816,0.8459962,0.70178574,0.80896187,1.0,3359,"tags=26%, list=12%, signal=30%",
GOBP_CEREBELLAR_PURKINJE_CELL_LAYER_DEVELOPMENT,GOBP_CEREBELLAR_PURKINJE_CELL_LAYER_DEVELOPMENT,,29,0.33272773,0.8456171,0.69285715,0.8094781,1.0,5699,"tags=31%, list=21%, signal=39%",
GOBP_NK_T_CELL_DIFFERENTIATION,GOBP_NK_T_CELL_DIFFERENTIATION,,11,0.40682456,0.8451459,0.66247755,0.81020033,1.0,6279,"tags=55%, list=23%, signal=70%",
GOBP_DETECTION_OF_MECHANICAL_STIMULUS,GOBP_DETECTION_OF_MECHANICAL_STIMULUS,,46,0.30218732,0.8450307,0.76149917,0.81024873,1.0,5088,"tags=26%, list=18%, signal=32%",
GOBP_REGULATION_OF_MITOTIC_CYTOKINESIS,GOBP_REGULATION_OF_MITOTIC_CYTOKINESIS,,19,0.3662577,0.8449392,0.70035464,0.8102381,1.0,4512,"tags=21%, list=16%, signal=25%",
GOBP_NEGATIVE_REGULATION_OF_NEUROTRANSMITTER_TRANSPORT,GOBP_NEGATIVE_REGULATION_OF_NEUROTRANSMITTER_TRANSPORT,,10,0.417204,0.8447641,0.687389,0.8103805,1.0,5324,"tags=50%, list=19%, signal=62%",
GOBP_HINDBRAIN_MORPHOGENESIS,GOBP_HINDBRAIN_MORPHOGENESIS,,43,0.30932528,0.84465146,0.7521664,0.8104103,1.0,3235,"tags=19%, list=12%, signal=21%",
GOBP_CENTRAL_NERVOUS_SYSTEM_NEURON_DIFFERENTIATION,GOBP_CENTRAL_NERVOUS_SYSTEM_NEURON_DIFFERENTIATION,,150,0.25428635,0.84448224,0.8525836,0.81055015,1.0,3911,"tags=19%, list=14%, signal=22%",
REACTOME_N_GLYCAN_ANTENNAE_ELONGATION_IN_THE_MEDIAL_TRANS_GOLGI,REACTOME_N_GLYCAN_ANTENNAE_ELONGATION_IN_THE_MEDIAL_TRANS_GOLGI,,22,0.34665662,0.844394,0.6891892,0.81052774,1.0,1572,"tags=18%, list=6%, signal=19%",
GOBP_PHOTORECEPTOR_CELL_MAINTENANCE,GOBP_PHOTORECEPTOR_CELL_MAINTENANCE,,42,0.30948594,0.84396887,0.750416,0.8111616,1.0,5533,"tags=31%, list=20%, signal=39%",
REACTOME_DEFECTIVE_EXT2_CAUSES_EXOSTOSES_2,REACTOME_DEFECTIVE_EXT2_CAUSES_EXOSTOSES_2,,13,0.39332142,0.84389234,0.6710775,0.8111134,1.0,4745,"tags=31%, list=17%, signal=37%",
GOBP_PIECEMEAL_MICROAUTOPHAGY_OF_THE_NUCLEUS,GOBP_PIECEMEAL_MICROAUTOPHAGY_OF_THE_NUCLEUS,,18,0.36690336,0.84355575,0.69087523,0.81156933,1.0,6931,"tags=44%, list=25%, signal=59%",
GOBP_REGULATION_OF_INSULIN_LIKE_GROWTH_FACTOR_RECEPTOR_SIGNALING_PATHWAY,GOBP_REGULATION_OF_INSULIN_LIKE_GROWTH_FACTOR_RECEPTOR_SIGNALING_PATHWAY,,20,0.35835654,0.84307176,0.7029877,0.8122627,1.0,1930,"tags=15%, list=7%, signal=16%",
GOBP_BILE_ACID_BIOSYNTHETIC_PROCESS,GOBP_BILE_ACID_BIOSYNTHETIC_PROCESS,,31,0.3290119,0.8427506,0.71088433,0.8127008,1.0,5480,"tags=39%, list=20%, signal=48%",
GOBP_MITOCHONDRIAL_PROTEIN_PROCESSING,GOBP_MITOCHONDRIAL_PROTEIN_PROCESSING,,13,0.39412975,0.842553,0.6947935,0.8128927,1.0,2913,"tags=23%, list=10%, signal=26%",
GOBP_REGULATION_OF_CARDIAC_MUSCLE_CELL_PROLIFERATION,GOBP_REGULATION_OF_CARDIAC_MUSCLE_CELL_PROLIFERATION,,30,0.3317405,0.8411046,0.7208481,0.81537527,1.0,4426,"tags=23%, list=16%, signal=28%",
GOBP_REGULATION_OF_KERATINOCYTE_PROLIFERATION,GOBP_REGULATION_OF_KERATINOCYTE_PROLIFERATION,,30,0.32392275,0.8407838,0.7311234,0.81579095,1.0,1844,"tags=20%, list=7%, signal=21%",
GOBP_BRANCHING_INVOLVED_IN_MAMMARY_GLAND_DUCT_MORPHOGENESIS,GOBP_BRANCHING_INVOLVED_IN_MAMMARY_GLAND_DUCT_MORPHOGENESIS,,19,0.36653134,0.8407657,0.6828829,0.8156444,1.0,1564,"tags=16%, list=6%, signal=17%",
GOBP_PURINE_DEOXYRIBONUCLEOSIDE_MONOPHOSPHATE_METABOLIC_PROCESS,GOBP_PURINE_DEOXYRIBONUCLEOSIDE_MONOPHOSPHATE_METABOLIC_PROCESS,,12,0.40639582,0.84061676,0.6878403,0.8157348,1.0,5015,"tags=33%, list=18%, signal=41%",
GOBP_PROTEIN_INSERTION_INTO_MEMBRANE,GOBP_PROTEIN_INSERTION_INTO_MEMBRANE,,67,0.28635412,0.84061563,0.7893891,0.815555,1.0,5600,"tags=30%, list=20%, signal=37%",
GOBP_TRANSLATIONAL_ELONGATION,GOBP_TRANSLATIONAL_ELONGATION,,75,0.2811235,0.8398812,0.78830963,0.816729,1.0,4006,"tags=17%, list=14%, signal=20%",
GOBP_HISTONE_MRNA_METABOLIC_PROCESS,GOBP_HISTONE_MRNA_METABOLIC_PROCESS,,32,0.32376063,0.83969533,0.7369338,0.8168981,1.0,4346,"tags=25%, list=16%, signal=30%",
GOBP_SINGLE_STRANDED_VIRAL_RNA_REPLICATION_VIA_DOUBLE_STRANDED_DNA_INTERMEDIATE,GOBP_SINGLE_STRANDED_VIRAL_RNA_REPLICATION_VIA_DOUBLE_STRANDED_DNA_INTERMEDIATE,,15,0.37794757,0.8390239,0.68869567,0.81797004,1.0,2996,"tags=20%, list=11%, signal=22%",
GOBP_POSITIVE_REGULATION_OF_FILOPODIUM_ASSEMBLY,GOBP_POSITIVE_REGULATION_OF_FILOPODIUM_ASSEMBLY,,25,0.34269935,0.83826286,0.7081851,0.8192027,1.0,5873,"tags=44%, list=21%, signal=56%",
GOBP_STORE_OPERATED_CALCIUM_ENTRY,GOBP_STORE_OPERATED_CALCIUM_ENTRY,,21,0.34630832,0.8379197,0.7214533,0.8196368,1.0,3284,"tags=24%, list=12%, signal=27%",
REACTOME_UBIQUINOL_BIOSYNTHESIS,REACTOME_UBIQUINOL_BIOSYNTHESIS,,13,0.38871765,0.8372608,0.69464284,0.8206416,1.0,2984,"tags=23%, list=11%, signal=26%",
GOBP_REGULATION_OF_INTRINSIC_APOPTOTIC_SIGNALING_PATHWAY_IN_RESPONSE_TO_DNA_DAMAGE_BY_P53_CLASS_MEDIATOR,GOBP_REGULATION_OF_INTRINSIC_APOPTOTIC_SIGNALING_PATHWAY_IN_RESPONSE_TO_DNA_DAMAGE_BY_P53_CLASS_MEDIATOR,,18,0.3571694,0.83716774,0.7058824,0.8206369,1.0,4248,"tags=28%, list=15%, signal=33%",
GOBP_SODIUM_ION_HOMEOSTASIS,GOBP_SODIUM_ION_HOMEOSTASIS,,40,0.30836195,0.83657146,0.7332215,0.8215237,1.0,4024,"tags=25%, list=15%, signal=29%",
GOBP_VASCULAR_ASSOCIATED_SMOOTH_MUSCLE_CELL_DIFFERENTIATION,GOBP_VASCULAR_ASSOCIATED_SMOOTH_MUSCLE_CELL_DIFFERENTIATION,,26,0.33464715,0.83642364,0.72419626,0.8215963,1.0,439,"tags=8%, list=2%, signal=8%",
GOBP_CEREBELLAR_CORTEX_DEVELOPMENT,GOBP_CEREBELLAR_CORTEX_DEVELOPMENT,,53,0.29070306,0.835641,0.795053,0.8228711,1.0,5699,"tags=26%, list=21%, signal=33%",
REACTOME_AMINE_LIGAND_BINDING_RECEPTORS,REACTOME_AMINE_LIGAND_BINDING_RECEPTORS,,20,0.35331306,0.83555186,0.69542253,0.8228509,1.0,5306,"tags=20%, list=19%, signal=25%",
GOBP_POSITIVE_REGULATION_OF_GENE_EXPRESSION_VIA_CHROMOSOMAL_CPG_ISLAND_DEMETHYLATION,GOBP_POSITIVE_REGULATION_OF_GENE_EXPRESSION_VIA_CHROMOSOMAL_CPG_ISLAND_DEMETHYLATION,,12,0.40154135,0.8340791,0.70652175,0.82532656,1.0,6364,"tags=42%, list=23%, signal=54%",
GOBP_MITOTIC_SISTER_CHROMATID_SEGREGATION,GOBP_MITOTIC_SISTER_CHROMATID_SEGREGATION,,208,0.24381952,0.8338739,0.8973988,0.82550895,1.0,4538,"tags=17%, list=16%, signal=21%",
GOBP_CELLULAR_RESPONSE_TO_ACIDIC_PH,GOBP_CELLULAR_RESPONSE_TO_ACIDIC_PH,,17,0.37115252,0.8335743,0.6906077,0.82586914,1.0,5425,"tags=41%, list=20%, signal=51%",
GOBP_RESPONSE_TO_SALT_STRESS,GOBP_RESPONSE_TO_SALT_STRESS,,20,0.35104236,0.8332677,0.7099644,0.8262428,1.0,4152,"tags=30%, list=15%, signal=35%",
REACTOME_PECAM1_INTERACTIONS,REACTOME_PECAM1_INTERACTIONS,,12,0.3959703,0.83292955,0.7112299,0.82669204,1.0,2628,"tags=42%, list=9%, signal=46%",
GOBP_FOLIC_ACID_CONTAINING_COMPOUND_METABOLIC_PROCESS,GOBP_FOLIC_ACID_CONTAINING_COMPOUND_METABOLIC_PROCESS,,27,0.3382256,0.83258146,0.72727275,0.8271127,1.0,2434,"tags=15%, list=9%, signal=16%",
GOBP_RESPONSE_TO_COCAINE,GOBP_RESPONSE_TO_COCAINE,,41,0.3023375,0.8323955,0.73913044,0.8272659,1.0,3637,"tags=20%, list=13%, signal=22%",
GOBP_NEGATIVE_REGULATION_OF_CELL_ADHESION_MEDIATED_BY_INTEGRIN,GOBP_NEGATIVE_REGULATION_OF_CELL_ADHESION_MEDIATED_BY_INTEGRIN,,13,0.38473088,0.83214045,0.6987741,0.82755274,1.0,2616,"tags=15%, list=9%, signal=17%",
GOBP_POSITIVE_REGULATION_OF_PSEUDOPODIUM_ASSEMBLY,GOBP_POSITIVE_REGULATION_OF_PSEUDOPODIUM_ASSEMBLY,,11,0.40378055,0.8318456,0.68401486,0.82788944,1.0,5393,"tags=55%, list=19%, signal=68%",
GOBP_CELL_DIFFERENTIATION_INVOLVED_IN_METANEPHROS_DEVELOPMENT,GOBP_CELL_DIFFERENTIATION_INVOLVED_IN_METANEPHROS_DEVELOPMENT,,12,0.4017805,0.83182806,0.67790264,0.8277397,1.0,385,"tags=8%, list=1%, signal=8%",
GOBP_POSITIVE_REGULATION_OF_GENE_EXPRESSION_EPIGENETIC,GOBP_POSITIVE_REGULATION_OF_GENE_EXPRESSION_EPIGENETIC,,61,0.28685018,0.83056325,0.7889447,0.82979053,1.0,2759,"tags=16%, list=10%, signal=18%",
GOBP_POSITIVE_REGULATION_OF_STEM_CELL_PROLIFERATION,GOBP_POSITIVE_REGULATION_OF_STEM_CELL_PROLIFERATION,,21,0.3405804,0.829945,0.73616236,0.8307008,1.0,3881,"tags=33%, list=14%, signal=39%",
GOBP_PANCREAS_DEVELOPMENT,GOBP_PANCREAS_DEVELOPMENT,,54,0.28989768,0.8296939,0.77759194,0.8309637,1.0,3704,"tags=19%, list=13%, signal=21%",
GOBP_NUCLEAR_TRANSCRIBED_MRNA_CATABOLIC_PROCESS_NONSENSE_MEDIATED_DECAY,GOBP_NUCLEAR_TRANSCRIBED_MRNA_CATABOLIC_PROCESS_NONSENSE_MEDIATED_DECAY,,43,0.3059267,0.82969326,0.7802385,0.8307803,1.0,6567,"tags=37%, list=24%, signal=49%",
GOBP_POSITIVE_REGULATION_OF_CALCIUM_ION_TRANSPORT_INTO_CYTOSOL,GOBP_POSITIVE_REGULATION_OF_CALCIUM_ION_TRANSPORT_INTO_CYTOSOL,,10,0.41009393,0.82931423,0.70149255,0.83126384,1.0,4796,"tags=50%, list=17%, signal=60%",
GOBP_SPERM_DNA_CONDENSATION,GOBP_SPERM_DNA_CONDENSATION,,10,0.4143174,0.82908756,0.6969697,0.8314979,1.0,3680,"tags=20%, list=13%, signal=23%",
GOBP_TETRAPYRROLE_BIOSYNTHETIC_PROCESS,GOBP_TETRAPYRROLE_BIOSYNTHETIC_PROCESS,,34,0.31866348,0.8283378,0.76779664,0.83263946,1.0,5262,"tags=32%, list=19%, signal=40%",
REACTOME_APC_C_CDC20_MEDIATED_DEGRADATION_OF_CYCLIN_B,REACTOME_APC_C_CDC20_MEDIATED_DEGRADATION_OF_CYCLIN_B,,24,0.33783317,0.82812107,0.7250438,0.83284116,1.0,6094,"tags=33%, list=22%, signal=43%",
REACTOME_RAS_PROCESSING,REACTOME_RAS_PROCESSING,,23,0.34231833,0.8280846,0.72035396,0.832722,1.0,5221,"tags=30%, list=19%, signal=37%",
REACTOME_CYTOSOLIC_TRNA_AMINOACYLATION,REACTOME_CYTOSOLIC_TRNA_AMINOACYLATION,,24,0.3384156,0.827785,0.7296361,0.8330587,1.0,5090,"tags=25%, list=18%, signal=31%",
GOBP_RESPONSE_TO_LITHIUM_ION,GOBP_RESPONSE_TO_LITHIUM_ION,,10,0.4127602,0.8277672,0.71564883,0.8329045,1.0,3691,"tags=30%, list=13%, signal=35%",
GOBP_GDP_MANNOSE_METABOLIC_PROCESS,GOBP_GDP_MANNOSE_METABOLIC_PROCESS,,10,0.40979195,0.8276364,0.6884058,0.8329613,1.0,5015,"tags=50%, list=18%, signal=61%",
GOBP_CELLULAR_RESPONSE_TO_INTERFERON_ALPHA,GOBP_CELLULAR_RESPONSE_TO_INTERFERON_ALPHA,,11,0.3973352,0.82738143,0.7150635,0.83322597,1.0,1977,"tags=27%, list=7%, signal=29%",
GOBP_EXTRACELLULAR_TRANSPORT,GOBP_EXTRACELLULAR_TRANSPORT,,46,0.3005061,0.8272151,0.78487396,0.8333349,1.0,3937,"tags=20%, list=14%, signal=23%",
GOBP_REGULATION_OF_CENTROSOME_CYCLE,GOBP_REGULATION_OF_CENTROSOME_CYCLE,,62,0.28331652,0.82716346,0.8130841,0.8332401,1.0,4687,"tags=26%, list=17%, signal=31%",
GOBP_REGULATION_OF_CELLULAR_SENESCENCE,GOBP_REGULATION_OF_CELLULAR_SENESCENCE,,44,0.3016275,0.82714474,0.7888707,0.8330895,1.0,3682,"tags=20%, list=13%, signal=24%",
REACTOME_DISORDERS_OF_DEVELOPMENTAL_BIOLOGY,REACTOME_DISORDERS_OF_DEVELOPMENTAL_BIOLOGY,,18,0.35395357,0.82685804,0.73905426,0.833405,1.0,4875,"tags=28%, list=18%, signal=34%",
GOBP_REGULATION_OF_SISTER_CHROMATID_COHESION,GOBP_REGULATION_OF_SISTER_CHROMATID_COHESION,,18,0.35945457,0.8265388,0.7140255,0.8337756,1.0,58,"tags=6%, list=0%, signal=6%",
REACTOME_CHOLESTEROL_BIOSYNTHESIS_VIA_DESMOSTEROL_BLOCH_PATHWAY,REACTOME_CHOLESTEROL_BIOSYNTHESIS_VIA_DESMOSTEROL_BLOCH_PATHWAY,,10,0.40548614,0.826032,0.6870229,0.83446336,1.0,4151,"tags=20%, list=15%, signal=24%",
REACTOME_PROTEIN_METHYLATION,REACTOME_PROTEIN_METHYLATION,,17,0.36476576,0.8260045,0.7297794,0.8343235,1.0,5571,"tags=29%, list=20%, signal=37%",
GOBP_REGULATION_OF_VOLTAGE_GATED_CALCIUM_CHANNEL_ACTIVITY,GOBP_REGULATION_OF_VOLTAGE_GATED_CALCIUM_CHANNEL_ACTIVITY,,12,0.39547935,0.82423395,0.7089947,0.8372315,1.0,2854,"tags=17%, list=10%, signal=19%",
GOBP_MITOCHONDRION_LOCALIZATION,GOBP_MITOCHONDRION_LOCALIZATION,,58,0.28337103,0.82374966,0.7874396,0.8378756,1.0,6153,"tags=36%, list=22%, signal=46%",
GOBP_NEGATIVE_REGULATION_OF_LEUKOCYTE_CHEMOTAXIS,GOBP_NEGATIVE_REGULATION_OF_LEUKOCYTE_CHEMOTAXIS,,20,0.35055596,0.82368547,0.7311828,0.8377946,1.0,3828,"tags=35%, list=14%, signal=41%",
REACTOME_RIBAVIRIN_ADME,REACTOME_RIBAVIRIN_ADME,,11,0.39778775,0.8229864,0.709854,0.8388408,1.0,3287,"tags=18%, list=12%, signal=21%",
GOBP_BASE_CONVERSION_OR_SUBSTITUTION_EDITING,GOBP_BASE_CONVERSION_OR_SUBSTITUTION_EDITING,,15,0.37411013,0.8227355,0.7218045,0.8390877,1.0,2737,"tags=27%, list=10%, signal=30%",
GOBP_NEGATIVE_REGULATION_OF_FIBROBLAST_PROLIFERATION,GOBP_NEGATIVE_REGULATION_OF_FIBROBLAST_PROLIFERATION,,27,0.32095647,0.8221572,0.7482877,0.83989537,1.0,5529,"tags=37%, list=20%, signal=46%",
GOBP_NEURON_PROJECTION_ARBORIZATION,GOBP_NEURON_PROJECTION_ARBORIZATION,,30,0.31883878,0.82167834,0.7667785,0.8405452,1.0,5597,"tags=37%, list=20%, signal=46%",
GOBP_PHOSPHATIDYLETHANOLAMINE_METABOLIC_PROCESS,GOBP_PHOSPHATIDYLETHANOLAMINE_METABOLIC_PROCESS,,25,0.3278134,0.82161224,0.73367697,0.84048086,1.0,4191,"tags=32%, list=15%, signal=38%",
GOBP_MUSCLE_CELL_CELLULAR_HOMEOSTASIS,GOBP_MUSCLE_CELL_CELLULAR_HOMEOSTASIS,,18,0.359125,0.82064265,0.74054056,0.8419632,1.0,1334,"tags=22%, list=5%, signal=23%",
REACTOME_PI_3K_CASCADE_FGFR4,REACTOME_PI_3K_CASCADE_FGFR4,,14,0.38129812,0.82063836,0.7417582,0.8417849,1.0,7831,"tags=43%, list=28%, signal=60%",
REACTOME_BUTYRATE_RESPONSE_FACTOR_1_BRF1_BINDS_AND_DESTABILIZES_MRNA,REACTOME_BUTYRATE_RESPONSE_FACTOR_1_BRF1_BINDS_AND_DESTABILIZES_MRNA,,17,0.35674182,0.8205727,0.7116788,0.8417155,1.0,3858,"tags=35%, list=14%, signal=41%",
GOBP_RESPONSE_TO_VITAMIN_A,GOBP_RESPONSE_TO_VITAMIN_A,,11,0.4019802,0.82047623,0.7137871,0.8416994,1.0,4347,"tags=27%, list=16%, signal=32%",
GOBP_MIDBRAIN_DOPAMINERGIC_NEURON_DIFFERENTIATION,GOBP_MIDBRAIN_DOPAMINERGIC_NEURON_DIFFERENTIATION,,12,0.38589483,0.82000947,0.7238806,0.8423323,1.0,4459,"tags=33%, list=16%, signal=40%",
GOBP_SENSORY_PERCEPTION_OF_LIGHT_STIMULUS,GOBP_SENSORY_PERCEPTION_OF_LIGHT_STIMULUS,,160,0.24904317,0.81919175,0.89786583,0.8435462,1.0,5651,"tags=24%, list=20%, signal=30%",
GOBP_FUCOSE_METABOLIC_PROCESS,GOBP_FUCOSE_METABOLIC_PROCESS,,15,0.3663964,0.8191776,0.74311924,0.8433816,1.0,1567,"tags=13%, list=6%, signal=14%",
REACTOME_CONSTITUTIVE_SIGNALING_BY_LIGAND_RESPONSIVE_EGFR_CANCER_VARIANTS,REACTOME_CONSTITUTIVE_SIGNALING_BY_LIGAND_RESPONSIVE_EGFR_CANCER_VARIANTS,,19,0.34900537,0.81914455,0.7266436,0.8432498,1.0,7416,"tags=53%, list=27%, signal=72%",
GOBP_MESENCHYMAL_TO_EPITHELIAL_TRANSITION,GOBP_MESENCHYMAL_TO_EPITHELIAL_TRANSITION,,14,0.38094994,0.8191355,0.72088724,0.8430788,1.0,4459,"tags=29%, list=16%, signal=34%",
GOBP_RESPONSE_TO_LEUKEMIA_INHIBITORY_FACTOR,GOBP_RESPONSE_TO_LEUKEMIA_INHIBITORY_FACTOR,,100,0.26317257,0.8190155,0.8507692,0.84309053,1.0,2106,"tags=11%, list=8%, signal=12%",
GOBP_FOLIC_ACID_CONTAINING_COMPOUND_BIOSYNTHETIC_PROCESS,GOBP_FOLIC_ACID_CONTAINING_COMPOUND_BIOSYNTHETIC_PROCESS,,11,0.4012834,0.81860596,0.7172285,0.8436067,1.0,2041,"tags=18%, list=7%, signal=20%",
REACTOME_TRANSLESION_SYNTHESIS_BY_POLH,REACTOME_TRANSLESION_SYNTHESIS_BY_POLH,,19,0.34781593,0.81599665,0.71022725,0.84776264,1.0,3531,"tags=26%, list=13%, signal=30%",
GOBP_FATTY_ACID_HOMEOSTASIS,GOBP_FATTY_ACID_HOMEOSTASIS,,14,0.37084654,0.81560373,0.72490704,0.8482116,1.0,2194,"tags=29%, list=8%, signal=31%",
GOBP_EPITHELIAL_TO_MESENCHYMAL_TRANSITION_INVOLVED_IN_ENDOCARDIAL_CUSHION_FORMATION,GOBP_EPITHELIAL_TO_MESENCHYMAL_TRANSITION_INVOLVED_IN_ENDOCARDIAL_CUSHION_FORMATION,,14,0.37036052,0.8144877,0.7392924,0.84986115,1.0,5594,"tags=43%, list=20%, signal=54%",
REACTOME_TRANSLATION,REACTOME_TRANSLATION,,368,0.22627819,0.81349856,0.9811828,0.85132736,1.0,5221,"tags=17%, list=19%, signal=21%",
REACTOME_DOPAMINE_NEUROTRANSMITTER_RELEASE_CYCLE,REACTOME_DOPAMINE_NEUROTRANSMITTER_RELEASE_CYCLE,,21,0.33751637,0.8134814,0.72035396,0.85116935,1.0,5324,"tags=24%, list=19%, signal=29%",
GOBP_AMINOGLYCAN_BIOSYNTHETIC_PROCESS,GOBP_AMINOGLYCAN_BIOSYNTHETIC_PROCESS,,36,0.3050568,0.81296253,0.767101,0.85185546,1.0,1867,"tags=17%, list=7%, signal=18%",
REACTOME_DEVELOPMENTAL_LINEAGE_OF_PANCREATIC_ACINAR_CELLS,REACTOME_DEVELOPMENTAL_LINEAGE_OF_PANCREATIC_ACINAR_CELLS,,13,0.37741524,0.8125056,0.70363635,0.8524033,1.0,5707,"tags=38%, list=21%, signal=48%",
GOBP_REGULATION_OF_POSTSYNAPTIC_DENSITY_ASSEMBLY,GOBP_REGULATION_OF_POSTSYNAPTIC_DENSITY_ASSEMBLY,,14,0.3692937,0.8120608,0.7330827,0.8529745,1.0,2795,"tags=14%, list=10%, signal=16%",
GOBP_PROTEIN_AUTO_ADP_RIBOSYLATION,GOBP_PROTEIN_AUTO_ADP_RIBOSYLATION,,12,0.38729775,0.8103679,0.7186898,0.85552543,1.0,2657,"tags=17%, list=10%, signal=18%",
GOBP_NUCLEOTIDE_SUGAR_BIOSYNTHETIC_PROCESS,GOBP_NUCLEOTIDE_SUGAR_BIOSYNTHETIC_PROCESS,,28,0.3212506,0.8102614,0.7582038,0.8555086,1.0,3238,"tags=21%, list=12%, signal=24%",
GOBP_REGULATION_OF_RESPIRATORY_SYSTEM_PROCESS,GOBP_REGULATION_OF_RESPIRATORY_SYSTEM_PROCESS,,12,0.38638908,0.80970347,0.7477148,0.8562348,1.0,2982,"tags=25%, list=11%, signal=28%",
GOBP_GDP_METABOLIC_PROCESS,GOBP_GDP_METABOLIC_PROCESS,,11,0.40263304,0.80918205,0.7557932,0.8568908,1.0,2375,"tags=27%, list=9%, signal=30%",
GOBP_POSITIVE_REGULATION_OF_BLOOD_PRESSURE,GOBP_POSITIVE_REGULATION_OF_BLOOD_PRESSURE,,27,0.31841418,0.8088089,0.7844828,0.8573097,1.0,6021,"tags=26%, list=22%, signal=33%",
GOBP_MAMMARY_GLAND_EPITHELIUM_DEVELOPMENT,GOBP_MAMMARY_GLAND_EPITHELIUM_DEVELOPMENT,,59,0.28074077,0.80811006,0.83306056,0.85825616,1.0,4230,"tags=22%, list=15%, signal=26%",
REACTOME_RHO_GTPASES_ACTIVATE_FORMINS,REACTOME_RHO_GTPASES_ACTIVATE_FORMINS,,138,0.24704517,0.8078523,0.9096386,0.85848933,1.0,4230,"tags=19%, list=15%, signal=22%",
GOBP_UREA_CYCLE,GOBP_UREA_CYCLE,,11,0.3940057,0.80668145,0.72313297,0.8601941,1.0,3159,"tags=36%, list=11%, signal=41%",
GOBP_BIOLOGICAL_PROCESS_INVOLVED_IN_INTRASPECIES_INTERACTION_BETWEEN_ORGANISMS,GOBP_BIOLOGICAL_PROCESS_INVOLVED_IN_INTRASPECIES_INTERACTION_BETWEEN_ORGANISMS,,53,0.2798509,0.8064196,0.8265802,0.86043036,1.0,5182,"tags=26%, list=19%, signal=32%",
GOBP_RESPONSE_TO_ALDOSTERONE,GOBP_RESPONSE_TO_ALDOSTERONE,,15,0.36440995,0.8064126,0.7525951,0.86025244,1.0,3186,"tags=27%, list=11%, signal=30%",
GOBP_NEGATIVE_REGULATION_OF_UBIQUITIN_DEPENDENT_PROTEIN_CATABOLIC_PROCESS,GOBP_NEGATIVE_REGULATION_OF_UBIQUITIN_DEPENDENT_PROTEIN_CATABOLIC_PROCESS,,60,0.27638385,0.80508304,0.8378812,0.8621638,1.0,4255,"tags=20%, list=15%, signal=24%",
GOBP_GAP_JUNCTION_ASSEMBLY,GOBP_GAP_JUNCTION_ASSEMBLY,,10,0.39361802,0.8048088,0.72875226,0.8624254,1.0,3885,"tags=40%, list=14%, signal=46%",
GOBP_RIBONUCLEOPROTEIN_COMPLEX_LOCALIZATION,GOBP_RIBONUCLEOPROTEIN_COMPLEX_LOCALIZATION,,13,0.3792567,0.80431664,0.72200775,0.86299473,1.0,8300,"tags=54%, list=30%, signal=77%",
GOBP_PHOSPHATE_ION_TRANSMEMBRANE_TRANSPORT,GOBP_PHOSPHATE_ION_TRANSMEMBRANE_TRANSPORT,,15,0.35762605,0.8041823,0.76,0.8630157,1.0,2261,"tags=20%, list=8%, signal=22%",
GOBP_LONG_TERM_SYNAPTIC_DEPRESSION,GOBP_LONG_TERM_SYNAPTIC_DEPRESSION,,28,0.3238772,0.80405504,0.78064513,0.8630272,1.0,3385,"tags=14%, list=12%, signal=16%",
GOBP_DENDRITE_EXTENSION,GOBP_DENDRITE_EXTENSION,,29,0.315331,0.8036669,0.7986348,0.86343455,1.0,7972,"tags=59%, list=29%, signal=82%",
GOBP_REGULATION_OF_MULTICELLULAR_ORGANISM_GROWTH,GOBP_REGULATION_OF_MULTICELLULAR_ORGANISM_GROWTH,,53,0.2797655,0.8036441,0.84590167,0.8632756,1.0,2547,"tags=17%, list=9%, signal=19%",
GOBP_PITUITARY_GLAND_DEVELOPMENT,GOBP_PITUITARY_GLAND_DEVELOPMENT,,23,0.33237728,0.8032379,0.7748691,0.86371034,1.0,3279,"tags=17%, list=12%, signal=20%",
REACTOME_MRNA_SPLICING,REACTOME_MRNA_SPLICING,,212,0.23380274,0.80146134,0.9615953,0.8662923,1.0,5684,"tags=25%, list=20%, signal=31%",
GOBP_GRANZYME_MEDIATED_PROGRAMMED_CELL_DEATH_SIGNALING_PATHWAY,GOBP_GRANZYME_MEDIATED_PROGRAMMED_CELL_DEATH_SIGNALING_PATHWAY,,11,0.38284016,0.80120826,0.7071057,0.8665003,1.0,1924,"tags=18%, list=7%, signal=20%",
GOBP_GLUTAMINE_FAMILY_AMINO_ACID_BIOSYNTHETIC_PROCESS,GOBP_GLUTAMINE_FAMILY_AMINO_ACID_BIOSYNTHETIC_PROCESS,,17,0.35396737,0.8007954,0.75132275,0.8669632,1.0,3262,"tags=29%, list=12%, signal=33%",
REACTOME_AZATHIOPRINE_ADME,REACTOME_AZATHIOPRINE_ADME,,22,0.33060735,0.8006186,0.78283715,0.8670346,1.0,1510,"tags=18%, list=5%, signal=19%",
GOBP_CELLULAR_RESPONSE_TO_PROSTAGLANDIN_E_STIMULUS,GOBP_CELLULAR_RESPONSE_TO_PROSTAGLANDIN_E_STIMULUS,,18,0.34496108,0.80056643,0.75219685,0.8669261,1.0,3384,"tags=17%, list=12%, signal=19%",
REACTOME_FORMATION_OF_THE_NON_CANONICAL_BAF_NCBAF_COMPLEX,REACTOME_FORMATION_OF_THE_NON_CANONICAL_BAF_NCBAF_COMPLEX,,17,0.3510138,0.7999228,0.7545126,0.86770767,1.0,0,"tags=6%, list=0%, signal=6%",
GOBP_REGULATION_OF_ESTABLISHMENT_OR_MAINTENANCE_OF_CELL_POLARITY,GOBP_REGULATION_OF_ESTABLISHMENT_OR_MAINTENANCE_OF_CELL_POLARITY,,27,0.31925488,0.7996911,0.786087,0.8678774,1.0,2861,"tags=19%, list=10%, signal=21%",
REACTOME_TP53_REGULATES_TRANSCRIPTION_OF_GENES_INVOLVED_IN_G2_CELL_CYCLE_ARREST,REACTOME_TP53_REGULATES_TRANSCRIPTION_OF_GENES_INVOLVED_IN_G2_CELL_CYCLE_ARREST,,18,0.34551534,0.7992163,0.74825174,0.86840606,1.0,4379,"tags=39%, list=16%, signal=46%",
GOBP_REGULATORY_NCRNA_MEDIATED_GENE_SILENCING,GOBP_REGULATORY_NCRNA_MEDIATED_GENE_SILENCING,,183,0.23865274,0.79837686,0.94264704,0.8695079,1.0,5251,"tags=19%, list=19%, signal=23%",
GOBP_NEGATIVE_REGULATION_OF_NUCLEAR_DIVISION,GOBP_NEGATIVE_REGULATION_OF_NUCLEAR_DIVISION,,70,0.2674557,0.79820544,0.8965517,0.86957955,1.0,4029,"tags=16%, list=15%, signal=18%",
GOBP_POSITIVE_REGULATION_OF_ACTIN_FILAMENT_DEPOLYMERIZATION,GOBP_POSITIVE_REGULATION_OF_ACTIN_FILAMENT_DEPOLYMERIZATION,,13,0.37259206,0.7980382,0.7577982,0.8696489,1.0,4367,"tags=46%, list=16%, signal=55%",
GOBP_REGULATION_OF_RELAXATION_OF_MUSCLE,GOBP_REGULATION_OF_RELAXATION_OF_MUSCLE,,12,0.38745236,0.7979229,0.73813707,0.86964226,1.0,6635,"tags=42%, list=24%, signal=55%",
GOBP_MAMMARY_GLAND_MORPHOGENESIS,GOBP_MAMMARY_GLAND_MORPHOGENESIS,,36,0.3008487,0.797385,0.79549116,0.8702647,1.0,4230,"tags=25%, list=15%, signal=29%",
REACTOME_FORMATION_OF_THE_DYSTROPHIN_GLYCOPROTEIN_COMPLEX_DGC,REACTOME_FORMATION_OF_THE_DYSTROPHIN_GLYCOPROTEIN_COMPLEX_DGC,,33,0.30553165,0.7969845,0.8333333,0.8706725,1.0,6439,"tags=33%, list=23%, signal=43%",
GOBP_REGULATION_OF_DOUBLE_STRAND_BREAK_REPAIR_VIA_NONHOMOLOGOUS_END_JOINING,GOBP_REGULATION_OF_DOUBLE_STRAND_BREAK_REPAIR_VIA_NONHOMOLOGOUS_END_JOINING,,31,0.30709505,0.7968738,0.8180243,0.8706528,1.0,3308,"tags=16%, list=12%, signal=18%",
GOBP_TELOMERE_CAPPING,GOBP_TELOMERE_CAPPING,,27,0.3167145,0.79633796,0.80639434,0.8712707,1.0,2435,"tags=11%, list=9%, signal=12%",
GOBP_MANCHETTE_ASSEMBLY,GOBP_MANCHETTE_ASSEMBLY,,10,0.39539167,0.7959848,0.7326203,0.8716139,1.0,3838,"tags=30%, list=14%, signal=35%",
REACTOME_P2Y_RECEPTORS,REACTOME_P2Y_RECEPTORS,,11,0.38974002,0.7958567,0.7550274,0.87161726,1.0,3296,"tags=27%, list=12%, signal=31%",
GOBP_EXTRACELLULAR_MATRIX_ASSEMBLY,GOBP_EXTRACELLULAR_MATRIX_ASSEMBLY,,40,0.2949946,0.7958213,0.7897436,0.8714774,1.0,4586,"tags=25%, list=17%, signal=30%",
GOBP_POSTSYNAPTIC_MEMBRANE_ORGANIZATION,GOBP_POSTSYNAPTIC_MEMBRANE_ORGANIZATION,,38,0.29245302,0.79535717,0.8106312,0.8719653,1.0,5807,"tags=42%, list=21%, signal=53%",
GOBP_CELLULAR_RESPONSE_TO_SALT_STRESS,GOBP_CELLULAR_RESPONSE_TO_SALT_STRESS,,13,0.3726458,0.79383135,0.7569061,0.87404597,1.0,3858,"tags=38%, list=14%, signal=45%",
GOBP_REGULATION_OF_DNA_TEMPLATED_TRANSCRIPTION_INITIATION,GOBP_REGULATION_OF_DNA_TEMPLATED_TRANSCRIPTION_INITIATION,,87,0.2589696,0.7937598,0.886076,0.8739649,1.0,5539,"tags=24%, list=20%, signal=30%",
GOBP_RESPONSE_TO_PROSTAGLANDIN,GOBP_RESPONSE_TO_PROSTAGLANDIN,,35,0.29693884,0.793549,0.806874,0.87409204,1.0,3384,"tags=14%, list=12%, signal=16%",
GOBP_REGULATION_OF_PROTEIN_LOCALIZATION_TO_SYNAPSE,GOBP_REGULATION_OF_PROTEIN_LOCALIZATION_TO_SYNAPSE,,28,0.3104765,0.79351693,0.77917415,0.8739496,1.0,3061,"tags=21%, list=11%, signal=24%",
GOBP_TRANSCRIPTION_INITIATION_AT_RNA_POLYMERASE_II_PROMOTER,GOBP_TRANSCRIPTION_INITIATION_AT_RNA_POLYMERASE_II_PROMOTER,,191,0.23631184,0.7928255,0.9634146,0.87478065,1.0,7357,"tags=35%, list=27%, signal=47%",
GOBP_MIRNA_MEDIATED_GENE_SILENCING_BY_MRNA_DESTABILIZATION,GOBP_MIRNA_MEDIATED_GENE_SILENCING_BY_MRNA_DESTABILIZATION,,16,0.3531813,0.79282266,0.7614841,0.8745933,1.0,7359,"tags=38%, list=27%, signal=51%",
GOBP_RENAL_VESICLE_DEVELOPMENT,GOBP_RENAL_VESICLE_DEVELOPMENT,,11,0.37961113,0.79248166,0.761302,0.8749276,1.0,385,"tags=9%, list=1%, signal=9%",
REACTOME_MITOCHONDRIAL_IRON_SULFUR_CLUSTER_BIOGENESIS,REACTOME_MITOCHONDRIAL_IRON_SULFUR_CLUSTER_BIOGENESIS,,13,0.36812353,0.7917981,0.7705779,0.8757253,1.0,5234,"tags=38%, list=19%, signal=47%",
GOBP_NEGATIVE_REGULATION_OF_DNA_RECOMBINATION,GOBP_NEGATIVE_REGULATION_OF_DNA_RECOMBINATION,,47,0.28279603,0.79116607,0.8344051,0.8764325,1.0,6497,"tags=30%, list=23%, signal=39%",
REACTOME_NEPHRIN_FAMILY_INTERACTIONS,REACTOME_NEPHRIN_FAMILY_INTERACTIONS,,20,0.34412286,0.79056937,0.7704918,0.8771435,1.0,2398,"tags=15%, list=9%, signal=16%",
GOBP_MRNA_SPLICE_SITE_RECOGNITION,GOBP_MRNA_SPLICE_SITE_RECOGNITION,,36,0.29471037,0.7904601,0.81803006,0.877109,1.0,3192,"tags=17%, list=12%, signal=19%",
GOBP_POSITIVE_REGULATION_OF_EXTRACELLULAR_MATRIX_DISASSEMBLY,GOBP_POSITIVE_REGULATION_OF_EXTRACELLULAR_MATRIX_DISASSEMBLY,,10,0.39208436,0.7904466,0.7425926,0.87693775,1.0,1459,"tags=20%, list=5%, signal=21%",
GOBP_UDP_N_ACETYLGLUCOSAMINE_METABOLIC_PROCESS,GOBP_UDP_N_ACETYLGLUCOSAMINE_METABOLIC_PROCESS,,12,0.37526402,0.79043525,0.7533719,0.8767653,1.0,1494,"tags=17%, list=5%, signal=18%",
REACTOME_N_GLYCAN_ANTENNAE_ELONGATION,REACTOME_N_GLYCAN_ANTENNAE_ELONGATION,,12,0.38072532,0.79038537,0.7849265,0.8766448,1.0,1572,"tags=25%, list=6%, signal=26%",
GOBP_CELLULAR_RESPONSE_TO_GONADOTROPIN_STIMULUS,GOBP_CELLULAR_RESPONSE_TO_GONADOTROPIN_STIMULUS,,16,0.3457055,0.78980225,0.7777778,0.8773036,1.0,4426,"tags=25%, list=16%, signal=30%",
GOBP_REGULATION_OF_NEURON_MIGRATION,GOBP_REGULATION_OF_NEURON_MIGRATION,,40,0.2894258,0.78896445,0.8305085,0.87835443,1.0,5724,"tags=30%, list=21%, signal=38%",
REACTOME_CASPASE_ACTIVATION_VIA_DEPENDENCE_RECEPTORS_IN_THE_ABSENCE_OF_LIGAND,REACTOME_CASPASE_ACTIVATION_VIA_DEPENDENCE_RECEPTORS_IN_THE_ABSENCE_OF_LIGAND,,10,0.39616013,0.7885775,0.74864376,0.8787038,1.0,6653,"tags=50%, list=24%, signal=66%",
REACTOME_FORMATION_OF_THE_POLYBROMO_BAF_PBAF_COMPLEX,REACTOME_FORMATION_OF_THE_POLYBROMO_BAF_PBAF_COMPLEX,,18,0.34326217,0.7876529,0.77816904,0.8798326,1.0,0,"tags=6%, list=0%, signal=6%",
REACTOME_HS_GAG_BIOSYNTHESIS,REACTOME_HS_GAG_BIOSYNTHESIS,,25,0.3200942,0.78757954,0.81164384,0.87973356,1.0,3540,"tags=24%, list=13%, signal=27%",
GOBP_NEGATIVE_REGULATION_OF_TELOMERE_MAINTENANCE,GOBP_NEGATIVE_REGULATION_OF_TELOMERE_MAINTENANCE,,38,0.29326624,0.7874499,0.84562606,0.8797294,1.0,4230,"tags=21%, list=15%, signal=25%",
GOBP_NUCLEOSIDE_SALVAGE,GOBP_NUCLEOSIDE_SALVAGE,,12,0.3810218,0.7874474,0.775,0.8795409,1.0,3287,"tags=25%, list=12%, signal=28%",
GOBP_PRESYNAPSE_ASSEMBLY,GOBP_PRESYNAPSE_ASSEMBLY,,30,0.30639482,0.7855224,0.7876712,0.88211524,1.0,5705,"tags=37%, list=21%, signal=46%",
GOBP_REGULATION_OF_SKELETAL_MUSCLE_ADAPTATION,GOBP_REGULATION_OF_SKELETAL_MUSCLE_ADAPTATION,,10,0.38646498,0.7854851,0.7449168,0.8819811,1.0,5868,"tags=30%, list=21%, signal=38%",
REACTOME_TP53_REGULATES_TRANSCRIPTION_OF_GENES_INVOLVED_IN_CYTOCHROME_C_RELEASE,REACTOME_TP53_REGULATES_TRANSCRIPTION_OF_GENES_INVOLVED_IN_CYTOCHROME_C_RELEASE,,19,0.33410186,0.78523,0.7785467,0.882159,1.0,4364,"tags=32%, list=16%, signal=37%",
GOBP_GLOMERULAR_EPITHELIAL_CELL_DEVELOPMENT,GOBP_GLOMERULAR_EPITHELIAL_CELL_DEVELOPMENT,,11,0.3854947,0.7852195,0.7641682,0.8819791,1.0,7304,"tags=55%, list=26%, signal=74%",
GOBP_ESTABLISHMENT_OF_SPINDLE_ORIENTATION,GOBP_ESTABLISHMENT_OF_SPINDLE_ORIENTATION,,40,0.2863228,0.7846199,0.8347979,0.88260657,1.0,4480,"tags=25%, list=16%, signal=30%",
GOBP_PIGMENT_BIOSYNTHETIC_PROCESS,GOBP_PIGMENT_BIOSYNTHETIC_PROCESS,,53,0.27612036,0.78460133,0.86341465,0.88244724,1.0,5306,"tags=28%, list=19%, signal=35%",
GOBP_NUCLEOTIDE_SUGAR_TRANSMEMBRANE_TRANSPORT,GOBP_NUCLEOTIDE_SUGAR_TRANSMEMBRANE_TRANSPORT,,13,0.362378,0.7840216,0.75464684,0.8830469,1.0,6471,"tags=46%, list=23%, signal=60%",
GOBP_ODONTOBLAST_DIFFERENTIATION,GOBP_ODONTOBLAST_DIFFERENTIATION,,15,0.35327178,0.78388363,0.76344085,0.8830469,1.0,2998,"tags=27%, list=11%, signal=30%",
GOBP_NLS_BEARING_PROTEIN_IMPORT_INTO_NUCLEUS,GOBP_NLS_BEARING_PROTEIN_IMPORT_INTO_NUCLEUS,,19,0.3353348,0.7836303,0.780037,0.8832055,1.0,3492,"tags=16%, list=13%, signal=18%",
GOBP_REGULATION_OF_CILIUM_BEAT_FREQUENCY,GOBP_REGULATION_OF_CILIUM_BEAT_FREQUENCY,,14,0.35303232,0.78362113,0.7647059,0.88302565,1.0,3340,"tags=14%, list=12%, signal=16%",
GOBP_CELL_PROLIFERATION_INVOLVED_IN_KIDNEY_DEVELOPMENT,GOBP_CELL_PROLIFERATION_INVOLVED_IN_KIDNEY_DEVELOPMENT,,18,0.3428648,0.78361684,0.77163905,0.8828393,1.0,1773,"tags=22%, list=6%, signal=24%",
GOBP_MAST_CELL_MIGRATION,GOBP_MAST_CELL_MIGRATION,,11,0.37519866,0.7829523,0.7553192,0.88357973,1.0,4192,"tags=45%, list=15%, signal=54%",
GOBP_PYRAMIDAL_NEURON_DIFFERENTIATION,GOBP_PYRAMIDAL_NEURON_DIFFERENTIATION,,12,0.36315084,0.7822859,0.76785713,0.88431495,1.0,3235,"tags=25%, list=12%, signal=28%",
GOBP_RETINA_VASCULATURE_DEVELOPMENT_IN_CAMERA_TYPE_EYE,GOBP_RETINA_VASCULATURE_DEVELOPMENT_IN_CAMERA_TYPE_EYE,,17,0.34232852,0.78108233,0.7791971,0.8857742,1.0,7815,"tags=65%, list=28%, signal=90%",
GOBP_SMOOTH_MUSCLE_CELL_APOPTOTIC_PROCESS,GOBP_SMOOTH_MUSCLE_CELL_APOPTOTIC_PROCESS,,29,0.30492133,0.78074056,0.8284734,0.8860761,1.0,5719,"tags=28%, list=21%, signal=35%",
GOBP_GENITALIA_DEVELOPMENT,GOBP_GENITALIA_DEVELOPMENT,,33,0.2977716,0.7806626,0.82020545,0.88599205,1.0,6200,"tags=42%, list=22%, signal=55%",
GOBP_PROTEIN_LOCALIZATION_TO_NON_MOTILE_CILIUM,GOBP_PROTEIN_LOCALIZATION_TO_NON_MOTILE_CILIUM,,12,0.3740037,0.7800975,0.79599273,0.8865794,1.0,427,"tags=8%, list=2%, signal=8%",
GOBP_INTRACELLULAR_SODIUM_ION_HOMEOSTASIS,GOBP_INTRACELLULAR_SODIUM_ION_HOMEOSTASIS,,24,0.32187635,0.78002924,0.8090909,0.88647765,1.0,4024,"tags=29%, list=15%, signal=34%",
REACTOME_TIGHT_JUNCTION_INTERACTIONS,REACTOME_TIGHT_JUNCTION_INTERACTIONS,,22,0.32242283,0.77911085,0.79040855,0.8875567,1.0,3975,"tags=23%, list=14%, signal=27%",
GOBP_XENOBIOTIC_TRANSMEMBRANE_TRANSPORT,GOBP_XENOBIOTIC_TRANSMEMBRANE_TRANSPORT,,17,0.34361285,0.7789989,0.7759563,0.8875132,1.0,5358,"tags=47%, list=19%, signal=58%",
GOBP_POSITIVE_REGULATION_OF_DNA_REPLICATION,GOBP_POSITIVE_REGULATION_OF_DNA_REPLICATION,,41,0.28611794,0.77887756,0.8502582,0.88748974,1.0,2248,"tags=10%, list=8%, signal=11%",
GOBP_HEART_VALVE_DEVELOPMENT,GOBP_HEART_VALVE_DEVELOPMENT,,62,0.26547405,0.77861583,0.8633441,0.88764375,1.0,5041,"tags=24%, list=18%, signal=29%",
GOBP_POSITIVE_REGULATION_OF_FEEDING_BEHAVIOR,GOBP_POSITIVE_REGULATION_OF_FEEDING_BEHAVIOR,,10,0.38400924,0.7782744,0.75977653,0.88792235,1.0,6904,"tags=50%, list=25%, signal=67%",
GOBP_ALANINE_TRANSPORT,GOBP_ALANINE_TRANSPORT,,12,0.37726372,0.7777913,0.76719576,0.88839984,1.0,4406,"tags=42%, list=16%, signal=50%",
GOBP_NEGATIVE_REGULATION_OF_MICROTUBULE_DEPOLYMERIZATION,GOBP_NEGATIVE_REGULATION_OF_MICROTUBULE_DEPOLYMERIZATION,,32,0.3001978,0.77765846,0.817029,0.888392,1.0,5006,"tags=22%, list=18%, signal=27%",
GOBP_MICROTUBULE_DEPOLYMERIZATION,GOBP_MICROTUBULE_DEPOLYMERIZATION,,51,0.27266565,0.77753395,0.8739496,0.8883824,1.0,5006,"tags=22%, list=18%, signal=26%",
GOBP_NEGATIVE_REGULATION_OF_ORGAN_GROWTH,GOBP_NEGATIVE_REGULATION_OF_ORGAN_GROWTH,,26,0.3171197,0.7765482,0.79432625,0.8895318,1.0,3697,"tags=31%, list=13%, signal=35%",
GOBP_POSITIVE_REGULATION_OF_VASCULAR_ENDOTHELIAL_GROWTH_FACTOR_SIGNALING_PATHWAY,GOBP_POSITIVE_REGULATION_OF_VASCULAR_ENDOTHELIAL_GROWTH_FACTOR_SIGNALING_PATHWAY,,11,0.38494074,0.77604896,0.7767695,0.89000475,1.0,5756,"tags=27%, list=21%, signal=34%",
GOBP_L_ARGININE_TRANSMEMBRANE_TRANSPORT,GOBP_L_ARGININE_TRANSMEMBRANE_TRANSPORT,,12,0.37130296,0.77602357,0.7675277,0.8898413,1.0,824,"tags=17%, list=3%, signal=17%",
GOBP_PYRIMIDINE_RIBONUCLEOSIDE_MONOPHOSPHATE_METABOLIC_PROCESS,GOBP_PYRIMIDINE_RIBONUCLEOSIDE_MONOPHOSPHATE_METABOLIC_PROCESS,,15,0.35388663,0.7749443,0.7781629,0.89113575,1.0,1007,"tags=20%, list=4%, signal=21%",
GOBP_VENTRICULAR_SYSTEM_DEVELOPMENT,GOBP_VENTRICULAR_SYSTEM_DEVELOPMENT,,31,0.29683056,0.77490664,0.8222621,0.89099723,1.0,2480,"tags=19%, list=9%, signal=21%",
GOBP_LUNG_MORPHOGENESIS,GOBP_LUNG_MORPHOGENESIS,,45,0.28045076,0.7746123,0.85714287,0.89119005,1.0,4609,"tags=27%, list=17%, signal=32%",
GOBP_COLUMNAR_CUBOIDAL_EPITHELIAL_CELL_DIFFERENTIATION,GOBP_COLUMNAR_CUBOIDAL_EPITHELIAL_CELL_DIFFERENTIATION,,67,0.26175463,0.7744511,0.9035533,0.8912066,1.0,4966,"tags=25%, list=18%, signal=31%",
GOBP_VOCALIZATION_BEHAVIOR,GOBP_VOCALIZATION_BEHAVIOR,,14,0.35690734,0.7736111,0.75814754,0.8921406,1.0,3676,"tags=36%, list=13%, signal=41%",
GOBP_CELL_MIGRATION_INVOLVED_IN_HEART_DEVELOPMENT,GOBP_CELL_MIGRATION_INVOLVED_IN_HEART_DEVELOPMENT,,12,0.37328482,0.77327126,0.7663044,0.8923884,1.0,1488,"tags=17%, list=5%, signal=18%",
GOBP_DETECTION_OF_MECHANICAL_STIMULUS_INVOLVED_IN_SENSORY_PERCEPTION_OF_PAIN,GOBP_DETECTION_OF_MECHANICAL_STIMULUS_INVOLVED_IN_SENSORY_PERCEPTION_OF_PAIN,,11,0.37097502,0.77201045,0.79636365,0.89381933,1.0,1171,"tags=9%, list=4%, signal=9%",
GOBP_NEURAL_RETINA_DEVELOPMENT,GOBP_NEURAL_RETINA_DEVELOPMENT,,54,0.26713082,0.77179444,0.8938907,0.893911,1.0,1394,"tags=6%, list=5%, signal=6%",
GOBP_DOUBLE_STRAND_BREAK_REPAIR_VIA_NONHOMOLOGOUS_END_JOINING,GOBP_DOUBLE_STRAND_BREAK_REPAIR_VIA_NONHOMOLOGOUS_END_JOINING,,77,0.25607738,0.771071,0.90967745,0.89466614,1.0,2633,"tags=10%, list=9%, signal=11%",
GOBP_POSITIVE_REGULATION_OF_GLYCOGEN_BIOSYNTHETIC_PROCESS,GOBP_POSITIVE_REGULATION_OF_GLYCOGEN_BIOSYNTHETIC_PROCESS,,14,0.3491269,0.7700094,0.78688526,0.8958465,1.0,4169,"tags=29%, list=15%, signal=34%",
GOBP_ATRIAL_CARDIAC_MUSCLE_CELL_TO_AV_NODE_CELL_COMMUNICATION,GOBP_ATRIAL_CARDIAC_MUSCLE_CELL_TO_AV_NODE_CELL_COMMUNICATION,,12,0.3609543,0.7685465,0.7802198,0.89753383,1.0,5180,"tags=33%, list=19%, signal=41%",
GOBP_POSITIVE_REGULATION_OF_GLUTAMATE_SECRETION,GOBP_POSITIVE_REGULATION_OF_GLUTAMATE_SECRETION,,10,0.3834485,0.76831913,0.7858473,0.8976378,1.0,4796,"tags=30%, list=17%, signal=36%",
GOBP_REGULATION_OF_EXTRACELLULAR_MATRIX_ASSEMBLY,GOBP_REGULATION_OF_EXTRACELLULAR_MATRIX_ASSEMBLY,,12,0.36586216,0.7681804,0.78531075,0.89761305,1.0,2790,"tags=33%, list=10%, signal=37%",
GOBP_ER_OVERLOAD_RESPONSE,GOBP_ER_OVERLOAD_RESPONSE,,11,0.37502939,0.7669834,0.7918089,0.89894927,1.0,4941,"tags=45%, list=18%, signal=55%",
GOBP_REGULATION_OF_DNA_TEMPLATED_TRANSCRIPTION_ELONGATION,GOBP_REGULATION_OF_DNA_TEMPLATED_TRANSCRIPTION_ELONGATION,,104,0.2427091,0.76631236,0.9577465,0.8996001,1.0,4912,"tags=19%, list=18%, signal=23%",
REACTOME_UREA_CYCLE,REACTOME_UREA_CYCLE,,11,0.37329832,0.76488876,0.7798507,0.90118843,1.0,3159,"tags=27%, list=11%, signal=31%",
GOBP_REGULATION_OF_CDC42_PROTEIN_SIGNAL_TRANSDUCTION,GOBP_REGULATION_OF_CDC42_PROTEIN_SIGNAL_TRANSDUCTION,,10,0.38173407,0.76475954,0.8010949,0.9011503,1.0,5293,"tags=50%, list=19%, signal=62%",
GOBP_REGULATION_OF_MRNA_3_END_PROCESSING,GOBP_REGULATION_OF_MRNA_3_END_PROCESSING,,16,0.34035373,0.76432073,0.79545456,0.9015164,1.0,5380,"tags=25%, list=19%, signal=31%",
GOBP_ACTIN_FILAMENT_NETWORK_FORMATION,GOBP_ACTIN_FILAMENT_NETWORK_FORMATION,,14,0.34822822,0.7642076,0.79347825,0.90146613,1.0,2621,"tags=29%, list=9%, signal=32%",
REACTOME_METHYLATION,REACTOME_METHYLATION,,12,0.3611903,0.7639147,0.81508076,0.9016373,1.0,6940,"tags=50%, list=25%, signal=67%",
GOBP_VIRAL_RNA_GENOME_REPLICATION,GOBP_VIRAL_RNA_GENOME_REPLICATION,,27,0.3044741,0.76351804,0.8573883,0.9019315,1.0,5630,"tags=30%, list=20%, signal=37%",
GOBP_CYTOPLASM_ORGANIZATION,GOBP_CYTOPLASM_ORGANIZATION,,14,0.35060036,0.7624619,0.8112523,0.90303016,1.0,1932,"tags=14%, list=7%, signal=15%",
GOBP_REGULATION_OF_PEROXISOME_PROLIFERATOR_ACTIVATED_RECEPTOR_SIGNALING_PATHWAY,GOBP_REGULATION_OF_PEROXISOME_PROLIFERATOR_ACTIVATED_RECEPTOR_SIGNALING_PATHWAY,,17,0.3386582,0.7621907,0.8201439,0.9031665,1.0,365,"tags=6%, list=1%, signal=6%",
GOBP_STRIATED_MUSCLE_ADAPTATION,GOBP_STRIATED_MUSCLE_ADAPTATION,,37,0.28725561,0.7612544,0.8496622,0.90410113,1.0,3874,"tags=22%, list=14%, signal=25%",
GOBP_ORGANISM_EMERGENCE_FROM_PROTECTIVE_STRUCTURE,GOBP_ORGANISM_EMERGENCE_FROM_PROTECTIVE_STRUCTURE,,26,0.30137435,0.76031244,0.8309091,0.90503025,1.0,2428,"tags=12%, list=9%, signal=13%",
GOBP_REGULATION_OF_KETONE_BIOSYNTHETIC_PROCESS,GOBP_REGULATION_OF_KETONE_BIOSYNTHETIC_PROCESS,,20,0.32191506,0.7595332,0.8350877,0.90576977,1.0,4829,"tags=20%, list=17%, signal=24%",
GOBP_3_UTR_MEDIATED_MRNA_DESTABILIZATION,GOBP_3_UTR_MEDIATED_MRNA_DESTABILIZATION,,22,0.3113188,0.7590292,0.8152174,0.9061784,1.0,5982,"tags=41%, list=22%, signal=52%",
REACTOME_HIV_TRANSCRIPTION_INITIATION,REACTOME_HIV_TRANSCRIPTION_INITIATION,,48,0.27460015,0.75887734,0.8770226,0.9061611,1.0,7301,"tags=38%, list=26%, signal=51%",
GOBP_INTESTINAL_LIPID_ABSORPTION,GOBP_INTESTINAL_LIPID_ABSORPTION,,19,0.32635215,0.75858253,0.8289703,0.9063164,1.0,2659,"tags=11%, list=10%, signal=12%",
GOBP_POSITIVE_REGULATION_OF_GLYCOGEN_METABOLIC_PROCESS,GOBP_POSITIVE_REGULATION_OF_GLYCOGEN_METABOLIC_PROCESS,,18,0.3223321,0.7580883,0.8107143,0.90670913,1.0,4169,"tags=22%, list=15%, signal=26%",
REACTOME_REGULATION_OF_EXPRESSION_AND_FUNCTION_OF_TYPE_II_CLASSICAL_CADHERINS,REACTOME_REGULATION_OF_EXPRESSION_AND_FUNCTION_OF_TYPE_II_CLASSICAL_CADHERINS,,25,0.30828166,0.75808316,0.81370825,0.90652066,1.0,5833,"tags=40%, list=21%, signal=51%",
REACTOME_CO_INHIBITION_BY_CTLA4,REACTOME_CO_INHIBITION_BY_CTLA4,,21,0.31475353,0.7573201,0.8277778,0.90722656,1.0,4230,"tags=29%, list=15%, signal=34%",
GOBP_HEPARIN_PROTEOGLYCAN_BIOSYNTHETIC_PROCESS,GOBP_HEPARIN_PROTEOGLYCAN_BIOSYNTHETIC_PROCESS,,13,0.3598794,0.7571955,0.7945455,0.907175,1.0,7125,"tags=38%, list=26%, signal=52%",
GOBP_VENOUS_BLOOD_VESSEL_DEVELOPMENT,GOBP_VENOUS_BLOOD_VESSEL_DEVELOPMENT,,12,0.36062753,0.75357985,0.80679786,0.9112244,1.0,5101,"tags=33%, list=18%, signal=41%",
REACTOME_APC_CDC20_MEDIATED_DEGRADATION_OF_NEK2A,REACTOME_APC_CDC20_MEDIATED_DEGRADATION_OF_NEK2A,,26,0.30094165,0.7534624,0.84547067,0.9111614,1.0,6094,"tags=35%, list=22%, signal=44%",
GOBP_CELL_CELL_SIGNALING_INVOLVED_IN_CARDIAC_CONDUCTION,GOBP_CELL_CELL_SIGNALING_INVOLVED_IN_CARDIAC_CONDUCTION,,19,0.31812742,0.75323474,0.8407871,0.9112317,1.0,5180,"tags=26%, list=19%, signal=32%",
GOBP_SPLICEOSOMAL_COMPLEX_ASSEMBLY,GOBP_SPLICEOSOMAL_COMPLEX_ASSEMBLY,,84,0.24609192,0.75305986,0.9494471,0.91124034,1.0,5174,"tags=21%, list=19%, signal=26%",
GOBP_VIRAL_TRANSLATION,GOBP_VIRAL_TRANSLATION,,24,0.31041372,0.7525708,0.8382609,0.9115895,1.0,4049,"tags=17%, list=15%, signal=19%",
GOBP_PIRNA_MEDIATED_HETEROCHROMATIN_FORMATION,GOBP_PIRNA_MEDIATED_HETEROCHROMATIN_FORMATION,,12,0.35639942,0.7524913,0.797075,0.91148996,1.0,194,"tags=8%, list=1%, signal=8%",
GOBP_NEGATIVE_REGULATION_OF_SIGNAL_TRANSDUCTION_BY_P53_CLASS_MEDIATOR,GOBP_NEGATIVE_REGULATION_OF_SIGNAL_TRANSDUCTION_BY_P53_CLASS_MEDIATOR,,39,0.28314182,0.75210005,0.88186353,0.91174877,1.0,4046,"tags=21%, list=15%, signal=24%",
REACTOME_SIGNALING_BY_FGFR2_IIIA_TM,REACTOME_SIGNALING_BY_FGFR2_IIIA_TM,,18,0.32640782,0.7517705,0.84324324,0.9119267,1.0,7184,"tags=56%, list=26%, signal=75%",
GOBP_GOLGI_LOCALIZATION,GOBP_GOLGI_LOCALIZATION,,14,0.34513742,0.75167936,0.8269581,0.91183394,1.0,8458,"tags=71%, list=30%, signal=103%",
GOBP_INDUCTION_OF_POSITIVE_CHEMOTAXIS,GOBP_INDUCTION_OF_POSITIVE_CHEMOTAXIS,,11,0.36472887,0.74893665,0.80761904,0.9147091,1.0,2713,"tags=27%, list=10%, signal=30%",
GOBP_FATTY_ACID_BETA_OXIDATION_USING_ACYL_COA_DEHYDROGENASE,GOBP_FATTY_ACID_BETA_OXIDATION_USING_ACYL_COA_DEHYDROGENASE,,11,0.36702305,0.7468498,0.8235294,0.9168108,1.0,7000,"tags=55%, list=25%, signal=73%",
GOBP_TRACHEA_DEVELOPMENT,GOBP_TRACHEA_DEVELOPMENT,,15,0.3367569,0.7461665,0.8247619,0.91734797,1.0,5374,"tags=40%, list=19%, signal=50%",
REACTOME_FOXO_MEDIATED_TRANSCRIPTION_OF_OXIDATIVE_STRESS_METABOLIC_AND_NEURONAL_GENES,REACTOME_FOXO_MEDIATED_TRANSCRIPTION_OF_OXIDATIVE_STRESS_METABOLIC_AND_NEURONAL_GENES,,23,0.3150377,0.74578846,0.83918667,0.9175563,1.0,1613,"tags=13%, list=6%, signal=14%",
GOBP_CORONARY_VASCULATURE_DEVELOPMENT,GOBP_CORONARY_VASCULATURE_DEVELOPMENT,,41,0.27711204,0.74534655,0.8885077,0.9178454,1.0,5374,"tags=27%, list=19%, signal=33%",
REACTOME_TRANSLESION_SYNTHESIS_BY_POLK,REACTOME_TRANSLESION_SYNTHESIS_BY_POLK,,17,0.3265808,0.74518794,0.83725137,0.9178208,1.0,3531,"tags=24%, list=13%, signal=27%",
GOBP_PRESYNAPTIC_MODULATION_OF_CHEMICAL_SYNAPTIC_TRANSMISSION,GOBP_PRESYNAPTIC_MODULATION_OF_CHEMICAL_SYNAPTIC_TRANSMISSION,,31,0.28995377,0.7451061,0.875,0.9177066,1.0,2280,"tags=13%, list=8%, signal=14%",
REACTOME_LANOSTEROL_BIOSYNTHESIS,REACTOME_LANOSTEROL_BIOSYNTHESIS,,13,0.34711617,0.7418638,0.8214936,0.92095953,1.0,4231,"tags=31%, list=15%, signal=36%",
GOBP_LUNG_CELL_DIFFERENTIATION,GOBP_LUNG_CELL_DIFFERENTIATION,,22,0.30824953,0.74127644,0.8415493,0.921393,1.0,4459,"tags=18%, list=16%, signal=22%",
GOBP_POSITIVE_REGULATION_OF_CELL_CYCLE_G2_M_PHASE_TRANSITION,GOBP_POSITIVE_REGULATION_OF_CELL_CYCLE_G2_M_PHASE_TRANSITION,,29,0.29100636,0.7403523,0.89686924,0.92213845,1.0,925,"tags=7%, list=3%, signal=7%",
GOBP_POSITIVE_REGULATION_OF_BMP_SIGNALING_PATHWAY,GOBP_POSITIVE_REGULATION_OF_BMP_SIGNALING_PATHWAY,,27,0.2940208,0.7399255,0.86986303,0.92240244,1.0,4426,"tags=26%, list=16%, signal=31%",
REACTOME_COLLAGEN_CHAIN_TRIMERIZATION,REACTOME_COLLAGEN_CHAIN_TRIMERIZATION,,37,0.2772801,0.7365408,0.8890815,0.9256943,1.0,6151,"tags=38%, list=22%, signal=49%",
REACTOME_ANCHORING_FIBRIL_FORMATION,REACTOME_ANCHORING_FIBRIL_FORMATION,,13,0.3496691,0.73644775,0.825,0.9255972,1.0,5349,"tags=46%, list=19%, signal=57%",
REACTOME_MITOTIC_TELOPHASE_CYTOKINESIS,REACTOME_MITOTIC_TELOPHASE_CYTOKINESIS,,13,0.34598604,0.73491126,0.8194946,0.92692447,1.0,10450,"tags=69%, list=38%, signal=111%",
REACTOME_ABORTIVE_ELONGATION_OF_HIV_1_TRANSCRIPT_IN_THE_ABSENCE_OF_TAT,REACTOME_ABORTIVE_ELONGATION_OF_HIV_1_TRANSCRIPT_IN_THE_ABSENCE_OF_TAT,,23,0.30550504,0.73488873,0.8566308,0.9267493,1.0,7184,"tags=52%, list=26%, signal=70%",
GOBP_REGULATION_OF_MODIFICATION_OF_SYNAPTIC_STRUCTURE,GOBP_REGULATION_OF_MODIFICATION_OF_SYNAPTIC_STRUCTURE,,15,0.3287721,0.7347501,0.8464351,0.9266852,1.0,5710,"tags=40%, list=21%, signal=50%",
GOBP_REGULATION_OF_VASCULAR_ASSOCIATED_SMOOTH_MUSCLE_CELL_DIFFERENTIATION,GOBP_REGULATION_OF_VASCULAR_ASSOCIATED_SMOOTH_MUSCLE_CELL_DIFFERENTIATION,,14,0.33924702,0.73410887,0.8625,0.92715496,1.0,43,"tags=7%, list=0%, signal=7%",
GOBP_NUCLEAR_BODY_ORGANIZATION,GOBP_NUCLEAR_BODY_ORGANIZATION,,18,0.3144755,0.73349017,0.83928573,0.9275537,1.0,3029,"tags=17%, list=11%, signal=19%",
GOBP_BEHAVIORAL_RESPONSE_TO_COCAINE,GOBP_BEHAVIORAL_RESPONSE_TO_COCAINE,,14,0.3371537,0.73321766,0.83539826,0.92762715,1.0,1836,"tags=14%, list=7%, signal=15%",
GOBP_SRP_DEPENDENT_COTRANSLATIONAL_PROTEIN_TARGETING_TO_MEMBRANE,GOBP_SRP_DEPENDENT_COTRANSLATIONAL_PROTEIN_TARGETING_TO_MEMBRANE,,21,0.30779666,0.7329412,0.8495575,0.92770344,1.0,6805,"tags=33%, list=25%, signal=44%",
GOBP_MODIFIED_AMINO_ACID_CATABOLIC_PROCESS,GOBP_MODIFIED_AMINO_ACID_CATABOLIC_PROCESS,,27,0.29655212,0.73256576,0.87157536,0.9278755,1.0,3090,"tags=19%, list=11%, signal=21%",
GOBP_REGULATION_OF_MAMMARY_GLAND_EPITHELIAL_CELL_PROLIFERATION,GOBP_REGULATION_OF_MAMMARY_GLAND_EPITHELIAL_CELL_PROLIFERATION,,14,0.34140003,0.73176026,0.84181815,0.92846274,1.0,4152,"tags=29%, list=15%, signal=34%",
REACTOME_MRNA_3_END_PROCESSING,REACTOME_MRNA_3_END_PROCESSING,,151,0.22198564,0.7310679,0.9928161,0.9289429,1.0,5221,"tags=20%, list=19%, signal=24%",
GOBP_RESPONSE_TO_DIETARY_EXCESS,GOBP_RESPONSE_TO_DIETARY_EXCESS,,28,0.29199955,0.7302958,0.8905983,0.9294922,1.0,5675,"tags=29%, list=20%, signal=36%",
GOBP_BINDING_OF_SPERM_TO_ZONA_PELLUCIDA,GOBP_BINDING_OF_SPERM_TO_ZONA_PELLUCIDA,,25,0.28916052,0.7286536,0.87826085,0.9308839,1.0,5022,"tags=24%, list=18%, signal=29%",
REACTOME_SPHINGOLIPID_CATABOLISM,REACTOME_SPHINGOLIPID_CATABOLISM,,12,0.35049814,0.7283398,0.84794277,0.93099487,1.0,940,"tags=17%, list=3%, signal=17%",
GOBP_DETECTION_OF_LIGHT_STIMULUS_INVOLVED_IN_SENSORY_PERCEPTION,GOBP_DETECTION_OF_LIGHT_STIMULUS_INVOLVED_IN_SENSORY_PERCEPTION,,18,0.31315863,0.72805667,0.8530973,0.9310565,1.0,6374,"tags=50%, list=23%, signal=65%",
GOBP_NEGATIVE_REGULATION_OF_NEURON_DIFFERENTIATION,GOBP_NEGATIVE_REGULATION_OF_NEURON_DIFFERENTIATION,,49,0.25884444,0.7272162,0.9285714,0.93162894,1.0,5747,"tags=35%, list=21%, signal=44%",
GOBP_REGULATION_OF_JUN_KINASE_ACTIVITY,GOBP_REGULATION_OF_JUN_KINASE_ACTIVITY,,19,0.31321692,0.7269445,0.8566308,0.93170273,1.0,4397,"tags=26%, list=16%, signal=31%",
GOBP_REGULATION_OF_FATTY_ACID_BETA_OXIDATION,GOBP_REGULATION_OF_FATTY_ACID_BETA_OXIDATION,,17,0.32004508,0.72543025,0.85989493,0.93293613,1.0,5597,"tags=35%, list=20%, signal=44%",
REACTOME_EXPRESSION_OF_BMAL_ARNTL_CLOCK_AND_NPAS2,REACTOME_EXPRESSION_OF_BMAL_ARNTL_CLOCK_AND_NPAS2,,35,0.28071794,0.72532994,0.9020619,0.93283653,1.0,5631,"tags=29%, list=20%, signal=36%",
GOBP_POSITIVE_REGULATION_OF_DENDRITIC_CELL_CYTOKINE_PRODUCTION,GOBP_POSITIVE_REGULATION_OF_DENDRITIC_CELL_CYTOKINE_PRODUCTION,,11,0.35015795,0.72487646,0.8495413,0.93306273,1.0,5050,"tags=36%, list=18%, signal=44%",
GOBP_POSITIVE_REGULATION_OF_SMOOTHENED_SIGNALING_PATHWAY,GOBP_POSITIVE_REGULATION_OF_SMOOTHENED_SIGNALING_PATHWAY,,34,0.2767013,0.72420514,0.89285713,0.9334897,1.0,4705,"tags=21%, list=17%, signal=25%",
REACTOME_REGULATION_OF_RUNX1_EXPRESSION_AND_ACTIVITY,REACTOME_REGULATION_OF_RUNX1_EXPRESSION_AND_ACTIVITY,,17,0.3200826,0.72417164,0.870438,0.9333227,1.0,4230,"tags=29%, list=15%, signal=35%",
GOBP_PHOSPHATE_ION_TRANSPORT,GOBP_PHOSPHATE_ION_TRANSPORT,,23,0.3009255,0.72333187,0.8679578,0.93389595,1.0,5257,"tags=30%, list=19%, signal=38%",
GOBP_RESPONSE_TO_WATER,GOBP_RESPONSE_TO_WATER,,11,0.34682012,0.7230421,0.852459,0.9339555,1.0,8931,"tags=36%, list=32%, signal=54%",
GOBP_POSITIVE_REGULATION_OF_MULTICELLULAR_ORGANISM_GROWTH,GOBP_POSITIVE_REGULATION_OF_MULTICELLULAR_ORGANISM_GROWTH,,25,0.2855084,0.7224072,0.8780069,0.9343414,1.0,1693,"tags=12%, list=6%, signal=13%",
GOBP_CENTRAL_NERVOUS_SYSTEM_PROJECTION_NEURON_AXONOGENESIS,GOBP_CENTRAL_NERVOUS_SYSTEM_PROJECTION_NEURON_AXONOGENESIS,,27,0.2868538,0.721907,0.90268457,0.9345852,1.0,6156,"tags=37%, list=22%, signal=48%",
GOBP_REGULATION_OF_SENSORY_PERCEPTION,GOBP_REGULATION_OF_SENSORY_PERCEPTION,,13,0.3363307,0.7216686,0.83609575,0.93460935,1.0,6253,"tags=31%, list=23%, signal=40%",
GOBP_SPONTANEOUS_SYNAPTIC_TRANSMISSION,GOBP_SPONTANEOUS_SYNAPTIC_TRANSMISSION,,11,0.3486953,0.72163194,0.8546099,0.9344519,1.0,5324,"tags=45%, list=19%, signal=56%",
REACTOME_KIDNEY_DEVELOPMENT,REACTOME_KIDNEY_DEVELOPMENT,,24,0.29511753,0.7209597,0.87079644,0.93486786,1.0,6156,"tags=33%, list=22%, signal=43%",
GOBP_SERTOLI_CELL_DEVELOPMENT,GOBP_SERTOLI_CELL_DEVELOPMENT,,14,0.32740033,0.7198677,0.8527273,0.9356643,1.0,7140,"tags=43%, list=26%, signal=58%",
GOBP_CHROMOSOME_SEPARATION,GOBP_CHROMOSOME_SEPARATION,,92,0.23301005,0.71957695,0.9836868,0.93572694,1.0,4029,"tags=16%, list=15%, signal=19%",
REACTOME_COHESIN_LOADING_ONTO_CHROMATIN,REACTOME_COHESIN_LOADING_ONTO_CHROMATIN,,10,0.3600798,0.71877897,0.8148148,0.93625265,1.0,8026,"tags=50%, list=29%, signal=70%",
GOBP_COCHLEA_MORPHOGENESIS,GOBP_COCHLEA_MORPHOGENESIS,,19,0.30822936,0.7174093,0.87188613,0.93726516,1.0,3824,"tags=16%, list=14%, signal=18%",
GOBP_REGULATION_OF_NUCLEAR_TRANSCRIBED_MRNA_CATABOLIC_PROCESS_NONSENSE_MEDIATED_DECAY,GOBP_REGULATION_OF_NUCLEAR_TRANSCRIBED_MRNA_CATABOLIC_PROCESS_NONSENSE_MEDIATED_DECAY,,16,0.31498823,0.7170922,0.89045936,0.93735796,1.0,2128,"tags=13%, list=8%, signal=14%",
GOBP_POSITIVE_REGULATION_OF_CELL_CYCLE_PHASE_TRANSITION,GOBP_POSITIVE_REGULATION_OF_CELL_CYCLE_PHASE_TRANSITION,,106,0.22927244,0.7166568,0.9827856,0.9375464,1.0,6094,"tags=25%, list=22%, signal=33%",
GOBP_POSITIVE_REGULATION_OF_INTRACELLULAR_ESTROGEN_RECEPTOR_SIGNALING_PATHWAY,GOBP_POSITIVE_REGULATION_OF_INTRACELLULAR_ESTROGEN_RECEPTOR_SIGNALING_PATHWAY,,11,0.3552298,0.7165986,0.8333333,0.93739355,1.0,1588,"tags=18%, list=6%, signal=19%",
GOBP_POSITIVE_REGULATION_OF_NUCLEAR_TRANSCRIBED_MRNA_CATABOLIC_PROCESS_DEADENYLATION_DEPENDENT_DECAY,GOBP_POSITIVE_REGULATION_OF_NUCLEAR_TRANSCRIBED_MRNA_CATABOLIC_PROCESS_DEADENYLATION_DEPENDENT_DECAY,,13,0.32819992,0.71542007,0.8547794,0.9382173,1.0,6676,"tags=38%, list=24%, signal=51%",
GOBP_ENDOCRINE_PANCREAS_DEVELOPMENT,GOBP_ENDOCRINE_PANCREAS_DEVELOPMENT,,26,0.28450033,0.71537286,0.8954955,0.93806565,1.0,3682,"tags=19%, list=13%, signal=22%",
GOBP_ADRENAL_GLAND_DEVELOPMENT,GOBP_ADRENAL_GLAND_DEVELOPMENT,,20,0.3013741,0.7136265,0.8780919,0.9393496,1.0,4931,"tags=25%, list=18%, signal=30%",
REACTOME_ABERRANT_REGULATION_OF_MITOTIC_G1_S_TRANSITION_IN_CANCER_DUE_TO_RB1_DEFECTS,REACTOME_ABERRANT_REGULATION_OF_MITOTIC_G1_S_TRANSITION_IN_CANCER_DUE_TO_RB1_DEFECTS,,17,0.30667335,0.71317685,0.8650519,0.93952423,1.0,4850,"tags=35%, list=17%, signal=43%",
GOBP_PROTEIN_K29_LINKED_UBIQUITINATION,GOBP_PROTEIN_K29_LINKED_UBIQUITINATION,,10,0.35767946,0.713082,0.84485984,0.93940026,1.0,3977,"tags=30%, list=14%, signal=35%",
REACTOME_TRANSCRIPTION_OF_THE_HIV_GENOME,REACTOME_TRANSCRIPTION_OF_THE_HIV_GENOME,,70,0.23890673,0.71220994,0.971564,0.939923,1.0,5127,"tags=23%, list=18%, signal=28%",
GOBP_RESPONSE_TO_PROSTAGLANDIN_E,GOBP_RESPONSE_TO_PROSTAGLANDIN_E,,27,0.28399333,0.7121062,0.90737563,0.939811,1.0,5425,"tags=22%, list=20%, signal=28%",
GOBP_REGULATION_OF_ACROSOME_REACTION,GOBP_REGULATION_OF_ACROSOME_REACTION,,10,0.3577294,0.7117087,0.8301887,0.9399407,1.0,4475,"tags=30%, list=16%, signal=36%",
GOBP_DNA_TOPOLOGICAL_CHANGE,GOBP_DNA_TOPOLOGICAL_CHANGE,,10,0.35697013,0.7099462,0.8427788,0.9412023,1.0,3335,"tags=30%, list=12%, signal=34%",
GOBP_POSITIVE_REGULATION_OF_PROTEIN_LOCALIZATION_TO_EARLY_ENDOSOME,GOBP_POSITIVE_REGULATION_OF_PROTEIN_LOCALIZATION_TO_EARLY_ENDOSOME,,10,0.348067,0.70901686,0.8326996,0.9417469,1.0,2081,"tags=20%, list=8%, signal=22%",
GOBP_MITOTIC_SISTER_CHROMATID_SEPARATION,GOBP_MITOTIC_SISTER_CHROMATID_SEPARATION,,73,0.2370365,0.7088051,0.96825397,0.9417207,1.0,4029,"tags=15%, list=15%, signal=18%",
GOBP_NEGATIVE_REGULATION_OF_TRANSCRIPTION_ELONGATION_BY_RNA_POLYMERASE_II,GOBP_NEGATIVE_REGULATION_OF_TRANSCRIPTION_ELONGATION_BY_RNA_POLYMERASE_II,,19,0.3061846,0.7084047,0.8814433,0.9418575,1.0,4373,"tags=32%, list=16%, signal=37%",
GOBP_GLUCOCORTICOID_METABOLIC_PROCESS,GOBP_GLUCOCORTICOID_METABOLIC_PROCESS,,23,0.2947421,0.70797265,0.9026087,0.9420129,1.0,4222,"tags=17%, list=15%, signal=20%",
REACTOME_SHC_MEDIATED_CASCADE_FGFR3,REACTOME_SHC_MEDIATED_CASCADE_FGFR3,,13,0.32711226,0.70758724,0.87222224,0.94212395,1.0,7831,"tags=54%, list=28%, signal=75%",
GOBP_CYTOSOLIC_RIBOSOME_ASSEMBLY,GOBP_CYTOSOLIC_RIBOSOME_ASSEMBLY,,10,0.35271606,0.70731235,0.82917464,0.9421613,1.0,3693,"tags=20%, list=13%, signal=23%",
GOBP_ENTEROENDOCRINE_CELL_DIFFERENTIATION,GOBP_ENTEROENDOCRINE_CELL_DIFFERENTIATION,,22,0.29224983,0.70705134,0.8919861,0.9421719,1.0,3682,"tags=18%, list=13%, signal=21%",
GOBP_WHITE_FAT_CELL_DIFFERENTIATION,GOBP_WHITE_FAT_CELL_DIFFERENTIATION,,16,0.31487572,0.70660394,0.8563734,0.94232595,1.0,4365,"tags=25%, list=16%, signal=30%",
GOBP_IRES_DEPENDENT_VIRAL_TRANSLATIONAL_INITIATION,GOBP_IRES_DEPENDENT_VIRAL_TRANSLATIONAL_INITIATION,,11,0.3453608,0.7064629,0.8756957,0.94224244,1.0,3434,"tags=18%, list=12%, signal=21%",
REACTOME_LOSS_OF_FUNCTION_OF_MECP2_IN_RETT_SYNDROME,REACTOME_LOSS_OF_FUNCTION_OF_MECP2_IN_RETT_SYNDROME,,13,0.32500166,0.7055866,0.8530466,0.9427337,1.0,4480,"tags=23%, list=16%, signal=28%",
GOBP_G_PROTEIN_COUPLED_SEROTONIN_RECEPTOR_SIGNALING_PATHWAY,GOBP_G_PROTEIN_COUPLED_SEROTONIN_RECEPTOR_SIGNALING_PATHWAY,,13,0.33169487,0.70481557,0.859489,0.94314784,1.0,5425,"tags=23%, list=20%, signal=29%",
GOBP_DENDRITIC_TRANSPORT,GOBP_DENDRITIC_TRANSPORT,,17,0.30403388,0.7043973,0.8794326,0.94327116,1.0,5758,"tags=29%, list=21%, signal=37%",
REACTOME_SEROTONIN_NEUROTRANSMITTER_RELEASE_CYCLE,REACTOME_SEROTONIN_NEUROTRANSMITTER_RELEASE_CYCLE,,16,0.31341457,0.702028,0.8708487,0.94492066,1.0,5324,"tags=25%, list=19%, signal=31%",
REACTOME_ERBB2_ACTIVATES_PTK6_SIGNALING,REACTOME_ERBB2_ACTIVATES_PTK6_SIGNALING,,10,0.34438914,0.7011975,0.8487713,0.9453553,1.0,1676,"tags=10%, list=6%, signal=11%",
GOBP_ELASTIC_FIBER_ASSEMBLY,GOBP_ELASTIC_FIBER_ASSEMBLY,,10,0.3445932,0.6998752,0.86996335,0.9461468,1.0,8691,"tags=70%, list=31%, signal=102%",
GOBP_BLOOD_VESSEL_ENDOTHELIAL_CELL_PROLIFERATION_INVOLVED_IN_SPROUTING_ANGIOGENESIS,GOBP_BLOOD_VESSEL_ENDOTHELIAL_CELL_PROLIFERATION_INVOLVED_IN_SPROUTING_ANGIOGENESIS,,25,0.28147644,0.69971097,0.9137324,0.9460694,1.0,6365,"tags=28%, list=23%, signal=36%",
REACTOME_MRNA_DECAY_BY_5_TO_3_EXORIBONUCLEASE,REACTOME_MRNA_DECAY_BY_5_TO_3_EXORIBONUCLEASE,,15,0.31860548,0.6986856,0.89249146,0.9466421,1.0,5733,"tags=33%, list=21%, signal=42%",
GOBP_MINERALOCORTICOID_METABOLIC_PROCESS,GOBP_MINERALOCORTICOID_METABOLIC_PROCESS,,12,0.33032903,0.69834447,0.87781954,0.94669634,1.0,4385,"tags=25%, list=16%, signal=30%",
GOBP_REGULATION_OF_CARDIAC_MUSCLE_CELL_ACTION_POTENTIAL,GOBP_REGULATION_OF_CARDIAC_MUSCLE_CELL_ACTION_POTENTIAL,,24,0.28483033,0.69646317,0.91803277,0.947882,1.0,5180,"tags=25%, list=19%, signal=31%",
REACTOME_REGULATION_OF_TP53_EXPRESSION_AND_DEGRADATION,REACTOME_REGULATION_OF_TP53_EXPRESSION_AND_DEGRADATION,,37,0.26349103,0.6956447,0.92358804,0.9482849,1.0,6443,"tags=27%, list=23%, signal=35%",
GOBP_CALCIUM_DEPENDENT_CELL_CELL_ADHESION,GOBP_CALCIUM_DEPENDENT_CELL_CELL_ADHESION,,28,0.27521354,0.69496226,0.9180602,0.9485817,1.0,1023,"tags=7%, list=4%, signal=7%",
GOBP_OUTFLOW_TRACT_SEPTUM_MORPHOGENESIS,GOBP_OUTFLOW_TRACT_SEPTUM_MORPHOGENESIS,,22,0.2875233,0.69465,0.90737563,0.9486115,1.0,5293,"tags=27%, list=19%, signal=34%",
GOBP_POSITIVE_REGULATION_OF_ENDOTHELIAL_CELL_CHEMOTAXIS,GOBP_POSITIVE_REGULATION_OF_ENDOTHELIAL_CELL_CHEMOTAXIS,,13,0.32490146,0.69450706,0.88117003,0.94851863,1.0,6058,"tags=31%, list=22%, signal=39%",
REACTOME_METABOLISM_OF_NITRIC_OXIDE_NOS3_ACTIVATION_AND_REGULATION,REACTOME_METABOLISM_OF_NITRIC_OXIDE_NOS3_ACTIVATION_AND_REGULATION,,17,0.30217776,0.69231194,0.89982426,0.94989014,1.0,2935,"tags=18%, list=11%, signal=20%",
GOBP_MRNA_3_END_PROCESSING,GOBP_MRNA_3_END_PROCESSING,,45,0.24810115,0.69192314,0.95688224,0.949953,1.0,5738,"tags=22%, list=21%, signal=28%",
REACTOME_HIV_TRANSCRIPTION_ELONGATION,REACTOME_HIV_TRANSCRIPTION_ELONGATION,,42,0.25143954,0.6879378,0.9430486,0.95254153,1.0,7184,"tags=40%, list=26%, signal=55%",
REACTOME_SHC_MEDIATED_CASCADE_FGFR4,REACTOME_SHC_MEDIATED_CASCADE_FGFR4,,14,0.31551197,0.68663126,0.88447654,0.9532598,1.0,7831,"tags=50%, list=28%, signal=70%",
REACTOME_FORMATION_OF_TC_NER_PRE_INCISION_COMPLEX,REACTOME_FORMATION_OF_TC_NER_PRE_INCISION_COMPLEX,,51,0.24089155,0.68637705,0.9789644,0.95321774,1.0,7184,"tags=33%, list=26%, signal=45%",
GOBP_GLUTAMATE_SECRETION,GOBP_GLUTAMATE_SECRETION,,23,0.27886766,0.6820836,0.9166667,0.95583814,1.0,4931,"tags=26%, list=18%, signal=32%",
GOBP_GLIAL_CELL_DERIVED_NEUROTROPHIC_FACTOR_RECEPTOR_SIGNALING_PATHWAY,GOBP_GLIAL_CELL_DERIVED_NEUROTROPHIC_FACTOR_RECEPTOR_SIGNALING_PATHWAY,,10,0.33922243,0.68171215,0.8772242,0.95587415,1.0,5909,"tags=50%, list=21%, signal=64%",
GOBP_ANTEROGRADE_DENDRITIC_TRANSPORT,GOBP_ANTEROGRADE_DENDRITIC_TRANSPORT,,11,0.32982954,0.6816498,0.86583185,0.9557163,1.0,3399,"tags=18%, list=12%, signal=21%",
GOBP_RNA_POLYMERASE_II_TRANSCRIPTION_INITIATION_SURVEILLANCE,GOBP_RNA_POLYMERASE_II_TRANSCRIPTION_INITIATION_SURVEILLANCE,,19,0.2891713,0.6790414,0.9236364,0.9571685,1.0,4880,"tags=21%, list=18%, signal=26%",
REACTOME_REGULATION_OF_MITF_M_DEPENDENT_GENES_INVOLVED_IN_APOPTOSIS,REACTOME_REGULATION_OF_MITF_M_DEPENDENT_GENES_INVOLVED_IN_APOPTOSIS,,17,0.30074322,0.67733365,0.92077464,0.95803005,1.0,7359,"tags=47%, list=27%, signal=64%",
REACTOME_REGULATION_OF_PYRUVATE_DEHYDROGENASE_PDH_COMPLEX,REACTOME_REGULATION_OF_PYRUVATE_DEHYDROGENASE_PDH_COMPLEX,,14,0.3085413,0.67450833,0.907919,0.9595994,1.0,390,"tags=7%, list=1%, signal=7%",
REACTOME_CREB1_PHOSPHORYLATION_THROUGH_NMDA_RECEPTOR_MEDIATED_ACTIVATION_OF_RAS_SIGNALING,REACTOME_CREB1_PHOSPHORYLATION_THROUGH_NMDA_RECEPTOR_MEDIATED_ACTIVATION_OF_RAS_SIGNALING,,26,0.2681595,0.67162627,0.93203884,0.9611013,1.0,3874,"tags=19%, list=14%, signal=22%",
GOBP_NEUROEPITHELIAL_CELL_DIFFERENTIATION,GOBP_NEUROEPITHELIAL_CELL_DIFFERENTIATION,,28,0.2656319,0.6695684,0.9476534,0.9621254,1.0,4609,"tags=21%, list=17%, signal=26%",
GOBP_POSITIVE_REGULATION_OF_MEMBRANE_DEPOLARIZATION,GOBP_POSITIVE_REGULATION_OF_MEMBRANE_DEPOLARIZATION,,11,0.32221946,0.66848284,0.8630849,0.9625325,1.0,4796,"tags=27%, list=17%, signal=33%",
GOBP_DEHYDROASCORBIC_ACID_TRANSPORT,GOBP_DEHYDROASCORBIC_ACID_TRANSPORT,,11,0.31768155,0.6681283,0.88909775,0.96253437,1.0,2529,"tags=18%, list=9%, signal=20%",
GOBP_REGULATION_OF_DENDRITE_EXTENSION,GOBP_REGULATION_OF_DENDRITE_EXTENSION,,19,0.2872348,0.66566634,0.93174064,0.96368253,1.0,7972,"tags=63%, list=29%, signal=89%",
GOBP_REGULATION_OF_UBIQUITIN_PROTEIN_TRANSFERASE_ACTIVITY,GOBP_REGULATION_OF_UBIQUITIN_PROTEIN_TRANSFERASE_ACTIVITY,,18,0.29104438,0.66532636,0.91360295,0.9636694,1.0,3977,"tags=17%, list=14%, signal=19%",
GOBP_GLUTATHIONE_CATABOLIC_PROCESS,GOBP_GLUTATHIONE_CATABOLIC_PROCESS,,11,0.33125353,0.6650841,0.9159213,0.9636021,1.0,4217,"tags=27%, list=15%, signal=32%",
GOBP_ADHERENS_JUNCTION_ASSEMBLY,GOBP_ADHERENS_JUNCTION_ASSEMBLY,,14,0.30571508,0.6650148,0.9076923,0.96343344,1.0,4670,"tags=29%, list=17%, signal=34%",
GOBP_NEGATIVE_REGULATION_OF_MICROTUBULE_POLYMERIZATION_OR_DEPOLYMERIZATION,GOBP_NEGATIVE_REGULATION_OF_MICROTUBULE_POLYMERIZATION_OR_DEPOLYMERIZATION,,45,0.24604623,0.6632322,0.97063905,0.9641926,1.0,5006,"tags=20%, list=18%, signal=24%",
GOBP_POSITIVE_REGULATION_OF_T_HELPER_17_CELL_DIFFERENTIATION,GOBP_POSITIVE_REGULATION_OF_T_HELPER_17_CELL_DIFFERENTIATION,,11,0.32836446,0.65932506,0.8923358,0.9660761,1.0,4232,"tags=27%, list=15%, signal=32%",
GOBP_PROTEIN_LOCALIZATION_TO_MEMBRANE_RAFT,GOBP_PROTEIN_LOCALIZATION_TO_MEMBRANE_RAFT,,10,0.3221945,0.6583377,0.8979592,0.9663839,1.0,5748,"tags=30%, list=21%, signal=38%",
GOBP_REGULATION_OF_EXIT_FROM_MITOSIS,GOBP_REGULATION_OF_EXIT_FROM_MITOSIS,,17,0.28677982,0.6566278,0.92293906,0.9670654,1.0,7003,"tags=41%, list=25%, signal=55%",
GOBP_REGULATION_OF_RESPONSE_TO_FOOD,GOBP_REGULATION_OF_RESPONSE_TO_FOOD,,14,0.3032119,0.6527499,0.90352505,0.9688131,1.0,4072,"tags=14%, list=15%, signal=17%",
GOBP_POSITIVE_REGULATION_OF_BEHAVIOR,GOBP_POSITIVE_REGULATION_OF_BEHAVIOR,,18,0.28673047,0.6526354,0.9422383,0.9686685,1.0,4110,"tags=22%, list=15%, signal=26%",
REACTOME_INHIBITION_OF_REPLICATION_INITIATION_OF_DAMAGED_DNA_BY_RB1_E2F1,REACTOME_INHIBITION_OF_REPLICATION_INITIATION_OF_DAMAGED_DNA_BY_RB1_E2F1,,13,0.30555928,0.651072,0.9245961,0.969257,1.0,3369,"tags=23%, list=12%, signal=26%",
GOBP_REGULATION_OF_MITOCHONDRIAL_FUSION,GOBP_REGULATION_OF_MITOCHONDRIAL_FUSION,,14,0.30286044,0.6500326,0.9168207,0.96958166,1.0,3220,"tags=21%, list=12%, signal=24%",
REACTOME_FORMATION_OF_INCISION_COMPLEX_IN_GG_NER,REACTOME_FORMATION_OF_INCISION_COMPLEX_IN_GG_NER,,43,0.23699296,0.6494251,0.9726027,0.96968836,1.0,5442,"tags=21%, list=20%, signal=26%",
REACTOME_SIGNALING_BY_ERBB2_IN_CANCER,REACTOME_SIGNALING_BY_ERBB2_IN_CANCER,,23,0.26549888,0.64839077,0.9538715,0.96995723,1.0,2233,"tags=13%, list=8%, signal=14%",
GOBP_INNER_CELL_MASS_CELL_PROLIFERATION,GOBP_INNER_CELL_MASS_CELL_PROLIFERATION,,15,0.29234073,0.6464411,0.91829485,0.97066796,1.0,2890,"tags=13%, list=10%, signal=15%",
GOBP_DORSAL_AORTA_DEVELOPMENT,GOBP_DORSAL_AORTA_DEVELOPMENT,,10,0.31441948,0.64111793,0.90125674,0.972847,1.0,6365,"tags=40%, list=23%, signal=52%",
GOBP_MIRNA_MEDIATED_GENE_SILENCING_BY_INHIBITION_OF_TRANSLATION,GOBP_MIRNA_MEDIATED_GENE_SILENCING_BY_INHIBITION_OF_TRANSLATION,,26,0.25779638,0.63948023,0.96672213,0.97336537,1.0,3693,"tags=15%, list=13%, signal=18%",
GOBP_POSITIVE_REGULATION_OF_NEURON_MIGRATION,GOBP_POSITIVE_REGULATION_OF_NEURON_MIGRATION,,16,0.27950433,0.63668466,0.9336824,0.97432244,1.0,7467,"tags=50%, list=27%, signal=68%",
GOBP_POSITIVE_REGULATION_OF_CELL_FATE_COMMITMENT,GOBP_POSITIVE_REGULATION_OF_CELL_FATE_COMMITMENT,,10,0.31794405,0.63575745,0.90909094,0.9745088,1.0,8701,"tags=60%, list=31%, signal=87%",
GOBP_AV_NODE_CELL_TO_BUNDLE_OF_HIS_CELL_COMMUNICATION,GOBP_AV_NODE_CELL_TO_BUNDLE_OF_HIS_CELL_COMMUNICATION,,10,0.3095144,0.6333011,0.9378428,0.97529,1.0,4368,"tags=20%, list=16%, signal=24%",
REACTOME_LYSINE_CATABOLISM,REACTOME_LYSINE_CATABOLISM,,10,0.3161888,0.6321557,0.90213525,0.9755403,1.0,7723,"tags=60%, list=28%, signal=83%",
GOBP_NADH_DEHYDROGENASE_COMPLEX_ASSEMBLY,GOBP_NADH_DEHYDROGENASE_COMPLEX_ASSEMBLY,,40,0.2298776,0.6280569,0.9895652,0.97689146,1.0,4032,"tags=15%, list=15%, signal=18%",
REACTOME_RESOLUTION_OF_SISTER_CHROMATID_COHESION,REACTOME_RESOLUTION_OF_SISTER_CHROMATID_COHESION,,125,0.19305892,0.6240675,1.0,0.9781324,1.0,6063,"tags=20%, list=22%, signal=25%",
REACTOME_FRS_MEDIATED_FGFR3_SIGNALING,REACTOME_FRS_MEDIATED_FGFR3_SIGNALING,,15,0.27917635,0.62240916,0.9566855,0.978527,1.0,7831,"tags=40%, list=28%, signal=56%",
REACTOME_ASSEMBLY_OF_ACTIVE_LPL_AND_LIPC_LIPASE_COMPLEXES,REACTOME_ASSEMBLY_OF_ACTIVE_LPL_AND_LIPC_LIPASE_COMPLEXES,,13,0.29221004,0.6202669,0.9499106,0.9790691,1.0,5350,"tags=31%, list=19%, signal=38%",
GOBP_POSITIVE_REGULATION_OF_DENDRITIC_SPINE_MORPHOGENESIS,GOBP_POSITIVE_REGULATION_OF_DENDRITIC_SPINE_MORPHOGENESIS,,17,0.2698156,0.6199308,0.9538188,0.9789766,1.0,7676,"tags=41%, list=28%, signal=57%",
GOBP_REGULATION_OF_GLUTAMATE_SECRETION,GOBP_REGULATION_OF_GLUTAMATE_SECRETION,,14,0.28478825,0.6196543,0.9441536,0.9788788,1.0,4796,"tags=29%, list=17%, signal=35%",
REACTOME_EGR2_AND_SOX10_MEDIATED_INITIATION_OF_SCHWANN_CELL_MYELINATION,REACTOME_EGR2_AND_SOX10_MEDIATED_INITIATION_OF_SCHWANN_CELL_MYELINATION,,25,0.24911584,0.6183838,0.9589041,0.9791332,1.0,4231,"tags=12%, list=15%, signal=14%",
GOBP_MICROVILLUS_ORGANIZATION,GOBP_MICROVILLUS_ORGANIZATION,,24,0.24872495,0.6181148,0.9704861,0.9790184,1.0,6553,"tags=29%, list=24%, signal=38%",
GOBP_MEIOTIC_CELL_CYCLE_CHECKPOINT_SIGNALING,GOBP_MEIOTIC_CELL_CYCLE_CHECKPOINT_SIGNALING,,10,0.30548334,0.61110723,0.9306759,0.9810891,1.0,4010,"tags=20%, list=14%, signal=23%",
REACTOME_PI_3K_CASCADE_FGFR1,REACTOME_PI_3K_CASCADE_FGFR1,,14,0.28162706,0.610332,0.96276593,0.9811328,1.0,7831,"tags=43%, list=28%, signal=60%",
GOBP_PROTEIN_K11_LINKED_DEUBIQUITINATION,GOBP_PROTEIN_K11_LINKED_DEUBIQUITINATION,,10,0.30905753,0.6088871,0.945591,0.98139507,1.0,5812,"tags=40%, list=21%, signal=51%",
GOBP_LENS_MORPHOGENESIS_IN_CAMERA_TYPE_EYE,GOBP_LENS_MORPHOGENESIS_IN_CAMERA_TYPE_EYE,,20,0.2591279,0.6075699,0.96289754,0.9816014,1.0,5071,"tags=25%, list=18%, signal=31%",
GOBP_HOMOCYSTEINE_METABOLIC_PROCESS,GOBP_HOMOCYSTEINE_METABOLIC_PROCESS,,13,0.2858483,0.6061424,0.93121696,0.9818391,1.0,3051,"tags=15%, list=11%, signal=17%",
REACTOME_FRS_MEDIATED_FGFR4_SIGNALING,REACTOME_FRS_MEDIATED_FGFR4_SIGNALING,,16,0.2700407,0.60480255,0.9565972,0.9820363,1.0,7831,"tags=38%, list=28%, signal=52%",
GOBP_REGULATION_OF_STEROID_HORMONE_BIOSYNTHETIC_PROCESS,GOBP_REGULATION_OF_STEROID_HORMONE_BIOSYNTHETIC_PROCESS,,15,0.26884812,0.60041326,0.95714283,0.983077,1.0,7595,"tags=40%, list=27%, signal=55%",
REACTOME_ACETYLCHOLINE_BINDING_AND_DOWNSTREAM_EVENTS,REACTOME_ACETYLCHOLINE_BINDING_AND_DOWNSTREAM_EVENTS,,11,0.29367363,0.5998955,0.9462963,0.9830202,1.0,8071,"tags=36%, list=29%, signal=51%",
GOBP_TONIC_SMOOTH_MUSCLE_CONTRACTION,GOBP_TONIC_SMOOTH_MUSCLE_CONTRACTION,,10,0.29243532,0.5952414,0.94633275,0.98408514,1.0,6021,"tags=30%, list=22%, signal=38%",
REACTOME_REGULATION_OF_NPAS4_GENE_EXPRESSION,REACTOME_REGULATION_OF_NPAS4_GENE_EXPRESSION,,12,0.28457937,0.59520626,0.930605,0.9838933,1.0,7359,"tags=50%, list=27%, signal=68%",
REACTOME_ENOS_ACTIVATION,REACTOME_ENOS_ACTIVATION,,13,0.27019852,0.5829596,0.96043164,0.9867555,1.0,4826,"tags=23%, list=17%, signal=28%",
GOBP_EPIDERMIS_MORPHOGENESIS,GOBP_EPIDERMIS_MORPHOGENESIS,,24,0.23836707,0.58024156,0.9691252,0.9871568,1.0,8077,"tags=46%, list=29%, signal=65%",
GOBP_CYCLOOXYGENASE_PATHWAY,GOBP_CYCLOOXYGENASE_PATHWAY,,10,0.2937494,0.5787086,0.949827,0.9872932,1.0,7819,"tags=40%, list=28%, signal=56%",
GOBP_PROTEIN_LOCALIZATION_TO_MICROTUBULE,GOBP_PROTEIN_LOCALIZATION_TO_MICROTUBULE,,19,0.24560617,0.569751,0.9726776,0.98894584,1.0,4178,"tags=11%, list=15%, signal=12%",
GOBP_EPITHELIAL_CILIUM_MOVEMENT_INVOLVED_IN_DETERMINATION_OF_LEFT_RIGHT_ASYMMETRY,GOBP_EPITHELIAL_CILIUM_MOVEMENT_INVOLVED_IN_DETERMINATION_OF_LEFT_RIGHT_ASYMMETRY,,12,0.2668018,0.561796,0.96847636,0.9902145,1.0,6732,"tags=25%, list=24%, signal=33%",
REACTOME_PROCESSING_OF_INTRONLESS_PRE_MRNAS,REACTOME_PROCESSING_OF_INTRONLESS_PRE_MRNAS,,20,0.2364552,0.55773574,0.9752212,0.99072266,1.0,2571,"tags=10%, list=9%, signal=11%",
GOBP_LATERAL_MESODERM_DEVELOPMENT,GOBP_LATERAL_MESODERM_DEVELOPMENT,,12,0.25745854,0.54798037,0.98,0.9920886,1.0,6297,"tags=25%, list=23%, signal=32%",
REACTOME_SYNTHESIS_OF_BILE_ACIDS_AND_BILE_SALTS_VIA_24_HYDROXYCHOLESTEROL,REACTOME_SYNTHESIS_OF_BILE_ACIDS_AND_BILE_SALTS_VIA_24_HYDROXYCHOLESTEROL,,11,0.25115654,0.5323326,0.97985345,0.99400365,1.0,4317,"tags=18%, list=16%, signal=22%",
GOBP_SRP_DEPENDENT_COTRANSLATIONAL_PROTEIN_TARGETING_TO_MEMBRANE_SIGNAL_SEQUENCE_RECOGNITION,GOBP_SRP_DEPENDENT_COTRANSLATIONAL_PROTEIN_TARGETING_TO_MEMBRANE_SIGNAL_SEQUENCE_RECOGNITION,,12,0.23522897,0.49193344,0.9855335,0.99770653,1.0,6805,"tags=33%, list=25%, signal=44%",
GOBP_REFLEX,GOBP_REFLEX,,14,0.22536945,0.48591408,0.99633026,0.99791974,1.0,5699,"tags=29%, list=21%, signal=36%",
REACTOME_ESTABLISHMENT_OF_SISTER_CHROMATID_COHESION,REACTOME_ESTABLISHMENT_OF_SISTER_CHROMATID_COHESION,,11,0.23147736,0.48170155,0.9944853,0.9979904,1.0,9887,"tags=55%, list=36%, signal=85%",
GOBP_SUCCINYL_COA_METABOLIC_PROCESS,GOBP_SUCCINYL_COA_METABOLIC_PROCESS,,13,0.21904762,0.47334495,0.9964222,0.99827576,1.0,9368,"tags=46%, list=34%, signal=70%",
GOBP_PROTEIN_TARGETING_TO_PEROXISOME,GOBP_PROTEIN_TARGETING_TO_PEROXISOME,,10,0.2327261,0.46392992,0.9907919,0.9985581,1.0,6685,"tags=30%, list=24%, signal=40%",
REACTOME_SYNTHESIS_OF_IP2_IP_AND_INS_IN_THE_CYTOSOL,REACTOME_SYNTHESIS_OF_IP2_IP_AND_INS_IN_THE_CYTOSOL,,14,0.21153298,0.45588088,0.99473685,0.99872077,1.0,8118,"tags=29%, list=29%, signal=40%",
GOBP_POSITIVE_REGULATION_OF_PROTEIN_LOCALIZATION_TO_CAJAL_BODY,GOBP_POSITIVE_REGULATION_OF_PROTEIN_LOCALIZATION_TO_CAJAL_BODY,,10,0.2150853,0.43894246,0.9980695,0.9991893,1.0,7486,"tags=30%, list=27%, signal=41%",
REACTOME_CONDENSATION_OF_PROMETAPHASE_CHROMOSOMES,REACTOME_CONDENSATION_OF_PROMETAPHASE_CHROMOSOMES,,11,0.21278724,0.4367162,0.99633026,0.9990612,1.0,3108,"tags=9%, list=11%, signal=10%",
REACTOME_UNBLOCKING_OF_NMDA_RECEPTORS_GLUTAMATE_BINDING_AND_ACTIVATION,REACTOME_UNBLOCKING_OF_NMDA_RECEPTORS_GLUTAMATE_BINDING_AND_ACTIVATION,,16,0.18729208,0.41907668,0.9965035,0.9993489,1.0,5451,"tags=19%, list=20%, signal=23%",
GOBP_REGULATION_OF_MONOATOMIC_ANION_TRANSPORT,GOBP_REGULATION_OF_MONOATOMIC_ANION_TRANSPORT,,11,0.20119902,0.39816746,0.9981818,0.99955136,1.0,9029,"tags=45%, list=33%, signal=67%",